# Approved Blender desk mesh
mtllib desk_approved.mtl
usemtl green_off
v 0.73000 0.86483 0.74070
vn -0.00001 0.35153 0.93618
vt 0 0
v 0.72491 0.86471 0.74039
vn -0.13054 0.34847 0.92819
vt 1 0
v 0.72494 0.86368 0.74050
vn -0.11311 -0.15899 0.98078
vt 1 1
f 1/1/1 2/2/2 3/3/3
usemtl green_off
v 0.73000 0.86483 0.74070
vn -0.00001 0.35153 0.93618
vt 0 0
v 0.72494 0.86368 0.74050
vn -0.11311 -0.15899 0.98078
vt 1 0
v 0.73000 0.86380 0.74081
vn -0.00001 -0.15633 0.98770
vt 1 1
f 4/4/4 5/5/5 6/6/6
usemtl green_off
v 0.73000 0.86380 0.74081
vn -0.00002 -0.15641 0.98769
vt 0 0
v 0.72494 0.86368 0.74050
vn -0.11309 -0.15906 0.98077
vt 1 0
v 0.72504 0.86274 0.74008
vn -0.06550 -0.62975 0.77403
vt 1 1
f 7/7/7 8/8/8 9/9/9
usemtl green_off
v 0.73000 0.86380 0.74081
vn -0.00002 -0.15641 0.98769
vt 0 0
v 0.72504 0.86274 0.74008
vn -0.06550 -0.62975 0.77403
vt 1 0
v 0.73000 0.86286 0.74039
vn -0.00002 -0.62822 0.77804
vt 1 1
f 10/10/10 11/11/11 12/12/12
usemtl green_off
v 0.73000 0.86286 0.74039
vn -0.00001 -0.62826 0.77800
vt 0 0
v 0.72504 0.86274 0.74008
vn -0.06552 -0.62980 0.77399
vt 1 0
v 0.72517 0.86213 0.73925
vn -0.00009 -0.93362 0.35827
vt 1 1
f 13/13/13 14/14/14 15/15/15
usemtl green_off
v 0.73000 0.86286 0.74039
vn -0.00001 -0.62826 0.77800
vt 0 0
v 0.72517 0.86213 0.73925
vn -0.00009 -0.93362 0.35827
vt 1 0
v 0.73000 0.86225 0.73955
vn -0.00001 -0.93362 0.35828
vt 1 1
f 16/16/16 17/17/17 18/18/18
usemtl green_off
v 0.72491 0.90207 0.72609
vn -0.13052 0.36072 0.92350
vt 0 0
v 0.73000 0.90219 0.72640
vn 0.00004 0.36378 0.93148
vt 1 0
v 0.73000 0.90302 0.72579
vn 0.00001 0.77613 0.63057
vt 1 1
f 19/19/19 20/20/20 21/21/21
usemtl green_off
v 0.72491 0.90207 0.72609
vn -0.13052 0.36072 0.92350
vt 0 0
v 0.73000 0.90302 0.72579
vn 0.00001 0.77613 0.63057
vt 1 0
v 0.72494 0.90290 0.72548
vn -0.11308 0.77347 0.62366
vt 1 1
f 22/22/22 23/23/23 24/24/24
usemtl green_off
v 0.72494 0.90290 0.72548
vn -0.11306 0.77352 0.62361
vt 0 0
v 0.73000 0.90302 0.72579
vn 0.00002 0.77616 0.63054
vt 1 0
v 0.73000 0.90344 0.72484
vn 0.00002 0.98722 0.15936
vt 1 1
f 25/25/25 26/26/26 27/27/27
usemtl green_off
v 0.72494 0.90290 0.72548
vn -0.11306 0.77352 0.62361
vt 0 0
v 0.73000 0.90344 0.72484
vn 0.00002 0.98722 0.15936
vt 1 0
v 0.72504 0.90333 0.72454
vn -0.06547 0.98569 0.15535
vt 1 1
f 28/28/28 29/29/29 30/30/30
usemtl green_off
v 0.72504 0.90333 0.72454
vn -0.06550 0.98570 0.15525
vt 0 0
v 0.73000 0.90344 0.72484
vn 0.00001 0.98724 0.15926
vt 1 0
v 0.73000 0.90334 0.72381
vn 0.00001 0.93408 -0.35706
vt 1 1
f 31/31/31 32/32/32 33/33/33
usemtl green_off
v 0.72504 0.90333 0.72454
vn -0.06550 0.98570 0.15525
vt 0 0
v 0.73000 0.90334 0.72381
vn 0.00001 0.93408 -0.35706
vt 1 0
v 0.72517 0.90322 0.72352
vn -0.00007 0.93408 -0.35706
vt 1 1
f 34/34/34 35/35/35 36/36/36
usemtl green_off
v 0.72491 0.86471 0.74039
vn -0.13054 0.34847 0.92819
vt 0 0
v 0.71991 0.86436 0.73946
vn -0.25883 0.33935 0.90435
vt 1 0
v 0.71998 0.86333 0.73958
vn -0.22427 -0.16689 0.96013
vt 1 1
f 37/37/37 38/38/38 39/39/39
usemtl green_off
v 0.72491 0.86471 0.74039
vn -0.13054 0.34847 0.92819
vt 0 0
v 0.71998 0.86333 0.73958
vn -0.22427 -0.16689 0.96013
vt 1 0
v 0.72494 0.86368 0.74050
vn -0.11311 -0.15899 0.98078
vt 1 1
f 40/40/40 41/41/41 42/42/42
usemtl green_off
v 0.72494 0.86368 0.74050
vn -0.11311 -0.15904 0.98077
vt 0 0
v 0.71998 0.86333 0.73958
vn -0.22424 -0.16695 0.96013
vt 1 0
v 0.72017 0.86239 0.73918
vn -0.12990 -0.63431 0.76208
vt 1 1
f 43/43/43 44/44/44 45/45/45
usemtl green_off
v 0.72494 0.86368 0.74050
vn -0.11311 -0.15904 0.98077
vt 0 0
v 0.72017 0.86239 0.73918
vn -0.12990 -0.63431 0.76208
vt 1 0
v 0.72504 0.86274 0.74008
vn -0.06552 -0.62973 0.77404
vt 1 1
f 46/46/46 47/47/47 48/48/48
usemtl green_off
v 0.72504 0.86274 0.74008
vn -0.06548 -0.62984 0.77396
vt 0 0
v 0.72017 0.86239 0.73918
vn -0.12987 -0.63442 0.76200
vt 1 0
v 0.72042 0.86180 0.73837
vn -0.00014 -0.93364 0.35821
vt 1 1
f 49/49/49 50/50/50 51/51/51
usemtl green_off
v 0.72504 0.86274 0.74008
vn -0.06548 -0.62984 0.77396
vt 0 0
v 0.72042 0.86180 0.73837
vn -0.00014 -0.93364 0.35821
vt 1 0
v 0.72517 0.86213 0.73925
vn -0.00007 -0.93364 0.35822
vt 1 1
f 52/52/52 53/53/53 54/54/54
usemtl green_off
v 0.71991 0.90171 0.72516
vn -0.25881 0.35158 0.89967
vt 0 0
v 0.72491 0.90207 0.72609
vn -0.13052 0.36072 0.92350
vt 1 0
v 0.72494 0.90290 0.72548
vn -0.11308 0.77347 0.62366
vt 1 1
f 55/55/55 56/56/56 57/57/57
usemtl green_off
v 0.71991 0.90171 0.72516
vn -0.25881 0.35158 0.89967
vt 0 0
v 0.72494 0.90290 0.72548
vn -0.11308 0.77347 0.62366
vt 1 0
v 0.71998 0.90255 0.72456
vn -0.22426 0.76555 0.60302
vt 1 1
f 58/58/58 59/59/59 60/60/60
usemtl green_off
v 0.71998 0.90255 0.72456
vn -0.22424 0.76562 0.60295
vt 0 0
v 0.72494 0.90290 0.72548
vn -0.11311 0.77353 0.62358
vt 1 0
v 0.72504 0.90333 0.72454
vn -0.06552 0.98569 0.15532
vt 1 1
f 61/61/61 62/62/62 63/63/63
usemtl green_off
v 0.71998 0.90255 0.72456
vn -0.22424 0.76562 0.60295
vt 0 0
v 0.72504 0.90333 0.72454
vn -0.06552 0.98569 0.15532
vt 1 0
v 0.72017 0.90298 0.72363
vn -0.12990 0.98111 0.14336
vt 1 1
f 64/64/64 65/65/65 66/66/66
usemtl green_off
v 0.72017 0.90298 0.72363
vn -0.12989 0.98112 0.14329
vt 0 0
v 0.72504 0.90333 0.72454
vn -0.06550 0.98570 0.15526
vt 1 0
v 0.72517 0.90322 0.72352
vn -0.00009 0.93408 -0.35706
vt 1 1
f 67/67/67 68/68/68 69/69/69
usemtl green_off
v 0.72017 0.90298 0.72363
vn -0.12989 0.98112 0.14329
vt 0 0
v 0.72517 0.90322 0.72352
vn -0.00009 0.93408 -0.35706
vt 1 0
v 0.72042 0.90289 0.72263
vn -0.00017 0.93408 -0.35708
vt 1 1
f 70/70/70 71/71/71 72/72/72
usemtl green_off
v 0.71991 0.86436 0.73946
vn -0.25883 0.33935 0.90435
vt 0 0
v 0.71508 0.86377 0.73793
vn -0.38271 0.32431 0.86508
vt 1 0
v 0.71518 0.86275 0.73806
vn -0.33160 -0.17991 0.92611
vt 1 1
f 73/73/73 74/74/74 75/75/75
usemtl green_off
v 0.71991 0.86436 0.73946
vn -0.25883 0.33935 0.90435
vt 0 0
v 0.71518 0.86275 0.73806
vn -0.33160 -0.17991 0.92611
vt 1 0
v 0.71998 0.86333 0.73958
vn -0.22427 -0.16689 0.96013
vt 1 1
f 76/76/76 77/77/77 78/78/78
usemtl green_off
v 0.71998 0.86333 0.73958
vn -0.22426 -0.16694 0.96012
vt 0 0
v 0.71518 0.86275 0.73806
vn -0.33156 -0.17997 0.92611
vt 1 0
v 0.71546 0.86182 0.73769
vn -0.19207 -0.64185 0.74238
vt 1 1
f 79/79/79 80/80/80 81/81/81
usemtl green_off
v 0.71998 0.86333 0.73958
vn -0.22426 -0.16694 0.96012
vt 0 0
v 0.71546 0.86182 0.73769
vn -0.19207 -0.64185 0.74238
vt 1 0
v 0.72017 0.86239 0.73918
vn -0.12992 -0.63431 0.76208
vt 1 1
f 82/82/82 83/83/83 84/84/84
usemtl green_off
v 0.72017 0.86239 0.73918
vn -0.12987 -0.63444 0.76198
vt 0 0
v 0.71546 0.86182 0.73769
vn -0.19203 -0.64199 0.74228
vt 1 0
v 0.71584 0.86124 0.73692
vn -0.00023 -0.93366 0.35815
vt 1 1
f 85/85/85 86/86/86 87/87/87
usemtl green_off
v 0.72017 0.86239 0.73918
vn -0.12987 -0.63444 0.76198
vt 0 0
v 0.71584 0.86124 0.73692
vn -0.00023 -0.93366 0.35815
vt 1 0
v 0.72042 0.86180 0.73837
vn -0.00015 -0.93365 0.35818
vt 1 1
f 88/88/88 89/89/89 90/90/90
usemtl green_off
v 0.71508 0.90112 0.72363
vn -0.38267 0.33655 0.86040
vt 0 0
v 0.71991 0.90171 0.72516
vn -0.25881 0.35158 0.89967
vt 1 0
v 0.71998 0.90255 0.72456
vn -0.22426 0.76555 0.60302
vt 1 1
f 91/91/91 92/92/92 93/93/93
usemtl green_off
v 0.71508 0.90112 0.72363
vn -0.38267 0.33655 0.86040
vt 0 0
v 0.71998 0.90255 0.72456
vn -0.22426 0.76555 0.60302
vt 1 0
v 0.71518 0.90197 0.72304
vn -0.33157 0.75253 0.56899
vt 1 1
f 94/94/94 95/95/95 96/96/96
usemtl green_off
v 0.71518 0.90197 0.72304
vn -0.33154 0.75260 0.56892
vt 0 0
v 0.71998 0.90255 0.72456
vn -0.22424 0.76563 0.60293
vt 1 0
v 0.72017 0.90298 0.72363
vn -0.12989 0.98111 0.14334
vt 1 1
f 97/97/97 98/98/98 99/99/99
usemtl green_off
v 0.71518 0.90197 0.72304
vn -0.33154 0.75260 0.56892
vt 0 0
v 0.72017 0.90298 0.72363
vn -0.12989 0.98111 0.14334
vt 1 0
v 0.71546 0.90241 0.72214
vn -0.19204 0.97357 0.12364
vt 1 1
f 100/100/100 101/101/101 102/102/102
usemtl green_off
v 0.71546 0.90241 0.72214
vn -0.19201 0.97358 0.12359
vt 0 0
v 0.72017 0.90298 0.72363
vn -0.12985 0.98112 0.14329
vt 1 0
v 0.72042 0.90289 0.72263
vn -0.00014 0.93407 -0.35708
vt 1 1
f 103/103/103 104/104/104 105/105/105
usemtl green_off
v 0.71546 0.90241 0.72214
vn -0.19201 0.97358 0.12359
vt 0 0
v 0.72042 0.90289 0.72263
vn -0.00014 0.93407 -0.35708
vt 1 0
v 0.71584 0.90233 0.72118
vn -0.00022 0.93407 -0.35710
vt 1 1
f 106/106/106 107/107/107 108/108/108
usemtl green_off
v 0.71508 0.86377 0.73793
vn -0.38271 0.32431 0.86508
vt 0 0
v 0.71050 0.86296 0.73583
vn -0.50001 0.30361 0.81106
vt 1 0
v 0.71063 0.86195 0.73597
vn -0.43325 -0.19785 0.87929
vt 1 1
f 109/109/109 110/110/110 111/111/111
usemtl green_off
v 0.71508 0.86377 0.73793
vn -0.38271 0.32431 0.86508
vt 0 0
v 0.71063 0.86195 0.73597
vn -0.43325 -0.19785 0.87929
vt 1 0
v 0.71518 0.86275 0.73806
vn -0.33160 -0.17991 0.92611
vt 1 1
f 112/112/112 113/113/113 114/114/114
usemtl green_off
v 0.71518 0.86275 0.73806
vn -0.33159 -0.17997 0.92610
vt 0 0
v 0.71063 0.86195 0.73597
vn -0.43322 -0.19790 0.87929
vt 1 0
v 0.71100 0.86103 0.73563
vn -0.25096 -0.65224 0.71526
vt 1 1
f 115/115/115 116/116/116 117/117/117
usemtl green_off
v 0.71518 0.86275 0.73806
vn -0.33159 -0.17997 0.92610
vt 0 0
v 0.71100 0.86103 0.73563
vn -0.25096 -0.65224 0.71526
vt 1 0
v 0.71546 0.86182 0.73769
vn -0.19210 -0.64186 0.74237
vt 1 1
f 118/118/118 119/119/119 120/120/120
usemtl green_off
v 0.71546 0.86182 0.73769
vn -0.19203 -0.64196 0.74230
vt 0 0
v 0.71100 0.86103 0.73563
vn -0.25091 -0.65234 0.71518
vt 1 0
v 0.71150 0.86047 0.73492
vn -0.00031 -0.93366 0.35815
vt 1 1
f 121/121/121 122/122/122 123/123/123
usemtl green_off
v 0.71546 0.86182 0.73769
vn -0.19203 -0.64196 0.74230
vt 0 0
v 0.71150 0.86047 0.73492
vn -0.00031 -0.93366 0.35815
vt 1 0
v 0.71584 0.86124 0.73692
vn -0.00025 -0.93365 0.35819
vt 1 1
f 124/124/124 125/125/125 126/126/126
usemtl green_off
v 0.71050 0.90032 0.72152
vn -0.49999 0.31586 0.80638
vt 0 0
v 0.71508 0.90112 0.72363
vn -0.38267 0.33655 0.86040
vt 1 0
v 0.71518 0.90197 0.72304
vn -0.33157 0.75253 0.56899
vt 1 1
f 127/127/127 128/128/128 129/129/129
usemtl green_off
v 0.71050 0.90032 0.72152
vn -0.49999 0.31586 0.80638
vt 0 0
v 0.71518 0.90197 0.72304
vn -0.33157 0.75253 0.56899
vt 1 0
v 0.71063 0.90117 0.72094
vn -0.43322 0.73461 0.52217
vt 1 1
f 130/130/130 131/131/131 132/132/132
usemtl green_off
v 0.71063 0.90117 0.72094
vn -0.43320 0.73465 0.52213
vt 0 0
v 0.71518 0.90197 0.72304
vn -0.33157 0.75258 0.56893
vt 1 0
v 0.71546 0.90241 0.72214
vn -0.19207 0.97356 0.12367
vt 1 1
f 133/133/133 134/134/134 135/135/135
usemtl green_off
v 0.71063 0.90117 0.72094
vn -0.43320 0.73465 0.52213
vt 0 0
v 0.71546 0.90241 0.72214
vn -0.19207 0.97356 0.12367
vt 1 0
v 0.71100 0.90162 0.72009
vn -0.25093 0.96318 0.09656
vt 1 1
f 136/136/136 137/137/137 138/138/138
usemtl green_off
v 0.71100 0.90162 0.72009
vn -0.25088 0.96320 0.09645
vt 0 0
v 0.71546 0.90241 0.72214
vn -0.19200 0.97359 0.12356
vt 1 0
v 0.71584 0.90233 0.72118
vn -0.00021 0.93405 -0.35713
vt 1 1
f 139/139/139 140/140/140 141/141/141
usemtl green_off
v 0.71100 0.90162 0.72009
vn -0.25088 0.96320 0.09645
vt 0 0
v 0.71584 0.90233 0.72118
vn -0.00021 0.93405 -0.35713
vt 1 0
v 0.71150 0.90156 0.71918
vn -0.00028 0.93404 -0.35716
vt 1 1
f 142/142/142 143/143/143 144/144/144
usemtl green_off
v 0.71050 0.86296 0.73583
vn -0.50001 0.30361 0.81106
vt 0 0
v 0.70626 0.86195 0.73318
vn -0.60876 0.27762 0.74319
vt 1 0
v 0.70642 0.86094 0.73334
vn -0.52749 -0.22037 0.82048
vt 1 1
f 145/145/145 146/146/146 147/147/147
usemtl green_off
v 0.71050 0.86296 0.73583
vn -0.50001 0.30361 0.81106
vt 0 0
v 0.70642 0.86094 0.73334
vn -0.52749 -0.22037 0.82048
vt 1 0
v 0.71063 0.86195 0.73597
vn -0.43325 -0.19785 0.87929
vt 1 1
f 148/148/148 149/149/149 150/150/150
usemtl green_off
v 0.71063 0.86195 0.73597
vn -0.43322 -0.19792 0.87929
vt 0 0
v 0.70642 0.86094 0.73334
vn -0.52744 -0.22044 0.82050
vt 1 0
v 0.70687 0.86005 0.73306
vn -0.30552 -0.66530 0.68120
vt 1 1
f 151/151/151 152/152/152 153/153/153
usemtl green_off
v 0.71063 0.86195 0.73597
vn -0.43322 -0.19792 0.87929
vt 0 0
v 0.70687 0.86005 0.73306
vn -0.30552 -0.66530 0.68120
vt 1 0
v 0.71100 0.86103 0.73563
vn -0.25095 -0.65226 0.71524
vt 1 1
f 154/154/154 155/155/155 156/156/156
usemtl green_off
v 0.71100 0.86103 0.73563
vn -0.25091 -0.65234 0.71519
vt 0 0
v 0.70687 0.86005 0.73306
vn -0.30549 -0.66538 0.68113
vt 1 0
v 0.70748 0.85951 0.73241
vn -0.00039 -0.93368 0.35812
vt 1 1
f 157/157/157 158/158/158 159/159/159
usemtl green_off
v 0.71100 0.86103 0.73563
vn -0.25091 -0.65234 0.71519
vt 0 0
v 0.70748 0.85951 0.73241
vn -0.00039 -0.93368 0.35812
vt 1 0
v 0.71150 0.86047 0.73492
vn -0.00032 -0.93366 0.35816
vt 1 1
f 160/160/160 161/161/161 162/162/162
usemtl green_off
v 0.70626 0.89930 0.71887
vn -0.60875 0.28986 0.73851
vt 0 0
v 0.71050 0.90032 0.72152
vn -0.49999 0.31586 0.80638
vt 1 0
v 0.71063 0.90117 0.72094
vn -0.43322 0.73461 0.52217
vt 1 1
f 163/163/163 164/164/164 165/165/165
usemtl green_off
v 0.70626 0.89930 0.71887
vn -0.60875 0.28986 0.73851
vt 0 0
v 0.71063 0.90117 0.72094
vn -0.43322 0.73461 0.52217
vt 1 0
v 0.70642 0.90016 0.71832
vn -0.52747 0.71208 0.46338
vt 1 1
f 166/166/166 167/167/167 168/168/168
usemtl green_off
v 0.70642 0.90016 0.71832
vn -0.52747 0.71212 0.46331
vt 0 0
v 0.71063 0.90117 0.72094
vn -0.43325 0.73465 0.52210
vt 1 0
v 0.71100 0.90162 0.72009
vn -0.25099 0.96316 0.09653
vt 1 1
f 169/169/169 170/170/170 171/171/171
usemtl green_off
v 0.70642 0.90016 0.71832
vn -0.52747 0.71212 0.46331
vt 0 0
v 0.71100 0.90162 0.72009
vn -0.25099 0.96316 0.09653
vt 1 0
v 0.70687 0.90064 0.71751
vn -0.30555 0.95012 0.06247
vt 1 1
f 172/172/172 173/173/173 174/174/174
usemtl green_off
v 0.70687 0.90064 0.71751
vn -0.30544 0.95017 0.06240
vt 0 0
v 0.71100 0.90162 0.72009
vn -0.25086 0.96321 0.09646
vt 1 0
v 0.71150 0.90156 0.71918
vn -0.00029 0.93406 -0.35712
vt 1 1
f 175/175/175 176/176/176 177/177/177
usemtl green_off
v 0.70687 0.90064 0.71751
vn -0.30544 0.95017 0.06240
vt 0 0
v 0.71150 0.90156 0.71918
vn -0.00029 0.93406 -0.35712
vt 1 0
v 0.70748 0.90060 0.71667
vn -0.00034 0.93403 -0.35719
vt 1 1
f 178/178/178 179/179/179 180/180/180
usemtl green_off
v 0.70626 0.86195 0.73318
vn -0.60876 0.27762 0.74319
vt 0 0
v 0.70242 0.86075 0.73004
vn -0.70712 0.24677 0.66264
vt 1 0
v 0.70261 0.85974 0.73022
vn -0.61269 -0.24710 0.75070
vt 1 1
f 181/181/181 182/182/182 183/183/183
usemtl green_off
v 0.70626 0.86195 0.73318
vn -0.60876 0.27762 0.74319
vt 0 0
v 0.70261 0.85974 0.73022
vn -0.61269 -0.24710 0.75070
vt 1 0
v 0.70642 0.86094 0.73334
vn -0.52749 -0.22037 0.82048
vt 1 1
f 184/184/184 185/185/185 186/186/186
usemtl green_off
v 0.70642 0.86094 0.73334
vn -0.52745 -0.22043 0.82049
vt 0 0
v 0.70261 0.85974 0.73022
vn -0.61264 -0.24716 0.75072
vt 1 0
v 0.70313 0.85888 0.73000
vn -0.35488 -0.68077 0.64078
vt 1 1
f 187/187/187 188/188/188 189/189/189
usemtl green_off
v 0.70642 0.86094 0.73334
vn -0.52745 -0.22043 0.82049
vt 0 0
v 0.70313 0.85888 0.73000
vn -0.35488 -0.68077 0.64078
vt 1 0
v 0.70687 0.86005 0.73306
vn -0.30554 -0.66530 0.68119
vt 1 1
f 190/190/190 191/191/191 192/192/192
usemtl green_off
v 0.70687 0.86005 0.73306
vn -0.30545 -0.66538 0.68115
vt 0 0
v 0.70313 0.85888 0.73000
vn -0.35481 -0.68087 0.64073
vt 1 0
v 0.70384 0.85837 0.72943
vn -0.00042 -0.93369 0.35808
vt 1 1
f 193/193/193 194/194/194 195/195/195
usemtl green_off
v 0.70687 0.86005 0.73306
vn -0.30545 -0.66538 0.68115
vt 0 0
v 0.70384 0.85837 0.72943
vn -0.00042 -0.93369 0.35808
vt 1 0
v 0.70748 0.85951 0.73241
vn -0.00036 -0.93368 0.35812
vt 1 1
f 196/196/196 197/197/197 198/198/198
usemtl green_off
v 0.70242 0.89810 0.71573
vn -0.70708 0.25902 0.65798
vt 0 0
v 0.70626 0.89930 0.71887
vn -0.60875 0.28986 0.73851
vt 1 0
v 0.70642 0.90016 0.71832
vn -0.52747 0.71208 0.46338
vt 1 1
f 199/199/199 200/200/200 201/201/201
usemtl green_off
v 0.70242 0.89810 0.71573
vn -0.70708 0.25902 0.65798
vt 0 0
v 0.70642 0.90016 0.71832
vn -0.52747 0.71208 0.46338
vt 1 0
v 0.70261 0.89897 0.71520
vn -0.61266 0.68536 0.39360
vt 1 1
f 202/202/202 203/203/203 204/204/204
usemtl green_off
v 0.70261 0.89897 0.71520
vn -0.61259 0.68546 0.39355
vt 0 0
v 0.70642 0.90016 0.71832
vn -0.52739 0.71217 0.46332
vt 1 0
v 0.70687 0.90064 0.71751
vn -0.30547 0.95015 0.06248
vt 1 1
f 205/205/205 206/206/206 207/207/207
usemtl green_off
v 0.70261 0.89897 0.71520
vn -0.61259 0.68546 0.39355
vt 0 0
v 0.70687 0.90064 0.71751
vn -0.30547 0.95015 0.06248
vt 1 0
v 0.70313 0.89946 0.71445
vn -0.35482 0.93467 0.02207
vt 1 1
f 208/208/208 209/209/209 210/210/210
usemtl green_off
v 0.70313 0.89946 0.71445
vn -0.35484 0.93467 0.02199
vt 0 0
v 0.70687 0.90064 0.71751
vn -0.30548 0.95015 0.06241
vt 1 0
v 0.70748 0.90060 0.71667
vn -0.00039 0.93403 -0.35719
vt 1 1
f 211/211/211 212/212/212 213/213/213
usemtl green_off
v 0.70313 0.89946 0.71445
vn -0.35484 0.93467 0.02199
vt 0 0
v 0.70748 0.90060 0.71667
vn -0.00039 0.93403 -0.35719
vt 1 0
v 0.70384 0.89946 0.71369
vn -0.00045 0.93401 -0.35724
vt 1 1
f 214/214/214 215/215/215 216/216/216
usemtl green_off
v 0.70242 0.86075 0.73004
vn -0.70712 0.24677 0.66264
vt 0 0
v 0.69906 0.85937 0.72646
vn -0.79334 0.21161 0.57082
vt 1 0
v 0.69927 0.85838 0.72666
vn -0.68742 -0.27757 0.67113
vt 1 1
f 217/217/217 218/218/218 219/219/219
usemtl green_off
v 0.70242 0.86075 0.73004
vn -0.70712 0.24677 0.66264
vt 0 0
v 0.69927 0.85838 0.72666
vn -0.68742 -0.27757 0.67113
vt 1 0
v 0.70261 0.85974 0.73022
vn -0.61269 -0.24710 0.75070
vt 1 1
f 220/220/220 221/221/221 222/222/222
usemtl green_off
v 0.70261 0.85974 0.73022
vn -0.61266 -0.24716 0.75071
vt 0 0
v 0.69927 0.85838 0.72666
vn -0.68737 -0.27763 0.67115
vt 1 0
v 0.69985 0.85754 0.72651
vn -0.39817 -0.69843 0.59469
vt 1 1
f 223/223/223 224/224/224 225/225/225
usemtl green_off
v 0.70261 0.85974 0.73022
vn -0.61266 -0.24716 0.75071
vt 0 0
v 0.69985 0.85754 0.72651
vn -0.39817 -0.69843 0.59469
vt 1 0
v 0.70313 0.85888 0.73000
vn -0.35490 -0.68078 0.64077
vt 1 1
f 226/226/226 227/227/227 228/228/228
usemtl green_off
v 0.70313 0.85888 0.73000
vn -0.35484 -0.68085 0.64072
vt 0 0
v 0.69985 0.85754 0.72651
vn -0.39813 -0.69851 0.59463
vt 1 0
v 0.70065 0.85707 0.72603
vn -0.00051 -0.93372 0.35801
vt 1 1
f 229/229/229 230/230/230 231/231/231
usemtl green_off
v 0.70313 0.85888 0.73000
vn -0.35484 -0.68085 0.64072
vt 0 0
v 0.70065 0.85707 0.72603
vn -0.00051 -0.93372 0.35801
vt 1 0
v 0.70384 0.85837 0.72943
vn -0.00046 -0.93369 0.35807
vt 1 1
f 232/232/232 233/233/233 234/234/234
usemtl green_off
v 0.69906 0.89673 0.71215
vn -0.79333 0.22385 0.56614
vt 0 0
v 0.70242 0.89810 0.71573
vn -0.70708 0.25902 0.65798
vt 1 0
v 0.70261 0.89897 0.71520
vn -0.61266 0.68536 0.39360
vt 1 1
f 235/235/235 236/236/236 237/237/237
usemtl green_off
v 0.69906 0.89673 0.71215
vn -0.79333 0.22385 0.56614
vt 0 0
v 0.70261 0.89897 0.71520
vn -0.61266 0.68536 0.39360
vt 1 0
v 0.69927 0.89760 0.71164
vn -0.68740 0.65488 0.31403
vt 1 1
f 238/238/238 239/239/239 240/240/240
usemtl green_off
v 0.69927 0.89760 0.71164
vn -0.68740 0.65490 0.31399
vt 0 0
v 0.70261 0.89897 0.71520
vn -0.61268 0.68537 0.39355
vt 1 0
v 0.70313 0.89946 0.71445
vn -0.35494 0.93463 0.02208
vt 1 1
f 241/241/241 242/242/242 243/243/243
usemtl green_off
v 0.69927 0.89760 0.71164
vn -0.68740 0.65490 0.31399
vt 0 0
v 0.70313 0.89946 0.71445
vn -0.35494 0.93463 0.02208
vt 1 0
v 0.69985 0.89813 0.71096
vn -0.39821 0.91698 -0.02400
vt 1 1
f 244/244/244 245/245/245 246/246/246
usemtl green_off
v 0.69985 0.89813 0.71096
vn -0.39816 0.91700 -0.02409
vt 0 0
v 0.70313 0.89946 0.71445
vn -0.35487 0.93466 0.02200
vt 1 0
v 0.70384 0.89946 0.71369
vn -0.00050 0.93401 -0.35724
vt 1 1
f 247/247/247 248/248/248 249/249/249
usemtl green_off
v 0.69985 0.89813 0.71096
vn -0.39816 0.91700 -0.02409
vt 0 0
v 0.70384 0.89946 0.71369
vn -0.00050 0.93401 -0.35724
vt 1 0
v 0.70065 0.89816 0.71029
vn -0.00055 0.93399 -0.35730
vt 1 1
f 250/250/250 251/251/251 252/252/252
usemtl green_off
v 0.69906 0.85937 0.72646
vn -0.79334 0.21161 0.57082
vt 0 0
v 0.69623 0.85786 0.72249
vn -0.86602 0.17272 0.46924
vt 1 0
v 0.69646 0.85688 0.72273
vn -0.75041 -0.31125 0.58311
vt 1 1
f 253/253/253 254/254/254 255/255/255
usemtl green_off
v 0.69906 0.85937 0.72646
vn -0.79334 0.21161 0.57082
vt 0 0
v 0.69646 0.85688 0.72273
vn -0.75041 -0.31125 0.58311
vt 1 0
v 0.69927 0.85838 0.72666
vn -0.68742 -0.27757 0.67113
vt 1 1
f 256/256/256 257/257/257 258/258/258
usemtl green_off
v 0.69927 0.85838 0.72666
vn -0.68738 -0.27765 0.67113
vt 0 0
v 0.69646 0.85688 0.72273
vn -0.75033 -0.31135 0.58315
vt 1 0
v 0.69709 0.85606 0.72265
vn -0.43464 -0.71797 0.54370
vt 1 1
f 259/259/259 260/260/260 261/261/261
usemtl green_off
v 0.69927 0.85838 0.72666
vn -0.68738 -0.27765 0.67113
vt 0 0
v 0.69709 0.85606 0.72265
vn -0.43464 -0.71797 0.54370
vt 1 0
v 0.69985 0.85754 0.72651
vn -0.39817 -0.69845 0.59466
vt 1 1
f 262/262/262 263/263/263 264/264/264
usemtl green_off
v 0.69985 0.85754 0.72651
vn -0.39805 -0.69852 0.59466
vt 0 0
v 0.69709 0.85606 0.72265
vn -0.43452 -0.71805 0.54369
vt 1 0
v 0.69796 0.85563 0.72227
vn -0.00049 -0.93373 0.35797
vt 1 1
f 265/265/265 266/266/266 267/267/267
usemtl green_off
v 0.69985 0.85754 0.72651
vn -0.39805 -0.69852 0.59466
vt 0 0
v 0.69796 0.85563 0.72227
vn -0.00049 -0.93373 0.35797
vt 1 0
v 0.70065 0.85707 0.72603
vn -0.00044 -0.93371 0.35802
vt 1 1
f 268/268/268 269/269/269 270/270/270
usemtl green_off
v 0.69623 0.89521 0.70819
vn -0.86600 0.18494 0.46458
vt 0 0
v 0.69906 0.89673 0.71215
vn -0.79333 0.22385 0.56614
vt 1 0
v 0.69927 0.89760 0.71164
vn -0.68740 0.65488 0.31403
vt 1 1
f 271/271/271 272/272/272 273/273/273
usemtl green_off
v 0.69623 0.89521 0.70819
vn -0.86600 0.18494 0.46458
vt 0 0
v 0.69927 0.89760 0.71164
vn -0.68740 0.65488 0.31403
vt 1 0
v 0.69646 0.89610 0.70771
vn -0.75037 0.62116 0.22604
vt 1 1
f 274/274/274 275/275/275 276/276/276
usemtl green_off
v 0.69646 0.89610 0.70771
vn -0.75033 0.62124 0.22599
vt 0 0
v 0.69927 0.89760 0.71164
vn -0.68737 0.65494 0.31397
vt 1 0
v 0.69985 0.89813 0.71096
vn -0.39817 0.91700 -0.02403
vt 1 1
f 277/277/277 278/278/278 279/279/279
usemtl green_off
v 0.69646 0.89610 0.70771
vn -0.75033 0.62124 0.22599
vt 0 0
v 0.69985 0.89813 0.71096
vn -0.39817 0.91700 -0.02403
vt 1 0
v 0.69709 0.89665 0.70710
vn -0.43463 0.89748 -0.07499
vt 1 1
f 280/280/280 281/281/281 282/282/282
usemtl green_off
v 0.69709 0.89665 0.70710
vn -0.43456 0.89751 -0.07508
vt 0 0
v 0.69985 0.89813 0.71096
vn -0.39809 0.91703 -0.02411
vt 1 0
v 0.70065 0.89816 0.71029
vn -0.00048 0.93398 -0.35732
vt 1 1
f 283/283/283 284/284/284 285/285/285
usemtl green_off
v 0.69709 0.89665 0.70710
vn -0.43456 0.89751 -0.07508
vt 0 0
v 0.70065 0.89816 0.71029
vn -0.00048 0.93398 -0.35732
vt 1 0
v 0.69796 0.89672 0.70654
vn -0.00052 0.93396 -0.35738
vt 1 1
f 286/286/286 287/287/287 288/288/288
usemtl green_off
v 0.69623 0.85786 0.72249
vn -0.86602 0.17272 0.46924
vt 0 0
v 0.69397 0.85622 0.71822
vn -0.92387 0.13076 0.35969
vt 1 0
v 0.69422 0.85525 0.71848
vn -0.80052 -0.34761 0.48819
vt 1 1
f 289/289/289 290/290/290 291/291/291
usemtl green_off
v 0.69623 0.85786 0.72249
vn -0.86602 0.17272 0.46924
vt 0 0
v 0.69422 0.85525 0.71848
vn -0.80052 -0.34761 0.48819
vt 1 0
v 0.69646 0.85688 0.72273
vn -0.75041 -0.31125 0.58311
vt 1 1
f 292/292/292 293/293/293 294/294/294
usemtl green_off
v 0.69646 0.85688 0.72273
vn -0.75038 -0.31129 0.58312
vt 0 0
v 0.69422 0.85525 0.71848
vn -0.80050 -0.34764 0.48821
vt 1 0
v 0.69489 0.85447 0.71848
vn -0.46374 -0.73898 0.48872
vt 1 1
f 295/295/295 296/296/296 297/297/297
usemtl green_off
v 0.69646 0.85688 0.72273
vn -0.75038 -0.31129 0.58312
vt 0 0
v 0.69489 0.85447 0.71848
vn -0.46374 -0.73898 0.48872
vt 1 0
v 0.69709 0.85606 0.72265
vn -0.43471 -0.71793 0.54369
vt 1 1
f 298/298/298 299/299/299 300/300/300
usemtl green_off
v 0.69709 0.85606 0.72265
vn -0.43448 -0.71808 0.54368
vt 0 0
v 0.69489 0.85447 0.71848
vn -0.46351 -0.73915 0.48869
vt 1 0
v 0.69582 0.85408 0.71822
vn -0.00047 -0.93378 0.35786
vt 1 1
f 301/301/301 302/302/302 303/303/303
usemtl green_off
v 0.69709 0.85606 0.72265
vn -0.43448 -0.71808 0.54368
vt 0 0
v 0.69582 0.85408 0.71822
vn -0.00047 -0.93378 0.35786
vt 1 0
v 0.69796 0.85563 0.72227
vn -0.00043 -0.93375 0.35792
vt 1 1
f 304/304/304 305/305/305 306/306/306
usemtl green_off
v 0.69397 0.89357 0.70392
vn -0.92386 0.14298 0.35503
vt 0 0
v 0.69623 0.89521 0.70819
vn -0.86600 0.18494 0.46458
vt 1 0
v 0.69646 0.89610 0.70771
vn -0.75037 0.62116 0.22604
vt 1 1
f 307/307/307 308/308/308 309/309/309
usemtl green_off
v 0.69397 0.89357 0.70392
vn -0.92386 0.14298 0.35503
vt 0 0
v 0.69646 0.89610 0.70771
vn -0.75037 0.62116 0.22604
vt 1 0
v 0.69422 0.89447 0.70346
vn -0.80051 0.58481 0.13111
vt 1 1
f 310/310/310 311/311/311 312/312/312
usemtl green_off
v 0.69422 0.89447 0.70346
vn -0.80046 0.58489 0.13105
vt 0 0
v 0.69646 0.89610 0.70771
vn -0.75034 0.62123 0.22596
vt 1 0
v 0.69709 0.89665 0.70710
vn -0.43465 0.89747 -0.07502
vt 1 1
f 313/313/313 314/314/314 315/315/315
usemtl green_off
v 0.69422 0.89447 0.70346
vn -0.80046 0.58489 0.13105
vt 0 0
v 0.69709 0.89665 0.70710
vn -0.43465 0.89747 -0.07502
vt 1 0
v 0.69489 0.89506 0.70294
vn -0.46367 0.87642 -0.12999
vt 1 1
f 316/316/316 317/317/317 318/318/318
usemtl green_off
v 0.69489 0.89506 0.70294
vn -0.46363 0.87644 -0.13003
vt 0 0
v 0.69709 0.89665 0.70710
vn -0.43459 0.89749 -0.07504
vt 1 0
v 0.69796 0.89672 0.70654
vn -0.00057 0.93397 -0.35735
vt 1 1
f 319/319/319 320/320/320 321/321/321
usemtl green_off
v 0.69489 0.89506 0.70294
vn -0.46363 0.87644 -0.13003
vt 0 0
v 0.69796 0.89672 0.70654
vn -0.00057 0.93397 -0.35735
vt 1 0
v 0.69582 0.89517 0.70248
vn -0.00060 0.93394 -0.35742
vt 1 1
f 322/322/322 323/323/323 324/324/324
usemtl green_off
v 0.69397 0.85622 0.71822
vn -0.92387 0.13076 0.35969
vt 0 0
v 0.69233 0.85449 0.71371
vn -0.96591 0.08645 0.24402
vt 1 0
v 0.69259 0.85353 0.71400
vn -0.83694 -0.38601 0.38797
vt 1 1
f 325/325/325 326/326/326 327/327/327
usemtl green_off
v 0.69397 0.85622 0.71822
vn -0.92387 0.13076 0.35969
vt 0 0
v 0.69259 0.85353 0.71400
vn -0.83694 -0.38601 0.38797
vt 1 0
v 0.69422 0.85525 0.71848
vn -0.80052 -0.34761 0.48819
vt 1 1
f 328/328/328 329/329/329 330/330/330
usemtl green_off
v 0.69422 0.85525 0.71848
vn -0.80047 -0.34771 0.48820
vt 0 0
v 0.69259 0.85353 0.71400
vn -0.83690 -0.38609 0.38799
vt 1 0
v 0.69330 0.85278 0.71409
vn -0.48479 -0.76126 0.43066
vt 1 1
f 331/331/331 332/332/332 333/333/333
usemtl green_off
v 0.69422 0.85525 0.71848
vn -0.80047 -0.34771 0.48820
vt 0 0
v 0.69330 0.85278 0.71409
vn -0.48479 -0.76126 0.43066
vt 1 0
v 0.69489 0.85447 0.71848
vn -0.46369 -0.73903 0.48869
vt 1 1
f 334/334/334 335/335/335 336/336/336
usemtl green_off
v 0.69489 0.85447 0.71848
vn -0.46366 -0.73905 0.48870
vt 0 0
v 0.69330 0.85278 0.71409
vn -0.48475 -0.76129 0.43065
vt 1 0
v 0.69426 0.85244 0.71394
vn -0.00066 -0.93379 0.35782
vt 1 1
f 337/337/337 338/338/338 339/339/339
usemtl green_off
v 0.69489 0.85447 0.71848
vn -0.46366 -0.73905 0.48870
vt 0 0
v 0.69426 0.85244 0.71394
vn -0.00066 -0.93379 0.35782
vt 1 0
v 0.69582 0.85408 0.71822
vn -0.00064 -0.93376 0.35789
vt 1 1
f 340/340/340 341/341/341 342/342/342
usemtl green_off
v 0.69233 0.89185 0.69940
vn -0.96590 0.09868 0.23936
vt 0 0
v 0.69397 0.89357 0.70392
vn -0.92386 0.14298 0.35503
vt 1 0
v 0.69422 0.89447 0.70346
vn -0.80051 0.58481 0.13111
vt 1 1
f 343/343/343 344/344/344 345/345/345
usemtl green_off
v 0.69233 0.89185 0.69940
vn -0.96590 0.09868 0.23936
vt 0 0
v 0.69422 0.89447 0.70346
vn -0.80051 0.58481 0.13111
vt 1 0
v 0.69259 0.89276 0.69898
vn -0.83695 0.54641 0.03088
vt 1 1
f 346/346/346 347/347/347 348/348/348
usemtl green_off
v 0.69259 0.89276 0.69898
vn -0.83687 0.54653 0.03082
vt 0 0
v 0.69422 0.89447 0.70346
vn -0.80045 0.58491 0.13102
vt 1 0
v 0.69489 0.89506 0.70294
vn -0.46365 0.87643 -0.13002
vt 1 1
f 349/349/349 350/350/350 351/351/351
usemtl green_off
v 0.69259 0.89276 0.69898
vn -0.83687 0.54653 0.03082
vt 0 0
v 0.69489 0.89506 0.70294
vn -0.46365 0.87643 -0.13002
vt 1 0
v 0.69330 0.89337 0.69854
vn -0.48475 0.85420 -0.18806
vt 1 1
f 352/352/352 353/353/353 354/354/354
usemtl green_off
v 0.69330 0.89337 0.69854
vn -0.48475 0.85420 -0.18807
vt 0 0
v 0.69489 0.89506 0.70294
vn -0.46365 0.87643 -0.13002
vt 1 0
v 0.69582 0.89517 0.70248
vn -0.00063 0.93394 -0.35742
vt 1 1
f 355/355/355 356/356/356 357/357/357
usemtl green_off
v 0.69330 0.89337 0.69854
vn -0.48475 0.85420 -0.18807
vt 0 0
v 0.69582 0.89517 0.70248
vn -0.00063 0.93394 -0.35742
vt 1 0
v 0.69426 0.89353 0.69820
vn -0.00065 0.93391 -0.35750
vt 1 1
f 358/358/358 359/359/359 360/360/360
usemtl green_off
v 0.69233 0.85449 0.71371
vn -0.96591 0.08645 0.24402
vt 0 0
v 0.69133 0.85270 0.70904
vn -0.99142 0.04056 0.12423
vt 1 0
v 0.69160 0.85176 0.70936
vn -0.85905 -0.42578 0.28417
vt 1 1
f 361/361/361 362/362/362 363/363/363
usemtl green_off
v 0.69233 0.85449 0.71371
vn -0.96591 0.08645 0.24402
vt 0 0
v 0.69160 0.85176 0.70936
vn -0.85905 -0.42578 0.28417
vt 1 0
v 0.69259 0.85353 0.71400
vn -0.83694 -0.38601 0.38797
vt 1 1
f 364/364/364 365/365/365 366/366/366
usemtl green_off
v 0.69259 0.85353 0.71400
vn -0.83689 -0.38610 0.38799
vt 0 0
v 0.69160 0.85176 0.70936
vn -0.85900 -0.42586 0.28420
vt 1 0
v 0.69233 0.85104 0.70954
vn -0.49758 -0.78430 0.37053
vt 1 1
f 367/367/367 368/368/368 369/369/369
usemtl green_off
v 0.69259 0.85353 0.71400
vn -0.83689 -0.38610 0.38799
vt 0 0
v 0.69233 0.85104 0.70954
vn -0.49758 -0.78430 0.37053
vt 1 0
v 0.69330 0.85278 0.71409
vn -0.48478 -0.76127 0.43065
vt 1 1
f 370/370/370 371/371/371 372/372/372
usemtl green_off
v 0.69330 0.85278 0.71409
vn -0.48475 -0.76129 0.43066
vt 0 0
v 0.69233 0.85104 0.70954
vn -0.49756 -0.78431 0.37053
vt 1 0
v 0.69332 0.85074 0.70951
vn -0.00067 -0.93382 0.35775
vt 1 1
f 373/373/373 374/374/374 375/375/375
usemtl green_off
v 0.69330 0.85278 0.71409
vn -0.48475 -0.76129 0.43066
vt 0 0
v 0.69332 0.85074 0.70951
vn -0.00067 -0.93382 0.35775
vt 1 0
v 0.69426 0.85244 0.71394
vn -0.00065 -0.93379 0.35782
vt 1 1
f 376/376/376 377/377/377 378/378/378
usemtl green_off
v 0.69133 0.89006 0.69473
vn -0.99142 0.05280 0.11956
vt 0 0
v 0.69233 0.89185 0.69940
vn -0.96590 0.09868 0.23936
vt 1 0
v 0.69259 0.89276 0.69898
vn -0.83695 0.54641 0.03088
vt 1 1
f 379/379/379 380/380/380 381/381/381
usemtl green_off
v 0.69133 0.89006 0.69473
vn -0.99142 0.05280 0.11956
vt 0 0
v 0.69259 0.89276 0.69898
vn -0.83695 0.54641 0.03088
vt 1 0
v 0.69160 0.89098 0.69434
vn -0.85905 0.50667 -0.07292
vt 1 1
f 382/382/382 383/383/383 384/384/384
usemtl green_off
v 0.69160 0.89098 0.69434
vn -0.85895 0.50684 -0.07297
vt 0 0
v 0.69259 0.89276 0.69898
vn -0.83684 0.54658 0.03081
vt 1 0
v 0.69330 0.89337 0.69854
vn -0.48469 0.85423 -0.18805
vt 1 1
f 385/385/385 386/386/386 387/387/387
usemtl green_off
v 0.69160 0.89098 0.69434
vn -0.85895 0.50684 -0.07297
vt 0 0
v 0.69330 0.89337 0.69854
vn -0.48469 0.85423 -0.18805
vt 1 0
v 0.69233 0.89163 0.69399
vn -0.49750 0.83121 -0.24816
vt 1 1
f 388/388/388 389/389/389 390/390/390
usemtl green_off
v 0.69233 0.89163 0.69399
vn -0.49751 0.83119 -0.24820
vt 0 0
v 0.69330 0.89337 0.69854
vn -0.48471 0.85422 -0.18808
vt 1 0
v 0.69426 0.89353 0.69820
vn -0.00061 0.93391 -0.35750
vt 1 1
f 391/391/391 392/392/392 393/393/393
usemtl green_off
v 0.69233 0.89163 0.69399
vn -0.49751 0.83119 -0.24820
vt 0 0
v 0.69426 0.89353 0.69820
vn -0.00061 0.93391 -0.35750
vt 1 0
v 0.69332 0.89183 0.69377
vn -0.00062 0.93388 -0.35758
vt 1 1
f 394/394/394 395/395/395 396/396/396
usemtl green_off
v 0.69133 0.85270 0.70904
vn -0.99142 0.04056 0.12423
vt 0 0
v 0.69100 0.85088 0.70428
vn -0.99998 -0.00613 0.00234
vt 1 0
v 0.69127 0.84995 0.70464
vn -0.86645 -0.46624 0.17856
vt 1 1
f 397/397/397 398/398/398 399/399/399
usemtl green_off
v 0.69133 0.85270 0.70904
vn -0.99142 0.04056 0.12423
vt 0 0
v 0.69127 0.84995 0.70464
vn -0.86645 -0.46624 0.17856
vt 1 0
v 0.69160 0.85176 0.70936
vn -0.85905 -0.42578 0.28417
vt 1 1
f 400/400/400 401/401/401 402/402/402
usemtl green_off
v 0.69160 0.85176 0.70936
vn -0.85900 -0.42586 0.28417
vt 0 0
v 0.69127 0.84995 0.70464
vn -0.86641 -0.46630 0.17857
vt 1 0
v 0.69200 0.84927 0.70490
vn -0.50188 -0.80773 0.30934
vt 1 1
f 403/403/403 404/404/404 405/405/405
usemtl green_off
v 0.69160 0.85176 0.70936
vn -0.85900 -0.42586 0.28417
vt 0 0
v 0.69200 0.84927 0.70490
vn -0.50188 -0.80773 0.30934
vt 1 0
v 0.69233 0.85104 0.70954
vn -0.49759 -0.78431 0.37050
vt 1 1
f 406/406/406 407/407/407 408/408/408
usemtl green_off
v 0.69233 0.85104 0.70954
vn -0.49746 -0.78437 0.37054
vt 0 0
v 0.69200 0.84927 0.70490
vn -0.50175 -0.80780 0.30937
vt 1 0
v 0.69300 0.84901 0.70500
vn -0.00057 -0.93385 0.35766
vt 1 1
f 409/409/409 410/410/410 411/411/411
usemtl green_off
v 0.69233 0.85104 0.70954
vn -0.49746 -0.78437 0.37054
vt 0 0
v 0.69300 0.84901 0.70500
vn -0.00057 -0.93385 0.35766
vt 1 0
v 0.69332 0.85074 0.70951
vn -0.00056 -0.93383 0.35773
vt 1 1
f 412/412/412 413/413/413 414/414/414
usemtl green_off
v 0.69100 0.88824 0.68998
vn -0.99998 0.00612 -0.00234
vt 0 0
v 0.69133 0.89006 0.69473
vn -0.99142 0.05280 0.11956
vt 1 0
v 0.69160 0.89098 0.69434
vn -0.85905 0.50667 -0.07292
vt 1 1
f 415/415/415 416/416/416 417/417/417
usemtl green_off
v 0.69100 0.88824 0.68998
vn -0.99998 0.00612 -0.00234
vt 0 0
v 0.69160 0.89098 0.69434
vn -0.85905 0.50667 -0.07292
vt 1 0
v 0.69127 0.88917 0.68962
vn -0.86646 0.46623 -0.17856
vt 1 1
f 418/418/418 419/419/419 420/420/420
usemtl green_off
v 0.69127 0.88917 0.68962
vn -0.86637 0.46637 -0.17859
vt 0 0
v 0.69160 0.89098 0.69434
vn -0.85896 0.50681 -0.07300
vt 1 0
v 0.69233 0.89163 0.69399
vn -0.49752 0.83119 -0.24819
vt 1 1
f 421/421/421 422/422/422 423/423/423
usemtl green_off
v 0.69127 0.88917 0.68962
vn -0.86637 0.46637 -0.17859
vt 0 0
v 0.69233 0.89163 0.69399
vn -0.49752 0.83119 -0.24819
vt 1 0
v 0.69200 0.88985 0.68936
vn -0.50181 0.80777 -0.30935
vt 1 1
f 424/424/424 425/425/425 426/426/426
usemtl green_off
v 0.69200 0.88985 0.68936
vn -0.50188 0.80772 -0.30937
vt 0 0
v 0.69233 0.89163 0.69399
vn -0.49758 0.83115 -0.24820
vt 1 0
v 0.69332 0.89183 0.69377
vn -0.00070 0.93388 -0.35760
vt 1 1
f 427/427/427 428/428/428 429/429/429
usemtl green_off
v 0.69200 0.88985 0.68936
vn -0.50188 0.80772 -0.30937
vt 0 0
v 0.69332 0.89183 0.69377
vn -0.00070 0.93388 -0.35760
vt 1 0
v 0.69300 0.89010 0.68926
vn -0.00070 0.93385 -0.35767
vt 1 1
f 430/430/430 431/431/431 432/432/432
usemtl green_off
v 0.69100 0.85088 0.70428
vn -0.99998 -0.00613 0.00234
vt 0 0
v 0.69133 0.84906 0.69953
vn -0.99142 -0.05281 -0.11955
vt 1 0
v 0.69160 0.84814 0.69992
vn -0.85905 -0.50668 0.07293
vt 1 1
f 433/433/433 434/434/434 435/435/435
usemtl green_off
v 0.69100 0.85088 0.70428
vn -0.99998 -0.00613 0.00234
vt 0 0
v 0.69160 0.84814 0.69992
vn -0.85905 -0.50668 0.07293
vt 1 0
v 0.69127 0.84995 0.70464
vn -0.86645 -0.46624 0.17856
vt 1 1
f 436/436/436 437/437/437 438/438/438
usemtl green_off
v 0.69127 0.84995 0.70464
vn -0.86641 -0.46631 0.17857
vt 0 0
v 0.69160 0.84814 0.69992
vn -0.85900 -0.50675 0.07298
vt 1 0
v 0.69233 0.84749 0.70027
vn -0.49758 -0.83116 0.24818
vt 1 1
f 439/439/439 440/440/440 441/441/441
usemtl green_off
v 0.69127 0.84995 0.70464
vn -0.86641 -0.46631 0.17857
vt 0 0
v 0.69233 0.84749 0.70027
vn -0.49758 -0.83116 0.24818
vt 1 0
v 0.69200 0.84927 0.70490
vn -0.50188 -0.80773 0.30934
vt 1 1
f 442/442/442 443/443/443 444/444/444
usemtl green_off
v 0.69200 0.84927 0.70490
vn -0.50183 -0.80774 0.30938
vt 0 0
v 0.69233 0.84749 0.70027
vn -0.49754 -0.83118 0.24820
vt 1 0
v 0.69332 0.84729 0.70049
vn -0.00065 -0.93388 0.35760
vt 1 1
f 445/445/445 446/446/446 447/447/447
usemtl green_off
v 0.69200 0.84927 0.70490
vn -0.50183 -0.80774 0.30938
vt 0 0
v 0.69332 0.84729 0.70049
vn -0.00065 -0.93388 0.35760
vt 1 0
v 0.69300 0.84901 0.70500
vn -0.00066 -0.93385 0.35767
vt 1 1
f 448/448/448 449/449/449 450/450/450
usemtl green_off
v 0.69133 0.88642 0.68522
vn -0.99142 -0.04056 -0.12423
vt 0 0
v 0.69100 0.88824 0.68998
vn -0.99998 0.00612 -0.00234
vt 1 0
v 0.69127 0.88917 0.68962
vn -0.86646 0.46623 -0.17856
vt 1 1
f 451/451/451 452/452/452 453/453/453
usemtl green_off
v 0.69133 0.88642 0.68522
vn -0.99142 -0.04056 -0.12423
vt 0 0
v 0.69127 0.88917 0.68962
vn -0.86646 0.46623 -0.17856
vt 1 0
v 0.69160 0.88736 0.68490
vn -0.85905 0.42578 -0.28417
vt 1 1
f 454/454/454 455/455/455 456/456/456
usemtl green_off
v 0.69160 0.88736 0.68490
vn -0.85900 0.42586 -0.28417
vt 0 0
v 0.69127 0.88917 0.68962
vn -0.86641 0.46630 -0.17857
vt 1 0
v 0.69200 0.88985 0.68936
vn -0.50188 0.80773 -0.30934
vt 1 1
f 457/457/457 458/458/458 459/459/459
usemtl green_off
v 0.69160 0.88736 0.68490
vn -0.85900 0.42586 -0.28417
vt 0 0
v 0.69200 0.88985 0.68936
vn -0.50188 0.80773 -0.30934
vt 1 0
v 0.69233 0.88808 0.68473
vn -0.49759 0.78431 -0.37050
vt 1 1
f 460/460/460 461/461/461 462/462/462
usemtl green_off
v 0.69233 0.88808 0.68473
vn -0.49750 0.78434 -0.37054
vt 0 0
v 0.69200 0.88985 0.68936
vn -0.50179 0.80777 -0.30936
vt 1 0
v 0.69300 0.89010 0.68926
vn -0.00061 0.93385 -0.35766
vt 1 1
f 463/463/463 464/464/464 465/465/465
usemtl green_off
v 0.69233 0.88808 0.68473
vn -0.49750 0.78434 -0.37054
vt 0 0
v 0.69300 0.89010 0.68926
vn -0.00061 0.93385 -0.35766
vt 1 0
v 0.69332 0.88838 0.68475
vn -0.00061 0.93383 -0.35773
vt 1 1
f 466/466/466 467/467/467 468/468/468
usemtl green_off
v 0.69133 0.84906 0.69953
vn -0.99142 -0.05281 -0.11955
vt 0 0
v 0.69233 0.84727 0.69486
vn -0.96590 -0.09868 -0.23937
vt 1 0
v 0.69259 0.84636 0.69528
vn -0.83694 -0.54642 -0.03087
vt 1 1
f 469/469/469 470/470/470 471/471/471
usemtl green_off
v 0.69133 0.84906 0.69953
vn -0.99142 -0.05281 -0.11955
vt 0 0
v 0.69259 0.84636 0.69528
vn -0.83694 -0.54642 -0.03087
vt 1 0
v 0.69160 0.84814 0.69992
vn -0.85905 -0.50668 0.07293
vt 1 1
f 472/472/472 473/473/473 474/474/474
usemtl green_off
v 0.69160 0.84814 0.69992
vn -0.85900 -0.50675 0.07296
vt 0 0
v 0.69259 0.84636 0.69528
vn -0.83689 -0.54650 -0.03083
vt 1 0
v 0.69330 0.84575 0.69572
vn -0.48478 -0.85418 0.18804
vt 1 1
f 475/475/475 476/476/476 477/477/477
usemtl green_off
v 0.69160 0.84814 0.69992
vn -0.85900 -0.50675 0.07296
vt 0 0
v 0.69330 0.84575 0.69572
vn -0.48478 -0.85418 0.18804
vt 1 0
v 0.69233 0.84749 0.70027
vn -0.49758 -0.83116 0.24815
vt 1 1
f 478/478/478 479/479/479 480/480/480
usemtl green_off
v 0.69233 0.84749 0.70027
vn -0.49752 -0.83119 0.24820
vt 0 0
v 0.69330 0.84575 0.69572
vn -0.48471 -0.85422 0.18808
vt 1 0
v 0.69426 0.84559 0.69606
vn -0.00061 -0.93391 0.35750
vt 1 1
f 481/481/481 482/482/482 483/483/483
usemtl green_off
v 0.69233 0.84749 0.70027
vn -0.49752 -0.83119 0.24820
vt 0 0
v 0.69426 0.84559 0.69606
vn -0.00061 -0.93391 0.35750
vt 1 0
v 0.69332 0.84729 0.70049
vn -0.00062 -0.93388 0.35758
vt 1 1
f 484/484/484 485/485/485 486/486/486
usemtl green_off
v 0.69233 0.88463 0.68055
vn -0.96591 -0.08645 -0.24403
vt 0 0
v 0.69133 0.88642 0.68522
vn -0.99142 -0.04056 -0.12423
vt 1 0
v 0.69160 0.88736 0.68490
vn -0.85905 0.42578 -0.28417
vt 1 1
f 487/487/487 488/488/488 489/489/489
usemtl green_off
v 0.69233 0.88463 0.68055
vn -0.96591 -0.08645 -0.24403
vt 0 0
v 0.69160 0.88736 0.68490
vn -0.85905 0.42578 -0.28417
vt 1 0
v 0.69259 0.88559 0.68026
vn -0.83694 0.38602 -0.38797
vt 1 1
f 490/490/490 491/491/491 492/492/492
usemtl green_off
v 0.69259 0.88559 0.68026
vn -0.83691 0.38607 -0.38797
vt 0 0
v 0.69160 0.88736 0.68490
vn -0.85902 0.42583 -0.28419
vt 1 0
v 0.69233 0.88808 0.68473
vn -0.49761 0.78428 -0.37053
vt 1 1
f 493/493/493 494/494/494 495/495/495
usemtl green_off
v 0.69259 0.88559 0.68026
vn -0.83691 0.38607 -0.38797
vt 0 0
v 0.69233 0.88808 0.68473
vn -0.49761 0.78428 -0.37053
vt 1 0
v 0.69330 0.88634 0.68017
vn -0.48481 0.76125 -0.43064
vt 1 1
f 496/496/496 497/497/497 498/498/498
usemtl green_off
v 0.69330 0.88634 0.68017
vn -0.48471 0.76131 -0.43067
vt 0 0
v 0.69233 0.88808 0.68473
vn -0.49751 0.78433 -0.37054
vt 1 0
v 0.69332 0.88838 0.68475
vn -0.00062 0.93382 -0.35775
vt 1 1
f 499/499/499 500/500/500 501/501/501
usemtl green_off
v 0.69330 0.88634 0.68017
vn -0.48471 0.76131 -0.43067
vt 0 0
v 0.69332 0.88838 0.68475
vn -0.00062 0.93382 -0.35775
vt 1 0
v 0.69426 0.88668 0.68032
vn -0.00061 0.93379 -0.35782
vt 1 1
f 502/502/502 503/503/503 504/504/504
usemtl green_off
v 0.69233 0.84727 0.69486
vn -0.96590 -0.09868 -0.23937
vt 0 0
v 0.69397 0.84554 0.69035
vn -0.92386 -0.14298 -0.35503
vt 1 0
v 0.69422 0.84465 0.69080
vn -0.80052 -0.58480 -0.13111
vt 1 1
f 505/505/505 506/506/506 507/507/507
usemtl green_off
v 0.69233 0.84727 0.69486
vn -0.96590 -0.09868 -0.23937
vt 0 0
v 0.69422 0.84465 0.69080
vn -0.80052 -0.58480 -0.13111
vt 1 0
v 0.69259 0.84636 0.69528
vn -0.83694 -0.54642 -0.03087
vt 1 1
f 508/508/508 509/509/509 510/510/510
usemtl green_off
v 0.69259 0.84636 0.69528
vn -0.83687 -0.54653 -0.03081
vt 0 0
v 0.69422 0.84465 0.69080
vn -0.80045 -0.58491 -0.13102
vt 1 0
v 0.69489 0.84406 0.69132
vn -0.46365 -0.87643 0.13002
vt 1 1
f 511/511/511 512/512/512 513/513/513
usemtl green_off
v 0.69259 0.84636 0.69528
vn -0.83687 -0.54653 -0.03081
vt 0 0
v 0.69489 0.84406 0.69132
vn -0.46365 -0.87643 0.13002
vt 1 0
v 0.69330 0.84575 0.69572
vn -0.48475 -0.85420 0.18806
vt 1 1
f 514/514/514 515/515/515 516/516/516
usemtl green_off
v 0.69330 0.84575 0.69572
vn -0.48471 -0.85422 0.18808
vt 0 0
v 0.69489 0.84406 0.69132
vn -0.46361 -0.87645 0.13002
vt 1 0
v 0.69582 0.84395 0.69178
vn -0.00058 -0.93394 0.35743
vt 1 1
f 517/517/517 518/518/518 519/519/519
usemtl green_off
v 0.69330 0.84575 0.69572
vn -0.48471 -0.85422 0.18808
vt 0 0
v 0.69582 0.84395 0.69178
vn -0.00058 -0.93394 0.35743
vt 1 0
v 0.69426 0.84559 0.69606
vn -0.00060 -0.93391 0.35750
vt 1 1
f 520/520/520 521/521/521 522/522/522
usemtl green_off
v 0.69397 0.88290 0.67604
vn -0.92386 -0.13075 -0.35970
vt 0 0
v 0.69233 0.88463 0.68055
vn -0.96591 -0.08645 -0.24403
vt 1 0
v 0.69259 0.88559 0.68026
vn -0.83694 0.38602 -0.38797
vt 1 1
f 523/523/523 524/524/524 525/525/525
usemtl green_off
v 0.69397 0.88290 0.67604
vn -0.92386 -0.13075 -0.35970
vt 0 0
v 0.69259 0.88559 0.68026
vn -0.83694 0.38602 -0.38797
vt 1 0
v 0.69422 0.88387 0.67578
vn -0.80051 0.34762 -0.48820
vt 1 1
f 526/526/526 527/527/527 528/528/528
usemtl green_off
v 0.69422 0.88387 0.67578
vn -0.80049 0.34769 -0.48818
vt 0 0
v 0.69259 0.88559 0.68026
vn -0.83692 0.38606 -0.38798
vt 1 0
v 0.69330 0.88634 0.68017
vn -0.48482 0.76124 -0.43065
vt 1 1
f 529/529/529 530/530/530 531/531/531
usemtl green_off
v 0.69422 0.88387 0.67578
vn -0.80049 0.34769 -0.48818
vt 0 0
v 0.69330 0.88634 0.68017
vn -0.48482 0.76124 -0.43065
vt 1 0
v 0.69489 0.88465 0.67578
vn -0.46372 0.73902 -0.48869
vt 1 1
f 532/532/532 533/533/533 534/534/534
usemtl green_off
v 0.69489 0.88465 0.67578
vn -0.46361 0.73908 -0.48870
vt 0 0
v 0.69330 0.88634 0.68017
vn -0.48471 0.76132 -0.43065
vt 1 0
v 0.69426 0.88668 0.68032
vn -0.00060 0.93380 -0.35781
vt 1 1
f 535/535/535 536/536/536 537/537/537
usemtl green_off
v 0.69489 0.88465 0.67578
vn -0.46361 0.73908 -0.48870
vt 0 0
v 0.69426 0.88668 0.68032
vn -0.00060 0.93380 -0.35781
vt 1 0
v 0.69582 0.88504 0.67604
vn -0.00058 0.93377 -0.35788
vt 1 1
f 538/538/538 539/539/539 540/540/540
usemtl green_off
v 0.69397 0.84554 0.69035
vn -0.92386 -0.14298 -0.35503
vt 0 0
v 0.69623 0.84391 0.68607
vn -0.86600 -0.18494 -0.46458
vt 1 0
v 0.69646 0.84302 0.68656
vn -0.75038 -0.62116 -0.22603
vt 1 1
f 541/541/541 542/542/542 543/543/543
usemtl green_off
v 0.69397 0.84554 0.69035
vn -0.92386 -0.14298 -0.35503
vt 0 0
v 0.69646 0.84302 0.68656
vn -0.75038 -0.62116 -0.22603
vt 1 0
v 0.69422 0.84465 0.69080
vn -0.80052 -0.58480 -0.13111
vt 1 1
f 544/544/544 545/545/545 546/546/546
usemtl green_off
v 0.69422 0.84465 0.69080
vn -0.80044 -0.58491 -0.13105
vt 0 0
v 0.69646 0.84302 0.68656
vn -0.75032 -0.62126 -0.22596
vt 1 0
v 0.69709 0.84247 0.68716
vn -0.43462 -0.89748 0.07502
vt 1 1
f 547/547/547 548/548/548 549/549/549
usemtl green_off
v 0.69422 0.84465 0.69080
vn -0.80044 -0.58491 -0.13105
vt 0 0
v 0.69709 0.84247 0.68716
vn -0.43462 -0.89748 0.07502
vt 1 0
v 0.69489 0.84406 0.69132
vn -0.46365 -0.87643 0.12999
vt 1 1
f 550/550/550 551/551/551 552/552/552
usemtl green_off
v 0.69489 0.84406 0.69132
vn -0.46363 -0.87643 0.13004
vt 0 0
v 0.69709 0.84247 0.68716
vn -0.43459 -0.89750 0.07506
vt 1 0
v 0.69796 0.84240 0.68773
vn -0.00056 -0.93396 0.35737
vt 1 1
f 553/553/553 554/554/554 555/555/555
usemtl green_off
v 0.69489 0.84406 0.69132
vn -0.46363 -0.87643 0.13004
vt 0 0
v 0.69796 0.84240 0.68773
vn -0.00056 -0.93396 0.35737
vt 1 0
v 0.69582 0.84395 0.69178
vn -0.00060 -0.93394 0.35744
vt 1 1
f 556/556/556 557/557/557 558/558/558
usemtl green_off
v 0.69623 0.88126 0.67177
vn -0.86601 -0.17272 -0.46925
vt 0 0
v 0.69397 0.88290 0.67604
vn -0.92386 -0.13075 -0.35970
vt 1 0
v 0.69422 0.88387 0.67578
vn -0.80051 0.34762 -0.48820
vt 1 1
f 559/559/559 560/560/560 561/561/561
usemtl green_off
v 0.69623 0.88126 0.67177
vn -0.86601 -0.17272 -0.46925
vt 0 0
v 0.69422 0.88387 0.67578
vn -0.80051 0.34762 -0.48820
vt 1 0
v 0.69646 0.88224 0.67154
vn -0.75039 0.31125 -0.58312
vt 1 1
f 562/562/562 563/563/563 564/564/564
usemtl green_off
v 0.69646 0.88224 0.67154
vn -0.75035 0.31132 -0.58314
vt 0 0
v 0.69422 0.88387 0.67578
vn -0.80047 0.34767 -0.48823
vt 1 0
v 0.69489 0.88465 0.67578
vn -0.46370 0.73900 -0.48873
vt 1 1
f 565/565/565 566/566/566 567/567/567
usemtl green_off
v 0.69646 0.88224 0.67154
vn -0.75035 0.31132 -0.58314
vt 0 0
v 0.69489 0.88465 0.67578
vn -0.46370 0.73900 -0.48873
vt 1 0
v 0.69709 0.88306 0.67162
vn -0.43467 0.71795 -0.54370
vt 1 1
f 568/568/568 569/569/569 570/570/570
usemtl green_off
v 0.69709 0.88306 0.67162
vn -0.43459 0.71802 -0.54366
vt 0 0
v 0.69489 0.88465 0.67578
vn -0.46363 0.73908 -0.48868
vt 1 0
v 0.69582 0.88504 0.67604
vn -0.00060 0.93377 -0.35787
vt 1 1
f 571/571/571 572/572/572 573/573/573
usemtl green_off
v 0.69709 0.88306 0.67162
vn -0.43459 0.71802 -0.54366
vt 0 0
v 0.69582 0.88504 0.67604
vn -0.00060 0.93377 -0.35787
vt 1 0
v 0.69796 0.88349 0.67199
vn -0.00057 0.93374 -0.35794
vt 1 1
f 574/574/574 575/575/575 576/576/576
usemtl green_off
v 0.69623 0.84391 0.68607
vn -0.86600 -0.18494 -0.46458
vt 0 0
v 0.69906 0.84239 0.68211
vn -0.79331 -0.22385 -0.56617
vt 1 0
v 0.69927 0.84152 0.68262
vn -0.68740 -0.65488 -0.31403
vt 1 1
f 577/577/577 578/578/578 579/579/579
usemtl green_off
v 0.69623 0.84391 0.68607
vn -0.86600 -0.18494 -0.46458
vt 0 0
v 0.69927 0.84152 0.68262
vn -0.68740 -0.65488 -0.31403
vt 1 0
v 0.69646 0.84302 0.68656
vn -0.75038 -0.62116 -0.22603
vt 1 1
f 580/580/580 581/581/581 582/582/582
usemtl green_off
v 0.69646 0.84302 0.68656
vn -0.75027 -0.62130 -0.22599
vt 0 0
v 0.69927 0.84152 0.68262
vn -0.68732 -0.65499 -0.31398
vt 1 0
v 0.69985 0.84099 0.68330
vn -0.39810 -0.91703 0.02403
vt 1 1
f 583/583/583 584/584/584 585/585/585
usemtl green_off
v 0.69646 0.84302 0.68656
vn -0.75027 -0.62130 -0.22599
vt 0 0
v 0.69985 0.84099 0.68330
vn -0.39810 -0.91703 0.02403
vt 1 0
v 0.69709 0.84247 0.68716
vn -0.43457 -0.89751 0.07498
vt 1 1
f 586/586/586 587/587/587 588/588/588
usemtl green_off
v 0.69709 0.84247 0.68716
vn -0.43461 -0.89748 0.07508
vt 0 0
v 0.69985 0.84099 0.68330
vn -0.39813 -0.91701 0.02411
vt 1 0
v 0.70065 0.84096 0.68397
vn -0.00053 -0.93398 0.35732
vt 1 1
f 589/589/589 590/590/590 591/591/591
usemtl green_off
v 0.69709 0.84247 0.68716
vn -0.43461 -0.89748 0.07508
vt 0 0
v 0.70065 0.84096 0.68397
vn -0.00053 -0.93398 0.35732
vt 1 0
v 0.69796 0.84240 0.68773
vn -0.00057 -0.93396 0.35738
vt 1 1
f 592/592/592 593/593/593 594/594/594
usemtl green_off
v 0.69906 0.87975 0.66781
vn -0.79334 -0.21162 -0.57082
vt 0 0
v 0.69623 0.88126 0.67177
vn -0.86601 -0.17272 -0.46925
vt 1 0
v 0.69646 0.88224 0.67154
vn -0.75039 0.31125 -0.58312
vt 1 1
f 595/595/595 596/596/596 597/597/597
usemtl green_off
v 0.69906 0.87975 0.66781
vn -0.79334 -0.21162 -0.57082
vt 0 0
v 0.69646 0.88224 0.67154
vn -0.75039 0.31125 -0.58312
vt 1 0
v 0.69927 0.88074 0.66760
vn -0.68743 0.27755 -0.67113
vt 1 1
f 598/598/598 599/599/599 600/600/600
usemtl green_off
v 0.69927 0.88074 0.66760
vn -0.68738 0.27765 -0.67113
vt 0 0
v 0.69646 0.88224 0.67154
vn -0.75033 0.31135 -0.58315
vt 1 0
v 0.69709 0.88306 0.67162
vn -0.43464 0.71797 -0.54370
vt 1 1
f 601/601/601 602/602/602 603/603/603
usemtl green_off
v 0.69927 0.88074 0.66760
vn -0.68738 0.27765 -0.67113
vt 0 0
v 0.69709 0.88306 0.67162
vn -0.43464 0.71797 -0.54370
vt 1 0
v 0.69985 0.88158 0.66776
vn -0.39817 0.69845 -0.59467
vt 1 1
f 604/604/604 605/605/605 606/606/606
usemtl green_off
v 0.69985 0.88158 0.66776
vn -0.39810 0.69849 -0.59467
vt 0 0
v 0.69709 0.88306 0.67162
vn -0.43457 0.71802 -0.54369
vt 1 0
v 0.69796 0.88349 0.67199
vn -0.00054 0.93373 -0.35798
vt 1 1
f 607/607/607 608/608/608 609/609/609
usemtl green_off
v 0.69985 0.88158 0.66776
vn -0.39810 0.69849 -0.59467
vt 0 0
v 0.69796 0.88349 0.67199
vn -0.00054 0.93373 -0.35798
vt 1 0
v 0.70065 0.88205 0.66823
vn -0.00049 0.93371 -0.35803
vt 1 1
f 610/610/610 611/611/611 612/612/612
usemtl green_off
v 0.69906 0.84239 0.68211
vn -0.79331 -0.22385 -0.56617
vt 0 0
v 0.70242 0.84102 0.67853
vn -0.70708 -0.25903 -0.65799
vt 1 0
v 0.70261 0.84015 0.67907
vn -0.61266 -0.68536 -0.39360
vt 1 1
f 613/613/613 614/614/614 615/615/615
usemtl green_off
v 0.69906 0.84239 0.68211
vn -0.79331 -0.22385 -0.56617
vt 0 0
v 0.70261 0.84015 0.67907
vn -0.61266 -0.68536 -0.39360
vt 1 0
v 0.69927 0.84152 0.68262
vn -0.68740 -0.65488 -0.31403
vt 1 1
f 616/616/616 617/617/617 618/618/618
usemtl green_off
v 0.69927 0.84152 0.68262
vn -0.68740 -0.65491 -0.31397
vt 0 0
v 0.70261 0.84015 0.67907
vn -0.61269 -0.68538 -0.39353
vt 1 0
v 0.70313 0.83966 0.67981
vn -0.35493 -0.93463 -0.02206
vt 1 1
f 619/619/619 620/620/620 621/621/621
usemtl green_off
v 0.69927 0.84152 0.68262
vn -0.68740 -0.65491 -0.31397
vt 0 0
v 0.70313 0.83966 0.67981
vn -0.35493 -0.93463 -0.02206
vt 1 0
v 0.69985 0.84099 0.68330
vn -0.39820 -0.91698 0.02402
vt 1 1
f 622/622/622 623/623/623 624/624/624
usemtl green_off
v 0.69985 0.84099 0.68330
vn -0.39813 -0.91701 0.02410
vt 0 0
v 0.70313 0.83966 0.67981
vn -0.35484 -0.93467 -0.02199
vt 1 0
v 0.70384 0.83966 0.68057
vn -0.00046 -0.93401 0.35725
vt 1 1
f 625/625/625 626/626/626 627/627/627
usemtl green_off
v 0.69985 0.84099 0.68330
vn -0.39813 -0.91701 0.02410
vt 0 0
v 0.70384 0.83966 0.68057
vn -0.00046 -0.93401 0.35725
vt 1 0
v 0.70065 0.84096 0.68397
vn -0.00051 -0.93399 0.35731
vt 1 1
f 628/628/628 629/629/629 630/630/630
usemtl green_off
v 0.70242 0.87837 0.66423
vn -0.70709 -0.24679 -0.66266
vt 0 0
v 0.69906 0.87975 0.66781
vn -0.79334 -0.21162 -0.57082
vt 1 0
v 0.69927 0.88074 0.66760
vn -0.68743 0.27755 -0.67113
vt 1 1
f 631/631/631 632/632/632 633/633/633
usemtl green_off
v 0.70242 0.87837 0.66423
vn -0.70709 -0.24679 -0.66266
vt 0 0
v 0.69927 0.88074 0.66760
vn -0.68743 0.27755 -0.67113
vt 1 0
v 0.70261 0.87938 0.66404
vn -0.61269 0.24708 -0.75071
vt 1 1
f 634/634/634 635/635/635 636/636/636
usemtl green_off
v 0.70261 0.87938 0.66404
vn -0.61267 0.24719 -0.75069
vt 0 0
v 0.69927 0.88074 0.66760
vn -0.68738 0.27766 -0.67113
vt 1 0
v 0.69985 0.88158 0.66776
vn -0.39817 0.69845 -0.59466
vt 1 1
f 637/637/637 638/638/638 639/639/639
usemtl green_off
v 0.70261 0.87938 0.66404
vn -0.61267 0.24719 -0.75069
vt 0 0
v 0.69985 0.88158 0.66776
vn -0.39817 0.69845 -0.59466
vt 1 0
v 0.70313 0.88024 0.66427
vn -0.35490 0.68080 -0.64075
vt 1 1
f 640/640/640 641/641/641 642/642/642
usemtl green_off
v 0.70313 0.88024 0.66427
vn -0.35484 0.68084 -0.64074
vt 0 0
v 0.69985 0.88158 0.66776
vn -0.39813 0.69849 -0.59465
vt 1 0
v 0.70065 0.88205 0.66823
vn -0.00052 0.93371 -0.35803
vt 1 1
f 643/643/643 644/644/644 645/645/645
usemtl green_off
v 0.70313 0.88024 0.66427
vn -0.35484 0.68084 -0.64074
vt 0 0
v 0.70065 0.88205 0.66823
vn -0.00052 0.93371 -0.35803
vt 1 0
v 0.70384 0.88075 0.66483
vn -0.00047 0.93369 -0.35809
vt 1 1
f 646/646/646 647/647/647 648/648/648
usemtl green_off
v 0.70242 0.84102 0.67853
vn -0.70708 -0.25903 -0.65799
vt 0 0
v 0.70626 0.83982 0.67539
vn -0.60873 -0.28988 -0.73853
vt 1 0
v 0.70642 0.83896 0.67595
vn -0.52747 -0.71209 -0.46337
vt 1 1
f 649/649/649 650/650/650 651/651/651
usemtl green_off
v 0.70242 0.84102 0.67853
vn -0.70708 -0.25903 -0.65799
vt 0 0
v 0.70642 0.83896 0.67595
vn -0.52747 -0.71209 -0.46337
vt 1 0
v 0.70261 0.84015 0.67907
vn -0.61266 -0.68536 -0.39360
vt 1 1
f 652/652/652 653/653/653 654/654/654
usemtl green_off
v 0.70261 0.84015 0.67907
vn -0.61259 -0.68545 -0.39356
vt 0 0
v 0.70642 0.83896 0.67595
vn -0.52740 -0.71216 -0.46333
vt 1 0
v 0.70687 0.83848 0.67675
vn -0.30547 -0.95015 -0.06249
vt 1 1
f 655/655/655 656/656/656 657/657/657
usemtl green_off
v 0.70261 0.84015 0.67907
vn -0.61259 -0.68545 -0.39356
vt 0 0
v 0.70687 0.83848 0.67675
vn -0.30547 -0.95015 -0.06249
vt 1 0
v 0.70313 0.83966 0.67981
vn -0.35482 -0.93467 -0.02209
vt 1 1
f 658/658/658 659/659/659 660/660/660
usemtl green_off
v 0.70313 0.83966 0.67981
vn -0.35484 -0.93467 -0.02199
vt 0 0
v 0.70687 0.83848 0.67675
vn -0.30548 -0.95015 -0.06241
vt 1 0
v 0.70748 0.83852 0.67759
vn -0.00040 -0.93403 0.35720
vt 1 1
f 661/661/661 662/662/662 663/663/663
usemtl green_off
v 0.70313 0.83966 0.67981
vn -0.35484 -0.93467 -0.02199
vt 0 0
v 0.70748 0.83852 0.67759
vn -0.00040 -0.93403 0.35720
vt 1 0
v 0.70384 0.83966 0.68057
vn -0.00045 -0.93401 0.35725
vt 1 1
f 664/664/664 665/665/665 666/666/666
usemtl green_off
v 0.70626 0.87717 0.66108
vn -0.60875 -0.27763 -0.74320
vt 0 0
v 0.70242 0.87837 0.66423
vn -0.70709 -0.24679 -0.66266
vt 1 0
v 0.70261 0.87938 0.66404
vn -0.61269 0.24708 -0.75071
vt 1 1
f 667/667/667 668/668/668 669/669/669
usemtl green_off
v 0.70626 0.87717 0.66108
vn -0.60875 -0.27763 -0.74320
vt 0 0
v 0.70261 0.87938 0.66404
vn -0.61269 0.24708 -0.75071
vt 1 0
v 0.70642 0.87818 0.66093
vn -0.52747 0.22037 -0.82049
vt 1 1
f 670/670/670 671/671/671 672/672/672
usemtl green_off
v 0.70642 0.87818 0.66093
vn -0.52744 0.22046 -0.82049
vt 0 0
v 0.70261 0.87938 0.66404
vn -0.61264 0.24718 -0.75072
vt 1 0
v 0.70313 0.88024 0.66427
vn -0.35487 0.68079 -0.64078
vt 1 1
f 673/673/673 674/674/674 675/675/675
usemtl green_off
v 0.70642 0.87818 0.66093
vn -0.52744 0.22046 -0.82049
vt 0 0
v 0.70313 0.88024 0.66427
vn -0.35487 0.68079 -0.64078
vt 1 0
v 0.70687 0.87907 0.66121
vn -0.30552 0.66532 -0.68118
vt 1 1
f 676/676/676 677/677/677 678/678/678
usemtl green_off
v 0.70687 0.87907 0.66121
vn -0.30545 0.66537 -0.68116
vt 0 0
v 0.70313 0.88024 0.66427
vn -0.35480 0.68086 -0.64074
vt 1 0
v 0.70384 0.88075 0.66483
vn -0.00042 0.93369 -0.35808
vt 1 1
f 679/679/679 680/680/680 681/681/681
usemtl green_off
v 0.70687 0.87907 0.66121
vn -0.30545 0.66537 -0.68116
vt 0 0
v 0.70384 0.88075 0.66483
vn -0.00042 0.93369 -0.35808
vt 1 0
v 0.70748 0.87961 0.66185
vn -0.00036 0.93367 -0.35813
vt 1 1
f 682/682/682 683/683/683 684/684/684
usemtl green_off
v 0.70626 0.83982 0.67539
vn -0.60873 -0.28988 -0.73853
vt 0 0
v 0.71050 0.83880 0.67274
vn -0.49996 -0.31587 -0.80639
vt 1 0
v 0.71063 0.83795 0.67332
vn -0.43322 -0.73462 -0.52217
vt 1 1
f 685/685/685 686/686/686 687/687/687
usemtl green_off
v 0.70626 0.83982 0.67539
vn -0.60873 -0.28988 -0.73853
vt 0 0
v 0.71063 0.83795 0.67332
vn -0.43322 -0.73462 -0.52217
vt 1 0
v 0.70642 0.83896 0.67595
vn -0.52747 -0.71209 -0.46337
vt 1 1
f 688/688/688 689/689/689 690/690/690
usemtl green_off
v 0.70642 0.83896 0.67595
vn -0.52743 -0.71215 -0.46331
vt 0 0
v 0.71063 0.83795 0.67332
vn -0.43321 -0.73467 -0.52210
vt 1 0
v 0.71100 0.83750 0.67417
vn -0.25095 -0.96318 -0.09653
vt 1 1
f 691/691/691 692/692/692 693/693/693
usemtl green_off
v 0.70642 0.83896 0.67595
vn -0.52743 -0.71215 -0.46331
vt 0 0
v 0.71100 0.83750 0.67417
vn -0.25095 -0.96318 -0.09653
vt 1 0
v 0.70687 0.83848 0.67675
vn -0.30552 -0.95014 -0.06247
vt 1 1
f 694/694/694 695/695/695 696/696/696
usemtl green_off
v 0.70687 0.83848 0.67675
vn -0.30549 -0.95015 -0.06240
vt 0 0
v 0.71100 0.83750 0.67417
vn -0.25090 -0.96320 -0.09646
vt 1 0
v 0.71150 0.83756 0.67508
vn -0.00035 -0.93406 0.35712
vt 1 1
f 697/697/697 698/698/698 699/699/699
usemtl green_off
v 0.70687 0.83848 0.67675
vn -0.30549 -0.95015 -0.06240
vt 0 0
v 0.71150 0.83756 0.67508
vn -0.00035 -0.93406 0.35712
vt 1 0
v 0.70748 0.83852 0.67759
vn -0.00041 -0.93404 0.35716
vt 1 1
f 700/700/700 701/701/701 702/702/702
usemtl green_off
v 0.71050 0.87616 0.65844
vn -0.49999 -0.30362 -0.81106
vt 0 0
v 0.70626 0.87717 0.66108
vn -0.60875 -0.27763 -0.74320
vt 1 0
v 0.70642 0.87818 0.66093
vn -0.52747 0.22037 -0.82049
vt 1 1
f 703/703/703 704/704/704 705/705/705
usemtl green_off
v 0.71050 0.87616 0.65844
vn -0.49999 -0.30362 -0.81106
vt 0 0
v 0.70642 0.87818 0.66093
vn -0.52747 0.22037 -0.82049
vt 1 0
v 0.71063 0.87717 0.65830
vn -0.43324 0.19785 -0.87930
vt 1 1
f 706/706/706 707/707/707 708/708/708
usemtl green_off
v 0.71063 0.87717 0.65830
vn -0.43325 0.19790 -0.87928
vt 0 0
v 0.70642 0.87818 0.66093
vn -0.52747 0.22042 -0.82048
vt 1 0
v 0.70687 0.87907 0.66121
vn -0.30556 0.66529 -0.68119
vt 1 1
f 709/709/709 710/710/710 711/711/711
usemtl green_off
v 0.71063 0.87717 0.65830
vn -0.43325 0.19790 -0.87928
vt 0 0
v 0.70687 0.87907 0.66121
vn -0.30556 0.66529 -0.68119
vt 1 0
v 0.71100 0.87808 0.65863
vn -0.25100 0.65225 -0.71524
vt 1 1
f 712/712/712 713/713/713 714/714/714
usemtl green_off
v 0.71100 0.87808 0.65863
vn -0.25091 0.65233 -0.71520
vt 0 0
v 0.70687 0.87907 0.66121
vn -0.30549 0.66537 -0.68114
vt 1 0
v 0.70748 0.87961 0.66185
vn -0.00039 0.93367 -0.35813
vt 1 1
f 715/715/715 716/716/716 717/717/717
usemtl green_off
v 0.71100 0.87808 0.65863
vn -0.25091 0.65233 -0.71520
vt 0 0
v 0.70748 0.87961 0.66185
vn -0.00039 0.93367 -0.35813
vt 1 0
v 0.71150 0.87865 0.65934
vn -0.00033 0.93366 -0.35817
vt 1 1
f 718/718/718 719/719/719 720/720/720
usemtl green_off
v 0.71050 0.83880 0.67274
vn -0.49996 -0.31587 -0.80639
vt 0 0
v 0.71508 0.83800 0.67064
vn -0.38264 -0.33656 -0.86042
vt 1 0
v 0.71518 0.83715 0.67123
vn -0.33155 -0.75254 -0.56900
vt 1 1
f 721/721/721 722/722/722 723/723/723
usemtl green_off
v 0.71050 0.83880 0.67274
vn -0.49996 -0.31587 -0.80639
vt 0 0
v 0.71518 0.83715 0.67123
vn -0.33155 -0.75254 -0.56900
vt 1 0
v 0.71063 0.83795 0.67332
vn -0.43322 -0.73462 -0.52217
vt 1 1
f 724/724/724 725/725/725 726/726/726
usemtl green_off
v 0.71063 0.83795 0.67332
vn -0.43321 -0.73465 -0.52212
vt 0 0
v 0.71518 0.83715 0.67123
vn -0.33158 -0.75258 -0.56892
vt 1 0
v 0.71546 0.83671 0.67212
vn -0.19209 -0.97356 -0.12366
vt 1 1
f 727/727/727 728/728/728 729/729/729
usemtl green_off
v 0.71063 0.83795 0.67332
vn -0.43321 -0.73465 -0.52212
vt 0 0
v 0.71546 0.83671 0.67212
vn -0.19209 -0.97356 -0.12366
vt 1 0
v 0.71100 0.83750 0.67417
vn -0.25095 -0.96317 -0.09655
vt 1 1
f 730/730/730 731/731/731 732/732/732
usemtl green_off
v 0.71100 0.83750 0.67417
vn -0.25090 -0.96320 -0.09645
vt 0 0
v 0.71546 0.83671 0.67212
vn -0.19202 -0.97358 -0.12356
vt 1 0
v 0.71584 0.83679 0.67308
vn -0.00024 -0.93405 0.35713
vt 1 1
f 733/733/733 734/734/734 735/735/735
usemtl green_off
v 0.71100 0.83750 0.67417
vn -0.25090 -0.96320 -0.09645
vt 0 0
v 0.71584 0.83679 0.67308
vn -0.00024 -0.93405 0.35713
vt 1 0
v 0.71150 0.83756 0.67508
vn -0.00031 -0.93404 0.35716
vt 1 1
f 736/736/736 737/737/737 738/738/738
usemtl green_off
v 0.71508 0.87535 0.65633
vn -0.38268 -0.32432 -0.86509
vt 0 0
v 0.71050 0.87616 0.65844
vn -0.49999 -0.30362 -0.81106
vt 1 0
v 0.71063 0.87717 0.65830
vn -0.43324 0.19785 -0.87930
vt 1 1
f 739/739/739 740/740/740 741/741/741
usemtl green_off
v 0.71508 0.87535 0.65633
vn -0.38268 -0.32432 -0.86509
vt 0 0
v 0.71063 0.87717 0.65830
vn -0.43324 0.19785 -0.87930
vt 1 0
v 0.71518 0.87637 0.65620
vn -0.33160 0.17990 -0.92611
vt 1 1
f 742/742/742 743/743/743 744/744/744
usemtl green_off
v 0.71518 0.87637 0.65620
vn -0.33161 0.18000 -0.92609
vt 0 0
v 0.71063 0.87717 0.65830
vn -0.43323 0.19792 -0.87928
vt 1 0
v 0.71100 0.87808 0.65863
vn -0.25097 0.65227 -0.71524
vt 1 1
f 745/745/745 746/746/746 747/747/747
usemtl green_off
v 0.71518 0.87637 0.65620
vn -0.33161 0.18000 -0.92609
vt 0 0
v 0.71100 0.87808 0.65863
vn -0.25097 0.65227 -0.71524
vt 1 0
v 0.71546 0.87730 0.65658
vn -0.19211 0.64188 -0.74235
vt 1 1
f 748/748/748 749/749/749 750/750/750
usemtl green_off
v 0.71546 0.87730 0.65658
vn -0.19202 0.64195 -0.74231
vt 0 0
v 0.71100 0.87808 0.65863
vn -0.25089 0.65234 -0.71520
vt 1 0
v 0.71150 0.87865 0.65934
vn -0.00030 0.93366 -0.35817
vt 1 1
f 751/751/751 752/752/752 753/753/753
usemtl green_off
v 0.71546 0.87730 0.65658
vn -0.19202 0.64195 -0.74231
vt 0 0
v 0.71150 0.87865 0.65934
vn -0.00030 0.93366 -0.35817
vt 1 0
v 0.71584 0.87788 0.65734
vn -0.00023 0.93364 -0.35820
vt 1 1
f 754/754/754 755/755/755 756/756/756
usemtl green_off
v 0.71508 0.83800 0.67064
vn -0.38264 -0.33656 -0.86042
vt 0 0
v 0.71991 0.83741 0.66911
vn -0.25881 -0.35159 -0.89967
vt 1 0
v 0.71998 0.83657 0.66971
vn -0.22425 -0.76557 -0.60301
vt 1 1
f 757/757/757 758/758/758 759/759/759
usemtl green_off
v 0.71508 0.83800 0.67064
vn -0.38264 -0.33656 -0.86042
vt 0 0
v 0.71998 0.83657 0.66971
vn -0.22425 -0.76557 -0.60301
vt 1 0
v 0.71518 0.83715 0.67123
vn -0.33155 -0.75254 -0.56900
vt 1 1
f 760/760/760 761/761/761 762/762/762
usemtl green_off
v 0.71518 0.83715 0.67123
vn -0.33156 -0.75259 -0.56892
vt 0 0
v 0.71998 0.83657 0.66971
vn -0.22426 -0.76562 -0.60293
vt 1 0
v 0.72017 0.83614 0.67063
vn -0.12992 -0.98111 -0.14335
vt 1 1
f 763/763/763 764/764/764 765/765/765
usemtl green_off
v 0.71518 0.83715 0.67123
vn -0.33156 -0.75259 -0.56892
vt 0 0
v 0.72017 0.83614 0.67063
vn -0.12992 -0.98111 -0.14335
vt 1 0
v 0.71546 0.83671 0.67212
vn -0.19206 -0.97356 -0.12365
vt 1 1
f 766/766/766 767/767/767 768/768/768
usemtl green_off
v 0.71546 0.83671 0.67212
vn -0.19204 -0.97357 -0.12359
vt 0 0
v 0.72017 0.83614 0.67063
vn -0.12987 -0.98112 -0.14329
vt 1 0
v 0.72042 0.83623 0.67163
vn -0.00016 -0.93407 0.35708
vt 1 1
f 769/769/769 770/770/770 771/771/771
usemtl green_off
v 0.71546 0.83671 0.67212
vn -0.19204 -0.97357 -0.12359
vt 0 0
v 0.72042 0.83623 0.67163
vn -0.00016 -0.93407 0.35708
vt 1 0
v 0.71584 0.83679 0.67308
vn -0.00024 -0.93407 0.35710
vt 1 1
f 772/772/772 773/773/773 774/774/774
usemtl green_off
v 0.71991 0.87476 0.65480
vn -0.25882 -0.33936 -0.90435
vt 0 0
v 0.71508 0.87535 0.65633
vn -0.38268 -0.32432 -0.86509
vt 1 0
v 0.71518 0.87637 0.65620
vn -0.33160 0.17990 -0.92611
vt 1 1
f 775/775/775 776/776/776 777/777/777
usemtl green_off
v 0.71991 0.87476 0.65480
vn -0.25882 -0.33936 -0.90435
vt 0 0
v 0.71518 0.87637 0.65620
vn -0.33160 0.17990 -0.92611
vt 1 0
v 0.71998 0.87579 0.65468
vn -0.22428 0.16687 -0.96013
vt 1 1
f 778/778/778 779/779/779 780/780/780
usemtl green_off
v 0.71998 0.87579 0.65468
vn -0.22424 0.16695 -0.96013
vt 0 0
v 0.71518 0.87637 0.65620
vn -0.33154 0.17998 -0.92611
vt 1 0
v 0.71546 0.87730 0.65658
vn -0.19205 0.64186 -0.74238
vt 1 1
f 781/781/781 782/782/782 783/783/783
usemtl green_off
v 0.71998 0.87579 0.65468
vn -0.22424 0.16695 -0.96013
vt 0 0
v 0.71546 0.87730 0.65658
vn -0.19205 0.64186 -0.74238
vt 1 0
v 0.72017 0.87673 0.65508
vn -0.12990 0.63432 -0.76208
vt 1 1
f 784/784/784 785/785/785 786/786/786
usemtl green_off
v 0.72017 0.87673 0.65508
vn -0.12991 0.63442 -0.76199
vt 0 0
v 0.71546 0.87730 0.65658
vn -0.19208 0.64196 -0.74229
vt 1 0
v 0.71584 0.87788 0.65734
vn -0.00027 0.93365 -0.35818
vt 1 1
f 787/787/787 788/788/788 789/789/789
usemtl green_off
v 0.72017 0.87673 0.65508
vn -0.12991 0.63442 -0.76199
vt 0 0
v 0.71584 0.87788 0.65734
vn -0.00027 0.93365 -0.35818
vt 1 0
v 0.72042 0.87732 0.65589
vn -0.00020 0.93364 -0.35821
vt 1 1
f 790/790/790 791/791/791 792/792/792
usemtl green_off
v 0.71991 0.83741 0.66911
vn -0.25881 -0.35159 -0.89967
vt 0 0
v 0.72491 0.83705 0.66818
vn -0.13051 -0.36072 -0.92350
vt 1 0
v 0.72494 0.83621 0.66878
vn -0.11309 -0.77347 -0.62366
vt 1 1
f 793/793/793 794/794/794 795/795/795
usemtl green_off
v 0.71991 0.83741 0.66911
vn -0.25881 -0.35159 -0.89967
vt 0 0
v 0.72494 0.83621 0.66878
vn -0.11309 -0.77347 -0.62366
vt 1 0
v 0.71998 0.83657 0.66971
vn -0.22425 -0.76557 -0.60301
vt 1 1
f 796/796/796 797/797/797 798/798/798
usemtl green_off
v 0.71998 0.83657 0.66971
vn -0.22425 -0.76561 -0.60295
vt 0 0
v 0.72494 0.83621 0.66878
vn -0.11312 -0.77352 -0.62359
vt 1 0
v 0.72504 0.83579 0.66972
vn -0.06554 -0.98569 -0.15533
vt 1 1
f 799/799/799 800/800/800 801/801/801
usemtl green_off
v 0.71998 0.83657 0.66971
vn -0.22425 -0.76561 -0.60295
vt 0 0
v 0.72504 0.83579 0.66972
vn -0.06554 -0.98569 -0.15533
vt 1 0
v 0.72017 0.83614 0.67063
vn -0.12991 -0.98111 -0.14336
vt 1 1
f 802/802/802 803/803/803 804/804/804
usemtl green_off
v 0.72017 0.83614 0.67063
vn -0.12989 -0.98112 -0.14329
vt 0 0
v 0.72504 0.83579 0.66972
vn -0.06550 -0.98570 -0.15525
vt 1 0
v 0.72517 0.83590 0.67075
vn -0.00010 -0.93408 0.35706
vt 1 1
f 805/805/805 806/806/806 807/807/807
usemtl green_off
v 0.72017 0.83614 0.67063
vn -0.12989 -0.98112 -0.14329
vt 0 0
v 0.72517 0.83590 0.67075
vn -0.00010 -0.93408 0.35706
vt 1 0
v 0.72042 0.83623 0.67163
vn -0.00017 -0.93407 0.35708
vt 1 1
f 808/808/808 809/809/809 810/810/810
usemtl green_off
v 0.72491 0.87441 0.65387
vn -0.13053 -0.34848 -0.92818
vt 0 0
v 0.71991 0.87476 0.65480
vn -0.25882 -0.33936 -0.90435
vt 1 0
v 0.71998 0.87579 0.65468
vn -0.22428 0.16687 -0.96013
vt 1 1
f 811/811/811 812/812/812 813/813/813
usemtl green_off
v 0.72491 0.87441 0.65387
vn -0.13053 -0.34848 -0.92818
vt 0 0
v 0.71998 0.87579 0.65468
vn -0.22428 0.16687 -0.96013
vt 1 0
v 0.72494 0.87544 0.65376
vn -0.11312 0.15897 -0.98078
vt 1 1
f 814/814/814 815/815/815 816/816/816
usemtl green_off
v 0.72494 0.87544 0.65376
vn -0.11310 0.15905 -0.98077
vt 0 0
v 0.71998 0.87579 0.65468
vn -0.22423 0.16696 -0.96013
vt 1 0
v 0.72017 0.87673 0.65508
vn -0.12989 0.63432 -0.76208
vt 1 1
f 817/817/817 818/818/818 819/819/819
usemtl green_off
v 0.72494 0.87544 0.65376
vn -0.11310 0.15905 -0.98077
vt 0 0
v 0.72017 0.87673 0.65508
vn -0.12989 0.63432 -0.76208
vt 1 0
v 0.72504 0.87638 0.65418
vn -0.06551 0.62974 -0.77404
vt 1 1
f 820/820/820 821/821/821 822/822/822
usemtl green_off
v 0.72504 0.87638 0.65418
vn -0.06548 0.62983 -0.77397
vt 0 0
v 0.72017 0.87673 0.65508
vn -0.12987 0.63442 -0.76200
vt 1 0
v 0.72042 0.87732 0.65589
vn -0.00015 0.93364 -0.35822
vt 1 1
f 823/823/823 824/824/824 825/825/825
usemtl green_off
v 0.72504 0.87638 0.65418
vn -0.06548 0.62983 -0.77397
vt 0 0
v 0.72042 0.87732 0.65589
vn -0.00015 0.93364 -0.35822
vt 1 0
v 0.72517 0.87699 0.65501
vn -0.00007 0.93364 -0.35823
vt 1 1
f 826/826/826 827/827/827 828/828/828
usemtl green_off
v 0.72491 0.83705 0.66818
vn -0.13051 -0.36072 -0.92350
vt 0 0
v 0.73000 0.83693 0.66786
vn 0.00004 -0.36377 -0.93149
vt 1 0
v 0.73000 0.83610 0.66847
vn 0.00001 -0.77612 -0.63059
vt 1 1
f 829/829/829 830/830/830 831/831/831
usemtl green_off
v 0.72491 0.83705 0.66818
vn -0.13051 -0.36072 -0.92350
vt 0 0
v 0.73000 0.83610 0.66847
vn 0.00001 -0.77612 -0.63059
vt 1 0
v 0.72494 0.83621 0.66878
vn -0.11309 -0.77347 -0.62366
vt 1 1
f 832/832/832 833/833/833 834/834/834
usemtl green_off
v 0.72494 0.83621 0.66878
vn -0.11306 -0.77352 -0.62361
vt 0 0
v 0.73000 0.83610 0.66847
vn 0.00002 -0.77617 -0.63053
vt 1 0
v 0.73000 0.83567 0.66942
vn 0.00001 -0.98722 -0.15935
vt 1 1
f 835/835/835 836/836/836 837/837/837
usemtl green_off
v 0.72494 0.83621 0.66878
vn -0.11306 -0.77352 -0.62361
vt 0 0
v 0.73000 0.83567 0.66942
vn 0.00001 -0.98722 -0.15935
vt 1 0
v 0.72504 0.83579 0.66972
vn -0.06547 -0.98569 -0.15534
vt 1 1
f 838/838/838 839/839/839 840/840/840
usemtl green_off
v 0.72504 0.83579 0.66972
vn -0.06550 -0.98570 -0.15525
vt 0 0
v 0.73000 0.83567 0.66942
vn 0.00000 -0.98724 -0.15925
vt 1 0
v 0.73000 0.83578 0.67045
vn -0.00000 -0.93408 0.35706
vt 1 1
f 841/841/841 842/842/842 843/843/843
usemtl green_off
v 0.72504 0.83579 0.66972
vn -0.06550 -0.98570 -0.15525
vt 0 0
v 0.73000 0.83578 0.67045
vn -0.00000 -0.93408 0.35706
vt 1 0
v 0.72517 0.83590 0.67075
vn -0.00009 -0.93408 0.35707
vt 1 1
f 844/844/844 845/845/845 846/846/846
usemtl green_off
v 0.73000 0.87429 0.65356
vn -0.00001 -0.35154 -0.93617
vt 0 0
v 0.72491 0.87441 0.65387
vn -0.13053 -0.34848 -0.92818
vt 1 0
v 0.72494 0.87544 0.65376
vn -0.11312 0.15897 -0.98078
vt 1 1
f 847/847/847 848/848/848 849/849/849
usemtl green_off
v 0.73000 0.87429 0.65356
vn -0.00001 -0.35154 -0.93617
vt 0 0
v 0.72494 0.87544 0.65376
vn -0.11312 0.15897 -0.98078
vt 1 0
v 0.73000 0.87532 0.65345
vn -0.00002 0.15632 -0.98771
vt 1 1
f 850/850/850 851/851/851 852/852/852
usemtl green_off
v 0.73000 0.87532 0.65345
vn -0.00002 0.15641 -0.98769
vt 0 0
v 0.72494 0.87544 0.65376
vn -0.11309 0.15906 -0.98077
vt 1 0
v 0.72504 0.87638 0.65418
vn -0.06550 0.62975 -0.77403
vt 1 1
f 853/853/853 854/854/854 855/855/855
usemtl green_off
v 0.73000 0.87532 0.65345
vn -0.00002 0.15641 -0.98769
vt 0 0
v 0.72504 0.87638 0.65418
vn -0.06550 0.62975 -0.77403
vt 1 0
v 0.73000 0.87626 0.65387
vn -0.00002 0.62822 -0.77804
vt 1 1
f 856/856/856 857/857/857 858/858/858
usemtl green_off
v 0.73000 0.87626 0.65387
vn 0.00001 0.62826 -0.77800
vt 0 0
v 0.72504 0.87638 0.65418
vn -0.06550 0.62980 -0.77399
vt 1 0
v 0.72517 0.87699 0.65501
vn -0.00008 0.93362 -0.35827
vt 1 1
f 859/859/859 860/860/860 861/861/861
usemtl green_off
v 0.73000 0.87626 0.65387
vn 0.00001 0.62826 -0.77800
vt 0 0
v 0.72517 0.87699 0.65501
vn -0.00008 0.93362 -0.35827
vt 1 0
v 0.73000 0.87687 0.65471
vn -0.00000 0.93362 -0.35827
vt 1 1
f 862/862/862 863/863/863 864/864/864
usemtl green_off
v 0.73000 0.83693 0.66786
vn 0.00004 -0.36377 -0.93149
vt 0 0
v 0.73509 0.83705 0.66818
vn 0.13054 -0.36072 -0.92350
vt 1 0
v 0.73506 0.83621 0.66878
vn 0.11311 -0.77347 -0.62366
vt 1 1
f 865/865/865 866/866/866 867/867/867
usemtl green_off
v 0.73000 0.83693 0.66786
vn 0.00004 -0.36377 -0.93149
vt 0 0
v 0.73506 0.83621 0.66878
vn 0.11311 -0.77347 -0.62366
vt 1 0
v 0.73000 0.83610 0.66847
vn 0.00001 -0.77612 -0.63059
vt 1 1
f 868/868/868 869/869/869 870/870/870
usemtl green_off
v 0.73000 0.83610 0.66847
vn -0.00002 -0.77617 -0.63053
vt 0 0
v 0.73506 0.83621 0.66878
vn 0.11306 -0.77352 -0.62360
vt 1 0
v 0.73496 0.83579 0.66972
vn 0.06547 -0.98569 -0.15534
vt 1 1
f 871/871/871 872/872/872 873/873/873
usemtl green_off
v 0.73000 0.83610 0.66847
vn -0.00002 -0.77617 -0.63053
vt 0 0
v 0.73496 0.83579 0.66972
vn 0.06547 -0.98569 -0.15534
vt 1 0
v 0.73000 0.83567 0.66942
vn -0.00002 -0.98722 -0.15934
vt 1 1
f 874/874/874 875/875/875 876/876/876
usemtl green_off
v 0.73000 0.83567 0.66942
vn -0.00000 -0.98724 -0.15926
vt 0 0
v 0.73496 0.83579 0.66972
vn 0.06551 -0.98570 -0.15525
vt 1 0
v 0.73483 0.83590 0.67075
vn 0.00008 -0.93408 0.35706
vt 1 1
f 877/877/877 878/878/878 879/879/879
usemtl green_off
v 0.73000 0.83567 0.66942
vn -0.00000 -0.98724 -0.15926
vt 0 0
v 0.73483 0.83590 0.67075
vn 0.00008 -0.93408 0.35706
vt 1 0
v 0.73000 0.83578 0.67045
vn 0.00000 -0.93408 0.35706
vt 1 1
f 880/880/880 881/881/881 882/882/882
usemtl green_off
v 0.73509 0.87441 0.65387
vn 0.13052 -0.34848 -0.92818
vt 0 0
v 0.73000 0.87429 0.65356
vn -0.00001 -0.35154 -0.93617
vt 1 0
v 0.73000 0.87532 0.65345
vn -0.00002 0.15632 -0.98771
vt 1 1
f 883/883/883 884/884/884 885/885/885
usemtl green_off
v 0.73509 0.87441 0.65387
vn 0.13052 -0.34848 -0.92818
vt 0 0
v 0.73000 0.87532 0.65345
vn -0.00002 0.15632 -0.98771
vt 1 0
v 0.73506 0.87544 0.65376
vn 0.11309 0.15897 -0.98079
vt 1 1
f 886/886/886 887/887/887 888/888/888
usemtl green_off
v 0.73506 0.87544 0.65376
vn 0.11307 0.15906 -0.98077
vt 0 0
v 0.73000 0.87532 0.65345
vn -0.00000 0.15640 -0.98769
vt 1 0
v 0.73000 0.87626 0.65387
vn 0.00000 0.62821 -0.77804
vt 1 1
f 889/889/889 890/890/890 891/891/891
usemtl green_off
v 0.73506 0.87544 0.65376
vn 0.11307 0.15906 -0.98077
vt 0 0
v 0.73000 0.87626 0.65387
vn 0.00000 0.62821 -0.77804
vt 1 0
v 0.73496 0.87638 0.65418
vn 0.06549 0.62975 -0.77403
vt 1 1
f 892/892/892 893/893/893 894/894/894
usemtl green_off
v 0.73496 0.87638 0.65418
vn 0.06550 0.62981 -0.77398
vt 0 0
v 0.73000 0.87626 0.65387
vn -0.00001 0.62828 -0.77799
vt 1 0
v 0.73000 0.87687 0.65471
vn -0.00001 0.93362 -0.35826
vt 1 1
f 895/895/895 896/896/896 897/897/897
usemtl green_off
v 0.73496 0.87638 0.65418
vn 0.06550 0.62981 -0.77398
vt 0 0
v 0.73000 0.87687 0.65471
vn -0.00001 0.93362 -0.35826
vt 1 0
v 0.73483 0.87699 0.65501
vn 0.00007 0.93362 -0.35825
vt 1 1
f 898/898/898 899/899/899 900/900/900
usemtl green_off
v 0.73509 0.83705 0.66818
vn 0.13054 -0.36072 -0.92350
vt 0 0
v 0.74009 0.83741 0.66911
vn 0.25883 -0.35159 -0.89966
vt 1 0
v 0.74002 0.83657 0.66971
vn 0.22428 -0.76556 -0.60301
vt 1 1
f 901/901/901 902/902/902 903/903/903
usemtl green_off
v 0.73509 0.83705 0.66818
vn 0.13054 -0.36072 -0.92350
vt 0 0
v 0.74002 0.83657 0.66971
vn 0.22428 -0.76556 -0.60301
vt 1 0
v 0.73506 0.83621 0.66878
vn 0.11311 -0.77347 -0.62366
vt 1 1
f 904/904/904 905/905/905 906/906/906
usemtl green_off
v 0.73506 0.83621 0.66878
vn 0.11312 -0.77352 -0.62359
vt 0 0
v 0.74002 0.83657 0.66971
vn 0.22425 -0.76561 -0.60295
vt 1 0
v 0.73983 0.83614 0.67063
vn 0.12991 -0.98111 -0.14336
vt 1 1
f 907/907/907 908/908/908 909/909/909
usemtl green_off
v 0.73506 0.83621 0.66878
vn 0.11312 -0.77352 -0.62359
vt 0 0
v 0.73983 0.83614 0.67063
vn 0.12991 -0.98111 -0.14336
vt 1 0
v 0.73496 0.83579 0.66972
vn 0.06554 -0.98569 -0.15532
vt 1 1
f 910/910/910 911/911/911 912/912/912
usemtl green_off
v 0.73496 0.83579 0.66972
vn 0.06552 -0.98570 -0.15525
vt 0 0
v 0.73983 0.83614 0.67063
vn 0.12990 -0.98112 -0.14328
vt 1 0
v 0.73958 0.83623 0.67163
vn 0.00018 -0.93407 0.35708
vt 1 1
f 913/913/913 914/914/914 915/915/915
usemtl green_off
v 0.73496 0.83579 0.66972
vn 0.06552 -0.98570 -0.15525
vt 0 0
v 0.73958 0.83623 0.67163
vn 0.00018 -0.93407 0.35708
vt 1 0
v 0.73483 0.83590 0.67075
vn 0.00010 -0.93408 0.35707
vt 1 1
f 916/916/916 917/917/917 918/918/918
usemtl green_off
v 0.74009 0.87476 0.65480
vn 0.25882 -0.33936 -0.90435
vt 0 0
v 0.73509 0.87441 0.65387
vn 0.13052 -0.34848 -0.92818
vt 1 0
v 0.73506 0.87544 0.65376
vn 0.11309 0.15897 -0.98079
vt 1 1
f 919/919/919 920/920/920 921/921/921
usemtl green_off
v 0.74009 0.87476 0.65480
vn 0.25882 -0.33936 -0.90435
vt 0 0
v 0.73506 0.87544 0.65376
vn 0.11309 0.15897 -0.98079
vt 1 0
v 0.74002 0.87579 0.65468
vn 0.22425 0.16687 -0.96014
vt 1 1
f 922/922/922 923/923/923 924/924/924
usemtl green_off
v 0.74002 0.87579 0.65468
vn 0.22424 0.16695 -0.96013
vt 0 0
v 0.73506 0.87544 0.65376
vn 0.11311 0.15904 -0.98077
vt 1 0
v 0.73496 0.87638 0.65418
vn 0.06552 0.62973 -0.77404
vt 1 1
f 925/925/925 926/926/926 927/927/927
usemtl green_off
v 0.74002 0.87579 0.65468
vn 0.22424 0.16695 -0.96013
vt 0 0
v 0.73496 0.87638 0.65418
vn 0.06552 0.62973 -0.77404
vt 1 0
v 0.73983 0.87673 0.65508
vn 0.12990 0.63432 -0.76208
vt 1 1
f 928/928/928 929/929/929 930/930/930
usemtl green_off
v 0.73983 0.87673 0.65508
vn 0.12987 0.63440 -0.76201
vt 0 0
v 0.73496 0.87638 0.65418
vn 0.06548 0.62983 -0.77397
vt 1 0
v 0.73483 0.87699 0.65501
vn 0.00007 0.93363 -0.35824
vt 1 1
f 931/931/931 932/932/932 933/933/933
usemtl green_off
v 0.73983 0.87673 0.65508
vn 0.12987 0.63440 -0.76201
vt 0 0
v 0.73483 0.87699 0.65501
vn 0.00007 0.93363 -0.35824
vt 1 0
v 0.73958 0.87732 0.65589
vn 0.00015 0.93363 -0.35823
vt 1 1
f 934/934/934 935/935/935 936/936/936
usemtl green_off
v 0.74009 0.83741 0.66911
vn 0.25883 -0.35159 -0.89966
vt 0 0
v 0.74492 0.83800 0.67064
vn 0.38271 -0.33654 -0.86039
vt 1 0
v 0.74482 0.83715 0.67123
vn 0.33159 -0.75253 -0.56899
vt 1 1
f 937/937/937 938/938/938 939/939/939
usemtl green_off
v 0.74009 0.83741 0.66911
vn 0.25883 -0.35159 -0.89966
vt 0 0
v 0.74482 0.83715 0.67123
vn 0.33159 -0.75253 -0.56899
vt 1 0
v 0.74002 0.83657 0.66971
vn 0.22428 -0.76556 -0.60301
vt 1 1
f 940/940/940 941/941/941 942/942/942
usemtl green_off
v 0.74002 0.83657 0.66971
vn 0.22425 -0.76563 -0.60293
vt 0 0
v 0.74482 0.83715 0.67123
vn 0.33155 -0.75260 -0.56892
vt 1 0
v 0.74454 0.83671 0.67212
vn 0.19205 -0.97357 -0.12364
vt 1 1
f 943/943/943 944/944/944 945/945/945
usemtl green_off
v 0.74002 0.83657 0.66971
vn 0.22425 -0.76563 -0.60293
vt 0 0
v 0.74454 0.83671 0.67212
vn 0.19205 -0.97357 -0.12364
vt 1 0
v 0.73983 0.83614 0.67063
vn 0.12990 -0.98111 -0.14334
vt 1 1
f 946/946/946 947/947/947 948/948/948
usemtl green_off
v 0.73983 0.83614 0.67063
vn 0.12991 -0.98112 -0.14328
vt 0 0
v 0.74454 0.83671 0.67212
vn 0.19207 -0.97357 -0.12358
vt 1 0
v 0.74416 0.83679 0.67308
vn 0.00027 -0.93406 0.35711
vt 1 1
f 949/949/949 950/950/950 951/951/951
usemtl green_off
v 0.73983 0.83614 0.67063
vn 0.12991 -0.98112 -0.14328
vt 0 0
v 0.74416 0.83679 0.67308
vn 0.00027 -0.93406 0.35711
vt 1 0
v 0.73958 0.83623 0.67163
vn 0.00020 -0.93407 0.35709
vt 1 1
f 952/952/952 953/953/953 954/954/954
usemtl green_off
v 0.74492 0.87535 0.65633
vn 0.38267 -0.32431 -0.86509
vt 0 0
v 0.74009 0.87476 0.65480
vn 0.25882 -0.33936 -0.90435
vt 1 0
v 0.74002 0.87579 0.65468
vn 0.22425 0.16687 -0.96014
vt 1 1
f 955/955/955 956/956/956 957/957/957
usemtl green_off
v 0.74492 0.87535 0.65633
vn 0.38267 -0.32431 -0.86509
vt 0 0
v 0.74002 0.87579 0.65468
vn 0.22425 0.16687 -0.96014
vt 1 0
v 0.74482 0.87637 0.65620
vn 0.33157 0.17990 -0.92612
vt 1 1
f 958/958/958 959/959/959 960/960/960
usemtl green_off
v 0.74482 0.87637 0.65620
vn 0.33151 0.17998 -0.92612
vt 0 0
v 0.74002 0.87579 0.65468
vn 0.22421 0.16695 -0.96013
vt 1 0
v 0.73983 0.87673 0.65508
vn 0.12987 0.63432 -0.76209
vt 1 1
f 961/961/961 962/962/962 963/963/963
usemtl green_off
v 0.74482 0.87637 0.65620
vn 0.33151 0.17998 -0.92612
vt 0 0
v 0.73983 0.87673 0.65508
vn 0.12987 0.63432 -0.76209
vt 1 0
v 0.74454 0.87730 0.65658
vn 0.19202 0.64186 -0.74239
vt 1 1
f 964/964/964 965/965/965 966/966/966
usemtl green_off
v 0.74454 0.87730 0.65658
vn 0.19206 0.64196 -0.74229
vt 0 0
v 0.73983 0.87673 0.65508
vn 0.12990 0.63442 -0.76200
vt 1 0
v 0.73958 0.87732 0.65589
vn 0.00019 0.93364 -0.35821
vt 1 1
f 967/967/967 968/968/968 969/969/969
usemtl green_off
v 0.74454 0.87730 0.65658
vn 0.19206 0.64196 -0.74229
vt 0 0
v 0.73958 0.87732 0.65589
vn 0.00019 0.93364 -0.35821
vt 1 0
v 0.74416 0.87788 0.65734
vn 0.00026 0.93365 -0.35818
vt 1 1
f 970/970/970 971/971/971 972/972/972
usemtl green_off
v 0.74492 0.83800 0.67064
vn 0.38271 -0.33654 -0.86039
vt 0 0
v 0.74950 0.83880 0.67274
vn 0.50000 -0.31586 -0.80637
vt 1 0
v 0.74937 0.83795 0.67332
vn 0.43323 -0.73461 -0.52217
vt 1 1
f 973/973/973 974/974/974 975/975/975
usemtl green_off
v 0.74492 0.83800 0.67064
vn 0.38271 -0.33654 -0.86039
vt 0 0
v 0.74937 0.83795 0.67332
vn 0.43323 -0.73461 -0.52217
vt 1 0
v 0.74482 0.83715 0.67123
vn 0.33159 -0.75253 -0.56899
vt 1 1
f 976/976/976 977/977/977 978/978/978
usemtl green_off
v 0.74482 0.83715 0.67123
vn 0.33155 -0.75259 -0.56893
vt 0 0
v 0.74937 0.83795 0.67332
vn 0.43318 -0.73467 -0.52212
vt 1 0
v 0.74900 0.83750 0.67417
vn 0.25092 -0.96318 -0.09655
vt 1 1
f 979/979/979 980/980/980 981/981/981
usemtl green_off
v 0.74482 0.83715 0.67123
vn 0.33155 -0.75259 -0.56893
vt 0 0
v 0.74900 0.83750 0.67417
vn 0.25092 -0.96318 -0.09655
vt 1 0
v 0.74454 0.83671 0.67212
vn 0.19205 -0.97356 -0.12365
vt 1 1
f 982/982/982 983/983/983 984/984/984
usemtl green_off
v 0.74454 0.83671 0.67212
vn 0.19203 -0.97358 -0.12354
vt 0 0
v 0.74900 0.83750 0.67417
vn 0.25091 -0.96319 -0.09643
vt 1 0
v 0.74850 0.83756 0.67508
vn 0.00031 -0.93404 0.35718
vt 1 1
f 985/985/985 986/986/986 987/987/987
usemtl green_off
v 0.74454 0.83671 0.67212
vn 0.19203 -0.97358 -0.12354
vt 0 0
v 0.74850 0.83756 0.67508
vn 0.00031 -0.93404 0.35718
vt 1 0
v 0.74416 0.83679 0.67308
vn 0.00025 -0.93405 0.35715
vt 1 1
f 988/988/988 989/989/989 990/990/990
usemtl green_off
v 0.74950 0.87616 0.65844
vn 0.49998 -0.30362 -0.81107
vt 0 0
v 0.74492 0.87535 0.65633
vn 0.38267 -0.32431 -0.86509
vt 1 0
v 0.74482 0.87637 0.65620
vn 0.33157 0.17990 -0.92612
vt 1 1
f 991/991/991 992/992/992 993/993/993
usemtl green_off
v 0.74950 0.87616 0.65844
vn 0.49998 -0.30362 -0.81107
vt 0 0
v 0.74482 0.87637 0.65620
vn 0.33157 0.17990 -0.92612
vt 1 0
v 0.74937 0.87717 0.65830
vn 0.43322 0.19784 -0.87931
vt 1 1
f 994/994/994 995/995/995 996/996/996
usemtl green_off
v 0.74937 0.87717 0.65830
vn 0.43323 0.19792 -0.87929
vt 0 0
v 0.74482 0.87637 0.65620
vn 0.33160 0.18000 -0.92609
vt 1 0
v 0.74454 0.87730 0.65658
vn 0.19210 0.64188 -0.74235
vt 1 1
f 997/997/997 998/998/998 999/999/999
usemtl green_off
v 0.74937 0.87717 0.65830
vn 0.43323 0.19792 -0.87929
vt 0 0
v 0.74454 0.87730 0.65658
vn 0.19210 0.64188 -0.74235
vt 1 0
v 0.74900 0.87808 0.65863
vn 0.25096 0.65227 -0.71524
vt 1 1
f 1000/1000/1000 1001/1001/1001 1002/1002/1002
usemtl green_off
v 0.74900 0.87808 0.65863
vn 0.25088 0.65235 -0.71519
vt 0 0
v 0.74454 0.87730 0.65658
vn 0.19200 0.64196 -0.74231
vt 1 0
v 0.74416 0.87788 0.65734
vn 0.00021 0.93365 -0.35819
vt 1 1
f 1003/1003/1003 1004/1004/1004 1005/1005/1005
usemtl green_off
v 0.74900 0.87808 0.65863
vn 0.25088 0.65235 -0.71519
vt 0 0
v 0.74416 0.87788 0.65734
vn 0.00021 0.93365 -0.35819
vt 1 0
v 0.74850 0.87865 0.65934
vn 0.00028 0.93366 -0.35816
vt 1 1
f 1006/1006/1006 1007/1007/1007 1008/1008/1008
usemtl green_off
v 0.74950 0.83880 0.67274
vn 0.50000 -0.31586 -0.80637
vt 0 0
v 0.75374 0.83982 0.67539
vn 0.60876 -0.28986 -0.73851
vt 1 0
v 0.75358 0.83896 0.67595
vn 0.52749 -0.71207 -0.46337
vt 1 1
f 1009/1009/1009 1010/1010/1010 1011/1011/1011
usemtl green_off
v 0.74950 0.83880 0.67274
vn 0.50000 -0.31586 -0.80637
vt 0 0
v 0.75358 0.83896 0.67595
vn 0.52749 -0.71207 -0.46337
vt 1 0
v 0.74937 0.83795 0.67332
vn 0.43323 -0.73461 -0.52217
vt 1 1
f 1012/1012/1012 1013/1013/1013 1014/1014/1014
usemtl green_off
v 0.74937 0.83795 0.67332
vn 0.43322 -0.73466 -0.52210
vt 0 0
v 0.75358 0.83896 0.67595
vn 0.52744 -0.71215 -0.46331
vt 1 0
v 0.75313 0.83848 0.67675
vn 0.30552 -0.95013 -0.06247
vt 1 1
f 1015/1015/1015 1016/1016/1016 1017/1017/1017
usemtl green_off
v 0.74937 0.83795 0.67332
vn 0.43322 -0.73466 -0.52210
vt 0 0
v 0.75313 0.83848 0.67675
vn 0.30552 -0.95013 -0.06247
vt 1 0
v 0.74900 0.83750 0.67417
vn 0.25096 -0.96317 -0.09652
vt 1 1
f 1018/1018/1018 1019/1019/1019 1020/1020/1020
usemtl green_off
v 0.74900 0.83750 0.67417
vn 0.25091 -0.96319 -0.09646
vt 0 0
v 0.75313 0.83848 0.67675
vn 0.30549 -0.95015 -0.06240
vt 1 0
v 0.75252 0.83852 0.67759
vn 0.00039 -0.93403 0.35720
vt 1 1
f 1021/1021/1021 1022/1022/1022 1023/1023/1023
usemtl green_off
v 0.74900 0.83750 0.67417
vn 0.25091 -0.96319 -0.09646
vt 0 0
v 0.75252 0.83852 0.67759
vn 0.00039 -0.93403 0.35720
vt 1 0
v 0.74850 0.83756 0.67508
vn 0.00032 -0.93404 0.35716
vt 1 1
f 1024/1024/1024 1025/1025/1025 1026/1026/1026
usemtl green_off
v 0.75374 0.87717 0.66108
vn 0.60874 -0.27763 -0.74321
vt 0 0
v 0.74950 0.87616 0.65844
vn 0.49998 -0.30362 -0.81107
vt 1 0
v 0.74937 0.87717 0.65830
vn 0.43322 0.19784 -0.87931
vt 1 1
f 1027/1027/1027 1028/1028/1028 1029/1029/1029
usemtl green_off
v 0.75374 0.87717 0.66108
vn 0.60874 -0.27763 -0.74321
vt 0 0
v 0.74937 0.87717 0.65830
vn 0.43322 0.19784 -0.87931
vt 1 0
v 0.75358 0.87818 0.66093
vn 0.52746 0.22037 -0.82051
vt 1 1
f 1030/1030/1030 1031/1031/1031 1032/1032/1032
usemtl green_off
v 0.75358 0.87818 0.66093
vn 0.52746 0.22042 -0.82048
vt 0 0
v 0.74937 0.87717 0.65830
vn 0.43324 0.19791 -0.87928
vt 1 0
v 0.74900 0.87808 0.65863
vn 0.25099 0.65225 -0.71524
vt 1 1
f 1033/1033/1033 1034/1034/1034 1035/1035/1035
usemtl green_off
v 0.75358 0.87818 0.66093
vn 0.52746 0.22042 -0.82048
vt 0 0
v 0.74900 0.87808 0.65863
vn 0.25099 0.65225 -0.71524
vt 1 0
v 0.75313 0.87907 0.66121
vn 0.30555 0.66530 -0.68119
vt 1 1
f 1036/1036/1036 1037/1037/1037 1038/1038/1038
usemtl green_off
v 0.75313 0.87907 0.66121
vn 0.30548 0.66536 -0.68115
vt 0 0
v 0.74900 0.87808 0.65863
vn 0.25090 0.65232 -0.71521
vt 1 0
v 0.74850 0.87865 0.65934
vn 0.00034 0.93364 -0.35822
vt 1 1
f 1039/1039/1039 1040/1040/1040 1041/1041/1041
usemtl green_off
v 0.75313 0.87907 0.66121
vn 0.30548 0.66536 -0.68115
vt 0 0
v 0.74850 0.87865 0.65934
vn 0.00034 0.93364 -0.35822
vt 1 0
v 0.75252 0.87961 0.66185
vn 0.00041 0.93365 -0.35818
vt 1 1
f 1042/1042/1042 1043/1043/1043 1044/1044/1044
usemtl green_off
v 0.75374 0.83982 0.67539
vn 0.60876 -0.28986 -0.73851
vt 0 0
v 0.75758 0.84102 0.67853
vn 0.70711 -0.25901 -0.65795
vt 1 0
v 0.75739 0.84015 0.67907
vn 0.61268 -0.68535 -0.39359
vt 1 1
f 1045/1045/1045 1046/1046/1046 1047/1047/1047
usemtl green_off
v 0.75374 0.83982 0.67539
vn 0.60876 -0.28986 -0.73851
vt 0 0
v 0.75739 0.84015 0.67907
vn 0.61268 -0.68535 -0.39359
vt 1 0
v 0.75358 0.83896 0.67595
vn 0.52749 -0.71207 -0.46337
vt 1 1
f 1048/1048/1048 1049/1049/1049 1050/1050/1050
usemtl green_off
v 0.75358 0.83896 0.67595
vn 0.52740 -0.71215 -0.46334
vt 0 0
v 0.75739 0.84015 0.67907
vn 0.61259 -0.68545 -0.39356
vt 1 0
v 0.75687 0.83966 0.67981
vn 0.35483 -0.93467 -0.02209
vt 1 1
f 1051/1051/1051 1052/1052/1052 1053/1053/1053
usemtl green_off
v 0.75358 0.83896 0.67595
vn 0.52740 -0.71215 -0.46334
vt 0 0
v 0.75687 0.83966 0.67981
vn 0.35483 -0.93467 -0.02209
vt 1 0
v 0.75313 0.83848 0.67675
vn 0.30548 -0.95015 -0.06249
vt 1 1
f 1054/1054/1054 1055/1055/1055 1056/1056/1056
usemtl green_off
v 0.75313 0.83848 0.67675
vn 0.30553 -0.95013 -0.06242
vt 0 0
v 0.75687 0.83966 0.67981
vn 0.35490 -0.93465 -0.02200
vt 1 0
v 0.75616 0.83966 0.68057
vn 0.00050 -0.93401 0.35724
vt 1 1
f 1057/1057/1057 1058/1058/1058 1059/1059/1059
usemtl green_off
v 0.75313 0.83848 0.67675
vn 0.30553 -0.95013 -0.06242
vt 0 0
v 0.75616 0.83966 0.68057
vn 0.00050 -0.93401 0.35724
vt 1 0
v 0.75252 0.83852 0.67759
vn 0.00045 -0.93403 0.35719
vt 1 1
f 1060/1060/1060 1061/1061/1061 1062/1062/1062
usemtl green_off
v 0.75758 0.87837 0.66423
vn 0.70708 -0.24678 -0.66268
vt 0 0
v 0.75374 0.87717 0.66108
vn 0.60874 -0.27763 -0.74321
vt 1 0
v 0.75358 0.87818 0.66093
vn 0.52746 0.22037 -0.82051
vt 1 1
f 1063/1063/1063 1064/1064/1064 1065/1065/1065
usemtl green_off
v 0.75758 0.87837 0.66423
vn 0.70708 -0.24678 -0.66268
vt 0 0
v 0.75358 0.87818 0.66093
vn 0.52746 0.22037 -0.82051
vt 1 0
v 0.75739 0.87938 0.66404
vn 0.61265 0.24710 -0.75074
vt 1 1
f 1066/1066/1066 1067/1067/1067 1068/1068/1068
usemtl green_off
v 0.75739 0.87938 0.66404
vn 0.61267 0.24714 -0.75070
vt 0 0
v 0.75358 0.87818 0.66093
vn 0.52748 0.22042 -0.82048
vt 1 0
v 0.75313 0.87907 0.66121
vn 0.30557 0.66529 -0.68119
vt 1 1
f 1069/1069/1069 1070/1070/1070 1071/1071/1071
usemtl green_off
v 0.75739 0.87938 0.66404
vn 0.61267 0.24714 -0.75070
vt 0 0
v 0.75313 0.87907 0.66121
vn 0.30557 0.66529 -0.68119
vt 1 0
v 0.75687 0.88024 0.66427
vn 0.35491 0.68077 -0.64077
vt 1 1
f 1072/1072/1072 1073/1073/1073 1074/1074/1074
usemtl green_off
v 0.75687 0.88024 0.66427
vn 0.35480 0.68087 -0.64073
vt 0 0
v 0.75313 0.87907 0.66121
vn 0.30544 0.66539 -0.68115
vt 1 0
v 0.75252 0.87961 0.66185
vn 0.00035 0.93368 -0.35812
vt 1 1
f 1075/1075/1075 1076/1076/1076 1077/1077/1077
usemtl green_off
v 0.75687 0.88024 0.66427
vn 0.35480 0.68087 -0.64073
vt 0 0
v 0.75252 0.87961 0.66185
vn 0.00035 0.93368 -0.35812
vt 1 0
v 0.75616 0.88075 0.66483
vn 0.00041 0.93369 -0.35808
vt 1 1
f 1078/1078/1078 1079/1079/1079 1080/1080/1080
usemtl green_off
v 0.75758 0.84102 0.67853
vn 0.70711 -0.25901 -0.65795
vt 0 0
v 0.76094 0.84239 0.68211
vn 0.79333 -0.22385 -0.56614
vt 1 0
v 0.76073 0.84152 0.68262
vn 0.68740 -0.65488 -0.31403
vt 1 1
f 1081/1081/1081 1082/1082/1082 1083/1083/1083
usemtl green_off
v 0.75758 0.84102 0.67853
vn 0.70711 -0.25901 -0.65795
vt 0 0
v 0.76073 0.84152 0.68262
vn 0.68740 -0.65488 -0.31403
vt 1 0
v 0.75739 0.84015 0.67907
vn 0.61268 -0.68535 -0.39359
vt 1 1
f 1084/1084/1084 1085/1085/1085 1086/1086/1086
usemtl green_off
v 0.75739 0.84015 0.67907
vn 0.61269 -0.68537 -0.39355
vt 0 0
v 0.76073 0.84152 0.68262
vn 0.68740 -0.65489 -0.31399
vt 1 0
v 0.76015 0.84099 0.68330
vn 0.39821 -0.91698 0.02400
vt 1 1
f 1087/1087/1087 1088/1088/1088 1089/1089/1089
usemtl green_off
v 0.75739 0.84015 0.67907
vn 0.61269 -0.68537 -0.39355
vt 0 0
v 0.76015 0.84099 0.68330
vn 0.39821 -0.91698 0.02400
vt 1 0
v 0.75687 0.83966 0.67981
vn 0.35494 -0.93463 -0.02207
vt 1 1
f 1090/1090/1090 1091/1091/1091 1092/1092/1092
usemtl green_off
v 0.75687 0.83966 0.67981
vn 0.35484 -0.93467 -0.02198
vt 0 0
v 0.76015 0.84099 0.68330
vn 0.39813 -0.91701 0.02411
vt 1 0
v 0.75935 0.84096 0.68397
vn 0.00051 -0.93398 0.35732
vt 1 1
f 1093/1093/1093 1094/1094/1094 1095/1095/1095
usemtl green_off
v 0.75687 0.83966 0.67981
vn 0.35484 -0.93467 -0.02198
vt 0 0
v 0.75935 0.84096 0.68397
vn 0.00051 -0.93398 0.35732
vt 1 0
v 0.75616 0.83966 0.68057
vn 0.00046 -0.93400 0.35726
vt 1 1
f 1096/1096/1096 1097/1097/1097 1098/1098/1098
usemtl green_off
v 0.76094 0.87975 0.66781
vn 0.79333 -0.21161 -0.57083
vt 0 0
v 0.75758 0.87837 0.66423
vn 0.70708 -0.24678 -0.66268
vt 1 0
v 0.75739 0.87938 0.66404
vn 0.61265 0.24710 -0.75074
vt 1 1
f 1099/1099/1099 1100/1100/1100 1101/1101/1101
usemtl green_off
v 0.76094 0.87975 0.66781
vn 0.79333 -0.21161 -0.57083
vt 0 0
v 0.75739 0.87938 0.66404
vn 0.61265 0.24710 -0.75074
vt 1 0
v 0.76073 0.88074 0.66760
vn 0.68740 0.27756 -0.67115
vt 1 1
f 1102/1102/1102 1103/1103/1103 1104/1104/1104
usemtl green_off
v 0.76073 0.88074 0.66760
vn 0.68738 0.27763 -0.67114
vt 0 0
v 0.75739 0.87938 0.66404
vn 0.61266 0.24717 -0.75070
vt 1 0
v 0.75687 0.88024 0.66427
vn 0.35490 0.68079 -0.64076
vt 1 1
f 1105/1105/1105 1106/1106/1106 1107/1107/1107
usemtl green_off
v 0.76073 0.88074 0.66760
vn 0.68738 0.27763 -0.67114
vt 0 0
v 0.75687 0.88024 0.66427
vn 0.35490 0.68079 -0.64076
vt 1 0
v 0.76015 0.88158 0.66776
vn 0.39817 0.69844 -0.59468
vt 1 1
f 1108/1108/1108 1109/1109/1109 1110/1110/1110
usemtl green_off
v 0.76015 0.88158 0.66776
vn 0.39807 0.69852 -0.59465
vt 0 0
v 0.75687 0.88024 0.66427
vn 0.35479 0.68086 -0.64074
vt 1 0
v 0.75616 0.88075 0.66483
vn 0.00040 0.93369 -0.35808
vt 1 1
f 1111/1111/1111 1112/1112/1112 1113/1113/1113
usemtl green_off
v 0.76015 0.88158 0.66776
vn 0.39807 0.69852 -0.59465
vt 0 0
v 0.75616 0.88075 0.66483
vn 0.00040 0.93369 -0.35808
vt 1 0
v 0.75935 0.88205 0.66823
vn 0.00045 0.93371 -0.35802
vt 1 1
f 1114/1114/1114 1115/1115/1115 1116/1116/1116
usemtl green_off
v 0.76094 0.84239 0.68211
vn 0.79333 -0.22385 -0.56614
vt 0 0
v 0.76377 0.84391 0.68607
vn 0.86601 -0.18494 -0.46457
vt 1 0
v 0.76354 0.84302 0.68656
vn 0.75039 -0.62116 -0.22601
vt 1 1
f 1117/1117/1117 1118/1118/1118 1119/1119/1119
usemtl green_off
v 0.76094 0.84239 0.68211
vn 0.79333 -0.22385 -0.56614
vt 0 0
v 0.76354 0.84302 0.68656
vn 0.75039 -0.62116 -0.22601
vt 1 0
v 0.76073 0.84152 0.68262
vn 0.68740 -0.65488 -0.31403
vt 1 1
f 1120/1120/1120 1121/1121/1121 1122/1122/1122
usemtl green_off
v 0.76073 0.84152 0.68262
vn 0.68735 -0.65496 -0.31397
vt 0 0
v 0.76354 0.84302 0.68656
vn 0.75030 -0.62127 -0.22598
vt 1 0
v 0.76291 0.84247 0.68716
vn 0.43461 -0.89749 0.07499
vt 1 1
f 1123/1123/1123 1124/1124/1124 1125/1125/1125
usemtl green_off
v 0.76073 0.84152 0.68262
vn 0.68735 -0.65496 -0.31397
vt 0 0
v 0.76291 0.84247 0.68716
vn 0.43461 -0.89749 0.07499
vt 1 0
v 0.76015 0.84099 0.68330
vn 0.39814 -0.91701 0.02404
vt 1 1
f 1126/1126/1126 1127/1127/1127 1128/1128/1128
usemtl green_off
v 0.76015 0.84099 0.68330
vn 0.39814 -0.91701 0.02411
vt 0 0
v 0.76291 0.84247 0.68716
vn 0.43461 -0.89748 0.07508
vt 1 0
v 0.76204 0.84240 0.68773
vn 0.00058 -0.93396 0.35739
vt 1 1
f 1129/1129/1129 1130/1130/1130 1131/1131/1131
usemtl green_off
v 0.76015 0.84099 0.68330
vn 0.39814 -0.91701 0.02411
vt 0 0
v 0.76204 0.84240 0.68773
vn 0.00058 -0.93396 0.35739
vt 1 0
v 0.75935 0.84096 0.68397
vn 0.00053 -0.93398 0.35732
vt 1 1
f 1132/1132/1132 1133/1133/1133 1134/1134/1134
usemtl green_off
v 0.76377 0.88126 0.67177
vn 0.86600 -0.17272 -0.46926
vt 0 0
v 0.76094 0.87975 0.66781
vn 0.79333 -0.21161 -0.57083
vt 1 0
v 0.76073 0.88074 0.66760
vn 0.68740 0.27756 -0.67115
vt 1 1
f 1135/1135/1135 1136/1136/1136 1137/1137/1137
usemtl green_off
v 0.76377 0.88126 0.67177
vn 0.86600 -0.17272 -0.46926
vt 0 0
v 0.76073 0.88074 0.66760
vn 0.68740 0.27756 -0.67115
vt 1 0
v 0.76354 0.88224 0.67154
vn 0.75038 0.31125 -0.58314
vt 1 1
f 1138/1138/1138 1139/1139/1139 1140/1140/1140
usemtl green_off
v 0.76354 0.88224 0.67154
vn 0.75032 0.31135 -0.58316
vt 0 0
v 0.76073 0.88074 0.66760
vn 0.68737 0.27765 -0.67114
vt 1 0
v 0.76015 0.88158 0.66776
vn 0.39817 0.69845 -0.59467
vt 1 1
f 1141/1141/1141 1142/1142/1142 1143/1143/1143
usemtl green_off
v 0.76354 0.88224 0.67154
vn 0.75032 0.31135 -0.58316
vt 0 0
v 0.76015 0.88158 0.66776
vn 0.39817 0.69845 -0.59467
vt 1 0
v 0.76291 0.88306 0.67162
vn 0.43463 0.71797 -0.54371
vt 1 1
f 1144/1144/1144 1145/1145/1145 1146/1146/1146
usemtl green_off
v 0.76291 0.88306 0.67162
vn 0.43456 0.71802 -0.54369
vt 0 0
v 0.76015 0.88158 0.66776
vn 0.39809 0.69850 -0.59466
vt 1 0
v 0.75935 0.88205 0.66823
vn 0.00048 0.93371 -0.35803
vt 1 1
f 1147/1147/1147 1148/1148/1148 1149/1149/1149
usemtl green_off
v 0.76291 0.88306 0.67162
vn 0.43456 0.71802 -0.54369
vt 0 0
v 0.75935 0.88205 0.66823
vn 0.00048 0.93371 -0.35803
vt 1 0
v 0.76204 0.88349 0.67199
vn 0.00053 0.93373 -0.35797
vt 1 1
f 1150/1150/1150 1151/1151/1151 1152/1152/1152
usemtl green_off
v 0.76377 0.84391 0.68607
vn 0.86601 -0.18494 -0.46457
vt 0 0
v 0.76603 0.84554 0.69035
vn 0.92386 -0.14298 -0.35501
vt 1 0
v 0.76578 0.84465 0.69080
vn 0.80052 -0.58480 -0.13107
vt 1 1
f 1153/1153/1153 1154/1154/1154 1155/1155/1155
usemtl green_off
v 0.76377 0.84391 0.68607
vn 0.86601 -0.18494 -0.46457
vt 0 0
v 0.76578 0.84465 0.69080
vn 0.80052 -0.58480 -0.13107
vt 1 0
v 0.76354 0.84302 0.68656
vn 0.75039 -0.62116 -0.22601
vt 1 1
f 1156/1156/1156 1157/1157/1157 1158/1158/1158
usemtl green_off
v 0.76354 0.84302 0.68656
vn 0.75035 -0.62123 -0.22595
vt 0 0
v 0.76578 0.84465 0.69080
vn 0.80046 -0.58488 -0.13104
vt 1 0
v 0.76511 0.84406 0.69132
vn 0.46368 -0.87641 0.13000
vt 1 1
f 1159/1159/1159 1160/1160/1160 1161/1161/1161
usemtl green_off
v 0.76354 0.84302 0.68656
vn 0.75035 -0.62123 -0.22595
vt 0 0
v 0.76511 0.84406 0.69132
vn 0.46368 -0.87641 0.13000
vt 1 0
v 0.76291 0.84247 0.68716
vn 0.43465 -0.89747 0.07503
vt 1 1
f 1162/1162/1162 1163/1163/1163 1164/1164/1164
usemtl green_off
v 0.76291 0.84247 0.68716
vn 0.43460 -0.89749 0.07502
vt 0 0
v 0.76511 0.84406 0.69132
vn 0.46363 -0.87644 0.13001
vt 1 0
v 0.76418 0.84395 0.69178
vn 0.00061 -0.93395 0.35741
vt 1 1
f 1165/1165/1165 1166/1166/1166 1167/1167/1167
usemtl green_off
v 0.76291 0.84247 0.68716
vn 0.43460 -0.89749 0.07502
vt 0 0
v 0.76418 0.84395 0.69178
vn 0.00061 -0.93395 0.35741
vt 1 0
v 0.76204 0.84240 0.68773
vn 0.00057 -0.93397 0.35734
vt 1 1
f 1168/1168/1168 1169/1169/1169 1170/1170/1170
usemtl green_off
v 0.76603 0.88290 0.67604
vn 0.92386 -0.13076 -0.35971
vt 0 0
v 0.76377 0.88126 0.67177
vn 0.86600 -0.17272 -0.46926
vt 1 0
v 0.76354 0.88224 0.67154
vn 0.75038 0.31125 -0.58314
vt 1 1
f 1171/1171/1171 1172/1172/1172 1173/1173/1173
usemtl green_off
v 0.76603 0.88290 0.67604
vn 0.92386 -0.13076 -0.35971
vt 0 0
v 0.76354 0.88224 0.67154
vn 0.75038 0.31125 -0.58314
vt 1 0
v 0.76578 0.88387 0.67578
vn 0.80051 0.34761 -0.48822
vt 1 1
f 1174/1174/1174 1175/1175/1175 1176/1176/1176
usemtl green_off
v 0.76578 0.88387 0.67578
vn 0.80048 0.34767 -0.48822
vt 0 0
v 0.76354 0.88224 0.67154
vn 0.75036 0.31132 -0.58313
vt 1 0
v 0.76291 0.88306 0.67162
vn 0.43468 0.71795 -0.54369
vt 1 1
f 1177/1177/1177 1178/1178/1178 1179/1179/1179
usemtl green_off
v 0.76578 0.88387 0.67578
vn 0.80048 0.34767 -0.48822
vt 0 0
v 0.76291 0.88306 0.67162
vn 0.43468 0.71795 -0.54369
vt 1 0
v 0.76511 0.88465 0.67578
vn 0.46371 0.73900 -0.48873
vt 1 1
f 1180/1180/1180 1181/1181/1181 1182/1182/1182
usemtl green_off
v 0.76511 0.88465 0.67578
vn 0.46355 0.73913 -0.48869
vt 0 0
v 0.76291 0.88306 0.67162
vn 0.43451 0.71807 -0.54367
vt 1 0
v 0.76204 0.88349 0.67199
vn 0.00047 0.93375 -0.35793
vt 1 1
f 1183/1183/1183 1184/1184/1184 1185/1185/1185
usemtl green_off
v 0.76511 0.88465 0.67578
vn 0.46355 0.73913 -0.48869
vt 0 0
v 0.76204 0.88349 0.67199
vn 0.00047 0.93375 -0.35793
vt 1 0
v 0.76418 0.88504 0.67604
vn 0.00050 0.93377 -0.35787
vt 1 1
f 1186/1186/1186 1187/1187/1187 1188/1188/1188
usemtl green_off
v 0.76603 0.84554 0.69035
vn 0.92386 -0.14298 -0.35501
vt 0 0
v 0.76767 0.84727 0.69486
vn 0.96591 -0.09868 -0.23935
vt 1 0
v 0.76741 0.84636 0.69528
vn 0.83694 -0.54642 -0.03086
vt 1 1
f 1189/1189/1189 1190/1190/1190 1191/1191/1191
usemtl green_off
v 0.76603 0.84554 0.69035
vn 0.92386 -0.14298 -0.35501
vt 0 0
v 0.76741 0.84636 0.69528
vn 0.83694 -0.54642 -0.03086
vt 1 0
v 0.76578 0.84465 0.69080
vn 0.80052 -0.58480 -0.13107
vt 1 1
f 1192/1192/1192 1193/1193/1193 1194/1194/1194
usemtl green_off
v 0.76578 0.84465 0.69080
vn 0.80047 -0.58487 -0.13103
vt 0 0
v 0.76741 0.84636 0.69528
vn 0.83690 -0.54649 -0.03083
vt 1 0
v 0.76670 0.84575 0.69572
vn 0.48479 -0.85418 0.18804
vt 1 1
f 1195/1195/1195 1196/1196/1196 1197/1197/1197
usemtl green_off
v 0.76578 0.84465 0.69080
vn 0.80047 -0.58487 -0.13103
vt 0 0
v 0.76670 0.84575 0.69572
vn 0.48479 -0.85418 0.18804
vt 1 0
v 0.76511 0.84406 0.69132
vn 0.46369 -0.87641 0.13001
vt 1 1
f 1198/1198/1198 1199/1199/1199 1200/1200/1200
usemtl green_off
v 0.76511 0.84406 0.69132
vn 0.46361 -0.87644 0.13006
vt 0 0
v 0.76670 0.84575 0.69572
vn 0.48471 -0.85421 0.18811
vt 1 0
v 0.76574 0.84559 0.69606
vn 0.00060 -0.93390 0.35753
vt 1 1
f 1201/1201/1201 1202/1202/1202 1203/1203/1203
usemtl green_off
v 0.76511 0.84406 0.69132
vn 0.46361 -0.87644 0.13006
vt 0 0
v 0.76574 0.84559 0.69606
vn 0.00060 -0.93390 0.35753
vt 1 0
v 0.76418 0.84395 0.69178
vn 0.00058 -0.93393 0.35746
vt 1 1
f 1204/1204/1204 1205/1205/1205 1206/1206/1206
usemtl green_off
v 0.76767 0.88463 0.68055
vn 0.96590 -0.08645 -0.24404
vt 0 0
v 0.76603 0.88290 0.67604
vn 0.92386 -0.13076 -0.35971
vt 1 0
v 0.76578 0.88387 0.67578
vn 0.80051 0.34761 -0.48822
vt 1 1
f 1207/1207/1207 1208/1208/1208 1209/1209/1209
usemtl green_off
v 0.76767 0.88463 0.68055
vn 0.96590 -0.08645 -0.24404
vt 0 0
v 0.76578 0.88387 0.67578
vn 0.80051 0.34761 -0.48822
vt 1 0
v 0.76741 0.88559 0.68026
vn 0.83693 0.38601 -0.38800
vt 1 1
f 1210/1210/1210 1211/1211/1211 1212/1212/1212
usemtl green_off
v 0.76741 0.88559 0.68026
vn 0.83691 0.38609 -0.38797
vt 0 0
v 0.76578 0.88387 0.67578
vn 0.80048 0.34772 -0.48818
vt 1 0
v 0.76511 0.88465 0.67578
vn 0.46371 0.73904 -0.48867
vt 1 1
f 1213/1213/1213 1214/1214/1214 1215/1215/1215
usemtl green_off
v 0.76741 0.88559 0.68026
vn 0.83691 0.38609 -0.38797
vt 0 0
v 0.76511 0.88465 0.67578
vn 0.46371 0.73904 -0.48867
vt 1 0
v 0.76670 0.88634 0.68017
vn 0.48480 0.76126 -0.43064
vt 1 1
f 1216/1216/1216 1217/1217/1217 1218/1218/1218
usemtl green_off
v 0.76670 0.88634 0.68017
vn 0.48479 0.76126 -0.43066
vt 0 0
v 0.76511 0.88465 0.67578
vn 0.46369 0.73902 -0.48871
vt 1 0
v 0.76418 0.88504 0.67604
vn 0.00068 0.93375 -0.35792
vt 1 1
f 1219/1219/1219 1220/1220/1220 1221/1221/1221
usemtl green_off
v 0.76670 0.88634 0.68017
vn 0.48479 0.76126 -0.43066
vt 0 0
v 0.76418 0.88504 0.67604
vn 0.00068 0.93375 -0.35792
vt 1 0
v 0.76574 0.88668 0.68032
vn 0.00070 0.93378 -0.35785
vt 1 1
f 1222/1222/1222 1223/1223/1223 1224/1224/1224
usemtl green_off
v 0.76767 0.84727 0.69486
vn 0.96591 -0.09868 -0.23935
vt 0 0
v 0.76867 0.84906 0.69953
vn 0.99143 -0.05279 -0.11953
vt 1 0
v 0.76840 0.84814 0.69992
vn 0.85906 -0.50666 0.07296
vt 1 1
f 1225/1225/1225 1226/1226/1226 1227/1227/1227
usemtl green_off
v 0.76767 0.84727 0.69486
vn 0.96591 -0.09868 -0.23935
vt 0 0
v 0.76840 0.84814 0.69992
vn 0.85906 -0.50666 0.07296
vt 1 0
v 0.76741 0.84636 0.69528
vn 0.83694 -0.54642 -0.03086
vt 1 1
f 1228/1228/1228 1229/1229/1229 1230/1230/1230
usemtl green_off
v 0.76741 0.84636 0.69528
vn 0.83689 -0.54650 -0.03080
vt 0 0
v 0.76840 0.84814 0.69992
vn 0.85900 -0.50674 0.07299
vt 1 0
v 0.76767 0.84749 0.70027
vn 0.49759 -0.83115 0.24818
vt 1 1
f 1231/1231/1231 1232/1232/1232 1233/1233/1233
usemtl green_off
v 0.76741 0.84636 0.69528
vn 0.83689 -0.54650 -0.03080
vt 0 0
v 0.76767 0.84749 0.70027
vn 0.49759 -0.83115 0.24818
vt 1 0
v 0.76670 0.84575 0.69572
vn 0.48478 -0.85418 0.18807
vt 1 1
f 1234/1234/1234 1235/1235/1235 1236/1236/1236
usemtl green_off
v 0.76670 0.84575 0.69572
vn 0.48471 -0.85421 0.18809
vt 0 0
v 0.76767 0.84749 0.70027
vn 0.49752 -0.83118 0.24821
vt 1 0
v 0.76668 0.84729 0.70049
vn 0.00063 -0.93388 0.35759
vt 1 1
f 1237/1237/1237 1238/1238/1238 1239/1239/1239
usemtl green_off
v 0.76670 0.84575 0.69572
vn 0.48471 -0.85421 0.18809
vt 0 0
v 0.76668 0.84729 0.70049
vn 0.00063 -0.93388 0.35759
vt 1 0
v 0.76574 0.84559 0.69606
vn 0.00061 -0.93391 0.35752
vt 1 1
f 1240/1240/1240 1241/1241/1241 1242/1242/1242
usemtl green_off
v 0.76867 0.88642 0.68522
vn 0.99142 -0.04056 -0.12425
vt 0 0
v 0.76767 0.88463 0.68055
vn 0.96590 -0.08645 -0.24404
vt 1 0
v 0.76741 0.88559 0.68026
vn 0.83693 0.38601 -0.38800
vt 1 1
f 1243/1243/1243 1244/1244/1244 1245/1245/1245
usemtl green_off
v 0.76867 0.88642 0.68522
vn 0.99142 -0.04056 -0.12425
vt 0 0
v 0.76741 0.88559 0.68026
vn 0.83693 0.38601 -0.38800
vt 1 0
v 0.76840 0.88736 0.68490
vn 0.85903 0.42577 -0.28422
vt 1 1
f 1246/1246/1246 1247/1247/1247 1248/1248/1248
usemtl green_off
v 0.76840 0.88736 0.68490
vn 0.85901 0.42582 -0.28422
vt 0 0
v 0.76741 0.88559 0.68026
vn 0.83690 0.38607 -0.38800
vt 1 0
v 0.76670 0.88634 0.68017
vn 0.48480 0.76125 -0.43067
vt 1 1
f 1249/1249/1249 1250/1250/1250 1251/1251/1251
usemtl green_off
v 0.76840 0.88736 0.68490
vn 0.85901 0.42582 -0.28422
vt 0 0
v 0.76670 0.88634 0.68017
vn 0.48480 0.76125 -0.43067
vt 1 0
v 0.76767 0.88808 0.68473
vn 0.49760 0.78427 -0.37056
vt 1 1
f 1252/1252/1252 1253/1253/1253 1254/1254/1254
usemtl green_off
v 0.76767 0.88808 0.68473
vn 0.49752 0.78434 -0.37053
vt 0 0
v 0.76670 0.88634 0.68017
vn 0.48470 0.76131 -0.43066
vt 1 0
v 0.76574 0.88668 0.68032
vn 0.00061 0.93379 -0.35781
vt 1 1
f 1255/1255/1255 1256/1256/1256 1257/1257/1257
usemtl green_off
v 0.76767 0.88808 0.68473
vn 0.49752 0.78434 -0.37053
vt 0 0
v 0.76574 0.88668 0.68032
vn 0.00061 0.93379 -0.35781
vt 1 0
v 0.76668 0.88838 0.68475
vn 0.00062 0.93382 -0.35774
vt 1 1
f 1258/1258/1258 1259/1259/1259 1260/1260/1260
usemtl green_off
v 0.76867 0.84906 0.69953
vn 0.99143 -0.05279 -0.11953
vt 0 0
v 0.76900 0.85088 0.70428
vn 0.99998 -0.00611 0.00237
vt 1 0
v 0.76873 0.84995 0.70464
vn 0.86645 -0.46622 0.17860
vt 1 1
f 1261/1261/1261 1262/1262/1262 1263/1263/1263
usemtl green_off
v 0.76867 0.84906 0.69953
vn 0.99143 -0.05279 -0.11953
vt 0 0
v 0.76873 0.84995 0.70464
vn 0.86645 -0.46622 0.17860
vt 1 0
v 0.76840 0.84814 0.69992
vn 0.85906 -0.50666 0.07296
vt 1 1
f 1264/1264/1264 1265/1265/1265 1266/1266/1266
usemtl green_off
v 0.76840 0.84814 0.69992
vn 0.85897 -0.50680 0.07298
vt 0 0
v 0.76873 0.84995 0.70464
vn 0.86638 -0.46637 0.17858
vt 1 0
v 0.76800 0.84927 0.70490
vn 0.50182 -0.80776 0.30934
vt 1 1
f 1267/1267/1267 1268/1268/1268 1269/1269/1269
usemtl green_off
v 0.76840 0.84814 0.69992
vn 0.85897 -0.50680 0.07298
vt 0 0
v 0.76800 0.84927 0.70490
vn 0.50182 -0.80776 0.30934
vt 1 0
v 0.76767 0.84749 0.70027
vn 0.49753 -0.83119 0.24818
vt 1 1
f 1270/1270/1270 1271/1271/1271 1272/1272/1272
usemtl green_off
v 0.76767 0.84749 0.70027
vn 0.49758 -0.83115 0.24818
vt 0 0
v 0.76800 0.84927 0.70490
vn 0.50188 -0.80772 0.30936
vt 1 0
v 0.76700 0.84901 0.70500
vn 0.00071 -0.93385 0.35766
vt 1 1
f 1273/1273/1273 1274/1274/1274 1275/1275/1275
usemtl green_off
v 0.76767 0.84749 0.70027
vn 0.49758 -0.83115 0.24818
vt 0 0
v 0.76700 0.84901 0.70500
vn 0.00071 -0.93385 0.35766
vt 1 0
v 0.76668 0.84729 0.70049
vn 0.00070 -0.93388 0.35759
vt 1 1
f 1276/1276/1276 1277/1277/1277 1278/1278/1278
usemtl green_off
v 0.76900 0.88824 0.68998
vn 0.99998 0.00612 -0.00236
vt 0 0
v 0.76867 0.88642 0.68522
vn 0.99142 -0.04056 -0.12425
vt 1 0
v 0.76840 0.88736 0.68490
vn 0.85903 0.42577 -0.28422
vt 1 1
f 1279/1279/1279 1280/1280/1280 1281/1281/1281
usemtl green_off
v 0.76900 0.88824 0.68998
vn 0.99998 0.00612 -0.00236
vt 0 0
v 0.76840 0.88736 0.68490
vn 0.85903 0.42577 -0.28422
vt 1 0
v 0.76873 0.88917 0.68962
vn 0.86645 0.46623 -0.17859
vt 1 1
f 1282/1282/1282 1283/1283/1283 1284/1284/1284
usemtl green_off
v 0.76873 0.88917 0.68962
vn 0.86641 0.46630 -0.17861
vt 0 0
v 0.76840 0.88736 0.68490
vn 0.85900 0.42586 -0.28420
vt 1 0
v 0.76767 0.88808 0.68473
vn 0.49758 0.78430 -0.37053
vt 1 1
f 1285/1285/1285 1286/1286/1286 1287/1287/1287
usemtl green_off
v 0.76873 0.88917 0.68962
vn 0.86641 0.46630 -0.17861
vt 0 0
v 0.76767 0.88808 0.68473
vn 0.49758 0.78430 -0.37053
vt 1 0
v 0.76800 0.88985 0.68936
vn 0.50187 0.80772 -0.30937
vt 1 1
f 1288/1288/1288 1289/1289/1289 1290/1290/1290
usemtl green_off
v 0.76800 0.88985 0.68936
vn 0.50179 0.80777 -0.30937
vt 0 0
v 0.76767 0.88808 0.68473
vn 0.49750 0.78434 -0.37054
vt 1 0
v 0.76668 0.88838 0.68475
vn 0.00061 0.93382 -0.35774
vt 1 1
f 1291/1291/1291 1292/1292/1292 1293/1293/1293
usemtl green_off
v 0.76800 0.88985 0.68936
vn 0.50179 0.80777 -0.30937
vt 0 0
v 0.76668 0.88838 0.68475
vn 0.00061 0.93382 -0.35774
vt 1 0
v 0.76700 0.89010 0.68926
vn 0.00061 0.93385 -0.35767
vt 1 1
f 1294/1294/1294 1295/1295/1295 1296/1296/1296
usemtl green_off
v 0.76900 0.85088 0.70428
vn 0.99998 -0.00611 0.00237
vt 0 0
v 0.76867 0.85270 0.70904
vn 0.99142 0.04057 0.12426
vt 1 0
v 0.76840 0.85176 0.70936
vn 0.85904 -0.42577 0.28421
vt 1 1
f 1297/1297/1297 1298/1298/1298 1299/1299/1299
usemtl green_off
v 0.76900 0.85088 0.70428
vn 0.99998 -0.00611 0.00237
vt 0 0
v 0.76840 0.85176 0.70936
vn 0.85904 -0.42577 0.28421
vt 1 0
v 0.76873 0.84995 0.70464
vn 0.86645 -0.46622 0.17860
vt 1 1
f 1300/1300/1300 1301/1301/1301 1302/1302/1302
usemtl green_off
v 0.76873 0.84995 0.70464
vn 0.86641 -0.46630 0.17860
vt 0 0
v 0.76840 0.85176 0.70936
vn 0.85900 -0.42586 0.28420
vt 1 0
v 0.76767 0.85104 0.70954
vn 0.49758 -0.78430 0.37053
vt 1 1
f 1303/1303/1303 1304/1304/1304 1305/1305/1305
usemtl green_off
v 0.76873 0.84995 0.70464
vn 0.86641 -0.46630 0.17860
vt 0 0
v 0.76767 0.85104 0.70954
vn 0.49758 -0.78430 0.37053
vt 1 0
v 0.76800 0.84927 0.70490
vn 0.50187 -0.80772 0.30937
vt 1 1
f 1306/1306/1306 1307/1307/1307 1308/1308/1308
usemtl green_off
v 0.76800 0.84927 0.70490
vn 0.50179 -0.80777 0.30937
vt 0 0
v 0.76767 0.85104 0.70954
vn 0.49750 -0.78434 0.37055
vt 1 0
v 0.76668 0.85074 0.70951
vn 0.00061 -0.93382 0.35774
vt 1 1
f 1309/1309/1309 1310/1310/1310 1311/1311/1311
usemtl green_off
v 0.76800 0.84927 0.70490
vn 0.50179 -0.80777 0.30937
vt 0 0
v 0.76668 0.85074 0.70951
vn 0.00061 -0.93382 0.35774
vt 1 0
v 0.76700 0.84901 0.70500
vn 0.00061 -0.93385 0.35767
vt 1 1
f 1312/1312/1312 1313/1313/1313 1314/1314/1314
usemtl green_off
v 0.76867 0.89006 0.69473
vn 0.99142 0.05280 0.11955
vt 0 0
v 0.76900 0.88824 0.68998
vn 0.99998 0.00612 -0.00236
vt 1 0
v 0.76873 0.88917 0.68962
vn 0.86645 0.46623 -0.17859
vt 1 1
f 1315/1315/1315 1316/1316/1316 1317/1317/1317
usemtl green_off
v 0.76867 0.89006 0.69473
vn 0.99142 0.05280 0.11955
vt 0 0
v 0.76873 0.88917 0.68962
vn 0.86645 0.46623 -0.17859
vt 1 0
v 0.76840 0.89098 0.69434
vn 0.85905 0.50667 -0.07295
vt 1 1
f 1318/1318/1318 1319/1319/1319 1320/1320/1320
usemtl green_off
v 0.76840 0.89098 0.69434
vn 0.85900 0.50675 -0.07301
vt 0 0
v 0.76873 0.88917 0.68962
vn 0.86641 0.46630 -0.17860
vt 1 0
v 0.76800 0.88985 0.68936
vn 0.50187 0.80772 -0.30937
vt 1 1
f 1321/1321/1321 1322/1322/1322 1323/1323/1323
usemtl green_off
v 0.76840 0.89098 0.69434
vn 0.85900 0.50675 -0.07301
vt 0 0
v 0.76800 0.88985 0.68936
vn 0.50187 0.80772 -0.30937
vt 1 0
v 0.76767 0.89163 0.69399
vn 0.49758 0.83115 -0.24821
vt 1 1
f 1324/1324/1324 1325/1325/1325 1326/1326/1326
usemtl green_off
v 0.76767 0.89163 0.69399
vn 0.49758 0.83115 -0.24819
vt 0 0
v 0.76800 0.88985 0.68936
vn 0.50188 0.80772 -0.30936
vt 1 0
v 0.76700 0.89010 0.68926
vn 0.00071 0.93385 -0.35766
vt 1 1
f 1327/1327/1327 1328/1328/1328 1329/1329/1329
usemtl green_off
v 0.76767 0.89163 0.69399
vn 0.49758 0.83115 -0.24819
vt 0 0
v 0.76700 0.89010 0.68926
vn 0.00071 0.93385 -0.35766
vt 1 0
v 0.76668 0.89183 0.69377
vn 0.00070 0.93388 -0.35759
vt 1 1
f 1330/1330/1330 1331/1331/1331 1332/1332/1332
usemtl green_off
v 0.76867 0.85270 0.70904
vn 0.99142 0.04057 0.12426
vt 0 0
v 0.76767 0.85449 0.71371
vn 0.96590 0.08646 0.24405
vt 1 0
v 0.76741 0.85353 0.71400
vn 0.83694 -0.38600 0.38799
vt 1 1
f 1333/1333/1333 1334/1334/1334 1335/1335/1335
usemtl green_off
v 0.76867 0.85270 0.70904
vn 0.99142 0.04057 0.12426
vt 0 0
v 0.76741 0.85353 0.71400
vn 0.83694 -0.38600 0.38799
vt 1 0
v 0.76840 0.85176 0.70936
vn 0.85904 -0.42577 0.28421
vt 1 1
f 1336/1336/1336 1337/1337/1337 1338/1338/1338
usemtl green_off
v 0.76840 0.85176 0.70936
vn 0.85898 -0.42587 0.28425
vt 0 0
v 0.76741 0.85353 0.71400
vn 0.83687 -0.38611 0.38803
vt 1 0
v 0.76670 0.85278 0.71409
vn 0.48474 -0.76127 0.43069
vt 1 1
f 1339/1339/1339 1340/1340/1340 1341/1341/1341
usemtl green_off
v 0.76840 0.85176 0.70936
vn 0.85898 -0.42587 0.28425
vt 0 0
v 0.76670 0.85278 0.71409
vn 0.48474 -0.76127 0.43069
vt 1 0
v 0.76767 0.85104 0.70954
vn 0.49755 -0.78430 0.37057
vt 1 1
f 1342/1342/1342 1343/1343/1343 1344/1344/1344
usemtl green_off
v 0.76767 0.85104 0.70954
vn 0.49756 -0.78432 0.37052
vt 0 0
v 0.76670 0.85278 0.71409
vn 0.48474 -0.76129 0.43065
vt 1 0
v 0.76574 0.85244 0.71394
vn 0.00065 -0.93379 0.35781
vt 1 1
f 1345/1345/1345 1346/1346/1346 1347/1347/1347
usemtl green_off
v 0.76767 0.85104 0.70954
vn 0.49756 -0.78432 0.37052
vt 0 0
v 0.76574 0.85244 0.71394
vn 0.00065 -0.93379 0.35781
vt 1 0
v 0.76668 0.85074 0.70951
vn 0.00067 -0.93382 0.35774
vt 1 1
f 1348/1348/1348 1349/1349/1349 1350/1350/1350
usemtl green_off
v 0.76767 0.89185 0.69940
vn 0.96590 0.09868 0.23935
vt 0 0
v 0.76867 0.89006 0.69473
vn 0.99142 0.05280 0.11955
vt 1 0
v 0.76840 0.89098 0.69434
vn 0.85905 0.50667 -0.07295
vt 1 1
f 1351/1351/1351 1352/1352/1352 1353/1353/1353
usemtl green_off
v 0.76767 0.89185 0.69940
vn 0.96590 0.09868 0.23935
vt 0 0
v 0.76840 0.89098 0.69434
vn 0.85905 0.50667 -0.07295
vt 1 0
v 0.76741 0.89276 0.69898
vn 0.83694 0.54642 0.03086
vt 1 1
f 1354/1354/1354 1355/1355/1355 1356/1356/1356
usemtl green_off
v 0.76741 0.89276 0.69898
vn 0.83691 0.54647 0.03081
vt 0 0
v 0.76840 0.89098 0.69434
vn 0.85902 0.50672 -0.07298
vt 1 0
v 0.76767 0.89163 0.69399
vn 0.49761 0.83114 -0.24818
vt 1 1
f 1357/1357/1357 1358/1358/1358 1359/1359/1359
usemtl green_off
v 0.76741 0.89276 0.69898
vn 0.83691 0.54647 0.03081
vt 0 0
v 0.76767 0.89163 0.69399
vn 0.49761 0.83114 -0.24818
vt 1 0
v 0.76670 0.89337 0.69854
vn 0.48481 0.85416 -0.18807
vt 1 1
f 1360/1360/1360 1361/1361/1361 1362/1362/1362
usemtl green_off
v 0.76670 0.89337 0.69854
vn 0.48463 0.85426 -0.18810
vt 0 0
v 0.76767 0.89163 0.69399
vn 0.49743 0.83123 -0.24823
vt 1 0
v 0.76668 0.89183 0.69377
vn 0.00053 0.93388 -0.35759
vt 1 1
f 1363/1363/1363 1364/1364/1364 1365/1365/1365
usemtl green_off
v 0.76670 0.89337 0.69854
vn 0.48463 0.85426 -0.18810
vt 0 0
v 0.76668 0.89183 0.69377
vn 0.00053 0.93388 -0.35759
vt 1 0
v 0.76574 0.89353 0.69820
vn 0.00051 0.93391 -0.35751
vt 1 1
f 1366/1366/1366 1367/1367/1367 1368/1368/1368
usemtl green_off
v 0.76767 0.85449 0.71371
vn 0.96590 0.08646 0.24405
vt 0 0
v 0.76603 0.85622 0.71822
vn 0.92385 0.13077 0.35972
vt 1 0
v 0.76578 0.85525 0.71848
vn 0.80051 -0.34760 0.48823
vt 1 1
f 1369/1369/1369 1370/1370/1370 1371/1371/1371
usemtl green_off
v 0.76767 0.85449 0.71371
vn 0.96590 0.08646 0.24405
vt 0 0
v 0.76578 0.85525 0.71848
vn 0.80051 -0.34760 0.48823
vt 1 0
v 0.76741 0.85353 0.71400
vn 0.83694 -0.38600 0.38799
vt 1 1
f 1372/1372/1372 1373/1373/1373 1374/1374/1374
usemtl green_off
v 0.76741 0.85353 0.71400
vn 0.83693 -0.38606 0.38795
vt 0 0
v 0.76578 0.85525 0.71848
vn 0.80050 -0.34770 0.48816
vt 1 0
v 0.76511 0.85447 0.71848
vn 0.46374 -0.73903 0.48866
vt 1 1
f 1375/1375/1375 1376/1376/1376 1377/1377/1377
usemtl green_off
v 0.76741 0.85353 0.71400
vn 0.83693 -0.38606 0.38795
vt 0 0
v 0.76511 0.85447 0.71848
vn 0.46374 -0.73903 0.48866
vt 1 0
v 0.76670 0.85278 0.71409
vn 0.48482 -0.76125 0.43063
vt 1 1
f 1378/1378/1378 1379/1379/1379 1380/1380/1380
usemtl green_off
v 0.76670 0.85278 0.71409
vn 0.48470 -0.76130 0.43068
vt 0 0
v 0.76511 0.85447 0.71848
vn 0.46360 -0.73907 0.48873
vt 1 0
v 0.76418 0.85408 0.71822
vn 0.00057 -0.93376 0.35791
vt 1 1
f 1381/1381/1381 1382/1382/1382 1383/1383/1383
usemtl green_off
v 0.76670 0.85278 0.71409
vn 0.48470 -0.76130 0.43068
vt 0 0
v 0.76418 0.85408 0.71822
vn 0.00057 -0.93376 0.35791
vt 1 0
v 0.76574 0.85244 0.71394
vn 0.00060 -0.93378 0.35784
vt 1 1
f 1384/1384/1384 1385/1385/1385 1386/1386/1386
usemtl green_off
v 0.76603 0.89357 0.70392
vn 0.92386 0.14298 0.35502
vt 0 0
v 0.76767 0.89185 0.69940
vn 0.96590 0.09868 0.23935
vt 1 0
v 0.76741 0.89276 0.69898
vn 0.83694 0.54642 0.03086
vt 1 1
f 1387/1387/1387 1388/1388/1388 1389/1389/1389
usemtl green_off
v 0.76603 0.89357 0.70392
vn 0.92386 0.14298 0.35502
vt 0 0
v 0.76741 0.89276 0.69898
vn 0.83694 0.54642 0.03086
vt 1 0
v 0.76578 0.89447 0.70346
vn 0.80051 0.58480 0.13108
vt 1 1
f 1390/1390/1390 1391/1391/1391 1392/1392/1392
usemtl green_off
v 0.76578 0.89447 0.70346
vn 0.80049 0.58485 0.13104
vt 0 0
v 0.76741 0.89276 0.69898
vn 0.83692 0.54646 0.03083
vt 1 0
v 0.76670 0.89337 0.69854
vn 0.48482 0.85416 -0.18804
vt 1 1
f 1393/1393/1393 1394/1394/1394 1395/1395/1395
usemtl green_off
v 0.76578 0.89447 0.70346
vn 0.80049 0.58485 0.13104
vt 0 0
v 0.76670 0.89337 0.69854
vn 0.48482 0.85416 -0.18804
vt 1 0
v 0.76511 0.89506 0.70294
vn 0.46372 0.87639 -0.13001
vt 1 1
f 1396/1396/1396 1397/1397/1397 1398/1398/1398
usemtl green_off
v 0.76511 0.89506 0.70294
vn 0.46361 0.87644 -0.13003
vt 0 0
v 0.76670 0.89337 0.69854
vn 0.48471 0.85421 -0.18809
vt 1 0
v 0.76574 0.89353 0.69820
vn 0.00061 0.93391 -0.35751
vt 1 1
f 1399/1399/1399 1400/1400/1400 1401/1401/1401
usemtl green_off
v 0.76511 0.89506 0.70294
vn 0.46361 0.87644 -0.13003
vt 0 0
v 0.76574 0.89353 0.69820
vn 0.00061 0.93391 -0.35751
vt 1 0
v 0.76418 0.89517 0.70248
vn 0.00059 0.93394 -0.35744
vt 1 1
f 1402/1402/1402 1403/1403/1403 1404/1404/1404
usemtl green_off
v 0.76603 0.85622 0.71822
vn 0.92385 0.13077 0.35972
vt 0 0
v 0.76377 0.85786 0.72249
vn 0.86599 0.17273 0.46928
vt 1 0
v 0.76354 0.85688 0.72273
vn 0.75037 -0.31124 0.58316
vt 1 1
f 1405/1405/1405 1406/1406/1406 1407/1407/1407
usemtl green_off
v 0.76603 0.85622 0.71822
vn 0.92385 0.13077 0.35972
vt 0 0
v 0.76354 0.85688 0.72273
vn 0.75037 -0.31124 0.58316
vt 1 0
v 0.76578 0.85525 0.71848
vn 0.80051 -0.34760 0.48823
vt 1 1
f 1408/1408/1408 1409/1409/1409 1410/1410/1410
usemtl green_off
v 0.76578 0.85525 0.71848
vn 0.80048 -0.34766 0.48822
vt 0 0
v 0.76354 0.85688 0.72273
vn 0.75036 -0.31132 0.58313
vt 1 0
v 0.76291 0.85606 0.72265
vn 0.43468 -0.71795 0.54370
vt 1 1
f 1411/1411/1411 1412/1412/1412 1413/1413/1413
usemtl green_off
v 0.76578 0.85525 0.71848
vn 0.80048 -0.34766 0.48822
vt 0 0
v 0.76291 0.85606 0.72265
vn 0.43468 -0.71795 0.54370
vt 1 0
v 0.76511 0.85447 0.71848
vn 0.46371 -0.73900 0.48873
vt 1 1
f 1414/1414/1414 1415/1415/1415 1416/1416/1416
usemtl green_off
v 0.76511 0.85447 0.71848
vn 0.46358 -0.73910 0.48870
vt 0 0
v 0.76291 0.85606 0.72265
vn 0.43455 -0.71804 0.54368
vt 1 0
v 0.76204 0.85563 0.72227
vn 0.00051 -0.93374 0.35795
vt 1 1
f 1417/1417/1417 1418/1418/1418 1419/1419/1419
usemtl green_off
v 0.76511 0.85447 0.71848
vn 0.46358 -0.73910 0.48870
vt 0 0
v 0.76204 0.85563 0.72227
vn 0.00051 -0.93374 0.35795
vt 1 0
v 0.76418 0.85408 0.71822
vn 0.00055 -0.93377 0.35788
vt 1 1
f 1420/1420/1420 1421/1421/1421 1422/1422/1422
usemtl green_off
v 0.76377 0.89521 0.70819
vn 0.86601 0.18494 0.46458
vt 0 0
v 0.76603 0.89357 0.70392
vn 0.92386 0.14298 0.35502
vt 1 0
v 0.76578 0.89447 0.70346
vn 0.80051 0.58480 0.13108
vt 1 1
f 1423/1423/1423 1424/1424/1424 1425/1425/1425
usemtl green_off
v 0.76377 0.89521 0.70819
vn 0.86601 0.18494 0.46458
vt 0 0
v 0.76578 0.89447 0.70346
vn 0.80051 0.58480 0.13108
vt 1 0
v 0.76354 0.89610 0.70771
vn 0.75039 0.62116 0.22602
vt 1 1
f 1426/1426/1426 1427/1427/1427 1428/1428/1428
usemtl green_off
v 0.76354 0.89610 0.70771
vn 0.75035 0.62123 0.22595
vt 0 0
v 0.76578 0.89447 0.70346
vn 0.80046 0.58488 0.13104
vt 1 0
v 0.76511 0.89506 0.70294
vn 0.46368 0.87641 -0.13000
vt 1 1
f 1429/1429/1429 1430/1430/1430 1431/1431/1431
usemtl green_off
v 0.76354 0.89610 0.70771
vn 0.75035 0.62123 0.22595
vt 0 0
v 0.76511 0.89506 0.70294
vn 0.46368 0.87641 -0.13000
vt 1 0
v 0.76291 0.89665 0.70710
vn 0.43466 0.89747 -0.07503
vt 1 1
f 1432/1432/1432 1433/1433/1433 1434/1434/1434
usemtl green_off
v 0.76291 0.89665 0.70710
vn 0.43456 0.89751 -0.07508
vt 0 0
v 0.76511 0.89506 0.70294
vn 0.46359 0.87645 -0.13006
vt 1 0
v 0.76418 0.89517 0.70248
vn 0.00056 0.93393 -0.35745
vt 1 1
f 1435/1435/1435 1436/1436/1436 1437/1437/1437
usemtl green_off
v 0.76291 0.89665 0.70710
vn 0.43456 0.89751 -0.07508
vt 0 0
v 0.76418 0.89517 0.70248
vn 0.00056 0.93393 -0.35745
vt 1 0
v 0.76204 0.89672 0.70654
vn 0.00052 0.93396 -0.35738
vt 1 1
f 1438/1438/1438 1439/1439/1439 1440/1440/1440
usemtl green_off
v 0.76377 0.85786 0.72249
vn 0.86599 0.17273 0.46928
vt 0 0
v 0.76094 0.85937 0.72646
vn 0.79331 0.21163 0.57085
vt 1 0
v 0.76073 0.85838 0.72666
vn 0.68741 -0.27753 0.67116
vt 1 1
f 1441/1441/1441 1442/1442/1442 1443/1443/1443
usemtl green_off
v 0.76377 0.85786 0.72249
vn 0.86599 0.17273 0.46928
vt 0 0
v 0.76073 0.85838 0.72666
vn 0.68741 -0.27753 0.67116
vt 1 0
v 0.76354 0.85688 0.72273
vn 0.75037 -0.31124 0.58316
vt 1 1
f 1444/1444/1444 1445/1445/1445 1446/1446/1446
usemtl green_off
v 0.76354 0.85688 0.72273
vn 0.75032 -0.31136 0.58316
vt 0 0
v 0.76073 0.85838 0.72666
vn 0.68737 -0.27766 0.67114
vt 1 0
v 0.76015 0.85754 0.72651
vn 0.39816 -0.69845 0.59467
vt 1 1
f 1447/1447/1447 1448/1448/1448 1449/1449/1449
usemtl green_off
v 0.76354 0.85688 0.72273
vn 0.75032 -0.31136 0.58316
vt 0 0
v 0.76015 0.85754 0.72651
vn 0.39816 -0.69845 0.59467
vt 1 0
v 0.76291 0.85606 0.72265
vn 0.43462 -0.71797 0.54370
vt 1 1
f 1450/1450/1450 1451/1451/1451 1452/1452/1452
usemtl green_off
v 0.76291 0.85606 0.72265
vn 0.43457 -0.71801 0.54370
vt 0 0
v 0.76015 0.85754 0.72651
vn 0.39809 -0.69848 0.59468
vt 1 0
v 0.75935 0.85707 0.72603
vn 0.00048 -0.93370 0.35805
vt 1 1
f 1453/1453/1453 1454/1454/1454 1455/1455/1455
usemtl green_off
v 0.76291 0.85606 0.72265
vn 0.43457 -0.71801 0.54370
vt 0 0
v 0.75935 0.85707 0.72603
vn 0.00048 -0.93370 0.35805
vt 1 0
v 0.76204 0.85563 0.72227
vn 0.00053 -0.93373 0.35799
vt 1 1
f 1456/1456/1456 1457/1457/1457 1458/1458/1458
usemtl green_off
v 0.76094 0.89673 0.71215
vn 0.79334 0.22384 0.56614
vt 0 0
v 0.76377 0.89521 0.70819
vn 0.86601 0.18494 0.46458
vt 1 0
v 0.76354 0.89610 0.70771
vn 0.75039 0.62116 0.22602
vt 1 1
f 1459/1459/1459 1460/1460/1460 1461/1461/1461
usemtl green_off
v 0.76094 0.89673 0.71215
vn 0.79334 0.22384 0.56614
vt 0 0
v 0.76354 0.89610 0.70771
vn 0.75039 0.62116 0.22602
vt 1 0
v 0.76073 0.89760 0.71164
vn 0.68741 0.65487 0.31402
vt 1 1
f 1462/1462/1462 1463/1463/1463 1464/1464/1464
usemtl green_off
v 0.76073 0.89760 0.71164
vn 0.68733 0.65498 0.31397
vt 0 0
v 0.76354 0.89610 0.70771
vn 0.75028 0.62130 0.22598
vt 1 0
v 0.76291 0.89665 0.70710
vn 0.43458 0.89751 -0.07499
vt 1 1
f 1465/1465/1465 1466/1466/1466 1467/1467/1467
usemtl green_off
v 0.76073 0.89760 0.71164
vn 0.68733 0.65498 0.31397
vt 0 0
v 0.76291 0.89665 0.70710
vn 0.43458 0.89751 -0.07499
vt 1 0
v 0.76015 0.89813 0.71096
vn 0.39810 0.91703 -0.02404
vt 1 1
f 1468/1468/1468 1469/1469/1469 1470/1470/1470
usemtl green_off
v 0.76015 0.89813 0.71096
vn 0.39814 0.91701 -0.02411
vt 0 0
v 0.76291 0.89665 0.70710
vn 0.43462 0.89748 -0.07509
vt 1 0
v 0.76204 0.89672 0.70654
vn 0.00058 0.93395 -0.35739
vt 1 1
f 1471/1471/1471 1472/1472/1472 1473/1473/1473
usemtl green_off
v 0.76015 0.89813 0.71096
vn 0.39814 0.91701 -0.02411
vt 0 0
v 0.76204 0.89672 0.70654
vn 0.00058 0.93395 -0.35739
vt 1 0
v 0.75935 0.89816 0.71029
vn 0.00054 0.93398 -0.35733
vt 1 1
f 1474/1474/1474 1475/1475/1475 1476/1476/1476
usemtl green_off
v 0.76094 0.85937 0.72646
vn 0.79331 0.21163 0.57085
vt 0 0
v 0.75758 0.86075 0.73004
vn 0.70709 0.24679 0.66266
vt 1 0
v 0.75739 0.85974 0.73022
vn 0.61269 -0.24707 0.75071
vt 1 1
f 1477/1477/1477 1478/1478/1478 1479/1479/1479
usemtl green_off
v 0.76094 0.85937 0.72646
vn 0.79331 0.21163 0.57085
vt 0 0
v 0.75739 0.85974 0.73022
vn 0.61269 -0.24707 0.75071
vt 1 0
v 0.76073 0.85838 0.72666
vn 0.68741 -0.27753 0.67116
vt 1 1
f 1480/1480/1480 1481/1481/1481 1482/1482/1482
usemtl green_off
v 0.76073 0.85838 0.72666
vn 0.68737 -0.27766 0.67114
vt 0 0
v 0.75739 0.85974 0.73022
vn 0.61266 -0.24720 0.75070
vt 1 0
v 0.75687 0.85888 0.73000
vn 0.35489 -0.68081 0.64075
vt 1 1
f 1483/1483/1483 1484/1484/1484 1485/1485/1485
usemtl green_off
v 0.76073 0.85838 0.72666
vn 0.68737 -0.27766 0.67114
vt 0 0
v 0.75687 0.85888 0.73000
vn 0.35489 -0.68081 0.64075
vt 1 0
v 0.76015 0.85754 0.72651
vn 0.39816 -0.69846 0.59466
vt 1 1
f 1486/1486/1486 1487/1487/1487 1488/1488/1488
usemtl green_off
v 0.76015 0.85754 0.72651
vn 0.39812 -0.69849 0.59465
vt 0 0
v 0.75687 0.85888 0.73000
vn 0.35484 -0.68083 0.64075
vt 1 0
v 0.75616 0.85837 0.72943
vn 0.00046 -0.93369 0.35809
vt 1 1
f 1489/1489/1489 1490/1490/1490 1491/1491/1491
usemtl green_off
v 0.76015 0.85754 0.72651
vn 0.39812 -0.69849 0.59465
vt 0 0
v 0.75616 0.85837 0.72943
vn 0.00046 -0.93369 0.35809
vt 1 0
v 0.75935 0.85707 0.72603
vn 0.00051 -0.93371 0.35804
vt 1 1
f 1492/1492/1492 1493/1493/1493 1494/1494/1494
usemtl green_off
v 0.75758 0.89810 0.71573
vn 0.70709 0.25902 0.65797
vt 0 0
v 0.76094 0.89673 0.71215
vn 0.79334 0.22384 0.56614
vt 1 0
v 0.76073 0.89760 0.71164
vn 0.68741 0.65487 0.31402
vt 1 1
f 1495/1495/1495 1496/1496/1496 1497/1497/1497
usemtl green_off
v 0.75758 0.89810 0.71573
vn 0.70709 0.25902 0.65797
vt 0 0
v 0.76073 0.89760 0.71164
vn 0.68741 0.65487 0.31402
vt 1 0
v 0.75739 0.89897 0.71520
vn 0.61268 0.68536 0.39358
vt 1 1
f 1498/1498/1498 1499/1499/1499 1500/1500/1500
usemtl green_off
v 0.75739 0.89897 0.71520
vn 0.61266 0.68539 0.39355
vt 0 0
v 0.76073 0.89760 0.71164
vn 0.68737 0.65493 0.31399
vt 1 0
v 0.76015 0.89813 0.71096
vn 0.39818 0.91699 -0.02400
vt 1 1
f 1501/1501/1501 1502/1502/1502 1503/1503/1503
usemtl green_off
v 0.75739 0.89897 0.71520
vn 0.61266 0.68539 0.39355
vt 0 0
v 0.76015 0.89813 0.71096
vn 0.39818 0.91699 -0.02400
vt 1 0
v 0.75687 0.89946 0.71445
vn 0.35490 0.93464 0.02208
vt 1 1
f 1504/1504/1504 1505/1505/1505 1506/1506/1506
usemtl green_off
v 0.75687 0.89946 0.71445
vn 0.35484 0.93467 0.02198
vt 0 0
v 0.76015 0.89813 0.71096
vn 0.39813 0.91701 -0.02411
vt 1 0
v 0.75935 0.89816 0.71029
vn 0.00052 0.93398 -0.35731
vt 1 1
f 1507/1507/1507 1508/1508/1508 1509/1509/1509
usemtl green_off
v 0.75687 0.89946 0.71445
vn 0.35484 0.93467 0.02198
vt 0 0
v 0.75935 0.89816 0.71029
vn 0.00052 0.93398 -0.35731
vt 1 0
v 0.75616 0.89946 0.71369
vn 0.00047 0.93401 -0.35726
vt 1 1
f 1510/1510/1510 1511/1511/1511 1512/1512/1512
usemtl green_off
v 0.75758 0.86075 0.73004
vn 0.70709 0.24679 0.66266
vt 0 0
v 0.75374 0.86195 0.73318
vn 0.60873 0.27763 0.74321
vt 1 0
v 0.75358 0.86094 0.73334
vn 0.52747 -0.22036 0.82050
vt 1 1
f 1513/1513/1513 1514/1514/1514 1515/1515/1515
usemtl green_off
v 0.75758 0.86075 0.73004
vn 0.70709 0.24679 0.66266
vt 0 0
v 0.75358 0.86094 0.73334
vn 0.52747 -0.22036 0.82050
vt 1 0
v 0.75739 0.85974 0.73022
vn 0.61269 -0.24707 0.75071
vt 1 1
f 1516/1516/1516 1517/1517/1517 1518/1518/1518
usemtl green_off
v 0.75739 0.85974 0.73022
vn 0.61263 -0.24717 0.75073
vt 0 0
v 0.75358 0.86094 0.73334
vn 0.52743 -0.22044 0.82050
vt 1 0
v 0.75313 0.86005 0.73306
vn 0.30552 -0.66531 0.68119
vt 1 1
f 1519/1519/1519 1520/1520/1520 1521/1521/1521
usemtl green_off
v 0.75739 0.85974 0.73022
vn 0.61263 -0.24717 0.75073
vt 0 0
v 0.75313 0.86005 0.73306
vn 0.30552 -0.66531 0.68119
vt 1 0
v 0.75687 0.85888 0.73000
vn 0.35486 -0.68078 0.64079
vt 1 1
f 1522/1522/1522 1523/1523/1523 1524/1524/1524
usemtl green_off
v 0.75687 0.85888 0.73000
vn 0.35480 -0.68086 0.64075
vt 0 0
v 0.75313 0.86005 0.73306
vn 0.30544 -0.66537 0.68117
vt 1 0
v 0.75252 0.85951 0.73241
vn 0.00035 -0.93367 0.35814
vt 1 1
f 1525/1525/1525 1526/1526/1526 1527/1527/1527
usemtl green_off
v 0.75687 0.85888 0.73000
vn 0.35480 -0.68086 0.64075
vt 0 0
v 0.75252 0.85951 0.73241
vn 0.00035 -0.93367 0.35814
vt 1 0
v 0.75616 0.85837 0.72943
vn 0.00041 -0.93369 0.35809
vt 1 1
f 1528/1528/1528 1529/1529/1529 1530/1530/1530
usemtl green_off
v 0.75374 0.89930 0.71887
vn 0.60875 0.28987 0.73851
vt 0 0
v 0.75758 0.89810 0.71573
vn 0.70709 0.25902 0.65797
vt 1 0
v 0.75739 0.89897 0.71520
vn 0.61268 0.68536 0.39358
vt 1 1
f 1531/1531/1531 1532/1532/1532 1533/1533/1533
usemtl green_off
v 0.75374 0.89930 0.71887
vn 0.60875 0.28987 0.73851
vt 0 0
v 0.75739 0.89897 0.71520
vn 0.61268 0.68536 0.39358
vt 1 0
v 0.75358 0.90016 0.71832
vn 0.52748 0.71209 0.46336
vt 1 1
f 1534/1534/1534 1535/1535/1535 1536/1536/1536
usemtl green_off
v 0.75358 0.90016 0.71832
vn 0.52743 0.71214 0.46333
vt 0 0
v 0.75739 0.89897 0.71520
vn 0.61263 0.68542 0.39355
vt 1 0
v 0.75687 0.89946 0.71445
vn 0.35486 0.93466 0.02209
vt 1 1
f 1537/1537/1537 1538/1538/1538 1539/1539/1539
usemtl green_off
v 0.75358 0.90016 0.71832
vn 0.52743 0.71214 0.46333
vt 0 0
v 0.75687 0.89946 0.71445
vn 0.35486 0.93466 0.02209
vt 1 0
v 0.75313 0.90064 0.71751
vn 0.30551 0.95013 0.06249
vt 1 1
f 1540/1540/1540 1541/1541/1541 1542/1542/1542
usemtl green_off
v 0.75313 0.90064 0.71751
vn 0.30545 0.95016 0.06241
vt 0 0
v 0.75687 0.89946 0.71445
vn 0.35480 0.93468 0.02199
vt 1 0
v 0.75616 0.89946 0.71369
vn 0.00042 0.93401 -0.35724
vt 1 1
f 1543/1543/1543 1544/1544/1544 1545/1545/1545
usemtl green_off
v 0.75313 0.90064 0.71751
vn 0.30545 0.95016 0.06241
vt 0 0
v 0.75616 0.89946 0.71369
vn 0.00042 0.93401 -0.35724
vt 1 0
v 0.75252 0.90060 0.71667
vn 0.00036 0.93403 -0.35720
vt 1 1
f 1546/1546/1546 1547/1547/1547 1548/1548/1548
usemtl green_off
v 0.75374 0.86195 0.73318
vn 0.60873 0.27763 0.74321
vt 0 0
v 0.74950 0.86296 0.73583
vn 0.49996 0.30362 0.81108
vt 1 0
v 0.74937 0.86195 0.73597
vn 0.43321 -0.19784 0.87931
vt 1 1
f 1549/1549/1549 1550/1550/1550 1551/1551/1551
usemtl green_off
v 0.75374 0.86195 0.73318
vn 0.60873 0.27763 0.74321
vt 0 0
v 0.74937 0.86195 0.73597
vn 0.43321 -0.19784 0.87931
vt 1 0
v 0.75358 0.86094 0.73334
vn 0.52747 -0.22036 0.82050
vt 1 1
f 1552/1552/1552 1553/1553/1553 1554/1554/1554
usemtl green_off
v 0.75358 0.86094 0.73334
vn 0.52743 -0.22043 0.82051
vt 0 0
v 0.74937 0.86195 0.73597
vn 0.43321 -0.19791 0.87930
vt 1 0
v 0.74900 0.86103 0.73563
vn 0.25095 -0.65225 0.71526
vt 1 1
f 1555/1555/1555 1556/1556/1556 1557/1557/1557
usemtl green_off
v 0.75358 0.86094 0.73334
vn 0.52743 -0.22043 0.82051
vt 0 0
v 0.74900 0.86103 0.73563
vn 0.25095 -0.65225 0.71526
vt 1 0
v 0.75313 0.86005 0.73306
vn 0.30552 -0.66529 0.68121
vt 1 1
f 1558/1558/1558 1559/1559/1559 1560/1560/1560
usemtl green_off
v 0.75313 0.86005 0.73306
vn 0.30548 -0.66535 0.68116
vt 0 0
v 0.74900 0.86103 0.73563
vn 0.25090 -0.65231 0.71522
vt 1 0
v 0.74850 0.86047 0.73492
vn 0.00035 -0.93363 0.35823
vt 1 1
f 1561/1561/1561 1562/1562/1562 1563/1563/1563
usemtl green_off
v 0.75313 0.86005 0.73306
vn 0.30548 -0.66535 0.68116
vt 0 0
v 0.74850 0.86047 0.73492
vn 0.00035 -0.93363 0.35823
vt 1 0
v 0.75252 0.85951 0.73241
vn 0.00041 -0.93365 0.35819
vt 1 1
f 1564/1564/1564 1565/1565/1565 1566/1566/1566
usemtl green_off
v 0.74950 0.90032 0.72152
vn 0.49999 0.31587 0.80637
vt 0 0
v 0.75374 0.89930 0.71887
vn 0.60875 0.28987 0.73851
vt 1 0
v 0.75358 0.90016 0.71832
vn 0.52748 0.71209 0.46336
vt 1 1
f 1567/1567/1567 1568/1568/1568 1569/1569/1569
usemtl green_off
v 0.74950 0.90032 0.72152
vn 0.49999 0.31587 0.80637
vt 0 0
v 0.75358 0.90016 0.71832
vn 0.52748 0.71209 0.46336
vt 1 0
v 0.74937 0.90117 0.72094
vn 0.43324 0.73462 0.52215
vt 1 1
f 1570/1570/1570 1571/1571/1571 1572/1572/1572
usemtl green_off
v 0.74937 0.90117 0.72094
vn 0.43322 0.73466 0.52210
vt 0 0
v 0.75358 0.90016 0.71832
vn 0.52744 0.71215 0.46331
vt 1 0
v 0.75313 0.90064 0.71751
vn 0.30552 0.95013 0.06247
vt 1 1
f 1573/1573/1573 1574/1574/1574 1575/1575/1575
usemtl green_off
v 0.74937 0.90117 0.72094
vn 0.43322 0.73466 0.52210
vt 0 0
v 0.75313 0.90064 0.71751
vn 0.30552 0.95013 0.06247
vt 1 0
v 0.74900 0.90162 0.72009
vn 0.25096 0.96317 0.09652
vt 1 1
f 1576/1576/1576 1577/1577/1577 1578/1578/1578
usemtl green_off
v 0.74900 0.90162 0.72009
vn 0.25091 0.96319 0.09646
vt 0 0
v 0.75313 0.90064 0.71751
vn 0.30549 0.95015 0.06240
vt 1 0
v 0.75252 0.90060 0.71667
vn 0.00039 0.93403 -0.35720
vt 1 1
f 1579/1579/1579 1580/1580/1580 1581/1581/1581
usemtl green_off
v 0.74900 0.90162 0.72009
vn 0.25091 0.96319 0.09646
vt 0 0
v 0.75252 0.90060 0.71667
vn 0.00039 0.93403 -0.35720
vt 1 0
v 0.74850 0.90156 0.71918
vn 0.00033 0.93404 -0.35716
vt 1 1
f 1582/1582/1582 1583/1583/1583 1584/1584/1584
usemtl green_off
v 0.74950 0.86296 0.73583
vn 0.49996 0.30362 0.81108
vt 0 0
v 0.74492 0.86377 0.73793
vn 0.38264 0.32432 0.86510
vt 1 0
v 0.74482 0.86275 0.73806
vn 0.33157 -0.17990 0.92612
vt 1 1
f 1585/1585/1585 1586/1586/1586 1587/1587/1587
usemtl green_off
v 0.74950 0.86296 0.73583
vn 0.49996 0.30362 0.81108
vt 0 0
v 0.74482 0.86275 0.73806
vn 0.33157 -0.17990 0.92612
vt 1 0
v 0.74937 0.86195 0.73597
vn 0.43321 -0.19784 0.87931
vt 1 1
f 1588/1588/1588 1589/1589/1589 1590/1590/1590
usemtl green_off
v 0.74937 0.86195 0.73597
vn 0.43321 -0.19789 0.87930
vt 0 0
v 0.74482 0.86275 0.73806
vn 0.33158 -0.17997 0.92610
vt 1 0
v 0.74454 0.86182 0.73769
vn 0.19209 -0.64186 0.74237
vt 1 1
f 1591/1591/1591 1592/1592/1592 1593/1593/1593
usemtl green_off
v 0.74937 0.86195 0.73597
vn 0.43321 -0.19789 0.87930
vt 0 0
v 0.74454 0.86182 0.73769
vn 0.19209 -0.64186 0.74237
vt 1 0
v 0.74900 0.86103 0.73563
vn 0.25095 -0.65224 0.71527
vt 1 1
f 1594/1594/1594 1595/1595/1595 1596/1596/1596
usemtl green_off
v 0.74900 0.86103 0.73563
vn 0.25092 -0.65233 0.71519
vt 0 0
v 0.74454 0.86182 0.73769
vn 0.19205 -0.64195 0.74231
vt 1 0
v 0.74416 0.86124 0.73692
vn 0.00026 -0.93365 0.35820
vt 1 1
f 1597/1597/1597 1598/1598/1598 1599/1599/1599
usemtl green_off
v 0.74900 0.86103 0.73563
vn 0.25092 -0.65233 0.71519
vt 0 0
v 0.74416 0.86124 0.73692
vn 0.00026 -0.93365 0.35820
vt 1 0
v 0.74850 0.86047 0.73492
vn 0.00033 -0.93366 0.35816
vt 1 1
f 1600/1600/1600 1601/1601/1601 1602/1602/1602
usemtl green_off
v 0.74492 0.90112 0.72363
vn 0.38268 0.33656 0.86040
vt 0 0
v 0.74950 0.90032 0.72152
vn 0.49999 0.31587 0.80637
vt 1 0
v 0.74937 0.90117 0.72094
vn 0.43324 0.73462 0.52215
vt 1 1
f 1603/1603/1603 1604/1604/1604 1605/1605/1605
usemtl green_off
v 0.74492 0.90112 0.72363
vn 0.38268 0.33656 0.86040
vt 0 0
v 0.74937 0.90117 0.72094
vn 0.43324 0.73462 0.52215
vt 1 0
v 0.74482 0.90197 0.72304
vn 0.33159 0.75254 0.56898
vt 1 1
f 1606/1606/1606 1607/1607/1607 1608/1608/1608
usemtl green_off
v 0.74482 0.90197 0.72304
vn 0.33157 0.75258 0.56893
vt 0 0
v 0.74937 0.90117 0.72094
vn 0.43320 0.73466 0.52212
vt 1 0
v 0.74900 0.90162 0.72009
vn 0.25094 0.96318 0.09655
vt 1 1
f 1609/1609/1609 1610/1610/1610 1611/1611/1611
usemtl green_off
v 0.74482 0.90197 0.72304
vn 0.33157 0.75258 0.56893
vt 0 0
v 0.74900 0.90162 0.72009
vn 0.25094 0.96318 0.09655
vt 1 0
v 0.74454 0.90241 0.72214
vn 0.19208 0.97356 0.12365
vt 1 1
f 1612/1612/1612 1613/1613/1613 1614/1614/1614
usemtl green_off
v 0.74454 0.90241 0.72214
vn 0.19206 0.97358 0.12354
vt 0 0
v 0.74900 0.90162 0.72009
vn 0.25093 0.96319 0.09643
vt 1 0
v 0.74850 0.90156 0.71918
vn 0.00034 0.93403 -0.35718
vt 1 1
f 1615/1615/1615 1616/1616/1616 1617/1617/1617
usemtl green_off
v 0.74454 0.90241 0.72214
vn 0.19206 0.97358 0.12354
vt 0 0
v 0.74850 0.90156 0.71918
vn 0.00034 0.93403 -0.35718
vt 1 0
v 0.74416 0.90233 0.72118
vn 0.00027 0.93405 -0.35714
vt 1 1
f 1618/1618/1618 1619/1619/1619 1620/1620/1620
usemtl green_off
v 0.74492 0.86377 0.73793
vn 0.38264 0.32432 0.86510
vt 0 0
v 0.74009 0.86436 0.73946
vn 0.25880 0.33935 0.90436
vt 1 0
v 0.74002 0.86333 0.73958
vn 0.22424 -0.16687 0.96014
vt 1 1
f 1621/1621/1621 1622/1622/1622 1623/1623/1623
usemtl green_off
v 0.74492 0.86377 0.73793
vn 0.38264 0.32432 0.86510
vt 0 0
v 0.74002 0.86333 0.73958
vn 0.22424 -0.16687 0.96014
vt 1 0
v 0.74482 0.86275 0.73806
vn 0.33157 -0.17990 0.92612
vt 1 1
f 1624/1624/1624 1625/1625/1625 1626/1626/1626
usemtl green_off
v 0.74482 0.86275 0.73806
vn 0.33153 -0.17999 0.92611
vt 0 0
v 0.74002 0.86333 0.73958
vn 0.22423 -0.16697 0.96013
vt 1 0
v 0.73983 0.86239 0.73918
vn 0.12989 -0.63433 0.76207
vt 1 1
f 1627/1627/1627 1628/1628/1628 1629/1629/1629
usemtl green_off
v 0.74482 0.86275 0.73806
vn 0.33153 -0.17999 0.92611
vt 0 0
v 0.73983 0.86239 0.73918
vn 0.12989 -0.63433 0.76207
vt 1 0
v 0.74454 0.86182 0.73769
vn 0.19204 -0.64187 0.74237
vt 1 1
f 1630/1630/1630 1631/1631/1631 1632/1632/1632
usemtl green_off
v 0.74454 0.86182 0.73769
vn 0.19204 -0.64197 0.74229
vt 0 0
v 0.73983 0.86239 0.73918
vn 0.12988 -0.63443 0.76199
vt 1 0
v 0.73958 0.86180 0.73837
vn 0.00016 -0.93365 0.35820
vt 1 1
f 1633/1633/1633 1634/1634/1634 1635/1635/1635
usemtl green_off
v 0.74454 0.86182 0.73769
vn 0.19204 -0.64197 0.74229
vt 0 0
v 0.73958 0.86180 0.73837
vn 0.00016 -0.93365 0.35820
vt 1 0
v 0.74416 0.86124 0.73692
vn 0.00024 -0.93366 0.35817
vt 1 1
f 1636/1636/1636 1637/1637/1637 1638/1638/1638
usemtl green_off
v 0.74009 0.90171 0.72516
vn 0.25882 0.35159 0.89967
vt 0 0
v 0.74492 0.90112 0.72363
vn 0.38268 0.33656 0.86040
vt 1 0
v 0.74482 0.90197 0.72304
vn 0.33159 0.75254 0.56898
vt 1 1
f 1639/1639/1639 1640/1640/1640 1641/1641/1641
usemtl green_off
v 0.74009 0.90171 0.72516
vn 0.25882 0.35159 0.89967
vt 0 0
v 0.74482 0.90197 0.72304
vn 0.33159 0.75254 0.56898
vt 1 0
v 0.74002 0.90255 0.72456
vn 0.22427 0.76556 0.60301
vt 1 1
f 1642/1642/1642 1643/1643/1643 1644/1644/1644
usemtl green_off
v 0.74002 0.90255 0.72456
vn 0.22427 0.76562 0.60293
vt 0 0
v 0.74482 0.90197 0.72304
vn 0.33158 0.75259 0.56892
vt 1 0
v 0.74454 0.90241 0.72214
vn 0.19207 0.97356 0.12365
vt 1 1
f 1645/1645/1645 1646/1646/1646 1647/1647/1647
usemtl green_off
v 0.74002 0.90255 0.72456
vn 0.22427 0.76562 0.60293
vt 0 0
v 0.74454 0.90241 0.72214
vn 0.19207 0.97356 0.12365
vt 1 0
v 0.73983 0.90298 0.72363
vn 0.12993 0.98111 0.14335
vt 1 1
f 1648/1648/1648 1649/1649/1649 1650/1650/1650
usemtl green_off
v 0.73983 0.90298 0.72363
vn 0.12986 0.98112 0.14329
vt 0 0
v 0.74454 0.90241 0.72214
vn 0.19202 0.97358 0.12358
vt 1 0
v 0.74416 0.90233 0.72118
vn 0.00023 0.93406 -0.35711
vt 1 1
f 1651/1651/1651 1652/1652/1652 1653/1653/1653
usemtl green_off
v 0.73983 0.90298 0.72363
vn 0.12986 0.98112 0.14329
vt 0 0
v 0.74416 0.90233 0.72118
vn 0.00023 0.93406 -0.35711
vt 1 0
v 0.73958 0.90289 0.72263
vn 0.00015 0.93407 -0.35709
vt 1 1
f 1654/1654/1654 1655/1655/1655 1656/1656/1656
usemtl green_off
v 0.74009 0.86436 0.73946
vn 0.25880 0.33935 0.90436
vt 0 0
v 0.73509 0.86471 0.74039
vn 0.13051 0.34847 0.92819
vt 1 0
v 0.73506 0.86368 0.74050
vn 0.11308 -0.15898 0.98078
vt 1 1
f 1657/1657/1657 1658/1658/1658 1659/1659/1659
usemtl green_off
v 0.74009 0.86436 0.73946
vn 0.25880 0.33935 0.90436
vt 0 0
v 0.73506 0.86368 0.74050
vn 0.11308 -0.15898 0.98078
vt 1 0
v 0.74002 0.86333 0.73958
vn 0.22424 -0.16687 0.96014
vt 1 1
f 1660/1660/1660 1661/1661/1661 1662/1662/1662
usemtl green_off
v 0.74002 0.86333 0.73958
vn 0.22422 -0.16694 0.96013
vt 0 0
v 0.73506 0.86368 0.74050
vn 0.11308 -0.15903 0.98078
vt 1 0
v 0.73496 0.86274 0.74008
vn 0.06550 -0.62973 0.77405
vt 1 1
f 1663/1663/1663 1664/1664/1664 1665/1665/1665
usemtl green_off
v 0.74002 0.86333 0.73958
vn 0.22422 -0.16694 0.96013
vt 0 0
v 0.73496 0.86274 0.74008
vn 0.06550 -0.62973 0.77405
vt 1 0
v 0.73983 0.86239 0.73918
vn 0.12988 -0.63431 0.76209
vt 1 1
f 1666/1666/1666 1667/1667/1667 1668/1668/1668
usemtl green_off
v 0.73983 0.86239 0.73918
vn 0.12985 -0.63441 0.76201
vt 0 0
v 0.73496 0.86274 0.74008
vn 0.06546 -0.62983 0.77397
vt 1 0
v 0.73483 0.86213 0.73925
vn 0.00005 -0.93363 0.35823
vt 1 1
f 1669/1669/1669 1670/1670/1670 1671/1671/1671
usemtl green_off
v 0.73983 0.86239 0.73918
vn 0.12985 -0.63441 0.76201
vt 0 0
v 0.73483 0.86213 0.73925
vn 0.00005 -0.93363 0.35823
vt 1 0
v 0.73958 0.86180 0.73837
vn 0.00012 -0.93364 0.35822
vt 1 1
f 1672/1672/1672 1673/1673/1673 1674/1674/1674
usemtl green_off
v 0.73509 0.90207 0.72609
vn 0.13053 0.36072 0.92350
vt 0 0
v 0.74009 0.90171 0.72516
vn 0.25882 0.35159 0.89967
vt 1 0
v 0.74002 0.90255 0.72456
vn 0.22427 0.76556 0.60301
vt 1 1
f 1675/1675/1675 1676/1676/1676 1677/1677/1677
usemtl green_off
v 0.73509 0.90207 0.72609
vn 0.13053 0.36072 0.92350
vt 0 0
v 0.74002 0.90255 0.72456
vn 0.22427 0.76556 0.60301
vt 1 0
v 0.73506 0.90290 0.72548
vn 0.11311 0.77347 0.62366
vt 1 1
f 1678/1678/1678 1679/1679/1679 1680/1680/1680
usemtl green_off
v 0.73506 0.90290 0.72548
vn 0.11311 0.77353 0.62359
vt 0 0
v 0.74002 0.90255 0.72456
vn 0.22424 0.76562 0.60294
vt 1 0
v 0.73983 0.90298 0.72363
vn 0.12990 0.98111 0.14336
vt 1 1
f 1681/1681/1681 1682/1682/1682 1683/1683/1683
usemtl green_off
v 0.73506 0.90290 0.72548
vn 0.11311 0.77353 0.62359
vt 0 0
v 0.73983 0.90298 0.72363
vn 0.12990 0.98111 0.14336
vt 1 0
v 0.73496 0.90333 0.72454
vn 0.06552 0.98569 0.15531
vt 1 1
f 1684/1684/1684 1685/1685/1685 1686/1686/1686
usemtl green_off
v 0.73496 0.90333 0.72454
vn 0.06552 0.98570 0.15525
vt 0 0
v 0.73983 0.90298 0.72363
vn 0.12991 0.98112 0.14328
vt 1 0
v 0.73958 0.90289 0.72263
vn 0.00019 0.93407 -0.35709
vt 1 1
f 1687/1687/1687 1688/1688/1688 1689/1689/1689
usemtl green_off
v 0.73496 0.90333 0.72454
vn 0.06552 0.98570 0.15525
vt 0 0
v 0.73958 0.90289 0.72263
vn 0.00019 0.93407 -0.35709
vt 1 0
v 0.73483 0.90322 0.72352
vn 0.00012 0.93408 -0.35707
vt 1 1
f 1690/1690/1690 1691/1691/1691 1692/1692/1692
usemtl green_off
v 0.73509 0.86471 0.74039
vn 0.13051 0.34847 0.92819
vt 0 0
v 0.73000 0.86483 0.74070
vn -0.00001 0.35153 0.93618
vt 1 0
v 0.73000 0.86380 0.74081
vn -0.00001 -0.15633 0.98770
vt 1 1
f 1693/1693/1693 1694/1694/1694 1695/1695/1695
usemtl green_off
v 0.73509 0.86471 0.74039
vn 0.13051 0.34847 0.92819
vt 0 0
v 0.73000 0.86380 0.74081
vn -0.00001 -0.15633 0.98770
vt 1 0
v 0.73506 0.86368 0.74050
vn 0.11308 -0.15898 0.98078
vt 1 1
f 1696/1696/1696 1697/1697/1697 1698/1698/1698
usemtl green_off
v 0.73506 0.86368 0.74050
vn 0.11309 -0.15906 0.98077
vt 0 0
v 0.73000 0.86380 0.74081
vn 0.00001 -0.15641 0.98769
vt 1 0
v 0.73000 0.86286 0.74039
vn 0.00001 -0.62821 0.77804
vt 1 1
f 1699/1699/1699 1700/1700/1700 1701/1701/1701
usemtl green_off
v 0.73506 0.86368 0.74050
vn 0.11309 -0.15906 0.98077
vt 0 0
v 0.73000 0.86286 0.74039
vn 0.00001 -0.62821 0.77804
vt 1 0
v 0.73496 0.86274 0.74008
vn 0.06550 -0.62975 0.77403
vt 1 1
f 1702/1702/1702 1703/1703/1703 1704/1704/1704
usemtl green_off
v 0.73496 0.86274 0.74008
vn 0.06549 -0.62980 0.77399
vt 0 0
v 0.73000 0.86286 0.74039
vn -0.00001 -0.62827 0.77800
vt 1 0
v 0.73000 0.86225 0.73955
vn -0.00001 -0.93362 0.35827
vt 1 1
f 1705/1705/1705 1706/1706/1706 1707/1707/1707
usemtl green_off
v 0.73496 0.86274 0.74008
vn 0.06549 -0.62980 0.77399
vt 0 0
v 0.73000 0.86225 0.73955
vn -0.00001 -0.93362 0.35827
vt 1 0
v 0.73483 0.86213 0.73925
vn 0.00008 -0.93362 0.35827
vt 1 1
f 1708/1708/1708 1709/1709/1709 1710/1710/1710
usemtl green_off
v 0.73000 0.90219 0.72640
vn 0.00004 0.36378 0.93148
vt 0 0
v 0.73509 0.90207 0.72609
vn 0.13053 0.36072 0.92350
vt 1 0
v 0.73506 0.90290 0.72548
vn 0.11311 0.77347 0.62366
vt 1 1
f 1711/1711/1711 1712/1712/1712 1713/1713/1713
usemtl green_off
v 0.73000 0.90219 0.72640
vn 0.00004 0.36378 0.93148
vt 0 0
v 0.73506 0.90290 0.72548
vn 0.11311 0.77347 0.62366
vt 1 0
v 0.73000 0.90302 0.72579
vn 0.00001 0.77613 0.63057
vt 1 1
f 1714/1714/1714 1715/1715/1715 1716/1716/1716
usemtl green_off
v 0.73000 0.90302 0.72579
vn 0.00000 0.77616 0.63054
vt 0 0
v 0.73506 0.90290 0.72548
vn 0.11308 0.77351 0.62361
vt 1 0
v 0.73496 0.90333 0.72454
vn 0.06549 0.98569 0.15535
vt 1 1
f 1717/1717/1717 1718/1718/1718 1719/1719/1719
usemtl green_off
v 0.73000 0.90302 0.72579
vn 0.00000 0.77616 0.63054
vt 0 0
v 0.73496 0.90333 0.72454
vn 0.06549 0.98569 0.15535
vt 1 0
v 0.73000 0.90344 0.72484
vn 0.00000 0.98722 0.15935
vt 1 1
f 1720/1720/1720 1721/1721/1721 1722/1722/1722
usemtl green_off
v 0.73000 0.90344 0.72484
vn -0.00001 0.98724 0.15926
vt 0 0
v 0.73496 0.90333 0.72454
vn 0.06549 0.98570 0.15525
vt 1 0
v 0.73483 0.90322 0.72352
vn 0.00008 0.93408 -0.35706
vt 1 1
f 1723/1723/1723 1724/1724/1724 1725/1725/1725
usemtl green_off
v 0.73000 0.90344 0.72484
vn -0.00001 0.98724 0.15926
vt 0 0
v 0.73483 0.90322 0.72352
vn 0.00008 0.93408 -0.35706
vt 1 0
v 0.73000 0.90334 0.72381
vn -0.00001 0.93408 -0.35706
vt 1 1
f 1726/1726/1726 1727/1727/1727 1728/1728/1728
usemtl green_off
v 0.73483 0.86213 0.73925
vn 0.00009 -0.93361 0.35829
vt 0 0
v 0.73000 0.86225 0.73955
vn -0.00000 -0.93361 0.35829
vt 1 0
v 0.72517 0.86213 0.73925
vn -0.00009 -0.93361 0.35829
vt 1 1
f 1729/1729/1729 1730/1730/1730 1731/1731/1731
usemtl green_off
v 0.72517 0.86213 0.73925
vn -0.00009 -0.93361 0.35829
vt 0 0
v 0.72042 0.86180 0.73837
vn -0.00017 -0.93362 0.35827
vt 1 0
v 0.71584 0.86124 0.73692
vn -0.00026 -0.93363 0.35824
vt 1 1
f 1732/1732/1732 1733/1733/1733 1734/1734/1734
usemtl green_off
v 0.71584 0.86124 0.73692
vn -0.00026 -0.93363 0.35824
vt 0 0
v 0.71150 0.86047 0.73492
vn -0.00034 -0.93364 0.35821
vt 1 0
v 0.70748 0.85951 0.73241
vn -0.00041 -0.93366 0.35816
vt 1 1
f 1735/1735/1735 1736/1736/1736 1737/1737/1737
usemtl green_off
v 0.70748 0.85951 0.73241
vn -0.00041 -0.93366 0.35816
vt 0 0
v 0.70384 0.85837 0.72943
vn -0.00047 -0.93368 0.35811
vt 1 0
v 0.70065 0.85707 0.72603
vn -0.00053 -0.93370 0.35805
vt 1 1
f 1738/1738/1738 1739/1739/1739 1740/1740/1740
usemtl green_off
v 0.70065 0.85707 0.72603
vn -0.00053 -0.93370 0.35805
vt 0 0
v 0.69796 0.85563 0.72227
vn -0.00058 -0.93373 0.35798
vt 1 0
v 0.69582 0.85408 0.71822
vn -0.00062 -0.93376 0.35790
vt 1 1
f 1741/1741/1741 1742/1742/1742 1743/1743/1743
usemtl green_off
v 0.69582 0.85408 0.71822
vn -0.00062 -0.93376 0.35790
vt 0 0
v 0.69426 0.85244 0.71394
vn -0.00065 -0.93379 0.35783
vt 1 0
v 0.69332 0.85074 0.70951
vn -0.00067 -0.93382 0.35775
vt 1 1
f 1744/1744/1744 1745/1745/1745 1746/1746/1746
usemtl green_off
v 0.69332 0.85074 0.70951
vn -0.00067 -0.93382 0.35775
vt 0 0
v 0.69300 0.84901 0.70500
vn -0.00067 -0.93385 0.35766
vt 1 0
v 0.69332 0.84729 0.70049
vn -0.00067 -0.93388 0.35758
vt 1 1
f 1747/1747/1747 1748/1748/1748 1749/1749/1749
usemtl green_off
v 0.69332 0.84729 0.70049
vn -0.00067 -0.93388 0.35758
vt 0 0
v 0.69426 0.84559 0.69606
vn -0.00065 -0.93391 0.35750
vt 1 0
v 0.69582 0.84395 0.69178
vn -0.00062 -0.93394 0.35742
vt 1 1
f 1750/1750/1750 1751/1751/1751 1752/1752/1752
usemtl green_off
v 0.69582 0.84395 0.69178
vn -0.00062 -0.93394 0.35742
vt 0 0
v 0.69796 0.84240 0.68773
vn -0.00058 -0.93397 0.35735
vt 1 0
v 0.70065 0.84096 0.68397
vn -0.00053 -0.93400 0.35728
vt 1 1
f 1753/1753/1753 1754/1754/1754 1755/1755/1755
usemtl green_off
v 0.70065 0.84096 0.68397
vn -0.00053 -0.93400 0.35728
vt 0 0
v 0.70384 0.83966 0.68057
vn -0.00047 -0.93402 0.35722
vt 1 0
v 0.70748 0.83852 0.67759
vn -0.00041 -0.93404 0.35717
vt 1 1
f 1756/1756/1756 1757/1757/1757 1758/1758/1758
usemtl green_off
v 0.70748 0.83852 0.67759
vn -0.00041 -0.93404 0.35717
vt 0 0
v 0.71150 0.83756 0.67508
vn -0.00034 -0.93406 0.35712
vt 1 0
v 0.71584 0.83679 0.67308
vn -0.00026 -0.93407 0.35708
vt 1 1
f 1759/1759/1759 1760/1760/1760 1761/1761/1761
usemtl green_off
v 0.71584 0.83679 0.67308
vn -0.00026 -0.93407 0.35708
vt 0 0
v 0.72042 0.83623 0.67163
vn -0.00017 -0.93408 0.35706
vt 1 0
v 0.72517 0.83590 0.67075
vn -0.00009 -0.93409 0.35704
vt 1 1
f 1762/1762/1762 1763/1763/1763 1764/1764/1764
usemtl green_off
v 0.72517 0.83590 0.67075
vn -0.00009 -0.93409 0.35704
vt 0 0
v 0.73000 0.83578 0.67045
vn -0.00000 -0.93409 0.35704
vt 1 0
v 0.73483 0.83590 0.67075
vn 0.00009 -0.93409 0.35704
vt 1 1
f 1765/1765/1765 1766/1766/1766 1767/1767/1767
usemtl green_off
v 0.73483 0.83590 0.67075
vn 0.00009 -0.93409 0.35704
vt 0 0
v 0.73958 0.83623 0.67163
vn 0.00017 -0.93408 0.35706
vt 1 0
v 0.74416 0.83679 0.67308
vn 0.00026 -0.93407 0.35708
vt 1 1
f 1768/1768/1768 1769/1769/1769 1770/1770/1770
usemtl green_off
v 0.74416 0.83679 0.67308
vn 0.00026 -0.93407 0.35708
vt 0 0
v 0.74850 0.83756 0.67508
vn 0.00034 -0.93406 0.35712
vt 1 0
v 0.75252 0.83852 0.67759
vn 0.00041 -0.93404 0.35717
vt 1 1
f 1771/1771/1771 1772/1772/1772 1773/1773/1773
usemtl green_off
v 0.75252 0.83852 0.67759
vn 0.00041 -0.93404 0.35717
vt 0 0
v 0.75616 0.83966 0.68057
vn 0.00047 -0.93402 0.35722
vt 1 0
v 0.75935 0.84096 0.68397
vn 0.00053 -0.93400 0.35728
vt 1 1
f 1774/1774/1774 1775/1775/1775 1776/1776/1776
usemtl green_off
v 0.75935 0.84096 0.68397
vn 0.00053 -0.93400 0.35728
vt 0 0
v 0.76204 0.84240 0.68773
vn 0.00058 -0.93397 0.35735
vt 1 0
v 0.76418 0.84395 0.69178
vn 0.00062 -0.93394 0.35742
vt 1 1
f 1777/1777/1777 1778/1778/1778 1779/1779/1779
usemtl green_off
v 0.76418 0.84395 0.69178
vn 0.00062 -0.93394 0.35742
vt 0 0
v 0.76574 0.84559 0.69606
vn 0.00065 -0.93391 0.35750
vt 1 0
v 0.76668 0.84729 0.70049
vn 0.00067 -0.93388 0.35758
vt 1 1
f 1780/1780/1780 1781/1781/1781 1782/1782/1782
usemtl green_off
v 0.76668 0.84729 0.70049
vn 0.00067 -0.93388 0.35758
vt 0 0
v 0.76700 0.84901 0.70500
vn 0.00067 -0.93385 0.35766
vt 1 0
v 0.76668 0.85074 0.70951
vn 0.00067 -0.93382 0.35775
vt 1 1
f 1783/1783/1783 1784/1784/1784 1785/1785/1785
usemtl green_off
v 0.76668 0.85074 0.70951
vn 0.00067 -0.93382 0.35775
vt 0 0
v 0.76574 0.85244 0.71394
vn 0.00065 -0.93379 0.35783
vt 1 0
v 0.76418 0.85408 0.71822
vn 0.00062 -0.93376 0.35790
vt 1 1
f 1786/1786/1786 1787/1787/1787 1788/1788/1788
usemtl green_off
v 0.76418 0.85408 0.71822
vn 0.00062 -0.93376 0.35790
vt 0 0
v 0.76204 0.85563 0.72227
vn 0.00058 -0.93373 0.35798
vt 1 0
v 0.75935 0.85707 0.72603
vn 0.00053 -0.93370 0.35805
vt 1 1
f 1789/1789/1789 1790/1790/1790 1791/1791/1791
usemtl green_off
v 0.75935 0.85707 0.72603
vn 0.00053 -0.93370 0.35805
vt 0 0
v 0.75616 0.85837 0.72943
vn 0.00047 -0.93368 0.35811
vt 1 0
v 0.75252 0.85951 0.73241
vn 0.00041 -0.93366 0.35816
vt 1 1
f 1792/1792/1792 1793/1793/1793 1794/1794/1794
usemtl green_off
v 0.75252 0.85951 0.73241
vn 0.00041 -0.93366 0.35816
vt 0 0
v 0.74850 0.86047 0.73492
vn 0.00034 -0.93364 0.35821
vt 1 0
v 0.74416 0.86124 0.73692
vn 0.00026 -0.93363 0.35824
vt 1 1
f 1795/1795/1795 1796/1796/1796 1797/1797/1797
usemtl green_off
v 0.74416 0.86124 0.73692
vn 0.00026 -0.93363 0.35824
vt 0 0
v 0.73958 0.86180 0.73837
vn 0.00017 -0.93362 0.35827
vt 1 0
v 0.73483 0.86213 0.73925
vn 0.00009 -0.93361 0.35829
vt 1 1
f 1798/1798/1798 1799/1799/1799 1800/1800/1800
usemtl green_off
v 0.73483 0.86213 0.73925
vn 0.00009 -0.93361 0.35829
vt 0 0
v 0.72517 0.86213 0.73925
vn -0.00009 -0.93361 0.35829
vt 1 0
v 0.71584 0.86124 0.73692
vn -0.00026 -0.93363 0.35824
vt 1 1
f 1801/1801/1801 1802/1802/1802 1803/1803/1803
usemtl green_off
v 0.71584 0.86124 0.73692
vn -0.00026 -0.93363 0.35824
vt 0 0
v 0.70748 0.85951 0.73241
vn -0.00041 -0.93366 0.35816
vt 1 0
v 0.70065 0.85707 0.72603
vn -0.00053 -0.93370 0.35805
vt 1 1
f 1804/1804/1804 1805/1805/1805 1806/1806/1806
usemtl green_off
v 0.70065 0.85707 0.72603
vn -0.00053 -0.93370 0.35805
vt 0 0
v 0.69582 0.85408 0.71822
vn -0.00062 -0.93376 0.35790
vt 1 0
v 0.69332 0.85074 0.70951
vn -0.00067 -0.93382 0.35775
vt 1 1
f 1807/1807/1807 1808/1808/1808 1809/1809/1809
usemtl green_off
v 0.69332 0.85074 0.70951
vn -0.00067 -0.93382 0.35775
vt 0 0
v 0.69332 0.84729 0.70049
vn -0.00067 -0.93388 0.35758
vt 1 0
v 0.69582 0.84395 0.69178
vn -0.00062 -0.93394 0.35742
vt 1 1
f 1810/1810/1810 1811/1811/1811 1812/1812/1812
usemtl green_off
v 0.69582 0.84395 0.69178
vn -0.00062 -0.93394 0.35742
vt 0 0
v 0.70065 0.84096 0.68397
vn -0.00053 -0.93400 0.35728
vt 1 0
v 0.70748 0.83852 0.67759
vn -0.00041 -0.93404 0.35717
vt 1 1
f 1813/1813/1813 1814/1814/1814 1815/1815/1815
usemtl green_off
v 0.70748 0.83852 0.67759
vn -0.00041 -0.93404 0.35717
vt 0 0
v 0.71584 0.83679 0.67308
vn -0.00026 -0.93407 0.35708
vt 1 0
v 0.72517 0.83590 0.67075
vn -0.00009 -0.93409 0.35704
vt 1 1
f 1816/1816/1816 1817/1817/1817 1818/1818/1818
usemtl green_off
v 0.72517 0.83590 0.67075
vn -0.00009 -0.93409 0.35704
vt 0 0
v 0.73483 0.83590 0.67075
vn 0.00009 -0.93409 0.35704
vt 1 0
v 0.74416 0.83679 0.67308
vn 0.00026 -0.93407 0.35708
vt 1 1
f 1819/1819/1819 1820/1820/1820 1821/1821/1821
usemtl green_off
v 0.74416 0.83679 0.67308
vn 0.00026 -0.93407 0.35708
vt 0 0
v 0.75252 0.83852 0.67759
vn 0.00041 -0.93404 0.35717
vt 1 0
v 0.75935 0.84096 0.68397
vn 0.00053 -0.93400 0.35728
vt 1 1
f 1822/1822/1822 1823/1823/1823 1824/1824/1824
usemtl green_off
v 0.75935 0.84096 0.68397
vn 0.00053 -0.93400 0.35728
vt 0 0
v 0.76418 0.84395 0.69178
vn 0.00062 -0.93394 0.35742
vt 1 0
v 0.76668 0.84729 0.70049
vn 0.00067 -0.93388 0.35758
vt 1 1
f 1825/1825/1825 1826/1826/1826 1827/1827/1827
usemtl green_off
v 0.76668 0.84729 0.70049
vn 0.00067 -0.93388 0.35758
vt 0 0
v 0.76668 0.85074 0.70951
vn 0.00067 -0.93382 0.35775
vt 1 0
v 0.76418 0.85408 0.71822
vn 0.00062 -0.93376 0.35790
vt 1 1
f 1828/1828/1828 1829/1829/1829 1830/1830/1830
usemtl green_off
v 0.76418 0.85408 0.71822
vn 0.00062 -0.93376 0.35790
vt 0 0
v 0.75935 0.85707 0.72603
vn 0.00053 -0.93370 0.35805
vt 1 0
v 0.75252 0.85951 0.73241
vn 0.00041 -0.93366 0.35816
vt 1 1
f 1831/1831/1831 1832/1832/1832 1833/1833/1833
usemtl green_off
v 0.75252 0.85951 0.73241
vn 0.00041 -0.93366 0.35816
vt 0 0
v 0.74416 0.86124 0.73692
vn 0.00026 -0.93363 0.35824
vt 1 0
v 0.73483 0.86213 0.73925
vn 0.00009 -0.93361 0.35829
vt 1 1
f 1834/1834/1834 1835/1835/1835 1836/1836/1836
usemtl green_off
v 0.73483 0.86213 0.73925
vn 0.00009 -0.93361 0.35829
vt 0 0
v 0.71584 0.86124 0.73692
vn -0.00026 -0.93363 0.35824
vt 1 0
v 0.70065 0.85707 0.72603
vn -0.00053 -0.93370 0.35805
vt 1 1
f 1837/1837/1837 1838/1838/1838 1839/1839/1839
usemtl green_off
v 0.70065 0.85707 0.72603
vn -0.00053 -0.93370 0.35805
vt 0 0
v 0.69332 0.85074 0.70951
vn -0.00067 -0.93382 0.35775
vt 1 0
v 0.69582 0.84395 0.69178
vn -0.00062 -0.93394 0.35742
vt 1 1
f 1840/1840/1840 1841/1841/1841 1842/1842/1842
usemtl green_off
v 0.69582 0.84395 0.69178
vn -0.00062 -0.93394 0.35742
vt 0 0
v 0.70748 0.83852 0.67759
vn -0.00041 -0.93404 0.35717
vt 1 0
v 0.72517 0.83590 0.67075
vn -0.00009 -0.93409 0.35704
vt 1 1
f 1843/1843/1843 1844/1844/1844 1845/1845/1845
usemtl green_off
v 0.72517 0.83590 0.67075
vn -0.00009 -0.93409 0.35704
vt 0 0
v 0.74416 0.83679 0.67308
vn 0.00026 -0.93407 0.35708
vt 1 0
v 0.75935 0.84096 0.68397
vn 0.00053 -0.93400 0.35728
vt 1 1
f 1846/1846/1846 1847/1847/1847 1848/1848/1848
usemtl green_off
v 0.75935 0.84096 0.68397
vn 0.00053 -0.93400 0.35728
vt 0 0
v 0.76668 0.84729 0.70049
vn 0.00067 -0.93388 0.35758
vt 1 0
v 0.76418 0.85408 0.71822
vn 0.00062 -0.93376 0.35790
vt 1 1
f 1849/1849/1849 1850/1850/1850 1851/1851/1851
usemtl green_off
v 0.76418 0.85408 0.71822
vn 0.00062 -0.93376 0.35790
vt 0 0
v 0.75252 0.85951 0.73241
vn 0.00041 -0.93366 0.35816
vt 1 0
v 0.73483 0.86213 0.73925
vn 0.00009 -0.93361 0.35829
vt 1 1
f 1852/1852/1852 1853/1853/1853 1854/1854/1854
usemtl green_off
v 0.73483 0.86213 0.73925
vn 0.00009 -0.93361 0.35829
vt 0 0
v 0.70065 0.85707 0.72603
vn -0.00053 -0.93370 0.35805
vt 1 0
v 0.69582 0.84395 0.69178
vn -0.00062 -0.93394 0.35742
vt 1 1
f 1855/1855/1855 1856/1856/1856 1857/1857/1857
usemtl green_off
v 0.69582 0.84395 0.69178
vn -0.00062 -0.93394 0.35742
vt 0 0
v 0.72517 0.83590 0.67075
vn -0.00009 -0.93409 0.35704
vt 1 0
v 0.75935 0.84096 0.68397
vn 0.00053 -0.93400 0.35728
vt 1 1
f 1858/1858/1858 1859/1859/1859 1860/1860/1860
usemtl green_off
v 0.75935 0.84096 0.68397
vn 0.00053 -0.93400 0.35728
vt 0 0
v 0.76418 0.85408 0.71822
vn 0.00062 -0.93376 0.35790
vt 1 0
v 0.73483 0.86213 0.73925
vn 0.00009 -0.93361 0.35829
vt 1 1
f 1861/1861/1861 1862/1862/1862 1863/1863/1863
usemtl green_off
v 0.69582 0.84395 0.69178
vn -0.00062 -0.93394 0.35742
vt 0 0
v 0.75935 0.84096 0.68397
vn 0.00053 -0.93400 0.35728
vt 1 0
v 0.73483 0.86213 0.73925
vn 0.00009 -0.93361 0.35829
vt 1 1
f 1864/1864/1864 1865/1865/1865 1866/1866/1866
usemtl green_off
v 0.73000 0.86483 0.74070
vn -0.00001 0.35153 0.93618
vt 0 0
v 0.73000 0.90219 0.72640
vn 0.00004 0.36378 0.93148
vt 1 0
v 0.72491 0.90207 0.72609
vn -0.13052 0.36072 0.92350
vt 1 1
f 1867/1867/1867 1868/1868/1868 1869/1869/1869
usemtl green_off
v 0.73000 0.86483 0.74070
vn -0.00001 0.35153 0.93618
vt 0 0
v 0.72491 0.90207 0.72609
vn -0.13052 0.36072 0.92350
vt 1 0
v 0.72491 0.86471 0.74039
vn -0.13054 0.34847 0.92819
vt 1 1
f 1870/1870/1870 1871/1871/1871 1872/1872/1872
usemtl green_off
v 0.73509 0.86471 0.74039
vn 0.13051 0.34847 0.92819
vt 0 0
v 0.73509 0.90207 0.72609
vn 0.13053 0.36072 0.92350
vt 1 0
v 0.73000 0.90219 0.72640
vn 0.00004 0.36378 0.93148
vt 1 1
f 1873/1873/1873 1874/1874/1874 1875/1875/1875
usemtl green_off
v 0.73509 0.86471 0.74039
vn 0.13051 0.34847 0.92819
vt 0 0
v 0.73000 0.90219 0.72640
vn 0.00004 0.36378 0.93148
vt 1 0
v 0.73000 0.86483 0.74070
vn -0.00001 0.35153 0.93618
vt 1 1
f 1876/1876/1876 1877/1877/1877 1878/1878/1878
usemtl green_off
v 0.72042 0.90289 0.72263
vn -0.00017 0.93408 -0.35706
vt 0 0
v 0.72517 0.90322 0.72352
vn -0.00009 0.93409 -0.35704
vt 1 0
v 0.73000 0.90334 0.72381
vn 0.00000 0.93409 -0.35704
vt 1 1
f 1879/1879/1879 1880/1880/1880 1881/1881/1881
usemtl green_off
v 0.73000 0.90334 0.72381
vn 0.00000 0.93409 -0.35704
vt 0 0
v 0.73483 0.90322 0.72352
vn 0.00009 0.93409 -0.35704
vt 1 0
v 0.73958 0.90289 0.72263
vn 0.00017 0.93408 -0.35706
vt 1 1
f 1882/1882/1882 1883/1883/1883 1884/1884/1884
usemtl green_off
v 0.73958 0.90289 0.72263
vn 0.00017 0.93408 -0.35706
vt 0 0
v 0.74416 0.90233 0.72118
vn 0.00026 0.93407 -0.35708
vt 1 0
v 0.74850 0.90156 0.71918
vn 0.00034 0.93406 -0.35712
vt 1 1
f 1885/1885/1885 1886/1886/1886 1887/1887/1887
usemtl green_off
v 0.74850 0.90156 0.71918
vn 0.00034 0.93406 -0.35712
vt 0 0
v 0.75252 0.90060 0.71667
vn 0.00041 0.93404 -0.35717
vt 1 0
v 0.75616 0.89946 0.71369
vn 0.00048 0.93402 -0.35722
vt 1 1
f 1888/1888/1888 1889/1889/1889 1890/1890/1890
usemtl green_off
v 0.75616 0.89946 0.71369
vn 0.00048 0.93402 -0.35722
vt 0 0
v 0.75935 0.89816 0.71029
vn 0.00053 0.93400 -0.35728
vt 1 0
v 0.76204 0.89672 0.70654
vn 0.00058 0.93397 -0.35735
vt 1 1
f 1891/1891/1891 1892/1892/1892 1893/1893/1893
usemtl green_off
v 0.76204 0.89672 0.70654
vn 0.00058 0.93397 -0.35735
vt 0 0
v 0.76418 0.89517 0.70248
vn 0.00062 0.93394 -0.35742
vt 1 0
v 0.76574 0.89353 0.69820
vn 0.00065 0.93391 -0.35750
vt 1 1
f 1894/1894/1894 1895/1895/1895 1896/1896/1896
usemtl green_off
v 0.76574 0.89353 0.69820
vn 0.00065 0.93391 -0.35750
vt 0 0
v 0.76668 0.89183 0.69377
vn 0.00067 0.93388 -0.35758
vt 1 0
v 0.76700 0.89010 0.68926
vn 0.00067 0.93385 -0.35766
vt 1 1
f 1897/1897/1897 1898/1898/1898 1899/1899/1899
usemtl green_off
v 0.76700 0.89010 0.68926
vn 0.00067 0.93385 -0.35766
vt 0 0
v 0.76668 0.88838 0.68475
vn 0.00067 0.93382 -0.35775
vt 1 0
v 0.76574 0.88668 0.68032
vn 0.00065 0.93379 -0.35783
vt 1 1
f 1900/1900/1900 1901/1901/1901 1902/1902/1902
usemtl green_off
v 0.76574 0.88668 0.68032
vn 0.00065 0.93379 -0.35783
vt 0 0
v 0.76418 0.88504 0.67604
vn 0.00062 0.93376 -0.35790
vt 1 0
v 0.76204 0.88349 0.67199
vn 0.00058 0.93373 -0.35798
vt 1 1
f 1903/1903/1903 1904/1904/1904 1905/1905/1905
usemtl green_off
v 0.76204 0.88349 0.67199
vn 0.00058 0.93373 -0.35798
vt 0 0
v 0.75935 0.88205 0.66823
vn 0.00053 0.93370 -0.35805
vt 1 0
v 0.75616 0.88075 0.66483
vn 0.00048 0.93368 -0.35811
vt 1 1
f 1906/1906/1906 1907/1907/1907 1908/1908/1908
usemtl green_off
v 0.75616 0.88075 0.66483
vn 0.00048 0.93368 -0.35811
vt 0 0
v 0.75252 0.87961 0.66185
vn 0.00041 0.93366 -0.35816
vt 1 0
v 0.74850 0.87865 0.65934
vn 0.00034 0.93364 -0.35821
vt 1 1
f 1909/1909/1909 1910/1910/1910 1911/1911/1911
usemtl green_off
v 0.74850 0.87865 0.65934
vn 0.00034 0.93364 -0.35821
vt 0 0
v 0.74416 0.87788 0.65734
vn 0.00026 0.93363 -0.35824
vt 1 0
v 0.73958 0.87732 0.65589
vn 0.00017 0.93362 -0.35827
vt 1 1
f 1912/1912/1912 1913/1913/1913 1914/1914/1914
usemtl green_off
v 0.73958 0.87732 0.65589
vn 0.00017 0.93362 -0.35827
vt 0 0
v 0.73483 0.87699 0.65501
vn 0.00009 0.93361 -0.35829
vt 1 0
v 0.73000 0.87687 0.65471
vn 0.00000 0.93361 -0.35829
vt 1 1
f 1915/1915/1915 1916/1916/1916 1917/1917/1917
usemtl green_off
v 0.73000 0.87687 0.65471
vn 0.00000 0.93361 -0.35829
vt 0 0
v 0.72517 0.87699 0.65501
vn -0.00009 0.93361 -0.35829
vt 1 0
v 0.72042 0.87732 0.65589
vn -0.00017 0.93362 -0.35827
vt 1 1
f 1918/1918/1918 1919/1919/1919 1920/1920/1920
usemtl green_off
v 0.72042 0.87732 0.65589
vn -0.00017 0.93362 -0.35827
vt 0 0
v 0.71584 0.87788 0.65734
vn -0.00026 0.93363 -0.35824
vt 1 0
v 0.71150 0.87865 0.65934
vn -0.00033 0.93364 -0.35821
vt 1 1
f 1921/1921/1921 1922/1922/1922 1923/1923/1923
usemtl green_off
v 0.71150 0.87865 0.65934
vn -0.00033 0.93364 -0.35821
vt 0 0
v 0.70748 0.87961 0.66185
vn -0.00041 0.93366 -0.35816
vt 1 0
v 0.70384 0.88075 0.66483
vn -0.00047 0.93368 -0.35811
vt 1 1
f 1924/1924/1924 1925/1925/1925 1926/1926/1926
usemtl green_off
v 0.70384 0.88075 0.66483
vn -0.00047 0.93368 -0.35811
vt 0 0
v 0.70065 0.88205 0.66823
vn -0.00053 0.93370 -0.35805
vt 1 0
v 0.69796 0.88349 0.67199
vn -0.00058 0.93373 -0.35798
vt 1 1
f 1927/1927/1927 1928/1928/1928 1929/1929/1929
usemtl green_off
v 0.69796 0.88349 0.67199
vn -0.00058 0.93373 -0.35798
vt 0 0
v 0.69582 0.88504 0.67604
vn -0.00062 0.93376 -0.35790
vt 1 0
v 0.69426 0.88668 0.68032
vn -0.00065 0.93379 -0.35783
vt 1 1
f 1930/1930/1930 1931/1931/1931 1932/1932/1932
usemtl green_off
v 0.69426 0.88668 0.68032
vn -0.00065 0.93379 -0.35783
vt 0 0
v 0.69332 0.88838 0.68475
vn -0.00066 0.93382 -0.35775
vt 1 0
v 0.69300 0.89010 0.68926
vn -0.00067 0.93385 -0.35766
vt 1 1
f 1933/1933/1933 1934/1934/1934 1935/1935/1935
usemtl green_off
v 0.69300 0.89010 0.68926
vn -0.00067 0.93385 -0.35766
vt 0 0
v 0.69332 0.89183 0.69377
vn -0.00066 0.93388 -0.35758
vt 1 0
v 0.69426 0.89353 0.69820
vn -0.00065 0.93391 -0.35750
vt 1 1
f 1936/1936/1936 1937/1937/1937 1938/1938/1938
usemtl green_off
v 0.69426 0.89353 0.69820
vn -0.00065 0.93391 -0.35750
vt 0 0
v 0.69582 0.89517 0.70248
vn -0.00062 0.93394 -0.35742
vt 1 0
v 0.69796 0.89672 0.70654
vn -0.00058 0.93397 -0.35735
vt 1 1
f 1939/1939/1939 1940/1940/1940 1941/1941/1941
usemtl green_off
v 0.69796 0.89672 0.70654
vn -0.00058 0.93397 -0.35735
vt 0 0
v 0.70065 0.89816 0.71029
vn -0.00053 0.93400 -0.35728
vt 1 0
v 0.70384 0.89946 0.71369
vn -0.00047 0.93402 -0.35722
vt 1 1
f 1942/1942/1942 1943/1943/1943 1944/1944/1944
usemtl green_off
v 0.70384 0.89946 0.71369
vn -0.00047 0.93402 -0.35722
vt 0 0
v 0.70748 0.90060 0.71667
vn -0.00041 0.93404 -0.35717
vt 1 0
v 0.71150 0.90156 0.71918
vn -0.00033 0.93406 -0.35712
vt 1 1
f 1945/1945/1945 1946/1946/1946 1947/1947/1947
usemtl green_off
v 0.71150 0.90156 0.71918
vn -0.00033 0.93406 -0.35712
vt 0 0
v 0.71584 0.90233 0.72118
vn -0.00026 0.93407 -0.35708
vt 1 0
v 0.72042 0.90289 0.72263
vn -0.00017 0.93408 -0.35706
vt 1 1
f 1948/1948/1948 1949/1949/1949 1950/1950/1950
usemtl green_off
v 0.72042 0.90289 0.72263
vn -0.00017 0.93408 -0.35706
vt 0 0
v 0.73000 0.90334 0.72381
vn 0.00000 0.93409 -0.35704
vt 1 0
v 0.73958 0.90289 0.72263
vn 0.00017 0.93408 -0.35706
vt 1 1
f 1951/1951/1951 1952/1952/1952 1953/1953/1953
usemtl green_off
v 0.73958 0.90289 0.72263
vn 0.00017 0.93408 -0.35706
vt 0 0
v 0.74850 0.90156 0.71918
vn 0.00034 0.93406 -0.35712
vt 1 0
v 0.75616 0.89946 0.71369
vn 0.00048 0.93402 -0.35722
vt 1 1
f 1954/1954/1954 1955/1955/1955 1956/1956/1956
usemtl green_off
v 0.75616 0.89946 0.71369
vn 0.00048 0.93402 -0.35722
vt 0 0
v 0.76204 0.89672 0.70654
vn 0.00058 0.93397 -0.35735
vt 1 0
v 0.76574 0.89353 0.69820
vn 0.00065 0.93391 -0.35750
vt 1 1
f 1957/1957/1957 1958/1958/1958 1959/1959/1959
usemtl green_off
v 0.76574 0.89353 0.69820
vn 0.00065 0.93391 -0.35750
vt 0 0
v 0.76700 0.89010 0.68926
vn 0.00067 0.93385 -0.35766
vt 1 0
v 0.76574 0.88668 0.68032
vn 0.00065 0.93379 -0.35783
vt 1 1
f 1960/1960/1960 1961/1961/1961 1962/1962/1962
usemtl green_off
v 0.76574 0.88668 0.68032
vn 0.00065 0.93379 -0.35783
vt 0 0
v 0.76204 0.88349 0.67199
vn 0.00058 0.93373 -0.35798
vt 1 0
v 0.75616 0.88075 0.66483
vn 0.00048 0.93368 -0.35811
vt 1 1
f 1963/1963/1963 1964/1964/1964 1965/1965/1965
usemtl green_off
v 0.75616 0.88075 0.66483
vn 0.00048 0.93368 -0.35811
vt 0 0
v 0.74850 0.87865 0.65934
vn 0.00034 0.93364 -0.35821
vt 1 0
v 0.73958 0.87732 0.65589
vn 0.00017 0.93362 -0.35827
vt 1 1
f 1966/1966/1966 1967/1967/1967 1968/1968/1968
usemtl green_off
v 0.73958 0.87732 0.65589
vn 0.00017 0.93362 -0.35827
vt 0 0
v 0.73000 0.87687 0.65471
vn 0.00000 0.93361 -0.35829
vt 1 0
v 0.72042 0.87732 0.65589
vn -0.00017 0.93362 -0.35827
vt 1 1
f 1969/1969/1969 1970/1970/1970 1971/1971/1971
usemtl green_off
v 0.72042 0.87732 0.65589
vn -0.00017 0.93362 -0.35827
vt 0 0
v 0.71150 0.87865 0.65934
vn -0.00033 0.93364 -0.35821
vt 1 0
v 0.70384 0.88075 0.66483
vn -0.00047 0.93368 -0.35811
vt 1 1
f 1972/1972/1972 1973/1973/1973 1974/1974/1974
usemtl green_off
v 0.70384 0.88075 0.66483
vn -0.00047 0.93368 -0.35811
vt 0 0
v 0.69796 0.88349 0.67199
vn -0.00058 0.93373 -0.35798
vt 1 0
v 0.69426 0.88668 0.68032
vn -0.00065 0.93379 -0.35783
vt 1 1
f 1975/1975/1975 1976/1976/1976 1977/1977/1977
usemtl green_off
v 0.69426 0.88668 0.68032
vn -0.00065 0.93379 -0.35783
vt 0 0
v 0.69300 0.89010 0.68926
vn -0.00067 0.93385 -0.35766
vt 1 0
v 0.69426 0.89353 0.69820
vn -0.00065 0.93391 -0.35750
vt 1 1
f 1978/1978/1978 1979/1979/1979 1980/1980/1980
usemtl green_off
v 0.69426 0.89353 0.69820
vn -0.00065 0.93391 -0.35750
vt 0 0
v 0.69796 0.89672 0.70654
vn -0.00058 0.93397 -0.35735
vt 1 0
v 0.70384 0.89946 0.71369
vn -0.00047 0.93402 -0.35722
vt 1 1
f 1981/1981/1981 1982/1982/1982 1983/1983/1983
usemtl green_off
v 0.70384 0.89946 0.71369
vn -0.00047 0.93402 -0.35722
vt 0 0
v 0.71150 0.90156 0.71918
vn -0.00033 0.93406 -0.35712
vt 1 0
v 0.72042 0.90289 0.72263
vn -0.00017 0.93408 -0.35706
vt 1 1
f 1984/1984/1984 1985/1985/1985 1986/1986/1986
usemtl green_off
v 0.72042 0.90289 0.72263
vn -0.00017 0.93408 -0.35706
vt 0 0
v 0.73958 0.90289 0.72263
vn 0.00017 0.93408 -0.35706
vt 1 0
v 0.75616 0.89946 0.71369
vn 0.00048 0.93402 -0.35722
vt 1 1
f 1987/1987/1987 1988/1988/1988 1989/1989/1989
usemtl green_off
v 0.75616 0.89946 0.71369
vn 0.00048 0.93402 -0.35722
vt 0 0
v 0.76574 0.89353 0.69820
vn 0.00065 0.93391 -0.35750
vt 1 0
v 0.76574 0.88668 0.68032
vn 0.00065 0.93379 -0.35783
vt 1 1
f 1990/1990/1990 1991/1991/1991 1992/1992/1992
usemtl green_off
v 0.76574 0.88668 0.68032
vn 0.00065 0.93379 -0.35783
vt 0 0
v 0.75616 0.88075 0.66483
vn 0.00048 0.93368 -0.35811
vt 1 0
v 0.73958 0.87732 0.65589
vn 0.00017 0.93362 -0.35827
vt 1 1
f 1993/1993/1993 1994/1994/1994 1995/1995/1995
usemtl green_off
v 0.73958 0.87732 0.65589
vn 0.00017 0.93362 -0.35827
vt 0 0
v 0.72042 0.87732 0.65589
vn -0.00017 0.93362 -0.35827
vt 1 0
v 0.70384 0.88075 0.66483
vn -0.00047 0.93368 -0.35811
vt 1 1
f 1996/1996/1996 1997/1997/1997 1998/1998/1998
usemtl green_off
v 0.70384 0.88075 0.66483
vn -0.00047 0.93368 -0.35811
vt 0 0
v 0.69426 0.88668 0.68032
vn -0.00065 0.93379 -0.35783
vt 1 0
v 0.69426 0.89353 0.69820
vn -0.00065 0.93391 -0.35750
vt 1 1
f 1999/1999/1999 2000/2000/2000 2001/2001/2001
usemtl green_off
v 0.69426 0.89353 0.69820
vn -0.00065 0.93391 -0.35750
vt 0 0
v 0.70384 0.89946 0.71369
vn -0.00047 0.93402 -0.35722
vt 1 0
v 0.72042 0.90289 0.72263
vn -0.00017 0.93408 -0.35706
vt 1 1
f 2002/2002/2002 2003/2003/2003 2004/2004/2004
usemtl green_off
v 0.72042 0.90289 0.72263
vn -0.00017 0.93408 -0.35706
vt 0 0
v 0.75616 0.89946 0.71369
vn 0.00048 0.93402 -0.35722
vt 1 0
v 0.76574 0.88668 0.68032
vn 0.00065 0.93379 -0.35783
vt 1 1
f 2005/2005/2005 2006/2006/2006 2007/2007/2007
usemtl green_off
v 0.76574 0.88668 0.68032
vn 0.00065 0.93379 -0.35783
vt 0 0
v 0.73958 0.87732 0.65589
vn 0.00017 0.93362 -0.35827
vt 1 0
v 0.70384 0.88075 0.66483
vn -0.00047 0.93368 -0.35811
vt 1 1
f 2008/2008/2008 2009/2009/2009 2010/2010/2010
usemtl green_off
v 0.70384 0.88075 0.66483
vn -0.00047 0.93368 -0.35811
vt 0 0
v 0.69426 0.89353 0.69820
vn -0.00065 0.93391 -0.35750
vt 1 0
v 0.72042 0.90289 0.72263
vn -0.00017 0.93408 -0.35706
vt 1 1
f 2011/2011/2011 2012/2012/2012 2013/2013/2013
usemtl green_off
v 0.76574 0.88668 0.68032
vn 0.00065 0.93379 -0.35783
vt 0 0
v 0.70384 0.88075 0.66483
vn -0.00047 0.93368 -0.35811
vt 1 0
v 0.72042 0.90289 0.72263
vn -0.00017 0.93408 -0.35706
vt 1 1
f 2014/2014/2014 2015/2015/2015 2016/2016/2016
usemtl green_off
v 0.72491 0.86471 0.74039
vn -0.13054 0.34847 0.92819
vt 0 0
v 0.72491 0.90207 0.72609
vn -0.13052 0.36072 0.92350
vt 1 0
v 0.71991 0.90171 0.72516
vn -0.25881 0.35158 0.89967
vt 1 1
f 2017/2017/2017 2018/2018/2018 2019/2019/2019
usemtl green_off
v 0.72491 0.86471 0.74039
vn -0.13054 0.34847 0.92819
vt 0 0
v 0.71991 0.90171 0.72516
vn -0.25881 0.35158 0.89967
vt 1 0
v 0.71991 0.86436 0.73946
vn -0.25883 0.33935 0.90435
vt 1 1
f 2020/2020/2020 2021/2021/2021 2022/2022/2022
usemtl green_off
v 0.71991 0.86436 0.73946
vn -0.25883 0.33935 0.90435
vt 0 0
v 0.71991 0.90171 0.72516
vn -0.25881 0.35158 0.89967
vt 1 0
v 0.71508 0.90112 0.72363
vn -0.38267 0.33655 0.86040
vt 1 1
f 2023/2023/2023 2024/2024/2024 2025/2025/2025
usemtl green_off
v 0.71991 0.86436 0.73946
vn -0.25883 0.33935 0.90435
vt 0 0
v 0.71508 0.90112 0.72363
vn -0.38267 0.33655 0.86040
vt 1 0
v 0.71508 0.86377 0.73793
vn -0.38271 0.32431 0.86508
vt 1 1
f 2026/2026/2026 2027/2027/2027 2028/2028/2028
usemtl green_off
v 0.71508 0.86377 0.73793
vn -0.38271 0.32431 0.86508
vt 0 0
v 0.71508 0.90112 0.72363
vn -0.38267 0.33655 0.86040
vt 1 0
v 0.71050 0.90032 0.72152
vn -0.49999 0.31586 0.80638
vt 1 1
f 2029/2029/2029 2030/2030/2030 2031/2031/2031
usemtl green_off
v 0.71508 0.86377 0.73793
vn -0.38271 0.32431 0.86508
vt 0 0
v 0.71050 0.90032 0.72152
vn -0.49999 0.31586 0.80638
vt 1 0
v 0.71050 0.86296 0.73583
vn -0.50001 0.30361 0.81106
vt 1 1
f 2032/2032/2032 2033/2033/2033 2034/2034/2034
usemtl green_off
v 0.71050 0.86296 0.73583
vn -0.50001 0.30361 0.81106
vt 0 0
v 0.71050 0.90032 0.72152
vn -0.49999 0.31586 0.80638
vt 1 0
v 0.70626 0.89930 0.71887
vn -0.60875 0.28986 0.73851
vt 1 1
f 2035/2035/2035 2036/2036/2036 2037/2037/2037
usemtl green_off
v 0.71050 0.86296 0.73583
vn -0.50001 0.30361 0.81106
vt 0 0
v 0.70626 0.89930 0.71887
vn -0.60875 0.28986 0.73851
vt 1 0
v 0.70626 0.86195 0.73318
vn -0.60876 0.27762 0.74319
vt 1 1
f 2038/2038/2038 2039/2039/2039 2040/2040/2040
usemtl green_off
v 0.70626 0.86195 0.73318
vn -0.60876 0.27762 0.74319
vt 0 0
v 0.70626 0.89930 0.71887
vn -0.60875 0.28986 0.73851
vt 1 0
v 0.70242 0.89810 0.71573
vn -0.70708 0.25902 0.65798
vt 1 1
f 2041/2041/2041 2042/2042/2042 2043/2043/2043
usemtl green_off
v 0.70626 0.86195 0.73318
vn -0.60876 0.27762 0.74319
vt 0 0
v 0.70242 0.89810 0.71573
vn -0.70708 0.25902 0.65798
vt 1 0
v 0.70242 0.86075 0.73004
vn -0.70712 0.24677 0.66264
vt 1 1
f 2044/2044/2044 2045/2045/2045 2046/2046/2046
usemtl green_off
v 0.70242 0.86075 0.73004
vn -0.70712 0.24677 0.66264
vt 0 0
v 0.70242 0.89810 0.71573
vn -0.70708 0.25902 0.65798
vt 1 0
v 0.69906 0.89673 0.71215
vn -0.79333 0.22385 0.56614
vt 1 1
f 2047/2047/2047 2048/2048/2048 2049/2049/2049
usemtl green_off
v 0.70242 0.86075 0.73004
vn -0.70712 0.24677 0.66264
vt 0 0
v 0.69906 0.89673 0.71215
vn -0.79333 0.22385 0.56614
vt 1 0
v 0.69906 0.85937 0.72646
vn -0.79334 0.21161 0.57082
vt 1 1
f 2050/2050/2050 2051/2051/2051 2052/2052/2052
usemtl green_off
v 0.69906 0.85937 0.72646
vn -0.79334 0.21161 0.57082
vt 0 0
v 0.69906 0.89673 0.71215
vn -0.79333 0.22385 0.56614
vt 1 0
v 0.69623 0.89521 0.70819
vn -0.86600 0.18494 0.46458
vt 1 1
f 2053/2053/2053 2054/2054/2054 2055/2055/2055
usemtl green_off
v 0.69906 0.85937 0.72646
vn -0.79334 0.21161 0.57082
vt 0 0
v 0.69623 0.89521 0.70819
vn -0.86600 0.18494 0.46458
vt 1 0
v 0.69623 0.85786 0.72249
vn -0.86602 0.17272 0.46924
vt 1 1
f 2056/2056/2056 2057/2057/2057 2058/2058/2058
usemtl green_off
v 0.69623 0.85786 0.72249
vn -0.86602 0.17272 0.46924
vt 0 0
v 0.69623 0.89521 0.70819
vn -0.86600 0.18494 0.46458
vt 1 0
v 0.69397 0.89357 0.70392
vn -0.92386 0.14298 0.35503
vt 1 1
f 2059/2059/2059 2060/2060/2060 2061/2061/2061
usemtl green_off
v 0.69623 0.85786 0.72249
vn -0.86602 0.17272 0.46924
vt 0 0
v 0.69397 0.89357 0.70392
vn -0.92386 0.14298 0.35503
vt 1 0
v 0.69397 0.85622 0.71822
vn -0.92387 0.13076 0.35969
vt 1 1
f 2062/2062/2062 2063/2063/2063 2064/2064/2064
usemtl green_off
v 0.69397 0.85622 0.71822
vn -0.92387 0.13076 0.35969
vt 0 0
v 0.69397 0.89357 0.70392
vn -0.92386 0.14298 0.35503
vt 1 0
v 0.69233 0.89185 0.69940
vn -0.96590 0.09868 0.23936
vt 1 1
f 2065/2065/2065 2066/2066/2066 2067/2067/2067
usemtl green_off
v 0.69397 0.85622 0.71822
vn -0.92387 0.13076 0.35969
vt 0 0
v 0.69233 0.89185 0.69940
vn -0.96590 0.09868 0.23936
vt 1 0
v 0.69233 0.85449 0.71371
vn -0.96591 0.08645 0.24402
vt 1 1
f 2068/2068/2068 2069/2069/2069 2070/2070/2070
usemtl green_off
v 0.69233 0.85449 0.71371
vn -0.96591 0.08645 0.24402
vt 0 0
v 0.69233 0.89185 0.69940
vn -0.96590 0.09868 0.23936
vt 1 0
v 0.69133 0.89006 0.69473
vn -0.99142 0.05280 0.11956
vt 1 1
f 2071/2071/2071 2072/2072/2072 2073/2073/2073
usemtl green_off
v 0.69233 0.85449 0.71371
vn -0.96591 0.08645 0.24402
vt 0 0
v 0.69133 0.89006 0.69473
vn -0.99142 0.05280 0.11956
vt 1 0
v 0.69133 0.85270 0.70904
vn -0.99142 0.04056 0.12423
vt 1 1
f 2074/2074/2074 2075/2075/2075 2076/2076/2076
usemtl green_off
v 0.69133 0.85270 0.70904
vn -0.99142 0.04056 0.12423
vt 0 0
v 0.69133 0.89006 0.69473
vn -0.99142 0.05280 0.11956
vt 1 0
v 0.69100 0.88824 0.68998
vn -0.99998 0.00612 -0.00234
vt 1 1
f 2077/2077/2077 2078/2078/2078 2079/2079/2079
usemtl green_off
v 0.69133 0.85270 0.70904
vn -0.99142 0.04056 0.12423
vt 0 0
v 0.69100 0.88824 0.68998
vn -0.99998 0.00612 -0.00234
vt 1 0
v 0.69100 0.85088 0.70428
vn -0.99998 -0.00613 0.00234
vt 1 1
f 2080/2080/2080 2081/2081/2081 2082/2082/2082
usemtl green_off
v 0.69100 0.85088 0.70428
vn -0.99998 -0.00613 0.00234
vt 0 0
v 0.69100 0.88824 0.68998
vn -0.99998 0.00612 -0.00234
vt 1 0
v 0.69133 0.88642 0.68522
vn -0.99142 -0.04056 -0.12423
vt 1 1
f 2083/2083/2083 2084/2084/2084 2085/2085/2085
usemtl green_off
v 0.69100 0.85088 0.70428
vn -0.99998 -0.00613 0.00234
vt 0 0
v 0.69133 0.88642 0.68522
vn -0.99142 -0.04056 -0.12423
vt 1 0
v 0.69133 0.84906 0.69953
vn -0.99142 -0.05281 -0.11955
vt 1 1
f 2086/2086/2086 2087/2087/2087 2088/2088/2088
usemtl green_off
v 0.69133 0.84906 0.69953
vn -0.99142 -0.05281 -0.11955
vt 0 0
v 0.69133 0.88642 0.68522
vn -0.99142 -0.04056 -0.12423
vt 1 0
v 0.69233 0.88463 0.68055
vn -0.96591 -0.08645 -0.24403
vt 1 1
f 2089/2089/2089 2090/2090/2090 2091/2091/2091
usemtl green_off
v 0.69133 0.84906 0.69953
vn -0.99142 -0.05281 -0.11955
vt 0 0
v 0.69233 0.88463 0.68055
vn -0.96591 -0.08645 -0.24403
vt 1 0
v 0.69233 0.84727 0.69486
vn -0.96590 -0.09868 -0.23937
vt 1 1
f 2092/2092/2092 2093/2093/2093 2094/2094/2094
usemtl green_off
v 0.69233 0.84727 0.69486
vn -0.96590 -0.09868 -0.23937
vt 0 0
v 0.69233 0.88463 0.68055
vn -0.96591 -0.08645 -0.24403
vt 1 0
v 0.69397 0.88290 0.67604
vn -0.92386 -0.13075 -0.35970
vt 1 1
f 2095/2095/2095 2096/2096/2096 2097/2097/2097
usemtl green_off
v 0.69233 0.84727 0.69486
vn -0.96590 -0.09868 -0.23937
vt 0 0
v 0.69397 0.88290 0.67604
vn -0.92386 -0.13075 -0.35970
vt 1 0
v 0.69397 0.84554 0.69035
vn -0.92386 -0.14298 -0.35503
vt 1 1
f 2098/2098/2098 2099/2099/2099 2100/2100/2100
usemtl green_off
v 0.69397 0.84554 0.69035
vn -0.92386 -0.14298 -0.35503
vt 0 0
v 0.69397 0.88290 0.67604
vn -0.92386 -0.13075 -0.35970
vt 1 0
v 0.69623 0.88126 0.67177
vn -0.86601 -0.17272 -0.46925
vt 1 1
f 2101/2101/2101 2102/2102/2102 2103/2103/2103
usemtl green_off
v 0.69397 0.84554 0.69035
vn -0.92386 -0.14298 -0.35503
vt 0 0
v 0.69623 0.88126 0.67177
vn -0.86601 -0.17272 -0.46925
vt 1 0
v 0.69623 0.84391 0.68607
vn -0.86600 -0.18494 -0.46458
vt 1 1
f 2104/2104/2104 2105/2105/2105 2106/2106/2106
usemtl green_off
v 0.69623 0.84391 0.68607
vn -0.86600 -0.18494 -0.46458
vt 0 0
v 0.69623 0.88126 0.67177
vn -0.86601 -0.17272 -0.46925
vt 1 0
v 0.69906 0.87975 0.66781
vn -0.79334 -0.21162 -0.57082
vt 1 1
f 2107/2107/2107 2108/2108/2108 2109/2109/2109
usemtl green_off
v 0.69623 0.84391 0.68607
vn -0.86600 -0.18494 -0.46458
vt 0 0
v 0.69906 0.87975 0.66781
vn -0.79334 -0.21162 -0.57082
vt 1 0
v 0.69906 0.84239 0.68211
vn -0.79331 -0.22385 -0.56617
vt 1 1
f 2110/2110/2110 2111/2111/2111 2112/2112/2112
usemtl green_off
v 0.69906 0.84239 0.68211
vn -0.79331 -0.22385 -0.56617
vt 0 0
v 0.69906 0.87975 0.66781
vn -0.79334 -0.21162 -0.57082
vt 1 0
v 0.70242 0.87837 0.66423
vn -0.70709 -0.24679 -0.66266
vt 1 1
f 2113/2113/2113 2114/2114/2114 2115/2115/2115
usemtl green_off
v 0.69906 0.84239 0.68211
vn -0.79331 -0.22385 -0.56617
vt 0 0
v 0.70242 0.87837 0.66423
vn -0.70709 -0.24679 -0.66266
vt 1 0
v 0.70242 0.84102 0.67853
vn -0.70708 -0.25903 -0.65799
vt 1 1
f 2116/2116/2116 2117/2117/2117 2118/2118/2118
usemtl green_off
v 0.70242 0.84102 0.67853
vn -0.70708 -0.25903 -0.65799
vt 0 0
v 0.70242 0.87837 0.66423
vn -0.70709 -0.24679 -0.66266
vt 1 0
v 0.70626 0.87717 0.66108
vn -0.60875 -0.27763 -0.74320
vt 1 1
f 2119/2119/2119 2120/2120/2120 2121/2121/2121
usemtl green_off
v 0.70242 0.84102 0.67853
vn -0.70708 -0.25903 -0.65799
vt 0 0
v 0.70626 0.87717 0.66108
vn -0.60875 -0.27763 -0.74320
vt 1 0
v 0.70626 0.83982 0.67539
vn -0.60873 -0.28988 -0.73853
vt 1 1
f 2122/2122/2122 2123/2123/2123 2124/2124/2124
usemtl green_off
v 0.70626 0.83982 0.67539
vn -0.60873 -0.28988 -0.73853
vt 0 0
v 0.70626 0.87717 0.66108
vn -0.60875 -0.27763 -0.74320
vt 1 0
v 0.71050 0.87616 0.65844
vn -0.49999 -0.30362 -0.81106
vt 1 1
f 2125/2125/2125 2126/2126/2126 2127/2127/2127
usemtl green_off
v 0.70626 0.83982 0.67539
vn -0.60873 -0.28988 -0.73853
vt 0 0
v 0.71050 0.87616 0.65844
vn -0.49999 -0.30362 -0.81106
vt 1 0
v 0.71050 0.83880 0.67274
vn -0.49996 -0.31587 -0.80639
vt 1 1
f 2128/2128/2128 2129/2129/2129 2130/2130/2130
usemtl green_off
v 0.71050 0.83880 0.67274
vn -0.49996 -0.31587 -0.80639
vt 0 0
v 0.71050 0.87616 0.65844
vn -0.49999 -0.30362 -0.81106
vt 1 0
v 0.71508 0.87535 0.65633
vn -0.38268 -0.32432 -0.86509
vt 1 1
f 2131/2131/2131 2132/2132/2132 2133/2133/2133
usemtl green_off
v 0.71050 0.83880 0.67274
vn -0.49996 -0.31587 -0.80639
vt 0 0
v 0.71508 0.87535 0.65633
vn -0.38268 -0.32432 -0.86509
vt 1 0
v 0.71508 0.83800 0.67064
vn -0.38264 -0.33656 -0.86042
vt 1 1
f 2134/2134/2134 2135/2135/2135 2136/2136/2136
usemtl green_off
v 0.71508 0.83800 0.67064
vn -0.38264 -0.33656 -0.86042
vt 0 0
v 0.71508 0.87535 0.65633
vn -0.38268 -0.32432 -0.86509
vt 1 0
v 0.71991 0.87476 0.65480
vn -0.25882 -0.33936 -0.90435
vt 1 1
f 2137/2137/2137 2138/2138/2138 2139/2139/2139
usemtl green_off
v 0.71508 0.83800 0.67064
vn -0.38264 -0.33656 -0.86042
vt 0 0
v 0.71991 0.87476 0.65480
vn -0.25882 -0.33936 -0.90435
vt 1 0
v 0.71991 0.83741 0.66911
vn -0.25881 -0.35159 -0.89967
vt 1 1
f 2140/2140/2140 2141/2141/2141 2142/2142/2142
usemtl green_off
v 0.71991 0.83741 0.66911
vn -0.25881 -0.35159 -0.89967
vt 0 0
v 0.71991 0.87476 0.65480
vn -0.25882 -0.33936 -0.90435
vt 1 0
v 0.72491 0.87441 0.65387
vn -0.13053 -0.34848 -0.92818
vt 1 1
f 2143/2143/2143 2144/2144/2144 2145/2145/2145
usemtl green_off
v 0.71991 0.83741 0.66911
vn -0.25881 -0.35159 -0.89967
vt 0 0
v 0.72491 0.87441 0.65387
vn -0.13053 -0.34848 -0.92818
vt 1 0
v 0.72491 0.83705 0.66818
vn -0.13051 -0.36072 -0.92350
vt 1 1
f 2146/2146/2146 2147/2147/2147 2148/2148/2148
usemtl green_off
v 0.72491 0.83705 0.66818
vn -0.13051 -0.36072 -0.92350
vt 0 0
v 0.72491 0.87441 0.65387
vn -0.13053 -0.34848 -0.92818
vt 1 0
v 0.73000 0.87429 0.65356
vn -0.00001 -0.35154 -0.93617
vt 1 1
f 2149/2149/2149 2150/2150/2150 2151/2151/2151
usemtl green_off
v 0.72491 0.83705 0.66818
vn -0.13051 -0.36072 -0.92350
vt 0 0
v 0.73000 0.87429 0.65356
vn -0.00001 -0.35154 -0.93617
vt 1 0
v 0.73000 0.83693 0.66786
vn 0.00004 -0.36377 -0.93149
vt 1 1
f 2152/2152/2152 2153/2153/2153 2154/2154/2154
usemtl green_off
v 0.73000 0.83693 0.66786
vn 0.00004 -0.36377 -0.93149
vt 0 0
v 0.73000 0.87429 0.65356
vn -0.00001 -0.35154 -0.93617
vt 1 0
v 0.73509 0.87441 0.65387
vn 0.13052 -0.34848 -0.92818
vt 1 1
f 2155/2155/2155 2156/2156/2156 2157/2157/2157
usemtl green_off
v 0.73000 0.83693 0.66786
vn 0.00004 -0.36377 -0.93149
vt 0 0
v 0.73509 0.87441 0.65387
vn 0.13052 -0.34848 -0.92818
vt 1 0
v 0.73509 0.83705 0.66818
vn 0.13054 -0.36072 -0.92350
vt 1 1
f 2158/2158/2158 2159/2159/2159 2160/2160/2160
usemtl green_off
v 0.73509 0.83705 0.66818
vn 0.13054 -0.36072 -0.92350
vt 0 0
v 0.73509 0.87441 0.65387
vn 0.13052 -0.34848 -0.92818
vt 1 0
v 0.74009 0.87476 0.65480
vn 0.25882 -0.33936 -0.90435
vt 1 1
f 2161/2161/2161 2162/2162/2162 2163/2163/2163
usemtl green_off
v 0.73509 0.83705 0.66818
vn 0.13054 -0.36072 -0.92350
vt 0 0
v 0.74009 0.87476 0.65480
vn 0.25882 -0.33936 -0.90435
vt 1 0
v 0.74009 0.83741 0.66911
vn 0.25883 -0.35159 -0.89966
vt 1 1
f 2164/2164/2164 2165/2165/2165 2166/2166/2166
usemtl green_off
v 0.74009 0.83741 0.66911
vn 0.25883 -0.35159 -0.89966
vt 0 0
v 0.74009 0.87476 0.65480
vn 0.25882 -0.33936 -0.90435
vt 1 0
v 0.74492 0.87535 0.65633
vn 0.38267 -0.32431 -0.86509
vt 1 1
f 2167/2167/2167 2168/2168/2168 2169/2169/2169
usemtl green_off
v 0.74009 0.83741 0.66911
vn 0.25883 -0.35159 -0.89966
vt 0 0
v 0.74492 0.87535 0.65633
vn 0.38267 -0.32431 -0.86509
vt 1 0
v 0.74492 0.83800 0.67064
vn 0.38271 -0.33654 -0.86039
vt 1 1
f 2170/2170/2170 2171/2171/2171 2172/2172/2172
usemtl green_off
v 0.74492 0.83800 0.67064
vn 0.38271 -0.33654 -0.86039
vt 0 0
v 0.74492 0.87535 0.65633
vn 0.38267 -0.32431 -0.86509
vt 1 0
v 0.74950 0.87616 0.65844
vn 0.49998 -0.30362 -0.81107
vt 1 1
f 2173/2173/2173 2174/2174/2174 2175/2175/2175
usemtl green_off
v 0.74492 0.83800 0.67064
vn 0.38271 -0.33654 -0.86039
vt 0 0
v 0.74950 0.87616 0.65844
vn 0.49998 -0.30362 -0.81107
vt 1 0
v 0.74950 0.83880 0.67274
vn 0.50000 -0.31586 -0.80637
vt 1 1
f 2176/2176/2176 2177/2177/2177 2178/2178/2178
usemtl green_off
v 0.74950 0.83880 0.67274
vn 0.50000 -0.31586 -0.80637
vt 0 0
v 0.74950 0.87616 0.65844
vn 0.49998 -0.30362 -0.81107
vt 1 0
v 0.75374 0.87717 0.66108
vn 0.60874 -0.27763 -0.74321
vt 1 1
f 2179/2179/2179 2180/2180/2180 2181/2181/2181
usemtl green_off
v 0.74950 0.83880 0.67274
vn 0.50000 -0.31586 -0.80637
vt 0 0
v 0.75374 0.87717 0.66108
vn 0.60874 -0.27763 -0.74321
vt 1 0
v 0.75374 0.83982 0.67539
vn 0.60876 -0.28986 -0.73851
vt 1 1
f 2182/2182/2182 2183/2183/2183 2184/2184/2184
usemtl green_off
v 0.75374 0.83982 0.67539
vn 0.60876 -0.28986 -0.73851
vt 0 0
v 0.75374 0.87717 0.66108
vn 0.60874 -0.27763 -0.74321
vt 1 0
v 0.75758 0.87837 0.66423
vn 0.70708 -0.24678 -0.66268
vt 1 1
f 2185/2185/2185 2186/2186/2186 2187/2187/2187
usemtl green_off
v 0.75374 0.83982 0.67539
vn 0.60876 -0.28986 -0.73851
vt 0 0
v 0.75758 0.87837 0.66423
vn 0.70708 -0.24678 -0.66268
vt 1 0
v 0.75758 0.84102 0.67853
vn 0.70711 -0.25901 -0.65795
vt 1 1
f 2188/2188/2188 2189/2189/2189 2190/2190/2190
usemtl green_off
v 0.75758 0.84102 0.67853
vn 0.70711 -0.25901 -0.65795
vt 0 0
v 0.75758 0.87837 0.66423
vn 0.70708 -0.24678 -0.66268
vt 1 0
v 0.76094 0.87975 0.66781
vn 0.79333 -0.21161 -0.57083
vt 1 1
f 2191/2191/2191 2192/2192/2192 2193/2193/2193
usemtl green_off
v 0.75758 0.84102 0.67853
vn 0.70711 -0.25901 -0.65795
vt 0 0
v 0.76094 0.87975 0.66781
vn 0.79333 -0.21161 -0.57083
vt 1 0
v 0.76094 0.84239 0.68211
vn 0.79333 -0.22385 -0.56614
vt 1 1
f 2194/2194/2194 2195/2195/2195 2196/2196/2196
usemtl green_off
v 0.76094 0.84239 0.68211
vn 0.79333 -0.22385 -0.56614
vt 0 0
v 0.76094 0.87975 0.66781
vn 0.79333 -0.21161 -0.57083
vt 1 0
v 0.76377 0.88126 0.67177
vn 0.86600 -0.17272 -0.46926
vt 1 1
f 2197/2197/2197 2198/2198/2198 2199/2199/2199
usemtl green_off
v 0.76094 0.84239 0.68211
vn 0.79333 -0.22385 -0.56614
vt 0 0
v 0.76377 0.88126 0.67177
vn 0.86600 -0.17272 -0.46926
vt 1 0
v 0.76377 0.84391 0.68607
vn 0.86601 -0.18494 -0.46457
vt 1 1
f 2200/2200/2200 2201/2201/2201 2202/2202/2202
usemtl green_off
v 0.76377 0.84391 0.68607
vn 0.86601 -0.18494 -0.46457
vt 0 0
v 0.76377 0.88126 0.67177
vn 0.86600 -0.17272 -0.46926
vt 1 0
v 0.76603 0.88290 0.67604
vn 0.92386 -0.13076 -0.35971
vt 1 1
f 2203/2203/2203 2204/2204/2204 2205/2205/2205
usemtl green_off
v 0.76377 0.84391 0.68607
vn 0.86601 -0.18494 -0.46457
vt 0 0
v 0.76603 0.88290 0.67604
vn 0.92386 -0.13076 -0.35971
vt 1 0
v 0.76603 0.84554 0.69035
vn 0.92386 -0.14298 -0.35501
vt 1 1
f 2206/2206/2206 2207/2207/2207 2208/2208/2208
usemtl green_off
v 0.76603 0.84554 0.69035
vn 0.92386 -0.14298 -0.35501
vt 0 0
v 0.76603 0.88290 0.67604
vn 0.92386 -0.13076 -0.35971
vt 1 0
v 0.76767 0.88463 0.68055
vn 0.96590 -0.08645 -0.24404
vt 1 1
f 2209/2209/2209 2210/2210/2210 2211/2211/2211
usemtl green_off
v 0.76603 0.84554 0.69035
vn 0.92386 -0.14298 -0.35501
vt 0 0
v 0.76767 0.88463 0.68055
vn 0.96590 -0.08645 -0.24404
vt 1 0
v 0.76767 0.84727 0.69486
vn 0.96591 -0.09868 -0.23935
vt 1 1
f 2212/2212/2212 2213/2213/2213 2214/2214/2214
usemtl green_off
v 0.76767 0.84727 0.69486
vn 0.96591 -0.09868 -0.23935
vt 0 0
v 0.76767 0.88463 0.68055
vn 0.96590 -0.08645 -0.24404
vt 1 0
v 0.76867 0.88642 0.68522
vn 0.99142 -0.04056 -0.12425
vt 1 1
f 2215/2215/2215 2216/2216/2216 2217/2217/2217
usemtl green_off
v 0.76767 0.84727 0.69486
vn 0.96591 -0.09868 -0.23935
vt 0 0
v 0.76867 0.88642 0.68522
vn 0.99142 -0.04056 -0.12425
vt 1 0
v 0.76867 0.84906 0.69953
vn 0.99143 -0.05279 -0.11953
vt 1 1
f 2218/2218/2218 2219/2219/2219 2220/2220/2220
usemtl green_off
v 0.76867 0.84906 0.69953
vn 0.99143 -0.05279 -0.11953
vt 0 0
v 0.76867 0.88642 0.68522
vn 0.99142 -0.04056 -0.12425
vt 1 0
v 0.76900 0.88824 0.68998
vn 0.99998 0.00612 -0.00236
vt 1 1
f 2221/2221/2221 2222/2222/2222 2223/2223/2223
usemtl green_off
v 0.76867 0.84906 0.69953
vn 0.99143 -0.05279 -0.11953
vt 0 0
v 0.76900 0.88824 0.68998
vn 0.99998 0.00612 -0.00236
vt 1 0
v 0.76900 0.85088 0.70428
vn 0.99998 -0.00611 0.00237
vt 1 1
f 2224/2224/2224 2225/2225/2225 2226/2226/2226
usemtl green_off
v 0.76900 0.85088 0.70428
vn 0.99998 -0.00611 0.00237
vt 0 0
v 0.76900 0.88824 0.68998
vn 0.99998 0.00612 -0.00236
vt 1 0
v 0.76867 0.89006 0.69473
vn 0.99142 0.05280 0.11955
vt 1 1
f 2227/2227/2227 2228/2228/2228 2229/2229/2229
usemtl green_off
v 0.76900 0.85088 0.70428
vn 0.99998 -0.00611 0.00237
vt 0 0
v 0.76867 0.89006 0.69473
vn 0.99142 0.05280 0.11955
vt 1 0
v 0.76867 0.85270 0.70904
vn 0.99142 0.04057 0.12426
vt 1 1
f 2230/2230/2230 2231/2231/2231 2232/2232/2232
usemtl green_off
v 0.76867 0.85270 0.70904
vn 0.99142 0.04057 0.12426
vt 0 0
v 0.76867 0.89006 0.69473
vn 0.99142 0.05280 0.11955
vt 1 0
v 0.76767 0.89185 0.69940
vn 0.96590 0.09868 0.23935
vt 1 1
f 2233/2233/2233 2234/2234/2234 2235/2235/2235
usemtl green_off
v 0.76867 0.85270 0.70904
vn 0.99142 0.04057 0.12426
vt 0 0
v 0.76767 0.89185 0.69940
vn 0.96590 0.09868 0.23935
vt 1 0
v 0.76767 0.85449 0.71371
vn 0.96590 0.08646 0.24405
vt 1 1
f 2236/2236/2236 2237/2237/2237 2238/2238/2238
usemtl green_off
v 0.76767 0.85449 0.71371
vn 0.96590 0.08646 0.24405
vt 0 0
v 0.76767 0.89185 0.69940
vn 0.96590 0.09868 0.23935
vt 1 0
v 0.76603 0.89357 0.70392
vn 0.92386 0.14298 0.35502
vt 1 1
f 2239/2239/2239 2240/2240/2240 2241/2241/2241
usemtl green_off
v 0.76767 0.85449 0.71371
vn 0.96590 0.08646 0.24405
vt 0 0
v 0.76603 0.89357 0.70392
vn 0.92386 0.14298 0.35502
vt 1 0
v 0.76603 0.85622 0.71822
vn 0.92385 0.13077 0.35972
vt 1 1
f 2242/2242/2242 2243/2243/2243 2244/2244/2244
usemtl green_off
v 0.76603 0.85622 0.71822
vn 0.92385 0.13077 0.35972
vt 0 0
v 0.76603 0.89357 0.70392
vn 0.92386 0.14298 0.35502
vt 1 0
v 0.76377 0.89521 0.70819
vn 0.86601 0.18494 0.46458
vt 1 1
f 2245/2245/2245 2246/2246/2246 2247/2247/2247
usemtl green_off
v 0.76603 0.85622 0.71822
vn 0.92385 0.13077 0.35972
vt 0 0
v 0.76377 0.89521 0.70819
vn 0.86601 0.18494 0.46458
vt 1 0
v 0.76377 0.85786 0.72249
vn 0.86599 0.17273 0.46928
vt 1 1
f 2248/2248/2248 2249/2249/2249 2250/2250/2250
usemtl green_off
v 0.76377 0.85786 0.72249
vn 0.86599 0.17273 0.46928
vt 0 0
v 0.76377 0.89521 0.70819
vn 0.86601 0.18494 0.46458
vt 1 0
v 0.76094 0.89673 0.71215
vn 0.79334 0.22384 0.56614
vt 1 1
f 2251/2251/2251 2252/2252/2252 2253/2253/2253
usemtl green_off
v 0.76377 0.85786 0.72249
vn 0.86599 0.17273 0.46928
vt 0 0
v 0.76094 0.89673 0.71215
vn 0.79334 0.22384 0.56614
vt 1 0
v 0.76094 0.85937 0.72646
vn 0.79331 0.21163 0.57085
vt 1 1
f 2254/2254/2254 2255/2255/2255 2256/2256/2256
usemtl green_off
v 0.76094 0.85937 0.72646
vn 0.79331 0.21163 0.57085
vt 0 0
v 0.76094 0.89673 0.71215
vn 0.79334 0.22384 0.56614
vt 1 0
v 0.75758 0.89810 0.71573
vn 0.70709 0.25902 0.65797
vt 1 1
f 2257/2257/2257 2258/2258/2258 2259/2259/2259
usemtl green_off
v 0.76094 0.85937 0.72646
vn 0.79331 0.21163 0.57085
vt 0 0
v 0.75758 0.89810 0.71573
vn 0.70709 0.25902 0.65797
vt 1 0
v 0.75758 0.86075 0.73004
vn 0.70709 0.24679 0.66266
vt 1 1
f 2260/2260/2260 2261/2261/2261 2262/2262/2262
usemtl green_off
v 0.75758 0.86075 0.73004
vn 0.70709 0.24679 0.66266
vt 0 0
v 0.75758 0.89810 0.71573
vn 0.70709 0.25902 0.65797
vt 1 0
v 0.75374 0.89930 0.71887
vn 0.60875 0.28987 0.73851
vt 1 1
f 2263/2263/2263 2264/2264/2264 2265/2265/2265
usemtl green_off
v 0.75758 0.86075 0.73004
vn 0.70709 0.24679 0.66266
vt 0 0
v 0.75374 0.89930 0.71887
vn 0.60875 0.28987 0.73851
vt 1 0
v 0.75374 0.86195 0.73318
vn 0.60873 0.27763 0.74321
vt 1 1
f 2266/2266/2266 2267/2267/2267 2268/2268/2268
usemtl green_off
v 0.75374 0.86195 0.73318
vn 0.60873 0.27763 0.74321
vt 0 0
v 0.75374 0.89930 0.71887
vn 0.60875 0.28987 0.73851
vt 1 0
v 0.74950 0.90032 0.72152
vn 0.49999 0.31587 0.80637
vt 1 1
f 2269/2269/2269 2270/2270/2270 2271/2271/2271
usemtl green_off
v 0.75374 0.86195 0.73318
vn 0.60873 0.27763 0.74321
vt 0 0
v 0.74950 0.90032 0.72152
vn 0.49999 0.31587 0.80637
vt 1 0
v 0.74950 0.86296 0.73583
vn 0.49996 0.30362 0.81108
vt 1 1
f 2272/2272/2272 2273/2273/2273 2274/2274/2274
usemtl green_off
v 0.74950 0.86296 0.73583
vn 0.49996 0.30362 0.81108
vt 0 0
v 0.74950 0.90032 0.72152
vn 0.49999 0.31587 0.80637
vt 1 0
v 0.74492 0.90112 0.72363
vn 0.38268 0.33656 0.86040
vt 1 1
f 2275/2275/2275 2276/2276/2276 2277/2277/2277
usemtl green_off
v 0.74950 0.86296 0.73583
vn 0.49996 0.30362 0.81108
vt 0 0
v 0.74492 0.90112 0.72363
vn 0.38268 0.33656 0.86040
vt 1 0
v 0.74492 0.86377 0.73793
vn 0.38264 0.32432 0.86510
vt 1 1
f 2278/2278/2278 2279/2279/2279 2280/2280/2280
usemtl green_off
v 0.74492 0.86377 0.73793
vn 0.38264 0.32432 0.86510
vt 0 0
v 0.74492 0.90112 0.72363
vn 0.38268 0.33656 0.86040
vt 1 0
v 0.74009 0.90171 0.72516
vn 0.25882 0.35159 0.89967
vt 1 1
f 2281/2281/2281 2282/2282/2282 2283/2283/2283
usemtl green_off
v 0.74492 0.86377 0.73793
vn 0.38264 0.32432 0.86510
vt 0 0
v 0.74009 0.90171 0.72516
vn 0.25882 0.35159 0.89967
vt 1 0
v 0.74009 0.86436 0.73946
vn 0.25880 0.33935 0.90436
vt 1 1
f 2284/2284/2284 2285/2285/2285 2286/2286/2286
usemtl green_off
v 0.74009 0.86436 0.73946
vn 0.25880 0.33935 0.90436
vt 0 0
v 0.74009 0.90171 0.72516
vn 0.25882 0.35159 0.89967
vt 1 0
v 0.73509 0.90207 0.72609
vn 0.13053 0.36072 0.92350
vt 1 1
f 2287/2287/2287 2288/2288/2288 2289/2289/2289
usemtl green_off
v 0.74009 0.86436 0.73946
vn 0.25880 0.33935 0.90436
vt 0 0
v 0.73509 0.90207 0.72609
vn 0.13053 0.36072 0.92350
vt 1 0
v 0.73509 0.86471 0.74039
vn 0.13051 0.34847 0.92819
vt 1 1
f 2290/2290/2290 2291/2291/2291 2292/2292/2292
usemtl green_off
v 0.73000 0.86483 0.74070
vn -0.00001 0.35168 0.93612
vt 0 0
v 0.72491 0.86471 0.74039
vn -0.13053 0.34862 0.92813
vt 1 0
v 0.72494 0.86368 0.74050
vn -0.11311 -0.15898 0.98078
vt 1 1
f 2293/2293/2293 2294/2294/2294 2295/2295/2295
usemtl green_off
v 0.73000 0.86483 0.74070
vn -0.00001 0.35168 0.93612
vt 0 0
v 0.72494 0.86368 0.74050
vn -0.11311 -0.15898 0.98078
vt 1 0
v 0.73000 0.86380 0.74081
vn -0.00001 -0.15633 0.98771
vt 1 1
f 2296/2296/2296 2297/2297/2297 2298/2298/2298
usemtl green_off
v 0.73000 0.86380 0.74081
vn -0.00001 -0.15641 0.98769
vt 0 0
v 0.72494 0.86368 0.74050
vn -0.11309 -0.15906 0.98077
vt 1 0
v 0.72504 0.86274 0.74008
vn -0.06550 -0.62975 0.77403
vt 1 1
f 2299/2299/2299 2300/2300/2300 2301/2301/2301
usemtl green_off
v 0.73000 0.86380 0.74081
vn -0.00001 -0.15641 0.98769
vt 0 0
v 0.72504 0.86274 0.74008
vn -0.06550 -0.62975 0.77403
vt 1 0
v 0.73000 0.86286 0.74039
vn -0.00001 -0.62822 0.77804
vt 1 1
f 2302/2302/2302 2303/2303/2303 2304/2304/2304
usemtl green_off
v 0.73000 0.86286 0.74039
vn -0.00002 -0.62829 0.77798
vt 0 0
v 0.72504 0.86274 0.74008
vn -0.06553 -0.62982 0.77397
vt 1 0
v 0.72517 0.86213 0.73925
vn -0.00010 -0.93363 0.35824
vt 1 1
f 2305/2305/2305 2306/2306/2306 2307/2307/2307
usemtl green_off
v 0.73000 0.86286 0.74039
vn -0.00002 -0.62829 0.77798
vt 0 0
v 0.72517 0.86213 0.73925
vn -0.00010 -0.93363 0.35824
vt 1 0
v 0.73000 0.86225 0.73955
vn -0.00002 -0.93363 0.35825
vt 1 1
f 2308/2308/2308 2309/2309/2309 2310/2310/2310
usemtl green_off
v 0.72491 0.90300 0.72573
vn -0.13051 0.36057 0.92355
vt 0 0
v 0.73000 0.90312 0.72604
vn 0.00001 0.36363 0.93154
vt 1 0
v 0.73000 0.90396 0.72543
vn 0.00001 0.77612 0.63059
vt 1 1
f 2311/2311/2311 2312/2312/2312 2313/2313/2313
usemtl green_off
v 0.72491 0.90300 0.72573
vn -0.13051 0.36057 0.92355
vt 0 0
v 0.73000 0.90396 0.72543
vn 0.00001 0.77612 0.63059
vt 1 0
v 0.72494 0.90384 0.72512
vn -0.11308 0.77347 0.62366
vt 1 1
f 2314/2314/2314 2315/2315/2315 2316/2316/2316
usemtl green_off
v 0.72494 0.90384 0.72512
vn -0.11308 0.77355 0.62357
vt 0 0
v 0.73000 0.90396 0.72543
vn -0.00001 0.77620 0.63048
vt 1 0
v 0.73000 0.90438 0.72449
vn -0.00001 0.98723 0.15930
vt 1 1
f 2317/2317/2317 2318/2318/2318 2319/2319/2319
usemtl green_off
v 0.72494 0.90384 0.72512
vn -0.11308 0.77355 0.62357
vt 0 0
v 0.73000 0.90438 0.72449
vn -0.00001 0.98723 0.15930
vt 1 0
v 0.72504 0.90426 0.72418
vn -0.06549 0.98570 0.15529
vt 1 1
f 2320/2320/2320 2321/2321/2321 2322/2322/2322
usemtl green_off
v 0.72504 0.90426 0.72418
vn -0.06552 0.98570 0.15525
vt 0 0
v 0.73000 0.90438 0.72449
vn -0.00001 0.98724 0.15925
vt 1 0
v 0.73000 0.90427 0.72345
vn -0.00002 0.93408 -0.35706
vt 1 1
f 2323/2323/2323 2324/2324/2324 2325/2325/2325
usemtl green_off
v 0.72504 0.90426 0.72418
vn -0.06552 0.98570 0.15525
vt 0 0
v 0.73000 0.90427 0.72345
vn -0.00002 0.93408 -0.35706
vt 1 0
v 0.72517 0.90416 0.72316
vn -0.00009 0.93408 -0.35707
vt 1 1
f 2326/2326/2326 2327/2327/2327 2328/2328/2328
usemtl green_off
v 0.72491 0.86471 0.74039
vn -0.13053 0.34862 0.92813
vt 0 0
v 0.71991 0.86436 0.73946
vn -0.25883 0.33949 0.90430
vt 1 0
v 0.71998 0.86333 0.73958
vn -0.22427 -0.16689 0.96013
vt 1 1
f 2329/2329/2329 2330/2330/2330 2331/2331/2331
usemtl green_off
v 0.72491 0.86471 0.74039
vn -0.13053 0.34862 0.92813
vt 0 0
v 0.71998 0.86333 0.73958
vn -0.22427 -0.16689 0.96013
vt 1 0
v 0.72494 0.86368 0.74050
vn -0.11311 -0.15898 0.98078
vt 1 1
f 2332/2332/2332 2333/2333/2333 2334/2334/2334
usemtl green_off
v 0.72494 0.86368 0.74050
vn -0.11312 -0.15905 0.98077
vt 0 0
v 0.71998 0.86333 0.73958
vn -0.22425 -0.16695 0.96012
vt 1 0
v 0.72017 0.86239 0.73918
vn -0.12991 -0.63432 0.76208
vt 1 1
f 2335/2335/2335 2336/2336/2336 2337/2337/2337
usemtl green_off
v 0.72494 0.86368 0.74050
vn -0.11312 -0.15905 0.98077
vt 0 0
v 0.72017 0.86239 0.73918
vn -0.12991 -0.63432 0.76208
vt 1 0
v 0.72504 0.86274 0.74008
vn -0.06554 -0.62974 0.77404
vt 1 1
f 2338/2338/2338 2339/2339/2339 2340/2340/2340
usemtl green_off
v 0.72504 0.86274 0.74008
vn -0.06550 -0.62980 0.77399
vt 0 0
v 0.72017 0.86239 0.73918
vn -0.12989 -0.63438 0.76203
vt 1 0
v 0.72042 0.86180 0.73837
vn -0.00017 -0.93363 0.35825
vt 1 1
f 2341/2341/2341 2342/2342/2342 2343/2343/2343
usemtl green_off
v 0.72504 0.86274 0.74008
vn -0.06550 -0.62980 0.77399
vt 0 0
v 0.72042 0.86180 0.73837
vn -0.00017 -0.93363 0.35825
vt 1 0
v 0.72517 0.86213 0.73925
vn -0.00009 -0.93362 0.35827
vt 1 1
f 2344/2344/2344 2345/2345/2345 2346/2346/2346
usemtl green_off
v 0.71991 0.90264 0.72480
vn -0.25880 0.35145 0.89973
vt 0 0
v 0.72491 0.90300 0.72573
vn -0.13051 0.36057 0.92355
vt 1 0
v 0.72494 0.90384 0.72512
vn -0.11308 0.77347 0.62366
vt 1 1
f 2347/2347/2347 2348/2348/2348 2349/2349/2349
usemtl green_off
v 0.71991 0.90264 0.72480
vn -0.25880 0.35145 0.89973
vt 0 0
v 0.72494 0.90384 0.72512
vn -0.11308 0.77347 0.62366
vt 1 0
v 0.71998 0.90349 0.72420
vn -0.22422 0.76556 0.60302
vt 1 1
f 2350/2350/2350 2351/2351/2351 2352/2352/2352
usemtl green_off
v 0.71998 0.90349 0.72420
vn -0.22422 0.76563 0.60294
vt 0 0
v 0.72494 0.90384 0.72512
vn -0.11309 0.77354 0.62358
vt 1 0
v 0.72504 0.90426 0.72418
vn -0.06551 0.98569 0.15531
vt 1 1
f 2353/2353/2353 2354/2354/2354 2355/2355/2355
usemtl green_off
v 0.71998 0.90349 0.72420
vn -0.22422 0.76563 0.60294
vt 0 0
v 0.72504 0.90426 0.72418
vn -0.06551 0.98569 0.15531
vt 1 0
v 0.72017 0.90392 0.72328
vn -0.12988 0.98111 0.14334
vt 1 1
f 2356/2356/2356 2357/2357/2357 2358/2358/2358
usemtl green_off
v 0.72017 0.90392 0.72328
vn -0.12990 0.98112 0.14327
vt 0 0
v 0.72504 0.90426 0.72418
vn -0.06552 0.98571 0.15522
vt 1 0
v 0.72517 0.90416 0.72316
vn -0.00010 0.93407 -0.35709
vt 1 1
f 2359/2359/2359 2360/2360/2360 2361/2361/2361
usemtl green_off
v 0.72017 0.90392 0.72328
vn -0.12990 0.98112 0.14327
vt 0 0
v 0.72517 0.90416 0.72316
vn -0.00010 0.93407 -0.35709
vt 1 0
v 0.72042 0.90382 0.72228
vn -0.00018 0.93406 -0.35710
vt 1 1
f 2362/2362/2362 2363/2363/2363 2364/2364/2364
usemtl green_off
v 0.71991 0.86436 0.73946
vn -0.25883 0.33949 0.90430
vt 0 0
v 0.71508 0.86377 0.73793
vn -0.38268 0.32445 0.86503
vt 1 0
v 0.71518 0.86275 0.73806
vn -0.33158 -0.17991 0.92611
vt 1 1
f 2365/2365/2365 2366/2366/2366 2367/2367/2367
usemtl green_off
v 0.71991 0.86436 0.73946
vn -0.25883 0.33949 0.90430
vt 0 0
v 0.71518 0.86275 0.73806
vn -0.33158 -0.17991 0.92611
vt 1 0
v 0.71998 0.86333 0.73958
vn -0.22427 -0.16689 0.96013
vt 1 1
f 2368/2368/2368 2369/2369/2369 2370/2370/2370
usemtl green_off
v 0.71998 0.86333 0.73958
vn -0.22425 -0.16695 0.96012
vt 0 0
v 0.71518 0.86275 0.73806
vn -0.33155 -0.17998 0.92611
vt 1 0
v 0.71546 0.86182 0.73769
vn -0.19205 -0.64187 0.74238
vt 1 1
f 2371/2371/2371 2372/2372/2372 2373/2373/2373
usemtl green_off
v 0.71998 0.86333 0.73958
vn -0.22425 -0.16695 0.96012
vt 0 0
v 0.71546 0.86182 0.73769
vn -0.19205 -0.64187 0.74238
vt 1 0
v 0.72017 0.86239 0.73918
vn -0.12991 -0.63432 0.76207
vt 1 1
f 2374/2374/2374 2375/2375/2375 2376/2376/2376
usemtl green_off
v 0.72017 0.86239 0.73918
vn -0.12988 -0.63440 0.76202
vt 0 0
v 0.71546 0.86182 0.73769
vn -0.19205 -0.64195 0.74231
vt 1 0
v 0.71584 0.86124 0.73692
vn -0.00025 -0.93364 0.35820
vt 1 1
f 2377/2377/2377 2378/2378/2378 2379/2379/2379
usemtl green_off
v 0.72017 0.86239 0.73918
vn -0.12988 -0.63440 0.76202
vt 0 0
v 0.71584 0.86124 0.73692
vn -0.00025 -0.93364 0.35820
vt 1 0
v 0.72042 0.86180 0.73837
vn -0.00017 -0.93363 0.35823
vt 1 1
f 2380/2380/2380 2381/2381/2381 2382/2382/2382
usemtl green_off
v 0.71508 0.90206 0.72327
vn -0.38266 0.33640 0.86047
vt 0 0
v 0.71991 0.90264 0.72480
vn -0.25880 0.35145 0.89973
vt 1 0
v 0.71998 0.90349 0.72420
vn -0.22422 0.76556 0.60302
vt 1 1
f 2383/2383/2383 2384/2384/2384 2385/2385/2385
usemtl green_off
v 0.71508 0.90206 0.72327
vn -0.38266 0.33640 0.86047
vt 0 0
v 0.71998 0.90349 0.72420
vn -0.22422 0.76556 0.60302
vt 1 0
v 0.71518 0.90290 0.72268
vn -0.33156 0.75253 0.56901
vt 1 1
f 2386/2386/2386 2387/2387/2387 2388/2388/2388
usemtl green_off
v 0.71518 0.90290 0.72268
vn -0.33157 0.75259 0.56893
vt 0 0
v 0.71998 0.90349 0.72420
vn -0.22426 0.76562 0.60294
vt 1 0
v 0.72017 0.90392 0.72328
vn -0.12992 0.98111 0.14335
vt 1 1
f 2389/2389/2389 2390/2390/2390 2391/2391/2391
usemtl green_off
v 0.71518 0.90290 0.72268
vn -0.33157 0.75259 0.56893
vt 0 0
v 0.72017 0.90392 0.72328
vn -0.12992 0.98111 0.14335
vt 1 0
v 0.71546 0.90334 0.72178
vn -0.19207 0.97356 0.12365
vt 1 1
f 2392/2392/2392 2393/2393/2393 2394/2394/2394
usemtl green_off
v 0.71546 0.90334 0.72178
vn -0.19204 0.97358 0.12357
vt 0 0
v 0.72017 0.90392 0.72328
vn -0.12987 0.98112 0.14327
vt 1 0
v 0.72042 0.90382 0.72228
vn -0.00016 0.93407 -0.35710
vt 1 1
f 2395/2395/2395 2396/2396/2396 2397/2397/2397
usemtl green_off
v 0.71546 0.90334 0.72178
vn -0.19204 0.97358 0.12357
vt 0 0
v 0.72042 0.90382 0.72228
vn -0.00016 0.93407 -0.35710
vt 1 0
v 0.71584 0.90326 0.72082
vn -0.00024 0.93406 -0.35712
vt 1 1
f 2398/2398/2398 2399/2399/2399 2400/2400/2400
usemtl green_off
v 0.71508 0.86377 0.73793
vn -0.38268 0.32445 0.86503
vt 0 0
v 0.71050 0.86296 0.73583
vn -0.50000 0.30376 0.81101
vt 1 0
v 0.71063 0.86195 0.73597
vn -0.43323 -0.19784 0.87930
vt 1 1
f 2401/2401/2401 2402/2402/2402 2403/2403/2403
usemtl green_off
v 0.71508 0.86377 0.73793
vn -0.38268 0.32445 0.86503
vt 0 0
v 0.71063 0.86195 0.73597
vn -0.43323 -0.19784 0.87930
vt 1 0
v 0.71518 0.86275 0.73806
vn -0.33158 -0.17991 0.92611
vt 1 1
f 2404/2404/2404 2405/2405/2405 2406/2406/2406
usemtl green_off
v 0.71518 0.86275 0.73806
vn -0.33160 -0.17999 0.92609
vt 0 0
v 0.71063 0.86195 0.73597
vn -0.43323 -0.19791 0.87928
vt 1 0
v 0.71100 0.86103 0.73563
vn -0.25097 -0.65226 0.71525
vt 1 1
f 2407/2407/2407 2408/2408/2408 2409/2409/2409
usemtl green_off
v 0.71518 0.86275 0.73806
vn -0.33160 -0.17999 0.92609
vt 0 0
v 0.71100 0.86103 0.73563
vn -0.25097 -0.65226 0.71525
vt 1 0
v 0.71546 0.86182 0.73769
vn -0.19211 -0.64187 0.74236
vt 1 1
f 2410/2410/2410 2411/2411/2411 2412/2412/2412
usemtl green_off
v 0.71546 0.86182 0.73769
vn -0.19205 -0.64192 0.74233
vt 0 0
v 0.71100 0.86103 0.73563
vn -0.25094 -0.65231 0.71521
vt 1 0
v 0.71150 0.86047 0.73492
vn -0.00034 -0.93365 0.35820
vt 1 1
f 2413/2413/2413 2414/2414/2414 2415/2415/2415
usemtl green_off
v 0.71546 0.86182 0.73769
vn -0.19205 -0.64192 0.74233
vt 0 0
v 0.71150 0.86047 0.73492
vn -0.00034 -0.93365 0.35820
vt 1 0
v 0.71584 0.86124 0.73692
vn -0.00027 -0.93363 0.35823
vt 1 1
f 2416/2416/2416 2417/2417/2417 2418/2418/2418
usemtl green_off
v 0.71050 0.90125 0.72116
vn -0.50000 0.31571 0.80643
vt 0 0
v 0.71508 0.90206 0.72327
vn -0.38266 0.33640 0.86047
vt 1 0
v 0.71518 0.90290 0.72268
vn -0.33156 0.75253 0.56901
vt 1 1
f 2419/2419/2419 2420/2420/2420 2421/2421/2421
usemtl green_off
v 0.71050 0.90125 0.72116
vn -0.50000 0.31571 0.80643
vt 0 0
v 0.71518 0.90290 0.72268
vn -0.33156 0.75253 0.56901
vt 1 0
v 0.71063 0.90210 0.72059
vn -0.43324 0.73460 0.52218
vt 1 1
f 2422/2422/2422 2423/2423/2423 2424/2424/2424
usemtl green_off
v 0.71063 0.90210 0.72059
vn -0.43317 0.73467 0.52213
vt 0 0
v 0.71518 0.90290 0.72268
vn -0.33154 0.75259 0.56893
vt 1 0
v 0.71546 0.90334 0.72178
vn -0.19205 0.97356 0.12366
vt 1 1
f 2425/2425/2425 2426/2426/2426 2427/2427/2427
usemtl green_off
v 0.71063 0.90210 0.72059
vn -0.43317 0.73467 0.52213
vt 0 0
v 0.71546 0.90334 0.72178
vn -0.19205 0.97356 0.12366
vt 1 0
v 0.71100 0.90256 0.71973
vn -0.25091 0.96318 0.09655
vt 1 1
f 2428/2428/2428 2429/2429/2429 2430/2430/2430
usemtl green_off
v 0.71100 0.90256 0.71973
vn -0.25088 0.96320 0.09645
vt 0 0
v 0.71546 0.90334 0.72178
vn -0.19200 0.97359 0.12356
vt 1 0
v 0.71584 0.90326 0.72082
vn -0.00021 0.93405 -0.35713
vt 1 1
f 2431/2431/2431 2432/2432/2432 2433/2433/2433
usemtl green_off
v 0.71100 0.90256 0.71973
vn -0.25088 0.96320 0.09645
vt 0 0
v 0.71584 0.90326 0.72082
vn -0.00021 0.93405 -0.35713
vt 1 0
v 0.71150 0.90250 0.71882
vn -0.00028 0.93404 -0.35716
vt 1 1
f 2434/2434/2434 2435/2435/2435 2436/2436/2436
usemtl green_off
v 0.71050 0.86296 0.73583
vn -0.50000 0.30376 0.81101
vt 0 0
v 0.70626 0.86195 0.73318
vn -0.60876 0.27777 0.74314
vt 1 0
v 0.70642 0.86094 0.73334
vn -0.52749 -0.22036 0.82049
vt 1 1
f 2437/2437/2437 2438/2438/2438 2439/2439/2439
usemtl green_off
v 0.71050 0.86296 0.73583
vn -0.50000 0.30376 0.81101
vt 0 0
v 0.70642 0.86094 0.73334
vn -0.52749 -0.22036 0.82049
vt 1 0
v 0.71063 0.86195 0.73597
vn -0.43323 -0.19784 0.87930
vt 1 1
f 2440/2440/2440 2441/2441/2441 2442/2442/2442
usemtl green_off
v 0.71063 0.86195 0.73597
vn -0.43323 -0.19797 0.87927
vt 0 0
v 0.70642 0.86094 0.73334
vn -0.52745 -0.22048 0.82048
vt 1 0
v 0.70687 0.86005 0.73306
vn -0.30553 -0.66534 0.68116
vt 1 1
f 2443/2443/2443 2444/2444/2444 2445/2445/2445
usemtl green_off
v 0.71063 0.86195 0.73597
vn -0.43323 -0.19797 0.87927
vt 0 0
v 0.70687 0.86005 0.73306
vn -0.30553 -0.66534 0.68116
vt 1 0
v 0.71100 0.86103 0.73563
vn -0.25096 -0.65230 0.71521
vt 1 1
f 2446/2446/2446 2447/2447/2447 2448/2448/2448
usemtl green_off
v 0.71100 0.86103 0.73563
vn -0.25091 -0.65234 0.71519
vt 0 0
v 0.70687 0.86005 0.73306
vn -0.30549 -0.66538 0.68113
vt 1 0
v 0.70748 0.85951 0.73241
vn -0.00039 -0.93368 0.35812
vt 1 1
f 2449/2449/2449 2450/2450/2450 2451/2451/2451
usemtl green_off
v 0.71100 0.86103 0.73563
vn -0.25091 -0.65234 0.71519
vt 0 0
v 0.70748 0.85951 0.73241
vn -0.00039 -0.93368 0.35812
vt 1 0
v 0.71150 0.86047 0.73492
vn -0.00032 -0.93366 0.35816
vt 1 1
f 2452/2452/2452 2453/2453/2453 2454/2454/2454
usemtl green_off
v 0.70626 0.90024 0.71851
vn -0.60875 0.28973 0.73857
vt 0 0
v 0.71050 0.90125 0.72116
vn -0.50000 0.31571 0.80643
vt 1 0
v 0.71063 0.90210 0.72059
vn -0.43324 0.73460 0.52218
vt 1 1
f 2455/2455/2455 2456/2456/2456 2457/2457/2457
usemtl green_off
v 0.70626 0.90024 0.71851
vn -0.60875 0.28973 0.73857
vt 0 0
v 0.71063 0.90210 0.72059
vn -0.43324 0.73460 0.52218
vt 1 0
v 0.70642 0.90109 0.71796
vn -0.52746 0.71209 0.46337
vt 1 1
f 2458/2458/2458 2459/2459/2459 2460/2460/2460
usemtl green_off
v 0.70642 0.90109 0.71796
vn -0.52743 0.71215 0.46331
vt 0 0
v 0.71063 0.90210 0.72059
vn -0.43321 0.73467 0.52210
vt 1 0
v 0.71100 0.90256 0.71973
vn -0.25094 0.96318 0.09652
vt 1 1
f 2461/2461/2461 2462/2462/2462 2463/2463/2463
usemtl green_off
v 0.70642 0.90109 0.71796
vn -0.52743 0.71215 0.46331
vt 0 0
v 0.71100 0.90256 0.71973
vn -0.25094 0.96318 0.09652
vt 1 0
v 0.70687 0.90157 0.71715
vn -0.30551 0.95014 0.06247
vt 1 1
f 2464/2464/2464 2465/2465/2465 2466/2466/2466
usemtl green_off
v 0.70687 0.90157 0.71715
vn -0.30544 0.95016 0.06240
vt 0 0
v 0.71100 0.90256 0.71973
vn -0.25086 0.96321 0.09646
vt 1 0
v 0.71150 0.90250 0.71882
vn -0.00027 0.93404 -0.35716
vt 1 1
f 2467/2467/2467 2468/2468/2468 2469/2469/2469
usemtl green_off
v 0.70687 0.90157 0.71715
vn -0.30544 0.95016 0.06240
vt 0 0
v 0.71150 0.90250 0.71882
vn -0.00027 0.93404 -0.35716
vt 1 0
v 0.70748 0.90154 0.71631
vn -0.00034 0.93403 -0.35720
vt 1 1
f 2470/2470/2470 2471/2471/2471 2472/2472/2472
usemtl green_off
v 0.70626 0.86195 0.73318
vn -0.60876 0.27777 0.74314
vt 0 0
v 0.70242 0.86075 0.73004
vn -0.70712 0.24691 0.66259
vt 1 0
v 0.70261 0.85974 0.73022
vn -0.61268 -0.24710 0.75071
vt 1 1
f 2473/2473/2473 2474/2474/2474 2475/2475/2475
usemtl green_off
v 0.70626 0.86195 0.73318
vn -0.60876 0.27777 0.74314
vt 0 0
v 0.70261 0.85974 0.73022
vn -0.61268 -0.24710 0.75071
vt 1 0
v 0.70642 0.86094 0.73334
vn -0.52749 -0.22036 0.82049
vt 1 1
f 2476/2476/2476 2477/2477/2477 2478/2478/2478
usemtl green_off
v 0.70642 0.86094 0.73334
vn -0.52746 -0.22044 0.82049
vt 0 0
v 0.70261 0.85974 0.73022
vn -0.61265 -0.24716 0.75071
vt 1 0
v 0.70313 0.85888 0.73000
vn -0.35489 -0.68078 0.64077
vt 1 1
f 2479/2479/2479 2480/2480/2480 2481/2481/2481
usemtl green_off
v 0.70642 0.86094 0.73334
vn -0.52746 -0.22044 0.82049
vt 0 0
v 0.70313 0.85888 0.73000
vn -0.35489 -0.68078 0.64077
vt 1 0
v 0.70687 0.86005 0.73306
vn -0.30554 -0.66530 0.68119
vt 1 1
f 2482/2482/2482 2483/2483/2483 2484/2484/2484
usemtl green_off
v 0.70687 0.86005 0.73306
vn -0.30549 -0.66535 0.68116
vt 0 0
v 0.70313 0.85888 0.73000
vn -0.35485 -0.68084 0.64074
vt 1 0
v 0.70384 0.85837 0.72943
vn -0.00046 -0.93369 0.35809
vt 1 1
f 2485/2485/2485 2486/2486/2486 2487/2487/2487
usemtl green_off
v 0.70687 0.86005 0.73306
vn -0.30549 -0.66535 0.68116
vt 0 0
v 0.70384 0.85837 0.72943
vn -0.00046 -0.93369 0.35809
vt 1 0
v 0.70748 0.85951 0.73241
vn -0.00040 -0.93367 0.35814
vt 1 1
f 2488/2488/2488 2489/2489/2489 2490/2490/2490
usemtl green_off
v 0.70242 0.89903 0.71537
vn -0.70709 0.25888 0.65803
vt 0 0
v 0.70626 0.90024 0.71851
vn -0.60875 0.28973 0.73857
vt 1 0
v 0.70642 0.90109 0.71796
vn -0.52746 0.71209 0.46337
vt 1 1
f 2491/2491/2491 2492/2492/2492 2493/2493/2493
usemtl green_off
v 0.70242 0.89903 0.71537
vn -0.70709 0.25888 0.65803
vt 0 0
v 0.70642 0.90109 0.71796
vn -0.52746 0.71209 0.46337
vt 1 0
v 0.70261 0.89990 0.71484
vn -0.61268 0.68536 0.39359
vt 1 1
f 2494/2494/2494 2495/2495/2495 2496/2496/2496
usemtl green_off
v 0.70261 0.89990 0.71484
vn -0.61266 0.68540 0.39353
vt 0 0
v 0.70642 0.90109 0.71796
vn -0.52747 0.71213 0.46329
vt 1 0
v 0.70687 0.90157 0.71715
vn -0.30556 0.95012 0.06246
vt 1 1
f 2497/2497/2497 2498/2498/2498 2499/2499/2499
usemtl green_off
v 0.70261 0.89990 0.71484
vn -0.61266 0.68540 0.39353
vt 0 0
v 0.70687 0.90157 0.71715
vn -0.30556 0.95012 0.06246
vt 1 0
v 0.70313 0.90040 0.71409
vn -0.35490 0.93464 0.02204
vt 1 1
f 2500/2500/2500 2501/2501/2501 2502/2502/2502
usemtl green_off
v 0.70313 0.90040 0.71409
vn -0.35484 0.93467 0.02199
vt 0 0
v 0.70687 0.90157 0.71715
vn -0.30549 0.95015 0.06241
vt 1 0
v 0.70748 0.90154 0.71631
vn -0.00039 0.93403 -0.35720
vt 1 1
f 2503/2503/2503 2504/2504/2504 2505/2505/2505
usemtl green_off
v 0.70313 0.90040 0.71409
vn -0.35484 0.93467 0.02199
vt 0 0
v 0.70748 0.90154 0.71631
vn -0.00039 0.93403 -0.35720
vt 1 0
v 0.70384 0.90039 0.71333
vn -0.00045 0.93401 -0.35724
vt 1 1
f 2506/2506/2506 2507/2507/2507 2508/2508/2508
usemtl green_off
v 0.70242 0.86075 0.73004
vn -0.70712 0.24691 0.66259
vt 0 0
v 0.69906 0.85937 0.72646
vn -0.79334 0.21175 0.57077
vt 1 0
v 0.69927 0.85838 0.72666
vn -0.68739 -0.27757 0.67115
vt 1 1
f 2509/2509/2509 2510/2510/2510 2511/2511/2511
usemtl green_off
v 0.70242 0.86075 0.73004
vn -0.70712 0.24691 0.66259
vt 0 0
v 0.69927 0.85838 0.72666
vn -0.68739 -0.27757 0.67115
vt 1 0
v 0.70261 0.85974 0.73022
vn -0.61268 -0.24710 0.75071
vt 1 1
f 2512/2512/2512 2513/2513/2513 2514/2514/2514
usemtl green_off
v 0.70261 0.85974 0.73022
vn -0.61266 -0.24716 0.75071
vt 0 0
v 0.69927 0.85838 0.72666
vn -0.68737 -0.27763 0.67115
vt 1 0
v 0.69985 0.85754 0.72651
vn -0.39817 -0.69843 0.59469
vt 1 1
f 2515/2515/2515 2516/2516/2516 2517/2517/2517
usemtl green_off
v 0.70261 0.85974 0.73022
vn -0.61266 -0.24716 0.75071
vt 0 0
v 0.69985 0.85754 0.72651
vn -0.39817 -0.69843 0.59469
vt 1 0
v 0.70313 0.85888 0.73000
vn -0.35490 -0.68078 0.64077
vt 1 1
f 2518/2518/2518 2519/2519/2519 2520/2520/2520
usemtl green_off
v 0.70313 0.85888 0.73000
vn -0.35488 -0.68083 0.64073
vt 0 0
v 0.69985 0.85754 0.72651
vn -0.39817 -0.69848 0.59464
vt 1 0
v 0.70065 0.85707 0.72603
vn -0.00059 -0.93370 0.35806
vt 1 1
f 2521/2521/2521 2522/2522/2522 2523/2523/2523
usemtl green_off
v 0.70313 0.85888 0.73000
vn -0.35488 -0.68083 0.64073
vt 0 0
v 0.70065 0.85707 0.72603
vn -0.00059 -0.93370 0.35806
vt 1 0
v 0.70384 0.85837 0.72943
vn -0.00054 -0.93368 0.35812
vt 1 1
f 2524/2524/2524 2525/2525/2525 2526/2526/2526
usemtl green_off
v 0.69906 0.89766 0.71179
vn -0.79334 0.22370 0.56618
vt 0 0
v 0.70242 0.89903 0.71537
vn -0.70709 0.25888 0.65803
vt 1 0
v 0.70261 0.89990 0.71484
vn -0.61268 0.68536 0.39359
vt 1 1
f 2527/2527/2527 2528/2528/2528 2529/2529/2529
usemtl green_off
v 0.69906 0.89766 0.71179
vn -0.79334 0.22370 0.56618
vt 0 0
v 0.70261 0.89990 0.71484
vn -0.61268 0.68536 0.39359
vt 1 0
v 0.69927 0.89854 0.71128
vn -0.68742 0.65487 0.31401
vt 1 1
f 2530/2530/2530 2531/2531/2531 2532/2532/2532
usemtl green_off
v 0.69927 0.89854 0.71128
vn -0.68734 0.65497 0.31398
vt 0 0
v 0.70261 0.89990 0.71484
vn -0.61262 0.68543 0.39354
vt 1 0
v 0.70313 0.90040 0.71409
vn -0.35486 0.93466 0.02206
vt 1 1
f 2533/2533/2533 2534/2534/2534 2535/2535/2535
usemtl green_off
v 0.69927 0.89854 0.71128
vn -0.68734 0.65497 0.31398
vt 0 0
v 0.70313 0.90040 0.71409
vn -0.35486 0.93466 0.02206
vt 1 0
v 0.69985 0.89906 0.71060
vn -0.39813 0.91701 -0.02402
vt 1 1
f 2536/2536/2536 2537/2537/2537 2538/2538/2538
usemtl green_off
v 0.69985 0.89906 0.71060
vn -0.39812 0.91702 -0.02409
vt 0 0
v 0.70313 0.90040 0.71409
vn -0.35483 0.93467 0.02200
vt 1 0
v 0.70384 0.90039 0.71333
vn -0.00049 0.93402 -0.35721
vt 1 1
f 2539/2539/2539 2540/2540/2540 2541/2541/2541
usemtl green_off
v 0.69985 0.89906 0.71060
vn -0.39812 0.91702 -0.02409
vt 0 0
v 0.70384 0.90039 0.71333
vn -0.00049 0.93402 -0.35721
vt 1 0
v 0.70065 0.89909 0.70994
vn -0.00054 0.93400 -0.35727
vt 1 1
f 2542/2542/2542 2543/2543/2543 2544/2544/2544
usemtl green_off
v 0.69906 0.85937 0.72646
vn -0.79334 0.21175 0.57077
vt 0 0
v 0.69623 0.85786 0.72249
vn -0.86601 0.17286 0.46919
vt 1 0
v 0.69646 0.85688 0.72273
vn -0.75039 -0.31126 0.58312
vt 1 1
f 2545/2545/2545 2546/2546/2546 2547/2547/2547
usemtl green_off
v 0.69906 0.85937 0.72646
vn -0.79334 0.21175 0.57077
vt 0 0
v 0.69646 0.85688 0.72273
vn -0.75039 -0.31126 0.58312
vt 1 0
v 0.69927 0.85838 0.72666
vn -0.68739 -0.27757 0.67115
vt 1 1
f 2548/2548/2548 2549/2549/2549 2550/2550/2550
usemtl green_off
v 0.69927 0.85838 0.72666
vn -0.68739 -0.27766 0.67112
vt 0 0
v 0.69646 0.85688 0.72273
vn -0.75034 -0.31136 0.58313
vt 1 0
v 0.69709 0.85606 0.72265
vn -0.43464 -0.71797 0.54369
vt 1 1
f 2551/2551/2551 2552/2552/2552 2553/2553/2553
usemtl green_off
v 0.69927 0.85838 0.72666
vn -0.68739 -0.27766 0.67112
vt 0 0
v 0.69709 0.85606 0.72265
vn -0.43464 -0.71797 0.54369
vt 1 0
v 0.69985 0.85754 0.72651
vn -0.39818 -0.69846 0.59465
vt 1 1
f 2554/2554/2554 2555/2555/2555 2556/2556/2556
usemtl green_off
v 0.69985 0.85754 0.72651
vn -0.39810 -0.69850 0.59466
vt 0 0
v 0.69709 0.85606 0.72265
vn -0.43457 -0.71802 0.54369
vt 1 0
v 0.69796 0.85563 0.72227
vn -0.00053 -0.93373 0.35797
vt 1 1
f 2557/2557/2557 2558/2558/2558 2559/2559/2559
usemtl green_off
v 0.69985 0.85754 0.72651
vn -0.39810 -0.69850 0.59466
vt 0 0
v 0.69796 0.85563 0.72227
vn -0.00053 -0.93373 0.35797
vt 1 0
v 0.70065 0.85707 0.72603
vn -0.00049 -0.93371 0.35803
vt 1 1
f 2560/2560/2560 2561/2561/2561 2562/2562/2562
usemtl green_off
v 0.69623 0.89614 0.70783
vn -0.86600 0.18480 0.46464
vt 0 0
v 0.69906 0.89766 0.71179
vn -0.79334 0.22370 0.56618
vt 1 0
v 0.69927 0.89854 0.71128
vn -0.68742 0.65487 0.31401
vt 1 1
f 2563/2563/2563 2564/2564/2564 2565/2565/2565
usemtl green_off
v 0.69623 0.89614 0.70783
vn -0.86600 0.18480 0.46464
vt 0 0
v 0.69927 0.89854 0.71128
vn -0.68742 0.65487 0.31401
vt 1 0
v 0.69646 0.89703 0.70735
vn -0.75037 0.62117 0.22604
vt 1 1
f 2566/2566/2566 2567/2567/2567 2568/2568/2568
usemtl green_off
v 0.69646 0.89703 0.70735
vn -0.75038 0.62118 0.22598
vt 0 0
v 0.69927 0.89854 0.71128
vn -0.68742 0.65489 0.31396
vt 1 0
v 0.69985 0.89906 0.71060
vn -0.39824 0.91697 -0.02403
vt 1 1
f 2569/2569/2569 2570/2570/2570 2571/2571/2571
usemtl green_off
v 0.69646 0.89703 0.70735
vn -0.75038 0.62118 0.22598
vt 0 0
v 0.69985 0.89906 0.71060
vn -0.39824 0.91697 -0.02403
vt 1 0
v 0.69709 0.89758 0.70674
vn -0.43470 0.89745 -0.07499
vt 1 1
f 2572/2572/2572 2573/2573/2573 2574/2574/2574
usemtl green_off
v 0.69709 0.89758 0.70674
vn -0.43461 0.89749 -0.07507
vt 0 0
v 0.69985 0.89906 0.71060
vn -0.39813 0.91701 -0.02410
vt 1 0
v 0.70065 0.89909 0.70994
vn -0.00053 0.93398 -0.35732
vt 1 1
f 2575/2575/2575 2576/2576/2576 2577/2577/2577
usemtl green_off
v 0.69709 0.89758 0.70674
vn -0.43461 0.89749 -0.07507
vt 0 0
v 0.70065 0.89909 0.70994
vn -0.00053 0.93398 -0.35732
vt 1 0
v 0.69796 0.89765 0.70618
vn -0.00057 0.93396 -0.35738
vt 1 1
f 2578/2578/2578 2579/2579/2579 2580/2580/2580
usemtl green_off
v 0.69623 0.85786 0.72249
vn -0.86601 0.17286 0.46919
vt 0 0
v 0.69397 0.85622 0.71822
vn -0.92387 0.13090 0.35964
vt 1 0
v 0.69422 0.85525 0.71848
vn -0.80053 -0.34762 0.48818
vt 1 1
f 2581/2581/2581 2582/2582/2582 2583/2583/2583
usemtl green_off
v 0.69623 0.85786 0.72249
vn -0.86601 0.17286 0.46919
vt 0 0
v 0.69422 0.85525 0.71848
vn -0.80053 -0.34762 0.48818
vt 1 0
v 0.69646 0.85688 0.72273
vn -0.75039 -0.31126 0.58312
vt 1 1
f 2584/2584/2584 2585/2585/2585 2586/2586/2586
usemtl green_off
v 0.69646 0.85688 0.72273
vn -0.75032 -0.31136 0.58316
vt 0 0
v 0.69422 0.85525 0.71848
vn -0.80044 -0.34772 0.48826
vt 1 0
v 0.69489 0.85447 0.71848
vn -0.46365 -0.73903 0.48874
vt 1 1
f 2587/2587/2587 2588/2588/2588 2589/2589/2589
usemtl green_off
v 0.69646 0.85688 0.72273
vn -0.75032 -0.31136 0.58316
vt 0 0
v 0.69489 0.85447 0.71848
vn -0.46365 -0.73903 0.48874
vt 1 0
v 0.69709 0.85606 0.72265
vn -0.43462 -0.71797 0.54371
vt 1 1
f 2590/2590/2590 2591/2591/2591 2592/2592/2592
usemtl green_off
v 0.69709 0.85606 0.72265
vn -0.43456 -0.71803 0.54368
vt 0 0
v 0.69489 0.85447 0.71848
vn -0.46359 -0.73909 0.48870
vt 1 0
v 0.69582 0.85408 0.71822
vn -0.00056 -0.93376 0.35789
vt 1 1
f 2593/2593/2593 2594/2594/2594 2595/2595/2595
usemtl green_off
v 0.69709 0.85606 0.72265
vn -0.43456 -0.71803 0.54368
vt 0 0
v 0.69582 0.85408 0.71822
vn -0.00056 -0.93376 0.35789
vt 1 0
v 0.69796 0.85563 0.72227
vn -0.00052 -0.93374 0.35795
vt 1 1
f 2596/2596/2596 2597/2597/2597 2598/2598/2598
usemtl green_off
v 0.69397 0.89451 0.70356
vn -0.92386 0.14284 0.35509
vt 0 0
v 0.69623 0.89614 0.70783
vn -0.86600 0.18480 0.46464
vt 1 0
v 0.69646 0.89703 0.70735
vn -0.75037 0.62117 0.22604
vt 1 1
f 2599/2599/2599 2600/2600/2600 2601/2601/2601
usemtl green_off
v 0.69397 0.89451 0.70356
vn -0.92386 0.14284 0.35509
vt 0 0
v 0.69646 0.89703 0.70735
vn -0.75037 0.62117 0.22604
vt 1 0
v 0.69422 0.89541 0.70310
vn -0.80050 0.58481 0.13111
vt 1 1
f 2602/2602/2602 2603/2603/2603 2604/2604/2604
usemtl green_off
v 0.69422 0.89541 0.70310
vn -0.80046 0.58488 0.13103
vt 0 0
v 0.69646 0.89703 0.70735
vn -0.75034 0.62124 0.22593
vt 1 0
v 0.69709 0.89758 0.70674
vn -0.43465 0.89747 -0.07504
vt 1 1
f 2605/2605/2605 2606/2606/2606 2607/2607/2607
usemtl green_off
v 0.69422 0.89541 0.70310
vn -0.80046 0.58488 0.13103
vt 0 0
v 0.69709 0.89758 0.70674
vn -0.43465 0.89747 -0.07504
vt 1 0
v 0.69489 0.89599 0.70258
vn -0.46368 0.87641 -0.13001
vt 1 1
f 2608/2608/2608 2609/2609/2609 2610/2610/2610
usemtl green_off
v 0.69489 0.89599 0.70258
vn -0.46354 0.87648 -0.13006
vt 0 0
v 0.69709 0.89758 0.70674
vn -0.43451 0.89753 -0.07507
vt 1 0
v 0.69796 0.89765 0.70618
vn -0.00047 0.93396 -0.35737
vt 1 1
f 2611/2611/2611 2612/2612/2612 2613/2613/2613
usemtl green_off
v 0.69489 0.89599 0.70258
vn -0.46354 0.87648 -0.13006
vt 0 0
v 0.69796 0.89765 0.70618
vn -0.00047 0.93396 -0.35737
vt 1 0
v 0.69582 0.89610 0.70213
vn -0.00050 0.93394 -0.35744
vt 1 1
f 2614/2614/2614 2615/2615/2615 2616/2616/2616
usemtl green_off
v 0.69397 0.85622 0.71822
vn -0.92387 0.13090 0.35964
vt 0 0
v 0.69233 0.85449 0.71371
vn -0.96591 0.08659 0.24397
vt 1 0
v 0.69259 0.85353 0.71400
vn -0.83694 -0.38601 0.38797
vt 1 1
f 2617/2617/2617 2618/2618/2618 2619/2619/2619
usemtl green_off
v 0.69397 0.85622 0.71822
vn -0.92387 0.13090 0.35964
vt 0 0
v 0.69259 0.85353 0.71400
vn -0.83694 -0.38601 0.38797
vt 1 0
v 0.69422 0.85525 0.71848
vn -0.80053 -0.34762 0.48818
vt 1 1
f 2620/2620/2620 2621/2621/2621 2622/2622/2622
usemtl green_off
v 0.69422 0.85525 0.71848
vn -0.80049 -0.34768 0.48819
vt 0 0
v 0.69259 0.85353 0.71400
vn -0.83692 -0.38606 0.38798
vt 1 0
v 0.69330 0.85278 0.71409
vn -0.48482 -0.76124 0.43065
vt 1 1
f 2623/2623/2623 2624/2624/2624 2625/2625/2625
usemtl green_off
v 0.69422 0.85525 0.71848
vn -0.80049 -0.34768 0.48819
vt 0 0
v 0.69330 0.85278 0.71409
vn -0.48482 -0.76124 0.43065
vt 1 0
v 0.69489 0.85447 0.71848
vn -0.46372 -0.73902 0.48869
vt 1 1
f 2626/2626/2626 2627/2627/2627 2628/2628/2628
usemtl green_off
v 0.69489 0.85447 0.71848
vn -0.46357 -0.73911 0.48869
vt 0 0
v 0.69330 0.85278 0.71409
vn -0.48467 -0.76134 0.43064
vt 1 0
v 0.69426 0.85244 0.71394
vn -0.00056 -0.93380 0.35779
vt 1 1
f 2629/2629/2629 2630/2630/2630 2631/2631/2631
usemtl green_off
v 0.69489 0.85447 0.71848
vn -0.46357 -0.73911 0.48869
vt 0 0
v 0.69426 0.85244 0.71394
vn -0.00056 -0.93380 0.35779
vt 1 0
v 0.69582 0.85408 0.71822
vn -0.00054 -0.93377 0.35787
vt 1 1
f 2632/2632/2632 2633/2633/2633 2634/2634/2634
usemtl green_off
v 0.69233 0.89278 0.69905
vn -0.96590 0.09854 0.23941
vt 0 0
v 0.69397 0.89451 0.70356
vn -0.92386 0.14284 0.35509
vt 1 0
v 0.69422 0.89541 0.70310
vn -0.80050 0.58481 0.13111
vt 1 1
f 2635/2635/2635 2636/2636/2636 2637/2637/2637
usemtl green_off
v 0.69233 0.89278 0.69905
vn -0.96590 0.09854 0.23941
vt 0 0
v 0.69422 0.89541 0.70310
vn -0.80050 0.58481 0.13111
vt 1 0
v 0.69259 0.89369 0.69862
vn -0.83694 0.54642 0.03088
vt 1 1
f 2638/2638/2638 2639/2639/2639 2640/2640/2640
usemtl green_off
v 0.69259 0.89369 0.69862
vn -0.83688 0.54653 0.03079
vt 0 0
v 0.69422 0.89541 0.70310
vn -0.80045 0.58491 0.13100
vt 1 0
v 0.69489 0.89599 0.70258
vn -0.46365 0.87642 -0.13004
vt 1 1
f 2641/2641/2641 2642/2642/2642 2643/2643/2643
usemtl green_off
v 0.69259 0.89369 0.69862
vn -0.83688 0.54653 0.03079
vt 0 0
v 0.69489 0.89599 0.70258
vn -0.46365 0.87642 -0.13004
vt 1 0
v 0.69330 0.89431 0.69818
vn -0.48474 0.85420 -0.18808
vt 1 1
f 2644/2644/2644 2645/2645/2645 2646/2646/2646
usemtl green_off
v 0.69330 0.89431 0.69818
vn -0.48466 0.85424 -0.18806
vt 0 0
v 0.69489 0.89599 0.70258
vn -0.46357 0.87647 -0.13001
vt 1 0
v 0.69582 0.89610 0.70213
vn -0.00053 0.93395 -0.35741
vt 1 1
f 2647/2647/2647 2648/2648/2648 2649/2649/2649
usemtl green_off
v 0.69330 0.89431 0.69818
vn -0.48466 0.85424 -0.18806
vt 0 0
v 0.69582 0.89610 0.70213
vn -0.00053 0.93395 -0.35741
vt 1 0
v 0.69426 0.89446 0.69785
vn -0.00056 0.93392 -0.35748
vt 1 1
f 2650/2650/2650 2651/2651/2651 2652/2652/2652
usemtl green_off
v 0.69233 0.85449 0.71371
vn -0.96591 0.08659 0.24397
vt 0 0
v 0.69133 0.85270 0.70904
vn -0.99143 0.04070 0.12417
vt 1 0
v 0.69160 0.85176 0.70936
vn -0.85905 -0.42578 0.28417
vt 1 1
f 2653/2653/2653 2654/2654/2654 2655/2655/2655
usemtl green_off
v 0.69233 0.85449 0.71371
vn -0.96591 0.08659 0.24397
vt 0 0
v 0.69160 0.85176 0.70936
vn -0.85905 -0.42578 0.28417
vt 1 0
v 0.69259 0.85353 0.71400
vn -0.83694 -0.38601 0.38797
vt 1 1
f 2656/2656/2656 2657/2657/2657 2658/2658/2658
usemtl green_off
v 0.69259 0.85353 0.71400
vn -0.83689 -0.38610 0.38799
vt 0 0
v 0.69160 0.85176 0.70936
vn -0.85900 -0.42586 0.28420
vt 1 0
v 0.69233 0.85104 0.70954
vn -0.49758 -0.78429 0.37054
vt 1 1
f 2659/2659/2659 2660/2660/2660 2661/2661/2661
usemtl green_off
v 0.69259 0.85353 0.71400
vn -0.83689 -0.38610 0.38799
vt 0 0
v 0.69233 0.85104 0.70954
vn -0.49758 -0.78429 0.37054
vt 1 0
v 0.69330 0.85278 0.71409
vn -0.48478 -0.76127 0.43065
vt 1 1
f 2662/2662/2662 2663/2663/2663 2664/2664/2664
usemtl green_off
v 0.69330 0.85278 0.71409
vn -0.48471 -0.76130 0.43066
vt 0 0
v 0.69233 0.85104 0.70954
vn -0.49751 -0.78433 0.37054
vt 1 0
v 0.69332 0.85074 0.70951
vn -0.00062 -0.93382 0.35775
vt 1 1
f 2665/2665/2665 2666/2666/2666 2667/2667/2667
usemtl green_off
v 0.69330 0.85278 0.71409
vn -0.48471 -0.76130 0.43066
vt 0 0
v 0.69332 0.85074 0.70951
vn -0.00062 -0.93382 0.35775
vt 1 0
v 0.69426 0.85244 0.71394
vn -0.00061 -0.93379 0.35782
vt 1 1
f 2668/2668/2668 2669/2669/2669 2670/2670/2670
usemtl green_off
v 0.69133 0.89099 0.69437
vn -0.99142 0.05266 0.11960
vt 0 0
v 0.69233 0.89278 0.69905
vn -0.96590 0.09854 0.23941
vt 1 0
v 0.69259 0.89369 0.69862
vn -0.83694 0.54642 0.03088
vt 1 1
f 2671/2671/2671 2672/2672/2672 2673/2673/2673
usemtl green_off
v 0.69133 0.89099 0.69437
vn -0.99142 0.05266 0.11960
vt 0 0
v 0.69259 0.89369 0.69862
vn -0.83694 0.54642 0.03088
vt 1 0
v 0.69160 0.89191 0.69398
vn -0.85905 0.50667 -0.07295
vt 1 1
f 2674/2674/2674 2675/2675/2675 2676/2676/2676
usemtl green_off
v 0.69160 0.89191 0.69398
vn -0.85898 0.50678 -0.07296
vt 0 0
v 0.69259 0.89369 0.69862
vn -0.83687 0.54653 0.03083
vt 1 0
v 0.69330 0.89431 0.69818
vn -0.48475 0.85420 -0.18804
vt 1 1
f 2677/2677/2677 2678/2678/2678 2679/2679/2679
usemtl green_off
v 0.69160 0.89191 0.69398
vn -0.85898 0.50678 -0.07296
vt 0 0
v 0.69330 0.89431 0.69818
vn -0.48475 0.85420 -0.18804
vt 1 0
v 0.69233 0.89256 0.69363
vn -0.49756 0.83118 -0.24816
vt 1 1
f 2680/2680/2680 2681/2681/2681 2682/2682/2682
usemtl green_off
v 0.69233 0.89256 0.69363
vn -0.49760 0.83114 -0.24819
vt 0 0
v 0.69330 0.89431 0.69818
vn -0.48479 0.85417 -0.18806
vt 1 0
v 0.69426 0.89446 0.69785
vn -0.00070 0.93391 -0.35750
vt 1 1
f 2683/2683/2683 2684/2684/2684 2685/2685/2685
usemtl green_off
v 0.69233 0.89256 0.69363
vn -0.49760 0.83114 -0.24819
vt 0 0
v 0.69426 0.89446 0.69785
vn -0.00070 0.93391 -0.35750
vt 1 0
v 0.69332 0.89277 0.69341
vn -0.00072 0.93388 -0.35758
vt 1 1
f 2686/2686/2686 2687/2687/2687 2688/2688/2688
usemtl green_off
v 0.69133 0.85270 0.70904
vn -0.99143 0.04070 0.12417
vt 0 0
v 0.69100 0.85088 0.70428
vn -0.99998 -0.00599 0.00229
vt 1 0
v 0.69127 0.84995 0.70464
vn -0.86645 -0.46624 0.17857
vt 1 1
f 2689/2689/2689 2690/2690/2690 2691/2691/2691
usemtl green_off
v 0.69133 0.85270 0.70904
vn -0.99143 0.04070 0.12417
vt 0 0
v 0.69127 0.84995 0.70464
vn -0.86645 -0.46624 0.17857
vt 1 0
v 0.69160 0.85176 0.70936
vn -0.85905 -0.42578 0.28417
vt 1 1
f 2692/2692/2692 2693/2693/2693 2694/2694/2694
usemtl green_off
v 0.69160 0.85176 0.70936
vn -0.85904 -0.42581 0.28415
vt 0 0
v 0.69127 0.84995 0.70464
vn -0.86645 -0.46625 0.17855
vt 1 0
v 0.69200 0.84927 0.70490
vn -0.50194 -0.80770 0.30933
vt 1 1
f 2695/2695/2695 2696/2696/2696 2697/2697/2697
usemtl green_off
v 0.69160 0.85176 0.70936
vn -0.85904 -0.42581 0.28415
vt 0 0
v 0.69200 0.84927 0.70490
vn -0.50194 -0.80770 0.30933
vt 1 0
v 0.69233 0.85104 0.70954
vn -0.49765 -0.78427 0.37049
vt 1 1
f 2698/2698/2698 2699/2699/2699 2700/2700/2700
usemtl green_off
v 0.69233 0.85104 0.70954
vn -0.49750 -0.78434 0.37054
vt 0 0
v 0.69200 0.84927 0.70490
vn -0.50179 -0.80777 0.30936
vt 1 0
v 0.69300 0.84901 0.70500
vn -0.00061 -0.93385 0.35766
vt 1 1
f 2701/2701/2701 2702/2702/2702 2703/2703/2703
usemtl green_off
v 0.69233 0.85104 0.70954
vn -0.49750 -0.78434 0.37054
vt 0 0
v 0.69300 0.84901 0.70500
vn -0.00061 -0.93385 0.35766
vt 1 0
v 0.69332 0.85074 0.70951
vn -0.00061 -0.93383 0.35773
vt 1 1
f 2704/2704/2704 2705/2705/2705 2706/2706/2706
usemtl green_off
v 0.69100 0.88917 0.68962
vn -0.99998 0.00598 -0.00229
vt 0 0
v 0.69133 0.89099 0.69437
vn -0.99142 0.05266 0.11960
vt 1 0
v 0.69160 0.89191 0.69398
vn -0.85905 0.50667 -0.07295
vt 1 1
f 2707/2707/2707 2708/2708/2708 2709/2709/2709
usemtl green_off
v 0.69100 0.88917 0.68962
vn -0.99998 0.00598 -0.00229
vt 0 0
v 0.69160 0.89191 0.69398
vn -0.85905 0.50667 -0.07295
vt 1 0
v 0.69127 0.89010 0.68926
vn -0.86646 0.46623 -0.17856
vt 1 1
f 2710/2710/2710 2711/2711/2711 2712/2712/2712
usemtl green_off
v 0.69127 0.89010 0.68926
vn -0.86644 0.46625 -0.17858
vt 0 0
v 0.69160 0.89191 0.69398
vn -0.85903 0.50670 -0.07298
vt 1 0
v 0.69233 0.89256 0.69363
vn -0.49764 0.83112 -0.24819
vt 1 1
f 2713/2713/2713 2714/2714/2714 2715/2715/2715
usemtl green_off
v 0.69127 0.89010 0.68926
vn -0.86644 0.46625 -0.17858
vt 0 0
v 0.69233 0.89256 0.69363
vn -0.49764 0.83112 -0.24819
vt 1 0
v 0.69200 0.89079 0.68900
vn -0.50193 0.80770 -0.30935
vt 1 1
f 2716/2716/2716 2717/2717/2717 2718/2718/2718
usemtl green_off
v 0.69200 0.89079 0.68900
vn -0.50179 0.80778 -0.30935
vt 0 0
v 0.69233 0.89256 0.69363
vn -0.49750 0.83121 -0.24817
vt 1 0
v 0.69332 0.89277 0.69341
vn -0.00061 0.93389 -0.35756
vt 1 1
f 2719/2719/2719 2720/2720/2720 2721/2721/2721
usemtl green_off
v 0.69200 0.89079 0.68900
vn -0.50179 0.80778 -0.30935
vt 0 0
v 0.69332 0.89277 0.69341
vn -0.00061 0.93389 -0.35756
vt 1 0
v 0.69300 0.89104 0.68891
vn -0.00061 0.93386 -0.35763
vt 1 1
f 2722/2722/2722 2723/2723/2723 2724/2724/2724
usemtl green_off
v 0.69100 0.85088 0.70428
vn -0.99998 -0.00599 0.00229
vt 0 0
v 0.69133 0.84906 0.69953
vn -0.99142 -0.05266 -0.11961
vt 1 0
v 0.69160 0.84814 0.69992
vn -0.85905 -0.50668 0.07295
vt 1 1
f 2725/2725/2725 2726/2726/2726 2727/2727/2727
usemtl green_off
v 0.69100 0.85088 0.70428
vn -0.99998 -0.00599 0.00229
vt 0 0
v 0.69160 0.84814 0.69992
vn -0.85905 -0.50668 0.07295
vt 1 0
v 0.69127 0.84995 0.70464
vn -0.86645 -0.46624 0.17857
vt 1 1
f 2728/2728/2728 2729/2729/2729 2730/2730/2730
usemtl green_off
v 0.69127 0.84995 0.70464
vn -0.86641 -0.46631 0.17859
vt 0 0
v 0.69160 0.84814 0.69992
vn -0.85899 -0.50675 0.07300
vt 1 0
v 0.69233 0.84749 0.70027
vn -0.49758 -0.83115 0.24820
vt 1 1
f 2731/2731/2731 2732/2732/2732 2733/2733/2733
usemtl green_off
v 0.69127 0.84995 0.70464
vn -0.86641 -0.46631 0.17859
vt 0 0
v 0.69233 0.84749 0.70027
vn -0.49758 -0.83115 0.24820
vt 1 0
v 0.69200 0.84927 0.70490
vn -0.50187 -0.80773 0.30936
vt 1 1
f 2734/2734/2734 2735/2735/2735 2736/2736/2736
usemtl green_off
v 0.69200 0.84927 0.70490
vn -0.50175 -0.80780 0.30937
vt 0 0
v 0.69233 0.84749 0.70027
vn -0.49746 -0.83122 0.24820
vt 1 0
v 0.69332 0.84729 0.70049
vn -0.00056 -0.93388 0.35758
vt 1 1
f 2737/2737/2737 2738/2738/2738 2739/2739/2739
usemtl green_off
v 0.69200 0.84927 0.70490
vn -0.50175 -0.80780 0.30937
vt 0 0
v 0.69332 0.84729 0.70049
vn -0.00056 -0.93388 0.35758
vt 1 0
v 0.69300 0.84901 0.70500
vn -0.00057 -0.93386 0.35765
vt 1 1
f 2740/2740/2740 2741/2741/2741 2742/2742/2742
usemtl green_off
v 0.69133 0.88735 0.68487
vn -0.99143 -0.04071 -0.12418
vt 0 0
v 0.69100 0.88917 0.68962
vn -0.99998 0.00598 -0.00229
vt 1 0
v 0.69127 0.89010 0.68926
vn -0.86646 0.46623 -0.17856
vt 1 1
f 2743/2743/2743 2744/2744/2744 2745/2745/2745
usemtl green_off
v 0.69133 0.88735 0.68487
vn -0.99143 -0.04071 -0.12418
vt 0 0
v 0.69127 0.89010 0.68926
vn -0.86646 0.46623 -0.17856
vt 1 0
v 0.69160 0.88830 0.68454
vn -0.85905 0.42577 -0.28417
vt 1 1
f 2746/2746/2746 2747/2747/2747 2748/2748/2748
usemtl green_off
v 0.69160 0.88830 0.68454
vn -0.85900 0.42587 -0.28417
vt 0 0
v 0.69127 0.89010 0.68926
vn -0.86641 0.46630 -0.17857
vt 1 0
v 0.69200 0.89079 0.68900
vn -0.50188 0.80773 -0.30934
vt 1 1
f 2749/2749/2749 2750/2750/2750 2751/2751/2751
usemtl green_off
v 0.69160 0.88830 0.68454
vn -0.85900 0.42587 -0.28417
vt 0 0
v 0.69200 0.89079 0.68900
vn -0.50188 0.80773 -0.30934
vt 1 0
v 0.69233 0.88901 0.68437
vn -0.49759 0.78431 -0.37050
vt 1 1
f 2752/2752/2752 2753/2753/2753 2754/2754/2754
usemtl green_off
v 0.69233 0.88901 0.68437
vn -0.49750 0.78434 -0.37056
vt 0 0
v 0.69200 0.89079 0.68900
vn -0.50179 0.80777 -0.30938
vt 1 0
v 0.69300 0.89104 0.68891
vn -0.00061 0.93385 -0.35767
vt 1 1
f 2755/2755/2755 2756/2756/2756 2757/2757/2757
usemtl green_off
v 0.69233 0.88901 0.68437
vn -0.49750 0.78434 -0.37056
vt 0 0
v 0.69300 0.89104 0.68891
vn -0.00061 0.93385 -0.35767
vt 1 0
v 0.69332 0.88931 0.68440
vn -0.00061 0.93382 -0.35775
vt 1 1
f 2758/2758/2758 2759/2759/2759 2760/2760/2760
usemtl green_off
v 0.69133 0.84906 0.69953
vn -0.99142 -0.05266 -0.11961
vt 0 0
v 0.69233 0.84727 0.69486
vn -0.96590 -0.09855 -0.23942
vt 1 0
v 0.69259 0.84636 0.69528
vn -0.83693 -0.54644 -0.03089
vt 1 1
f 2761/2761/2761 2762/2762/2762 2763/2763/2763
usemtl green_off
v 0.69133 0.84906 0.69953
vn -0.99142 -0.05266 -0.11961
vt 0 0
v 0.69259 0.84636 0.69528
vn -0.83693 -0.54644 -0.03089
vt 1 0
v 0.69160 0.84814 0.69992
vn -0.85905 -0.50668 0.07295
vt 1 1
f 2764/2764/2764 2765/2765/2765 2766/2766/2766
usemtl green_off
v 0.69160 0.84814 0.69992
vn -0.85898 -0.50678 0.07296
vt 0 0
v 0.69259 0.84636 0.69528
vn -0.83687 -0.54653 -0.03083
vt 1 0
v 0.69330 0.84575 0.69572
vn -0.48475 -0.85420 0.18805
vt 1 1
f 2767/2767/2767 2768/2768/2768 2769/2769/2769
usemtl green_off
v 0.69160 0.84814 0.69992
vn -0.85898 -0.50678 0.07296
vt 0 0
v 0.69330 0.84575 0.69572
vn -0.48475 -0.85420 0.18805
vt 1 0
v 0.69233 0.84749 0.70027
vn -0.49755 -0.83118 0.24816
vt 1 1
f 2770/2770/2770 2771/2771/2771 2772/2772/2772
usemtl green_off
v 0.69233 0.84749 0.70027
vn -0.49752 -0.83119 0.24820
vt 0 0
v 0.69330 0.84575 0.69572
vn -0.48471 -0.85422 0.18808
vt 1 0
v 0.69426 0.84559 0.69606
vn -0.00061 -0.93391 0.35751
vt 1 1
f 2773/2773/2773 2774/2774/2774 2775/2775/2775
usemtl green_off
v 0.69233 0.84749 0.70027
vn -0.49752 -0.83119 0.24820
vt 0 0
v 0.69426 0.84559 0.69606
vn -0.00061 -0.93391 0.35751
vt 1 0
v 0.69332 0.84729 0.70049
vn -0.00062 -0.93388 0.35758
vt 1 1
f 2776/2776/2776 2777/2777/2777 2778/2778/2778
usemtl green_off
v 0.69233 0.88556 0.68019
vn -0.96591 -0.08659 -0.24397
vt 0 0
v 0.69133 0.88735 0.68487
vn -0.99143 -0.04071 -0.12418
vt 1 0
v 0.69160 0.88830 0.68454
vn -0.85905 0.42577 -0.28417
vt 1 1
f 2779/2779/2779 2780/2780/2780 2781/2781/2781
usemtl green_off
v 0.69233 0.88556 0.68019
vn -0.96591 -0.08659 -0.24397
vt 0 0
v 0.69160 0.88830 0.68454
vn -0.85905 0.42577 -0.28417
vt 1 0
v 0.69259 0.88652 0.67990
vn -0.83695 0.38601 -0.38795
vt 1 1
f 2782/2782/2782 2783/2783/2783 2784/2784/2784
usemtl green_off
v 0.69259 0.88652 0.67990
vn -0.83691 0.38607 -0.38798
vt 0 0
v 0.69160 0.88830 0.68454
vn -0.85902 0.42582 -0.28419
vt 1 0
v 0.69233 0.88901 0.68437
vn -0.49762 0.78427 -0.37053
vt 1 1
f 2785/2785/2785 2786/2786/2786 2787/2787/2787
usemtl green_off
v 0.69259 0.88652 0.67990
vn -0.83691 0.38607 -0.38798
vt 0 0
v 0.69233 0.88901 0.68437
vn -0.49762 0.78427 -0.37053
vt 1 0
v 0.69330 0.88727 0.67982
vn -0.48481 0.76125 -0.43064
vt 1 1
f 2788/2788/2788 2789/2789/2789 2790/2790/2790
usemtl green_off
v 0.69330 0.88727 0.67982
vn -0.48471 0.76130 -0.43066
vt 0 0
v 0.69233 0.88901 0.68437
vn -0.49751 0.78434 -0.37054
vt 1 0
v 0.69332 0.88931 0.68440
vn -0.00062 0.93382 -0.35774
vt 1 1
f 2791/2791/2791 2792/2792/2792 2793/2793/2793
usemtl green_off
v 0.69330 0.88727 0.67982
vn -0.48471 0.76130 -0.43066
vt 0 0
v 0.69332 0.88931 0.68440
vn -0.00062 0.93382 -0.35774
vt 1 0
v 0.69426 0.88761 0.67996
vn -0.00061 0.93379 -0.35782
vt 1 1
f 2794/2794/2794 2795/2795/2795 2796/2796/2796
usemtl green_off
v 0.69233 0.84727 0.69486
vn -0.96590 -0.09855 -0.23942
vt 0 0
v 0.69397 0.84554 0.69035
vn -0.92386 -0.14284 -0.35509
vt 1 0
v 0.69422 0.84465 0.69080
vn -0.80051 -0.58480 -0.13111
vt 1 1
f 2797/2797/2797 2798/2798/2798 2799/2799/2799
usemtl green_off
v 0.69233 0.84727 0.69486
vn -0.96590 -0.09855 -0.23942
vt 0 0
v 0.69422 0.84465 0.69080
vn -0.80051 -0.58480 -0.13111
vt 1 0
v 0.69259 0.84636 0.69528
vn -0.83693 -0.54644 -0.03089
vt 1 1
f 2800/2800/2800 2801/2801/2801 2802/2802/2802
usemtl green_off
v 0.69259 0.84636 0.69528
vn -0.83689 -0.54650 -0.03080
vt 0 0
v 0.69422 0.84465 0.69080
vn -0.80047 -0.58488 -0.13100
vt 1 0
v 0.69489 0.84406 0.69132
vn -0.46369 -0.87640 0.13004
vt 1 1
f 2803/2803/2803 2804/2804/2804 2805/2805/2805
usemtl green_off
v 0.69259 0.84636 0.69528
vn -0.83689 -0.54650 -0.03080
vt 0 0
v 0.69489 0.84406 0.69132
vn -0.46369 -0.87640 0.13004
vt 1 0
v 0.69330 0.84575 0.69572
vn -0.48477 -0.85418 0.18808
vt 1 1
f 2806/2806/2806 2807/2807/2807 2808/2808/2808
usemtl green_off
v 0.69330 0.84575 0.69572
vn -0.48471 -0.85422 0.18806
vt 0 0
v 0.69489 0.84406 0.69132
vn -0.46361 -0.87645 0.13000
vt 1 0
v 0.69582 0.84395 0.69178
vn -0.00058 -0.93395 0.35741
vt 1 1
f 2809/2809/2809 2810/2810/2810 2811/2811/2811
usemtl green_off
v 0.69330 0.84575 0.69572
vn -0.48471 -0.85422 0.18806
vt 0 0
v 0.69582 0.84395 0.69178
vn -0.00058 -0.93395 0.35741
vt 1 0
v 0.69426 0.84559 0.69606
vn -0.00061 -0.93392 0.35748
vt 1 1
f 2812/2812/2812 2813/2813/2813 2814/2814/2814
usemtl green_off
v 0.69397 0.88383 0.67568
vn -0.92387 -0.13090 -0.35963
vt 0 0
v 0.69233 0.88556 0.68019
vn -0.96591 -0.08659 -0.24397
vt 1 0
v 0.69259 0.88652 0.67990
vn -0.83695 0.38601 -0.38795
vt 1 1
f 2815/2815/2815 2816/2816/2816 2817/2817/2817
usemtl green_off
v 0.69397 0.88383 0.67568
vn -0.92387 -0.13090 -0.35963
vt 0 0
v 0.69259 0.88652 0.67990
vn -0.83695 0.38601 -0.38795
vt 1 0
v 0.69422 0.88480 0.67542
vn -0.80053 0.34761 -0.48817
vt 1 1
f 2818/2818/2818 2819/2819/2819 2820/2820/2820
usemtl green_off
v 0.69422 0.88480 0.67542
vn -0.80049 0.34768 -0.48819
vt 0 0
v 0.69259 0.88652 0.67990
vn -0.83692 0.38606 -0.38798
vt 1 0
v 0.69330 0.88727 0.67982
vn -0.48482 0.76124 -0.43065
vt 1 1
f 2821/2821/2821 2822/2822/2822 2823/2823/2823
usemtl green_off
v 0.69422 0.88480 0.67542
vn -0.80049 0.34768 -0.48819
vt 0 0
v 0.69330 0.88727 0.67982
vn -0.48482 0.76124 -0.43065
vt 1 0
v 0.69489 0.88559 0.67542
vn -0.46372 0.73902 -0.48869
vt 1 1
f 2824/2824/2824 2825/2825/2825 2826/2826/2826
usemtl green_off
v 0.69489 0.88559 0.67542
vn -0.46361 0.73909 -0.48868
vt 0 0
v 0.69330 0.88727 0.67982
vn -0.48471 0.76132 -0.43063
vt 1 0
v 0.69426 0.88761 0.67996
vn -0.00061 0.93380 -0.35779
vt 1 1
f 2827/2827/2827 2828/2828/2828 2829/2829/2829
usemtl green_off
v 0.69489 0.88559 0.67542
vn -0.46361 0.73909 -0.48868
vt 0 0
v 0.69426 0.88761 0.67996
vn -0.00061 0.93380 -0.35779
vt 1 0
v 0.69582 0.88597 0.67568
vn -0.00059 0.93377 -0.35786
vt 1 1
f 2830/2830/2830 2831/2831/2831 2832/2832/2832
usemtl green_off
v 0.69397 0.84554 0.69035
vn -0.92386 -0.14284 -0.35509
vt 0 0
v 0.69623 0.84391 0.68607
vn -0.86599 -0.18480 -0.46466
vt 1 0
v 0.69646 0.84302 0.68656
vn -0.75039 -0.62115 -0.22603
vt 1 1
f 2833/2833/2833 2834/2834/2834 2835/2835/2835
usemtl green_off
v 0.69397 0.84554 0.69035
vn -0.92386 -0.14284 -0.35509
vt 0 0
v 0.69646 0.84302 0.68656
vn -0.75039 -0.62115 -0.22603
vt 1 0
v 0.69422 0.84465 0.69080
vn -0.80051 -0.58480 -0.13111
vt 1 1
f 2836/2836/2836 2837/2837/2837 2838/2838/2838
usemtl green_off
v 0.69422 0.84465 0.69080
vn -0.80047 -0.58488 -0.13103
vt 0 0
v 0.69646 0.84302 0.68656
vn -0.75034 -0.62124 -0.22593
vt 1 0
v 0.69709 0.84247 0.68716
vn -0.43465 -0.89747 0.07504
vt 1 1
f 2839/2839/2839 2840/2840/2840 2841/2841/2841
usemtl green_off
v 0.69422 0.84465 0.69080
vn -0.80047 -0.58488 -0.13103
vt 0 0
v 0.69709 0.84247 0.68716
vn -0.43465 -0.89747 0.07504
vt 1 0
v 0.69489 0.84406 0.69132
vn -0.46368 -0.87641 0.13001
vt 1 1
f 2842/2842/2842 2843/2843/2843 2844/2844/2844
usemtl green_off
v 0.69489 0.84406 0.69132
vn -0.46367 -0.87641 0.13004
vt 0 0
v 0.69709 0.84247 0.68716
vn -0.43463 -0.89748 0.07506
vt 1 0
v 0.69796 0.84240 0.68773
vn -0.00061 -0.93396 0.35737
vt 1 1
f 2845/2845/2845 2846/2846/2846 2847/2847/2847
usemtl green_off
v 0.69489 0.84406 0.69132
vn -0.46367 -0.87641 0.13004
vt 0 0
v 0.69796 0.84240 0.68773
vn -0.00061 -0.93396 0.35737
vt 1 0
v 0.69582 0.84395 0.69178
vn -0.00064 -0.93394 0.35744
vt 1 1
f 2848/2848/2848 2849/2849/2849 2850/2850/2850
usemtl green_off
v 0.69623 0.88220 0.67141
vn -0.86601 -0.17286 -0.46920
vt 0 0
v 0.69397 0.88383 0.67568
vn -0.92387 -0.13090 -0.35963
vt 1 0
v 0.69422 0.88480 0.67542
vn -0.80053 0.34761 -0.48817
vt 1 1
f 2851/2851/2851 2852/2852/2852 2853/2853/2853
usemtl green_off
v 0.69623 0.88220 0.67141
vn -0.86601 -0.17286 -0.46920
vt 0 0
v 0.69422 0.88480 0.67542
vn -0.80053 0.34761 -0.48817
vt 1 0
v 0.69646 0.88318 0.67118
vn -0.75039 0.31126 -0.58313
vt 1 1
f 2854/2854/2854 2855/2855/2855 2856/2856/2856
usemtl green_off
v 0.69646 0.88318 0.67118
vn -0.75032 0.31136 -0.58316
vt 0 0
v 0.69422 0.88480 0.67542
vn -0.80044 0.34772 -0.48826
vt 1 0
v 0.69489 0.88559 0.67542
vn -0.46365 0.73903 -0.48874
vt 1 1
f 2857/2857/2857 2858/2858/2858 2859/2859/2859
usemtl green_off
v 0.69646 0.88318 0.67118
vn -0.75032 0.31136 -0.58316
vt 0 0
v 0.69489 0.88559 0.67542
vn -0.46365 0.73903 -0.48874
vt 1 0
v 0.69709 0.88399 0.67126
vn -0.43462 0.71797 -0.54371
vt 1 1
f 2860/2860/2860 2861/2861/2861 2862/2862/2862
usemtl green_off
v 0.69709 0.88399 0.67126
vn -0.43456 0.71804 -0.54367
vt 0 0
v 0.69489 0.88559 0.67542
vn -0.46359 0.73910 -0.48869
vt 1 0
v 0.69582 0.88597 0.67568
vn -0.00056 0.93377 -0.35788
vt 1 1
f 2863/2863/2863 2864/2864/2864 2865/2865/2865
usemtl green_off
v 0.69709 0.88399 0.67126
vn -0.43456 0.71804 -0.54367
vt 0 0
v 0.69582 0.88597 0.67568
vn -0.00056 0.93377 -0.35788
vt 1 0
v 0.69796 0.88442 0.67163
vn -0.00052 0.93374 -0.35794
vt 1 1
f 2866/2866/2866 2867/2867/2867 2868/2868/2868
usemtl green_off
v 0.69623 0.84391 0.68607
vn -0.86599 -0.18480 -0.46466
vt 0 0
v 0.69906 0.84239 0.68211
vn -0.79332 -0.22371 -0.56622
vt 1 0
v 0.69927 0.84152 0.68262
vn -0.68742 -0.65487 -0.31402
vt 1 1
f 2869/2869/2869 2870/2870/2870 2871/2871/2871
usemtl green_off
v 0.69623 0.84391 0.68607
vn -0.86599 -0.18480 -0.46466
vt 0 0
v 0.69927 0.84152 0.68262
vn -0.68742 -0.65487 -0.31402
vt 1 0
v 0.69646 0.84302 0.68656
vn -0.75039 -0.62115 -0.22603
vt 1 1
f 2872/2872/2872 2873/2873/2873 2874/2874/2874
usemtl green_off
v 0.69646 0.84302 0.68656
vn -0.75037 -0.62119 -0.22598
vt 0 0
v 0.69927 0.84152 0.68262
vn -0.68741 -0.65490 -0.31396
vt 1 0
v 0.69985 0.84099 0.68330
vn -0.39823 -0.91697 0.02403
vt 1 1
f 2875/2875/2875 2876/2876/2876 2877/2877/2877
usemtl green_off
v 0.69646 0.84302 0.68656
vn -0.75037 -0.62119 -0.22598
vt 0 0
v 0.69985 0.84099 0.68330
vn -0.39823 -0.91697 0.02403
vt 1 0
v 0.69709 0.84247 0.68716
vn -0.43469 -0.89745 0.07500
vt 1 1
f 2878/2878/2878 2879/2879/2879 2880/2880/2880
usemtl green_off
v 0.69709 0.84247 0.68716
vn -0.43461 -0.89748 0.07508
vt 0 0
v 0.69985 0.84099 0.68330
vn -0.39813 -0.91701 0.02411
vt 1 0
v 0.70065 0.84096 0.68397
vn -0.00054 -0.93398 0.35732
vt 1 1
f 2881/2881/2881 2882/2882/2882 2883/2883/2883
usemtl green_off
v 0.69709 0.84247 0.68716
vn -0.43461 -0.89748 0.07508
vt 0 0
v 0.70065 0.84096 0.68397
vn -0.00054 -0.93398 0.35732
vt 1 0
v 0.69796 0.84240 0.68773
vn -0.00057 -0.93396 0.35739
vt 1 1
f 2884/2884/2884 2885/2885/2885 2886/2886/2886
usemtl green_off
v 0.69906 0.88068 0.66745
vn -0.79333 -0.21176 -0.57077
vt 0 0
v 0.69623 0.88220 0.67141
vn -0.86601 -0.17286 -0.46920
vt 1 0
v 0.69646 0.88318 0.67118
vn -0.75039 0.31126 -0.58313
vt 1 1
f 2887/2887/2887 2888/2888/2888 2889/2889/2889
usemtl green_off
v 0.69906 0.88068 0.66745
vn -0.79333 -0.21176 -0.57077
vt 0 0
v 0.69646 0.88318 0.67118
vn -0.75039 0.31126 -0.58313
vt 1 0
v 0.69927 0.88167 0.66724
vn -0.68741 0.27755 -0.67114
vt 1 1
f 2890/2890/2890 2891/2891/2891 2892/2892/2892
usemtl green_off
v 0.69927 0.88167 0.66724
vn -0.68741 0.27764 -0.67110
vt 0 0
v 0.69646 0.88318 0.67118
vn -0.75037 0.31133 -0.58311
vt 1 0
v 0.69709 0.88399 0.67126
vn -0.43468 0.71796 -0.54368
vt 1 1
f 2893/2893/2893 2894/2894/2894 2895/2895/2895
usemtl green_off
v 0.69927 0.88167 0.66724
vn -0.68741 0.27764 -0.67110
vt 0 0
v 0.69709 0.88399 0.67126
vn -0.43468 0.71796 -0.54368
vt 1 0
v 0.69985 0.88251 0.66740
vn -0.39822 0.69844 -0.59464
vt 1 1
f 2896/2896/2896 2897/2897/2897 2898/2898/2898
usemtl green_off
v 0.69985 0.88251 0.66740
vn -0.39810 0.69849 -0.59467
vt 0 0
v 0.69709 0.88399 0.67126
vn -0.43457 0.71801 -0.54369
vt 1 0
v 0.69796 0.88442 0.67163
vn -0.00054 0.93373 -0.35798
vt 1 1
f 2899/2899/2899 2900/2900/2900 2901/2901/2901
usemtl green_off
v 0.69985 0.88251 0.66740
vn -0.39810 0.69849 -0.59467
vt 0 0
v 0.69796 0.88442 0.67163
vn -0.00054 0.93373 -0.35798
vt 1 0
v 0.70065 0.88298 0.66787
vn -0.00049 0.93371 -0.35804
vt 1 1
f 2902/2902/2902 2903/2903/2903 2904/2904/2904
usemtl green_off
v 0.69906 0.84239 0.68211
vn -0.79332 -0.22371 -0.56622
vt 0 0
v 0.70242 0.84102 0.67853
vn -0.70708 -0.25888 -0.65804
vt 1 0
v 0.70261 0.84015 0.67907
vn -0.61267 -0.68536 -0.39360
vt 1 1
f 2905/2905/2905 2906/2906/2906 2907/2907/2907
usemtl green_off
v 0.69906 0.84239 0.68211
vn -0.79332 -0.22371 -0.56622
vt 0 0
v 0.70261 0.84015 0.67907
vn -0.61267 -0.68536 -0.39360
vt 1 0
v 0.69927 0.84152 0.68262
vn -0.68742 -0.65487 -0.31402
vt 1 1
f 2908/2908/2908 2909/2909/2909 2910/2910/2910
usemtl green_off
v 0.69927 0.84152 0.68262
vn -0.68734 -0.65497 -0.31396
vt 0 0
v 0.70261 0.84015 0.67907
vn -0.61263 -0.68543 -0.39352
vt 1 0
v 0.70313 0.83966 0.67981
vn -0.35486 -0.93466 -0.02204
vt 1 1
f 2911/2911/2911 2912/2912/2912 2913/2913/2913
usemtl green_off
v 0.69927 0.84152 0.68262
vn -0.68734 -0.65497 -0.31396
vt 0 0
v 0.70313 0.83966 0.67981
vn -0.35486 -0.93466 -0.02204
vt 1 0
v 0.69985 0.84099 0.68330
vn -0.39813 -0.91701 0.02404
vt 1 1
f 2914/2914/2914 2915/2915/2915 2916/2916/2916
usemtl green_off
v 0.69985 0.84099 0.68330
vn -0.39812 -0.91702 0.02407
vt 0 0
v 0.70313 0.83966 0.67981
vn -0.35484 -0.93467 -0.02202
vt 1 0
v 0.70384 0.83966 0.68057
vn -0.00050 -0.93403 0.35720
vt 1 1
f 2917/2917/2917 2918/2918/2918 2919/2919/2919
usemtl green_off
v 0.69985 0.84099 0.68330
vn -0.39812 -0.91702 0.02407
vt 0 0
v 0.70384 0.83966 0.68057
vn -0.00050 -0.93403 0.35720
vt 1 0
v 0.70065 0.84096 0.68397
vn -0.00055 -0.93401 0.35726
vt 1 1
f 2920/2920/2920 2921/2921/2921 2922/2922/2922
usemtl green_off
v 0.70242 0.87931 0.66387
vn -0.70709 -0.24693 -0.66261
vt 0 0
v 0.69906 0.88068 0.66745
vn -0.79333 -0.21176 -0.57077
vt 1 0
v 0.69927 0.88167 0.66724
vn -0.68741 0.27755 -0.67114
vt 1 1
f 2923/2923/2923 2924/2924/2924 2925/2925/2925
usemtl green_off
v 0.70242 0.87931 0.66387
vn -0.70709 -0.24693 -0.66261
vt 0 0
v 0.69927 0.88167 0.66724
vn -0.68741 0.27755 -0.67114
vt 1 0
v 0.70261 0.88031 0.66369
vn -0.61268 0.24708 -0.75071
vt 1 1
f 2926/2926/2926 2927/2927/2927 2928/2928/2928
usemtl green_off
v 0.70261 0.88031 0.66369
vn -0.61266 0.24720 -0.75069
vt 0 0
v 0.69927 0.88167 0.66724
vn -0.68738 0.27767 -0.67113
vt 1 0
v 0.69985 0.88251 0.66740
vn -0.39817 0.69846 -0.59466
vt 1 1
f 2929/2929/2929 2930/2930/2930 2931/2931/2931
usemtl green_off
v 0.70261 0.88031 0.66369
vn -0.61266 0.24720 -0.75069
vt 0 0
v 0.69985 0.88251 0.66740
vn -0.39817 0.69846 -0.59466
vt 1 0
v 0.70313 0.88118 0.66391
vn -0.35489 0.68081 -0.64074
vt 1 1
f 2932/2932/2932 2933/2933/2933 2934/2934/2934
usemtl green_off
v 0.70313 0.88118 0.66391
vn -0.35485 0.68085 -0.64072
vt 0 0
v 0.69985 0.88251 0.66740
vn -0.39813 0.69850 -0.59463
vt 1 0
v 0.70065 0.88298 0.66787
vn -0.00055 0.93371 -0.35804
vt 1 1
f 2935/2935/2935 2936/2936/2936 2937/2937/2937
usemtl green_off
v 0.70313 0.88118 0.66391
vn -0.35485 0.68085 -0.64072
vt 0 0
v 0.70065 0.88298 0.66787
vn -0.00055 0.93371 -0.35804
vt 1 0
v 0.70384 0.88168 0.66448
vn -0.00051 0.93368 -0.35810
vt 1 1
f 2938/2938/2938 2939/2939/2939 2940/2940/2940
usemtl green_off
v 0.70242 0.84102 0.67853
vn -0.70708 -0.25888 -0.65804
vt 0 0
v 0.70626 0.83982 0.67539
vn -0.60872 -0.28974 -0.73859
vt 1 0
v 0.70642 0.83896 0.67595
vn -0.52744 -0.71210 -0.46337
vt 1 1
f 2941/2941/2941 2942/2942/2942 2943/2943/2943
usemtl green_off
v 0.70242 0.84102 0.67853
vn -0.70708 -0.25888 -0.65804
vt 0 0
v 0.70642 0.83896 0.67595
vn -0.52744 -0.71210 -0.46337
vt 1 0
v 0.70261 0.84015 0.67907
vn -0.61267 -0.68536 -0.39360
vt 1 1
f 2944/2944/2944 2945/2945/2945 2946/2946/2946
usemtl green_off
v 0.70261 0.84015 0.67907
vn -0.61262 -0.68544 -0.39352
vt 0 0
v 0.70642 0.83896 0.67595
vn -0.52743 -0.71217 -0.46330
vt 1 0
v 0.70687 0.83848 0.67675
vn -0.30551 -0.95014 -0.06245
vt 1 1
f 2947/2947/2947 2948/2948/2948 2949/2949/2949
usemtl green_off
v 0.70261 0.84015 0.67907
vn -0.61262 -0.68544 -0.39352
vt 0 0
v 0.70687 0.83848 0.67675
vn -0.30551 -0.95014 -0.06245
vt 1 0
v 0.70313 0.83966 0.67981
vn -0.35485 -0.93466 -0.02204
vt 1 1
f 2950/2950/2950 2951/2951/2951 2952/2952/2952
usemtl green_off
v 0.70313 0.83966 0.67981
vn -0.35494 -0.93463 -0.02202
vt 0 0
v 0.70687 0.83848 0.67675
vn -0.30557 -0.95012 -0.06243
vt 1 0
v 0.70748 0.83852 0.67759
vn -0.00049 -0.93404 0.35717
vt 1 1
f 2953/2953/2953 2954/2954/2954 2955/2955/2955
usemtl green_off
v 0.70313 0.83966 0.67981
vn -0.35494 -0.93463 -0.02202
vt 0 0
v 0.70748 0.83852 0.67759
vn -0.00049 -0.93404 0.35717
vt 1 0
v 0.70384 0.83966 0.68057
vn -0.00055 -0.93402 0.35723
vt 1 1
f 2956/2956/2956 2957/2957/2957 2958/2958/2958
usemtl green_off
v 0.70626 0.87810 0.66073
vn -0.60876 -0.27777 -0.74314
vt 0 0
v 0.70242 0.87931 0.66387
vn -0.70709 -0.24693 -0.66261
vt 1 0
v 0.70261 0.88031 0.66369
vn -0.61268 0.24708 -0.75071
vt 1 1
f 2959/2959/2959 2960/2960/2960 2961/2961/2961
usemtl green_off
v 0.70626 0.87810 0.66073
vn -0.60876 -0.27777 -0.74314
vt 0 0
v 0.70261 0.88031 0.66369
vn -0.61268 0.24708 -0.75071
vt 1 0
v 0.70642 0.87911 0.66057
vn -0.52748 0.22036 -0.82049
vt 1 1
f 2962/2962/2962 2963/2963/2963 2964/2964/2964
usemtl green_off
v 0.70642 0.87911 0.66057
vn -0.52747 0.22045 -0.82048
vt 0 0
v 0.70261 0.88031 0.66369
vn -0.61266 0.24717 -0.75070
vt 1 0
v 0.70313 0.88118 0.66391
vn -0.35489 0.68079 -0.64076
vt 1 1
f 2965/2965/2965 2966/2966/2966 2967/2967/2967
usemtl green_off
v 0.70642 0.87911 0.66057
vn -0.52747 0.22045 -0.82048
vt 0 0
v 0.70313 0.88118 0.66391
vn -0.35489 0.68079 -0.64076
vt 1 0
v 0.70687 0.88001 0.66085
vn -0.30555 0.66531 -0.68117
vt 1 1
f 2968/2968/2968 2969/2969/2969 2970/2970/2970
usemtl green_off
v 0.70687 0.88001 0.66085
vn -0.30549 0.66536 -0.68115
vt 0 0
v 0.70313 0.88118 0.66391
vn -0.35485 0.68084 -0.64073
vt 1 0
v 0.70384 0.88168 0.66448
vn -0.00046 0.93369 -0.35808
vt 1 1
f 2971/2971/2971 2972/2972/2972 2973/2973/2973
usemtl green_off
v 0.70687 0.88001 0.66085
vn -0.30549 0.66536 -0.68115
vt 0 0
v 0.70384 0.88168 0.66448
vn -0.00046 0.93369 -0.35808
vt 1 0
v 0.70748 0.88054 0.66150
vn -0.00040 0.93367 -0.35813
vt 1 1
f 2974/2974/2974 2975/2975/2975 2976/2976/2976
usemtl green_off
v 0.70626 0.83982 0.67539
vn -0.60872 -0.28974 -0.73859
vt 0 0
v 0.71050 0.83880 0.67274
vn -0.49999 -0.31572 -0.80643
vt 1 0
v 0.71063 0.83795 0.67332
vn -0.43324 -0.73461 -0.52216
vt 1 1
f 2977/2977/2977 2978/2978/2978 2979/2979/2979
usemtl green_off
v 0.70626 0.83982 0.67539
vn -0.60872 -0.28974 -0.73859
vt 0 0
v 0.71063 0.83795 0.67332
vn -0.43324 -0.73461 -0.52216
vt 1 0
v 0.70642 0.83896 0.67595
vn -0.52744 -0.71210 -0.46337
vt 1 1
f 2980/2980/2980 2981/2981/2981 2982/2982/2982
usemtl green_off
v 0.70642 0.83896 0.67595
vn -0.52737 -0.71220 -0.46331
vt 0 0
v 0.71063 0.83795 0.67332
vn -0.43315 -0.73471 -0.52210
vt 1 0
v 0.71100 0.83750 0.67417
vn -0.25087 -0.96320 -0.09650
vt 1 1
f 2983/2983/2983 2984/2984/2984 2985/2985/2985
usemtl green_off
v 0.70642 0.83896 0.67595
vn -0.52737 -0.71220 -0.46331
vt 0 0
v 0.71100 0.83750 0.67417
vn -0.25087 -0.96320 -0.09650
vt 1 0
v 0.70687 0.83848 0.67675
vn -0.30544 -0.95016 -0.06247
vt 1 1
f 2986/2986/2986 2987/2987/2987 2988/2988/2988
usemtl green_off
v 0.70687 0.83848 0.67675
vn -0.30553 -0.95013 -0.06245
vt 0 0
v 0.71100 0.83750 0.67417
vn -0.25094 -0.96318 -0.09651
vt 1 0
v 0.71150 0.83756 0.67508
vn -0.00036 -0.93406 0.35711
vt 1 1
f 2989/2989/2989 2990/2990/2990 2991/2991/2991
usemtl green_off
v 0.70687 0.83848 0.67675
vn -0.30553 -0.95013 -0.06245
vt 0 0
v 0.71150 0.83756 0.67508
vn -0.00036 -0.93406 0.35711
vt 1 0
v 0.70748 0.83852 0.67759
vn -0.00043 -0.93405 0.35715
vt 1 1
f 2992/2992/2992 2993/2993/2993 2994/2994/2994
usemtl green_off
v 0.71050 0.87709 0.65808
vn -0.49999 -0.30376 -0.81101
vt 0 0
v 0.70626 0.87810 0.66073
vn -0.60876 -0.27777 -0.74314
vt 1 0
v 0.70642 0.87911 0.66057
vn -0.52748 0.22036 -0.82049
vt 1 1
f 2995/2995/2995 2996/2996/2996 2997/2997/2997
usemtl green_off
v 0.71050 0.87709 0.65808
vn -0.49999 -0.30376 -0.81101
vt 0 0
v 0.70642 0.87911 0.66057
vn -0.52748 0.22036 -0.82049
vt 1 0
v 0.71063 0.87811 0.65794
vn -0.43323 0.19784 -0.87930
vt 1 1
f 2998/2998/2998 2999/2999/2999 3000/3000/3000
usemtl green_off
v 0.71063 0.87811 0.65794
vn -0.43324 0.19794 -0.87928
vt 0 0
v 0.70642 0.87911 0.66057
vn -0.52746 0.22045 -0.82048
vt 1 0
v 0.70687 0.88001 0.66085
vn -0.30554 0.66531 -0.68118
vt 1 1
f 3001/3001/3001 3002/3002/3002 3003/3003/3003
usemtl green_off
v 0.71063 0.87811 0.65794
vn -0.43324 0.19794 -0.87928
vt 0 0
v 0.70687 0.88001 0.66085
vn -0.30554 0.66531 -0.68118
vt 1 0
v 0.71100 0.87902 0.65827
vn -0.25097 0.65227 -0.71523
vt 1 1
f 3004/3004/3004 3005/3005/3005 3006/3006/3006
usemtl green_off
v 0.71100 0.87902 0.65827
vn -0.25091 0.65233 -0.71520
vt 0 0
v 0.70687 0.88001 0.66085
vn -0.30549 0.66537 -0.68114
vt 1 0
v 0.70748 0.88054 0.66150
vn -0.00039 0.93367 -0.35812
vt 1 1
f 3007/3007/3007 3008/3008/3008 3009/3009/3009
usemtl green_off
v 0.71100 0.87902 0.65827
vn -0.25091 0.65233 -0.71520
vt 0 0
v 0.70748 0.88054 0.66150
vn -0.00039 0.93367 -0.35812
vt 1 0
v 0.71150 0.87958 0.65899
vn -0.00033 0.93366 -0.35816
vt 1 1
f 3010/3010/3010 3011/3011/3011 3012/3012/3012
usemtl green_off
v 0.71050 0.83880 0.67274
vn -0.49999 -0.31572 -0.80643
vt 0 0
v 0.71508 0.83800 0.67064
vn -0.38267 -0.33641 -0.86046
vt 1 0
v 0.71518 0.83715 0.67123
vn -0.33159 -0.75253 -0.56899
vt 1 1
f 3013/3013/3013 3014/3014/3014 3015/3015/3015
usemtl green_off
v 0.71050 0.83880 0.67274
vn -0.49999 -0.31572 -0.80643
vt 0 0
v 0.71518 0.83715 0.67123
vn -0.33159 -0.75253 -0.56899
vt 1 0
v 0.71063 0.83795 0.67332
vn -0.43324 -0.73461 -0.52216
vt 1 1
f 3016/3016/3016 3017/3017/3017 3018/3018/3018
usemtl green_off
v 0.71063 0.83795 0.67332
vn -0.43317 -0.73468 -0.52212
vt 0 0
v 0.71518 0.83715 0.67123
vn -0.33154 -0.75260 -0.56892
vt 1 0
v 0.71546 0.83671 0.67212
vn -0.19205 -0.97357 -0.12365
vt 1 1
f 3019/3019/3019 3020/3020/3020 3021/3021/3021
usemtl green_off
v 0.71063 0.83795 0.67332
vn -0.43317 -0.73468 -0.52212
vt 0 0
v 0.71546 0.83671 0.67212
vn -0.19205 -0.97357 -0.12365
vt 1 0
v 0.71100 0.83750 0.67417
vn -0.25091 -0.96318 -0.09654
vt 1 1
f 3022/3022/3022 3023/3023/3023 3024/3024/3024
usemtl green_off
v 0.71100 0.83750 0.67417
vn -0.25094 -0.96318 -0.09648
vt 0 0
v 0.71546 0.83671 0.67212
vn -0.19207 -0.97357 -0.12360
vt 1 0
v 0.71584 0.83679 0.67308
vn -0.00029 -0.93407 0.35709
vt 1 1
f 3025/3025/3025 3026/3026/3026 3027/3027/3027
usemtl green_off
v 0.71100 0.83750 0.67417
vn -0.25094 -0.96318 -0.09648
vt 0 0
v 0.71584 0.83679 0.67308
vn -0.00029 -0.93407 0.35709
vt 1 0
v 0.71150 0.83756 0.67508
vn -0.00035 -0.93405 0.35714
vt 1 1
f 3028/3028/3028 3029/3029/3029 3030/3030/3030
usemtl green_off
v 0.71508 0.87628 0.65597
vn -0.38268 -0.32446 -0.86503
vt 0 0
v 0.71050 0.87709 0.65808
vn -0.49999 -0.30376 -0.81101
vt 1 0
v 0.71063 0.87811 0.65794
vn -0.43323 0.19784 -0.87930
vt 1 1
f 3031/3031/3031 3032/3032/3032 3033/3033/3033
usemtl green_off
v 0.71508 0.87628 0.65597
vn -0.38268 -0.32446 -0.86503
vt 0 0
v 0.71063 0.87811 0.65794
vn -0.43323 0.19784 -0.87930
vt 1 0
v 0.71518 0.87731 0.65585
vn -0.33159 0.17990 -0.92611
vt 1 1
f 3034/3034/3034 3035/3035/3035 3036/3036/3036
usemtl green_off
v 0.71518 0.87731 0.65585
vn -0.33160 0.18001 -0.92609
vt 0 0
v 0.71063 0.87811 0.65794
vn -0.43323 0.19793 -0.87928
vt 1 0
v 0.71100 0.87902 0.65827
vn -0.25096 0.65227 -0.71523
vt 1 1
f 3037/3037/3037 3038/3038/3038 3039/3039/3039
usemtl green_off
v 0.71518 0.87731 0.65585
vn -0.33160 0.18001 -0.92609
vt 0 0
v 0.71100 0.87902 0.65827
vn -0.25096 0.65227 -0.71523
vt 1 0
v 0.71546 0.87823 0.65622
vn -0.19210 0.64189 -0.74234
vt 1 1
f 3040/3040/3040 3041/3041/3041 3042/3042/3042
usemtl green_off
v 0.71546 0.87823 0.65622
vn -0.19203 0.64193 -0.74233
vt 0 0
v 0.71100 0.87902 0.65827
vn -0.25091 0.65232 -0.71521
vt 1 0
v 0.71150 0.87958 0.65899
vn -0.00032 0.93365 -0.35819
vt 1 1
f 3043/3043/3043 3044/3044/3044 3045/3045/3045
usemtl green_off
v 0.71546 0.87823 0.65622
vn -0.19203 0.64193 -0.74233
vt 0 0
v 0.71150 0.87958 0.65899
vn -0.00032 0.93365 -0.35819
vt 1 0
v 0.71584 0.87881 0.65699
vn -0.00025 0.93364 -0.35822
vt 1 1
f 3046/3046/3046 3047/3047/3047 3048/3048/3048
usemtl green_off
v 0.71508 0.83800 0.67064
vn -0.38267 -0.33641 -0.86046
vt 0 0
v 0.71991 0.83741 0.66911
vn -0.25881 -0.35145 -0.89973
vt 1 0
v 0.71998 0.83657 0.66971
vn -0.22425 -0.76556 -0.60302
vt 1 1
f 3049/3049/3049 3050/3050/3050 3051/3051/3051
usemtl green_off
v 0.71508 0.83800 0.67064
vn -0.38267 -0.33641 -0.86046
vt 0 0
v 0.71998 0.83657 0.66971
vn -0.22425 -0.76556 -0.60302
vt 1 0
v 0.71518 0.83715 0.67123
vn -0.33159 -0.75253 -0.56899
vt 1 1
f 3052/3052/3052 3053/3053/3053 3054/3054/3054
usemtl green_off
v 0.71518 0.83715 0.67123
vn -0.33152 -0.75261 -0.56892
vt 0 0
v 0.71998 0.83657 0.66971
vn -0.22422 -0.76563 -0.60294
vt 1 0
v 0.72017 0.83614 0.67063
vn -0.12987 -0.98111 -0.14334
vt 1 1
f 3055/3055/3055 3056/3056/3056 3057/3057/3057
usemtl green_off
v 0.71518 0.83715 0.67123
vn -0.33152 -0.75261 -0.56892
vt 0 0
v 0.72017 0.83614 0.67063
vn -0.12987 -0.98111 -0.14334
vt 1 0
v 0.71546 0.83671 0.67212
vn -0.19202 -0.97357 -0.12365
vt 1 1
f 3058/3058/3058 3059/3059/3059 3060/3060/3060
usemtl green_off
v 0.71546 0.83671 0.67212
vn -0.19204 -0.97358 -0.12357
vt 0 0
v 0.72017 0.83614 0.67063
vn -0.12988 -0.98112 -0.14327
vt 1 0
v 0.72042 0.83623 0.67163
vn -0.00016 -0.93407 0.35710
vt 1 1
f 3061/3061/3061 3062/3062/3062 3063/3063/3063
usemtl green_off
v 0.71546 0.83671 0.67212
vn -0.19204 -0.97358 -0.12357
vt 0 0
v 0.72042 0.83623 0.67163
vn -0.00016 -0.93407 0.35710
vt 1 0
v 0.71584 0.83679 0.67308
vn -0.00024 -0.93406 0.35713
vt 1 1
f 3064/3064/3064 3065/3065/3065 3066/3066/3066
usemtl green_off
v 0.71991 0.87570 0.65444
vn -0.25883 -0.33950 -0.90430
vt 0 0
v 0.71508 0.87628 0.65597
vn -0.38268 -0.32446 -0.86503
vt 1 0
v 0.71518 0.87731 0.65585
vn -0.33159 0.17990 -0.92611
vt 1 1
f 3067/3067/3067 3068/3068/3068 3069/3069/3069
usemtl green_off
v 0.71991 0.87570 0.65444
vn -0.25883 -0.33950 -0.90430
vt 0 0
v 0.71518 0.87731 0.65585
vn -0.33159 0.17990 -0.92611
vt 1 0
v 0.71998 0.87672 0.65433
vn -0.22428 0.16688 -0.96013
vt 1 1
f 3070/3070/3070 3071/3071/3071 3072/3072/3072
usemtl green_off
v 0.71998 0.87672 0.65433
vn -0.22423 0.16694 -0.96013
vt 0 0
v 0.71518 0.87731 0.65585
vn -0.33153 0.17998 -0.92612
vt 1 0
v 0.71546 0.87823 0.65622
vn -0.19203 0.64186 -0.74239
vt 1 1
f 3073/3073/3073 3074/3074/3074 3075/3075/3075
usemtl green_off
v 0.71998 0.87672 0.65433
vn -0.22423 0.16694 -0.96013
vt 0 0
v 0.71546 0.87823 0.65622
vn -0.19203 0.64186 -0.74239
vt 1 0
v 0.72017 0.87766 0.65473
vn -0.12989 0.63432 -0.76208
vt 1 1
f 3076/3076/3076 3077/3077/3077 3078/3078/3078
usemtl green_off
v 0.72017 0.87766 0.65473
vn -0.12988 0.63440 -0.76202
vt 0 0
v 0.71546 0.87823 0.65622
vn -0.19205 0.64195 -0.74231
vt 1 0
v 0.71584 0.87881 0.65699
vn -0.00025 0.93364 -0.35821
vt 1 1
f 3079/3079/3079 3080/3080/3080 3081/3081/3081
usemtl green_off
v 0.72017 0.87766 0.65473
vn -0.12988 0.63440 -0.76202
vt 0 0
v 0.71584 0.87881 0.65699
vn -0.00025 0.93364 -0.35821
vt 1 0
v 0.72042 0.87826 0.65553
vn -0.00017 0.93363 -0.35823
vt 1 1
f 3082/3082/3082 3083/3083/3083 3084/3084/3084
usemtl green_off
v 0.71991 0.83741 0.66911
vn -0.25881 -0.35145 -0.89973
vt 0 0
v 0.72491 0.83705 0.66818
vn -0.13051 -0.36057 -0.92356
vt 1 0
v 0.72494 0.83621 0.66878
vn -0.11308 -0.77347 -0.62366
vt 1 1
f 3085/3085/3085 3086/3086/3086 3087/3087/3087
usemtl green_off
v 0.71991 0.83741 0.66911
vn -0.25881 -0.35145 -0.89973
vt 0 0
v 0.72494 0.83621 0.66878
vn -0.11308 -0.77347 -0.62366
vt 1 0
v 0.71998 0.83657 0.66971
vn -0.22425 -0.76556 -0.60302
vt 1 1
f 3088/3088/3088 3089/3089/3089 3090/3090/3090
usemtl green_off
v 0.71998 0.83657 0.66971
vn -0.22422 -0.76563 -0.60294
vt 0 0
v 0.72494 0.83621 0.66878
vn -0.11309 -0.77354 -0.62358
vt 1 0
v 0.72504 0.83579 0.66972
vn -0.06551 -0.98569 -0.15531
vt 1 1
f 3091/3091/3091 3092/3092/3092 3093/3093/3093
usemtl green_off
v 0.71998 0.83657 0.66971
vn -0.22422 -0.76563 -0.60294
vt 0 0
v 0.72504 0.83579 0.66972
vn -0.06551 -0.98569 -0.15531
vt 1 0
v 0.72017 0.83614 0.67063
vn -0.12988 -0.98111 -0.14334
vt 1 1
f 3094/3094/3094 3095/3095/3095 3096/3096/3096
usemtl green_off
v 0.72017 0.83614 0.67063
vn -0.12989 -0.98112 -0.14327
vt 0 0
v 0.72504 0.83579 0.66972
vn -0.06550 -0.98571 -0.15522
vt 1 0
v 0.72517 0.83590 0.67075
vn -0.00009 -0.93407 0.35709
vt 1 1
f 3097/3097/3097 3098/3098/3098 3099/3099/3099
usemtl green_off
v 0.72017 0.83614 0.67063
vn -0.12989 -0.98112 -0.14327
vt 0 0
v 0.72517 0.83590 0.67075
vn -0.00009 -0.93407 0.35709
vt 1 0
v 0.72042 0.83623 0.67163
vn -0.00017 -0.93406 0.35710
vt 1 1
f 3100/3100/3100 3101/3101/3101 3102/3102/3102
usemtl green_off
v 0.72491 0.87534 0.65351
vn -0.13053 -0.34862 -0.92813
vt 0 0
v 0.71991 0.87570 0.65444
vn -0.25883 -0.33950 -0.90430
vt 1 0
v 0.71998 0.87672 0.65433
vn -0.22428 0.16688 -0.96013
vt 1 1
f 3103/3103/3103 3104/3104/3104 3105/3105/3105
usemtl green_off
v 0.72491 0.87534 0.65351
vn -0.13053 -0.34862 -0.92813
vt 0 0
v 0.71998 0.87672 0.65433
vn -0.22428 0.16688 -0.96013
vt 1 0
v 0.72494 0.87637 0.65340
vn -0.11311 0.15898 -0.98078
vt 1 1
f 3106/3106/3106 3107/3107/3107 3108/3108/3108
usemtl green_off
v 0.72494 0.87637 0.65340
vn -0.11311 0.15906 -0.98077
vt 0 0
v 0.71998 0.87672 0.65433
vn -0.22424 0.16697 -0.96012
vt 1 0
v 0.72017 0.87766 0.65473
vn -0.12990 0.63433 -0.76207
vt 1 1
f 3109/3109/3109 3110/3110/3110 3111/3111/3111
usemtl green_off
v 0.72494 0.87637 0.65340
vn -0.11311 0.15906 -0.98077
vt 0 0
v 0.72017 0.87766 0.65473
vn -0.12990 0.63433 -0.76207
vt 1 0
v 0.72504 0.87731 0.65382
vn -0.06552 0.62975 -0.77403
vt 1 1
f 3112/3112/3112 3113/3113/3113 3114/3114/3114
usemtl green_off
v 0.72504 0.87731 0.65382
vn -0.06549 0.62980 -0.77399
vt 0 0
v 0.72017 0.87766 0.65473
vn -0.12988 0.63438 -0.76203
vt 1 0
v 0.72042 0.87826 0.65553
vn -0.00016 0.93362 -0.35825
vt 1 1
f 3115/3115/3115 3116/3116/3116 3117/3117/3117
usemtl green_off
v 0.72504 0.87731 0.65382
vn -0.06549 0.62980 -0.77399
vt 0 0
v 0.72042 0.87826 0.65553
vn -0.00016 0.93362 -0.35825
vt 1 0
v 0.72517 0.87792 0.65465
vn -0.00008 0.93362 -0.35827
vt 1 1
f 3118/3118/3118 3119/3119/3119 3120/3120/3120
usemtl green_off
v 0.72491 0.83705 0.66818
vn -0.13051 -0.36057 -0.92356
vt 0 0
v 0.73000 0.83693 0.66786
vn 0.00001 -0.36363 -0.93154
vt 1 0
v 0.73000 0.83610 0.66847
vn 0.00001 -0.77612 -0.63059
vt 1 1
f 3121/3121/3121 3122/3122/3122 3123/3123/3123
usemtl green_off
v 0.72491 0.83705 0.66818
vn -0.13051 -0.36057 -0.92356
vt 0 0
v 0.73000 0.83610 0.66847
vn 0.00001 -0.77612 -0.63059
vt 1 0
v 0.72494 0.83621 0.66878
vn -0.11308 -0.77347 -0.62366
vt 1 1
f 3124/3124/3124 3125/3125/3125 3126/3126/3126
usemtl green_off
v 0.72494 0.83621 0.66878
vn -0.11309 -0.77354 -0.62357
vt 0 0
v 0.73000 0.83610 0.66847
vn -0.00001 -0.77620 -0.63049
vt 1 0
v 0.73000 0.83567 0.66942
vn -0.00001 -0.98723 -0.15930
vt 1 1
f 3127/3127/3127 3128/3128/3128 3129/3129/3129
usemtl green_off
v 0.72494 0.83621 0.66878
vn -0.11309 -0.77354 -0.62357
vt 0 0
v 0.73000 0.83567 0.66942
vn -0.00001 -0.98723 -0.15930
vt 1 0
v 0.72504 0.83579 0.66972
vn -0.06550 -0.98569 -0.15529
vt 1 1
f 3130/3130/3130 3131/3131/3131 3132/3132/3132
usemtl green_off
v 0.72504 0.83579 0.66972
vn -0.06550 -0.98570 -0.15525
vt 0 0
v 0.73000 0.83567 0.66942
vn 0.00000 -0.98724 -0.15925
vt 1 0
v 0.73000 0.83578 0.67045
vn -0.00001 -0.93408 0.35707
vt 1 1
f 3133/3133/3133 3134/3134/3134 3135/3135/3135
usemtl green_off
v 0.72504 0.83579 0.66972
vn -0.06550 -0.98570 -0.15525
vt 0 0
v 0.73000 0.83578 0.67045
vn -0.00001 -0.93408 0.35707
vt 1 0
v 0.72517 0.83590 0.67075
vn -0.00009 -0.93408 0.35707
vt 1 1
f 3136/3136/3136 3137/3137/3137 3138/3138/3138
usemtl green_off
v 0.73000 0.87522 0.65320
vn -0.00001 -0.35168 -0.93612
vt 0 0
v 0.72491 0.87534 0.65351
vn -0.13053 -0.34862 -0.92813
vt 1 0
v 0.72494 0.87637 0.65340
vn -0.11311 0.15898 -0.98078
vt 1 1
f 3139/3139/3139 3140/3140/3140 3141/3141/3141
usemtl green_off
v 0.73000 0.87522 0.65320
vn -0.00001 -0.35168 -0.93612
vt 0 0
v 0.72494 0.87637 0.65340
vn -0.11311 0.15898 -0.98078
vt 1 0
v 0.73000 0.87625 0.65309
vn -0.00001 0.15633 -0.98771
vt 1 1
f 3142/3142/3142 3143/3143/3143 3144/3144/3144
usemtl green_off
v 0.73000 0.87625 0.65309
vn -0.00001 0.15640 -0.98769
vt 0 0
v 0.72494 0.87637 0.65340
vn -0.11309 0.15905 -0.98077
vt 1 0
v 0.72504 0.87731 0.65382
vn -0.06550 0.62974 -0.77404
vt 1 1
f 3145/3145/3145 3146/3146/3146 3147/3147/3147
usemtl green_off
v 0.73000 0.87625 0.65309
vn -0.00001 0.15640 -0.98769
vt 0 0
v 0.72504 0.87731 0.65382
vn -0.06550 0.62974 -0.77404
vt 1 0
v 0.73000 0.87720 0.65352
vn -0.00001 0.62821 -0.77804
vt 1 1
f 3148/3148/3148 3149/3149/3149 3150/3150/3150
usemtl green_off
v 0.73000 0.87720 0.65352
vn -0.00000 0.62829 -0.77798
vt 0 0
v 0.72504 0.87731 0.65382
vn -0.06551 0.62983 -0.77397
vt 1 0
v 0.72517 0.87792 0.65465
vn -0.00009 0.93363 -0.35824
vt 1 1
f 3151/3151/3151 3152/3152/3152 3153/3153/3153
usemtl green_off
v 0.73000 0.87720 0.65352
vn -0.00000 0.62829 -0.77798
vt 0 0
v 0.72517 0.87792 0.65465
vn -0.00009 0.93363 -0.35824
vt 1 0
v 0.73000 0.87781 0.65436
vn -0.00001 0.93363 -0.35824
vt 1 1
f 3154/3154/3154 3155/3155/3155 3156/3156/3156
usemtl green_off
v 0.73000 0.83693 0.66786
vn 0.00001 -0.36363 -0.93154
vt 0 0
v 0.73509 0.83705 0.66818
vn 0.13053 -0.36057 -0.92355
vt 1 0
v 0.73506 0.83621 0.66878
vn 0.11310 -0.77347 -0.62366
vt 1 1
f 3157/3157/3157 3158/3158/3158 3159/3159/3159
usemtl green_off
v 0.73000 0.83693 0.66786
vn 0.00001 -0.36363 -0.93154
vt 0 0
v 0.73506 0.83621 0.66878
vn 0.11310 -0.77347 -0.62366
vt 1 0
v 0.73000 0.83610 0.66847
vn 0.00001 -0.77612 -0.63059
vt 1 1
f 3160/3160/3160 3161/3161/3161 3162/3162/3162
usemtl green_off
v 0.73000 0.83610 0.66847
vn 0.00001 -0.77620 -0.63049
vt 0 0
v 0.73506 0.83621 0.66878
vn 0.11309 -0.77354 -0.62357
vt 1 0
v 0.73496 0.83579 0.66972
vn 0.06550 -0.98569 -0.15530
vt 1 1
f 3163/3163/3163 3164/3164/3164 3165/3165/3165
usemtl green_off
v 0.73000 0.83610 0.66847
vn 0.00001 -0.77620 -0.63049
vt 0 0
v 0.73496 0.83579 0.66972
vn 0.06550 -0.98569 -0.15530
vt 1 0
v 0.73000 0.83567 0.66942
vn 0.00001 -0.98723 -0.15930
vt 1 1
f 3166/3166/3166 3167/3167/3167 3168/3168/3168
usemtl green_off
v 0.73000 0.83567 0.66942
vn 0.00001 -0.98724 -0.15925
vt 0 0
v 0.73496 0.83579 0.66972
vn 0.06552 -0.98570 -0.15524
vt 1 0
v 0.73483 0.83590 0.67075
vn 0.00009 -0.93408 0.35707
vt 1 1
f 3169/3169/3169 3170/3170/3170 3171/3171/3171
usemtl green_off
v 0.73000 0.83567 0.66942
vn 0.00001 -0.98724 -0.15925
vt 0 0
v 0.73483 0.83590 0.67075
vn 0.00009 -0.93408 0.35707
vt 1 0
v 0.73000 0.83578 0.67045
vn 0.00002 -0.93408 0.35707
vt 1 1
f 3172/3172/3172 3173/3173/3173 3174/3174/3174
usemtl green_off
v 0.73509 0.87534 0.65351
vn 0.13052 -0.34862 -0.92813
vt 0 0
v 0.73000 0.87522 0.65320
vn -0.00001 -0.35168 -0.93612
vt 1 0
v 0.73000 0.87625 0.65309
vn -0.00001 0.15633 -0.98771
vt 1 1
f 3175/3175/3175 3176/3176/3176 3177/3177/3177
usemtl green_off
v 0.73509 0.87534 0.65351
vn 0.13052 -0.34862 -0.92813
vt 0 0
v 0.73000 0.87625 0.65309
vn -0.00001 0.15633 -0.98771
vt 1 0
v 0.73506 0.87637 0.65340
vn 0.11308 0.15897 -0.98079
vt 1 1
f 3178/3178/3178 3179/3179/3179 3180/3180/3180
usemtl green_off
v 0.73506 0.87637 0.65340
vn 0.11308 0.15905 -0.98077
vt 0 0
v 0.73000 0.87625 0.65309
vn 0.00000 0.15640 -0.98769
vt 1 0
v 0.73000 0.87720 0.65352
vn 0.00000 0.62821 -0.77805
vt 1 1
f 3181/3181/3181 3182/3182/3182 3183/3183/3183
usemtl green_off
v 0.73506 0.87637 0.65340
vn 0.11308 0.15905 -0.98077
vt 0 0
v 0.73000 0.87720 0.65352
vn 0.00000 0.62821 -0.77805
vt 1 0
v 0.73496 0.87731 0.65382
vn 0.06549 0.62974 -0.77404
vt 1 1
f 3184/3184/3184 3185/3185/3185 3186/3186/3186
usemtl green_off
v 0.73496 0.87731 0.65382
vn 0.06550 0.62984 -0.77396
vt 0 0
v 0.73000 0.87720 0.65352
vn -0.00001 0.62830 -0.77797
vt 1 0
v 0.73000 0.87781 0.65436
vn -0.00001 0.93363 -0.35823
vt 1 1
f 3187/3187/3187 3188/3188/3188 3189/3189/3189
usemtl green_off
v 0.73496 0.87731 0.65382
vn 0.06550 0.62984 -0.77396
vt 0 0
v 0.73000 0.87781 0.65436
vn -0.00001 0.93363 -0.35823
vt 1 0
v 0.73483 0.87792 0.65465
vn 0.00007 0.93364 -0.35822
vt 1 1
f 3190/3190/3190 3191/3191/3191 3192/3192/3192
usemtl green_off
v 0.73509 0.83705 0.66818
vn 0.13053 -0.36057 -0.92355
vt 0 0
v 0.74009 0.83741 0.66911
vn 0.25883 -0.35144 -0.89972
vt 1 0
v 0.74002 0.83657 0.66971
vn 0.22427 -0.76556 -0.60301
vt 1 1
f 3193/3193/3193 3194/3194/3194 3195/3195/3195
usemtl green_off
v 0.73509 0.83705 0.66818
vn 0.13053 -0.36057 -0.92355
vt 0 0
v 0.74002 0.83657 0.66971
vn 0.22427 -0.76556 -0.60301
vt 1 0
v 0.73506 0.83621 0.66878
vn 0.11310 -0.77347 -0.62366
vt 1 1
f 3196/3196/3196 3197/3197/3197 3198/3198/3198
usemtl green_off
v 0.73506 0.83621 0.66878
vn 0.11311 -0.77353 -0.62358
vt 0 0
v 0.74002 0.83657 0.66971
vn 0.22424 -0.76563 -0.60293
vt 1 0
v 0.73983 0.83614 0.67063
vn 0.12990 -0.98111 -0.14334
vt 1 1
f 3199/3199/3199 3200/3200/3200 3201/3201/3201
usemtl green_off
v 0.73506 0.83621 0.66878
vn 0.11311 -0.77353 -0.62358
vt 0 0
v 0.73983 0.83614 0.67063
vn 0.12990 -0.98111 -0.14334
vt 1 0
v 0.73496 0.83579 0.66972
vn 0.06553 -0.98569 -0.15531
vt 1 1
f 3202/3202/3202 3203/3203/3203 3204/3204/3204
usemtl green_off
v 0.73496 0.83579 0.66972
vn 0.06550 -0.98571 -0.15522
vt 0 0
v 0.73983 0.83614 0.67063
vn 0.12989 -0.98112 -0.14326
vt 1 0
v 0.73958 0.83623 0.67163
vn 0.00017 -0.93406 0.35711
vt 1 1
f 3205/3205/3205 3206/3206/3206 3207/3207/3207
usemtl green_off
v 0.73496 0.83579 0.66972
vn 0.06550 -0.98571 -0.15522
vt 0 0
v 0.73958 0.83623 0.67163
vn 0.00017 -0.93406 0.35711
vt 1 0
v 0.73483 0.83590 0.67075
vn 0.00009 -0.93407 0.35710
vt 1 1
f 3208/3208/3208 3209/3209/3209 3210/3210/3210
usemtl green_off
v 0.74009 0.87570 0.65444
vn 0.25881 -0.33950 -0.90430
vt 0 0
v 0.73509 0.87534 0.65351
vn 0.13052 -0.34862 -0.92813
vt 1 0
v 0.73506 0.87637 0.65340
vn 0.11308 0.15897 -0.98079
vt 1 1
f 3211/3211/3211 3212/3212/3212 3213/3213/3213
usemtl green_off
v 0.74009 0.87570 0.65444
vn 0.25881 -0.33950 -0.90430
vt 0 0
v 0.73506 0.87637 0.65340
vn 0.11308 0.15897 -0.98079
vt 1 0
v 0.74002 0.87672 0.65433
vn 0.22425 0.16687 -0.96014
vt 1 1
f 3214/3214/3214 3215/3215/3215 3216/3216/3216
usemtl green_off
v 0.74002 0.87672 0.65433
vn 0.22423 0.16696 -0.96013
vt 0 0
v 0.73506 0.87637 0.65340
vn 0.11310 0.15906 -0.98077
vt 1 0
v 0.73496 0.87731 0.65382
vn 0.06551 0.62975 -0.77403
vt 1 1
f 3217/3217/3217 3218/3218/3218 3219/3219/3219
usemtl green_off
v 0.74002 0.87672 0.65433
vn 0.22423 0.16696 -0.96013
vt 0 0
v 0.73496 0.87731 0.65382
vn 0.06551 0.62975 -0.77403
vt 1 0
v 0.73983 0.87766 0.65473
vn 0.12989 0.63433 -0.76207
vt 1 1
f 3220/3220/3220 3221/3221/3221 3222/3222/3222
usemtl green_off
v 0.73983 0.87766 0.65473
vn 0.12986 0.63439 -0.76203
vt 0 0
v 0.73496 0.87731 0.65382
vn 0.06547 0.62980 -0.77399
vt 1 0
v 0.73483 0.87792 0.65465
vn 0.00006 0.93362 -0.35826
vt 1 1
f 3223/3223/3223 3224/3224/3224 3225/3225/3225
usemtl green_off
v 0.73983 0.87766 0.65473
vn 0.12986 0.63439 -0.76203
vt 0 0
v 0.73483 0.87792 0.65465
vn 0.00006 0.93362 -0.35826
vt 1 0
v 0.73958 0.87826 0.65553
vn 0.00013 0.93363 -0.35825
vt 1 1
f 3226/3226/3226 3227/3227/3227 3228/3228/3228
usemtl green_off
v 0.74009 0.83741 0.66911
vn 0.25883 -0.35144 -0.89972
vt 0 0
v 0.74492 0.83800 0.67064
vn 0.38269 -0.33640 -0.86045
vt 1 0
v 0.74482 0.83715 0.67123
vn 0.33161 -0.75252 -0.56898
vt 1 1
f 3229/3229/3229 3230/3230/3230 3231/3231/3231
usemtl green_off
v 0.74009 0.83741 0.66911
vn 0.25883 -0.35144 -0.89972
vt 0 0
v 0.74482 0.83715 0.67123
vn 0.33161 -0.75252 -0.56898
vt 1 0
v 0.74002 0.83657 0.66971
vn 0.22427 -0.76556 -0.60301
vt 1 1
f 3232/3232/3232 3233/3233/3233 3234/3234/3234
usemtl green_off
v 0.74002 0.83657 0.66971
vn 0.22425 -0.76563 -0.60293
vt 0 0
v 0.74482 0.83715 0.67123
vn 0.33155 -0.75260 -0.56892
vt 1 0
v 0.74454 0.83671 0.67212
vn 0.19205 -0.97356 -0.12365
vt 1 1
f 3235/3235/3235 3236/3236/3236 3237/3237/3237
usemtl green_off
v 0.74002 0.83657 0.66971
vn 0.22425 -0.76563 -0.60293
vt 0 0
v 0.74454 0.83671 0.67212
vn 0.19205 -0.97356 -0.12365
vt 1 0
v 0.73983 0.83614 0.67063
vn 0.12991 -0.98111 -0.14334
vt 1 1
f 3238/3238/3238 3239/3239/3239 3240/3240/3240
usemtl green_off
v 0.73983 0.83614 0.67063
vn 0.12989 -0.98113 -0.14326
vt 0 0
v 0.74454 0.83671 0.67212
vn 0.19205 -0.97358 -0.12355
vt 1 0
v 0.74416 0.83679 0.67308
vn 0.00025 -0.93405 0.35714
vt 1 1
f 3241/3241/3241 3242/3242/3242 3243/3243/3243
usemtl green_off
v 0.73983 0.83614 0.67063
vn 0.12989 -0.98113 -0.14326
vt 0 0
v 0.74416 0.83679 0.67308
vn 0.00025 -0.93405 0.35714
vt 1 0
v 0.73958 0.83623 0.67163
vn 0.00017 -0.93406 0.35711
vt 1 1
f 3244/3244/3244 3245/3245/3245 3246/3246/3246
usemtl green_off
v 0.74492 0.87628 0.65597
vn 0.38267 -0.32446 -0.86504
vt 0 0
v 0.74009 0.87570 0.65444
vn 0.25881 -0.33950 -0.90430
vt 1 0
v 0.74002 0.87672 0.65433
vn 0.22425 0.16687 -0.96014
vt 1 1
f 3247/3247/3247 3248/3248/3248 3249/3249/3249
usemtl green_off
v 0.74492 0.87628 0.65597
vn 0.38267 -0.32446 -0.86504
vt 0 0
v 0.74002 0.87672 0.65433
vn 0.22425 0.16687 -0.96014
vt 1 0
v 0.74482 0.87731 0.65585
vn 0.33156 0.17991 -0.92612
vt 1 1
f 3250/3250/3250 3251/3251/3251 3252/3252/3252
usemtl green_off
v 0.74482 0.87731 0.65585
vn 0.33152 0.17998 -0.92612
vt 0 0
v 0.74002 0.87672 0.65433
vn 0.22422 0.16695 -0.96013
vt 1 0
v 0.73983 0.87766 0.65473
vn 0.12988 0.63432 -0.76209
vt 1 1
f 3253/3253/3253 3254/3254/3254 3255/3255/3255
usemtl green_off
v 0.74482 0.87731 0.65585
vn 0.33152 0.17998 -0.92612
vt 0 0
v 0.73983 0.87766 0.65473
vn 0.12988 0.63432 -0.76209
vt 1 0
v 0.74454 0.87823 0.65622
vn 0.19202 0.64186 -0.74239
vt 1 1
f 3256/3256/3256 3257/3257/3257 3258/3258/3258
usemtl green_off
v 0.74454 0.87823 0.65622
vn 0.19206 0.64193 -0.74232
vt 0 0
v 0.73983 0.87766 0.65473
vn 0.12990 0.63439 -0.76202
vt 1 0
v 0.73958 0.87826 0.65553
vn 0.00018 0.93363 -0.35825
vt 1 1
f 3259/3259/3259 3260/3260/3260 3261/3261/3261
usemtl green_off
v 0.74454 0.87823 0.65622
vn 0.19206 0.64193 -0.74232
vt 0 0
v 0.73958 0.87826 0.65553
vn 0.00018 0.93363 -0.35825
vt 1 0
v 0.74416 0.87881 0.65699
vn 0.00026 0.93364 -0.35822
vt 1 1
f 3262/3262/3262 3263/3263/3263 3264/3264/3264
usemtl green_off
v 0.74492 0.83800 0.67064
vn 0.38269 -0.33640 -0.86045
vt 0 0
v 0.74950 0.83880 0.67274
vn 0.50001 -0.31571 -0.80642
vt 1 0
v 0.74937 0.83795 0.67332
vn 0.43325 -0.73460 -0.52217
vt 1 1
f 3265/3265/3265 3266/3266/3266 3267/3267/3267
usemtl green_off
v 0.74492 0.83800 0.67064
vn 0.38269 -0.33640 -0.86045
vt 0 0
v 0.74937 0.83795 0.67332
vn 0.43325 -0.73460 -0.52217
vt 1 0
v 0.74482 0.83715 0.67123
vn 0.33161 -0.75252 -0.56898
vt 1 1
f 3268/3268/3268 3269/3269/3269 3270/3270/3270
usemtl green_off
v 0.74482 0.83715 0.67123
vn 0.33159 -0.75258 -0.56892
vt 0 0
v 0.74937 0.83795 0.67332
vn 0.43322 -0.73465 -0.52212
vt 1 0
v 0.74900 0.83750 0.67417
vn 0.25096 -0.96317 -0.09654
vt 1 1
f 3271/3271/3271 3272/3272/3272 3273/3273/3273
usemtl green_off
v 0.74482 0.83715 0.67123
vn 0.33159 -0.75258 -0.56892
vt 0 0
v 0.74900 0.83750 0.67417
vn 0.25096 -0.96317 -0.09654
vt 1 0
v 0.74454 0.83671 0.67212
vn 0.19210 -0.97355 -0.12365
vt 1 1
f 3274/3274/3274 3275/3275/3275 3276/3276/3276
usemtl green_off
v 0.74454 0.83671 0.67212
vn 0.19201 -0.97359 -0.12355
vt 0 0
v 0.74900 0.83750 0.67417
vn 0.25089 -0.96320 -0.09643
vt 1 0
v 0.74850 0.83756 0.67508
vn 0.00029 -0.93404 0.35718
vt 1 1
f 3277/3277/3277 3278/3278/3278 3279/3279/3279
usemtl green_off
v 0.74454 0.83671 0.67212
vn 0.19201 -0.97359 -0.12355
vt 0 0
v 0.74850 0.83756 0.67508
vn 0.00029 -0.93404 0.35718
vt 1 0
v 0.74416 0.83679 0.67308
vn 0.00022 -0.93405 0.35715
vt 1 1
f 3280/3280/3280 3281/3281/3281 3282/3282/3282
usemtl green_off
v 0.74950 0.87709 0.65808
vn 0.49998 -0.30376 -0.81102
vt 0 0
v 0.74492 0.87628 0.65597
vn 0.38267 -0.32446 -0.86504
vt 1 0
v 0.74482 0.87731 0.65585
vn 0.33156 0.17991 -0.92612
vt 1 1
f 3283/3283/3283 3284/3284/3284 3285/3285/3285
usemtl green_off
v 0.74950 0.87709 0.65808
vn 0.49998 -0.30376 -0.81102
vt 0 0
v 0.74482 0.87731 0.65585
vn 0.33156 0.17991 -0.92612
vt 1 0
v 0.74937 0.87811 0.65794
vn 0.43321 0.19784 -0.87931
vt 1 1
f 3286/3286/3286 3287/3287/3287 3288/3288/3288
usemtl green_off
v 0.74937 0.87811 0.65794
vn 0.43324 0.19792 -0.87928
vt 0 0
v 0.74482 0.87731 0.65585
vn 0.33161 0.18001 -0.92609
vt 1 0
v 0.74454 0.87823 0.65622
vn 0.19211 0.64188 -0.74235
vt 1 1
f 3289/3289/3289 3290/3290/3290 3291/3291/3291
usemtl green_off
v 0.74937 0.87811 0.65794
vn 0.43324 0.19792 -0.87928
vt 0 0
v 0.74454 0.87823 0.65622
vn 0.19211 0.64188 -0.74235
vt 1 0
v 0.74900 0.87902 0.65827
vn 0.25097 0.65227 -0.71524
vt 1 1
f 3292/3292/3292 3293/3293/3293 3294/3294/3294
usemtl green_off
v 0.74900 0.87902 0.65827
vn 0.25088 0.65232 -0.71522
vt 0 0
v 0.74454 0.87823 0.65622
vn 0.19200 0.64193 -0.74234
vt 1 0
v 0.74416 0.87881 0.65699
vn 0.00022 0.93364 -0.35822
vt 1 1
f 3295/3295/3295 3296/3296/3296 3297/3297/3297
usemtl green_off
v 0.74900 0.87902 0.65827
vn 0.25088 0.65232 -0.71522
vt 0 0
v 0.74416 0.87881 0.65699
vn 0.00022 0.93364 -0.35822
vt 1 0
v 0.74850 0.87958 0.65899
vn 0.00029 0.93365 -0.35820
vt 1 1
f 3298/3298/3298 3299/3299/3299 3300/3300/3300
usemtl green_off
v 0.74950 0.83880 0.67274
vn 0.50001 -0.31571 -0.80642
vt 0 0
v 0.75374 0.83982 0.67539
vn 0.60876 -0.28972 -0.73856
vt 1 0
v 0.75358 0.83896 0.67595
vn 0.52748 -0.71208 -0.46336
vt 1 1
f 3301/3301/3301 3302/3302/3302 3303/3303/3303
usemtl green_off
v 0.74950 0.83880 0.67274
vn 0.50001 -0.31571 -0.80642
vt 0 0
v 0.75358 0.83896 0.67595
vn 0.52748 -0.71208 -0.46336
vt 1 0
v 0.74937 0.83795 0.67332
vn 0.43325 -0.73460 -0.52217
vt 1 1
f 3304/3304/3304 3305/3305/3305 3306/3306/3306
usemtl green_off
v 0.74937 0.83795 0.67332
vn 0.43322 -0.73466 -0.52210
vt 0 0
v 0.75358 0.83896 0.67595
vn 0.52744 -0.71215 -0.46331
vt 1 0
v 0.75313 0.83848 0.67675
vn 0.30552 -0.95013 -0.06247
vt 1 1
f 3307/3307/3307 3308/3308/3308 3309/3309/3309
usemtl green_off
v 0.74937 0.83795 0.67332
vn 0.43322 -0.73466 -0.52210
vt 0 0
v 0.75313 0.83848 0.67675
vn 0.30552 -0.95013 -0.06247
vt 1 0
v 0.74900 0.83750 0.67417
vn 0.25096 -0.96317 -0.09652
vt 1 1
f 3310/3310/3310 3311/3311/3311 3312/3312/3312
usemtl green_off
v 0.74900 0.83750 0.67417
vn 0.25091 -0.96319 -0.09646
vt 0 0
v 0.75313 0.83848 0.67675
vn 0.30549 -0.95015 -0.06240
vt 1 0
v 0.75252 0.83852 0.67759
vn 0.00039 -0.93403 0.35720
vt 1 1
f 3313/3313/3313 3314/3314/3314 3315/3315/3315
usemtl green_off
v 0.74900 0.83750 0.67417
vn 0.25091 -0.96319 -0.09646
vt 0 0
v 0.75252 0.83852 0.67759
vn 0.00039 -0.93403 0.35720
vt 1 0
v 0.74850 0.83756 0.67508
vn 0.00032 -0.93404 0.35716
vt 1 1
f 3316/3316/3316 3317/3317/3317 3318/3318/3318
usemtl green_off
v 0.75374 0.87810 0.66073
vn 0.60874 -0.27777 -0.74315
vt 0 0
v 0.74950 0.87709 0.65808
vn 0.49998 -0.30376 -0.81102
vt 1 0
v 0.74937 0.87811 0.65794
vn 0.43321 0.19784 -0.87931
vt 1 1
f 3319/3319/3319 3320/3320/3320 3321/3321/3321
usemtl green_off
v 0.75374 0.87810 0.66073
vn 0.60874 -0.27777 -0.74315
vt 0 0
v 0.74937 0.87811 0.65794
vn 0.43321 0.19784 -0.87931
vt 1 0
v 0.75358 0.87911 0.66057
vn 0.52745 0.22036 -0.82051
vt 1 1
f 3322/3322/3322 3323/3323/3323 3324/3324/3324
usemtl green_off
v 0.75358 0.87911 0.66057
vn 0.52745 0.22045 -0.82049
vt 0 0
v 0.74937 0.87811 0.65794
vn 0.43323 0.19794 -0.87928
vt 1 0
v 0.74900 0.87902 0.65827
vn 0.25096 0.65228 -0.71523
vt 1 1
f 3325/3325/3325 3326/3326/3326 3327/3327/3327
usemtl green_off
v 0.75358 0.87911 0.66057
vn 0.52745 0.22045 -0.82049
vt 0 0
v 0.74900 0.87902 0.65827
vn 0.25096 0.65228 -0.71523
vt 1 0
v 0.75313 0.88001 0.66085
vn 0.30553 0.66532 -0.68118
vt 1 1
f 3328/3328/3328 3329/3329/3329 3330/3330/3330
usemtl green_off
v 0.75313 0.88001 0.66085
vn 0.30548 0.66537 -0.68115
vt 0 0
v 0.74900 0.87902 0.65827
vn 0.25090 0.65233 -0.71521
vt 1 0
v 0.74850 0.87958 0.65899
vn 0.00031 0.93365 -0.35818
vt 1 1
f 3331/3331/3331 3332/3332/3332 3333/3333/3333
usemtl green_off
v 0.75313 0.88001 0.66085
vn 0.30548 0.66537 -0.68115
vt 0 0
v 0.74850 0.87958 0.65899
vn 0.00031 0.93365 -0.35818
vt 1 0
v 0.75252 0.88054 0.66150
vn 0.00038 0.93367 -0.35813
vt 1 1
f 3334/3334/3334 3335/3335/3335 3336/3336/3336
usemtl green_off
v 0.75374 0.83982 0.67539
vn 0.60876 -0.28972 -0.73856
vt 0 0
v 0.75758 0.84102 0.67853
vn 0.70712 -0.25887 -0.65800
vt 1 0
v 0.75739 0.84015 0.67907
vn 0.61270 -0.68535 -0.39357
vt 1 1
f 3337/3337/3337 3338/3338/3338 3339/3339/3339
usemtl green_off
v 0.75374 0.83982 0.67539
vn 0.60876 -0.28972 -0.73856
vt 0 0
v 0.75739 0.84015 0.67907
vn 0.61270 -0.68535 -0.39357
vt 1 0
v 0.75358 0.83896 0.67595
vn 0.52748 -0.71208 -0.46336
vt 1 1
f 3340/3340/3340 3341/3341/3341 3342/3342/3342
usemtl green_off
v 0.75358 0.83896 0.67595
vn 0.52748 -0.71213 -0.46330
vt 0 0
v 0.75739 0.84015 0.67907
vn 0.61267 -0.68540 -0.39353
vt 1 0
v 0.75687 0.83966 0.67981
vn 0.35491 -0.93464 -0.02205
vt 1 1
f 3343/3343/3343 3344/3344/3344 3345/3345/3345
usemtl green_off
v 0.75358 0.83896 0.67595
vn 0.52748 -0.71213 -0.46330
vt 0 0
v 0.75687 0.83966 0.67981
vn 0.35491 -0.93464 -0.02205
vt 1 0
v 0.75313 0.83848 0.67675
vn 0.30557 -0.95012 -0.06246
vt 1 1
f 3346/3346/3346 3347/3347/3347 3348/3348/3348
usemtl green_off
v 0.75313 0.83848 0.67675
vn 0.30554 -0.95013 -0.06239
vt 0 0
v 0.75687 0.83966 0.67981
vn 0.35490 -0.93465 -0.02197
vt 1 0
v 0.75616 0.83966 0.68057
vn 0.00050 -0.93400 0.35726
vt 1 1
f 3349/3349/3349 3350/3350/3350 3351/3351/3351
usemtl green_off
v 0.75313 0.83848 0.67675
vn 0.30554 -0.95013 -0.06239
vt 0 0
v 0.75616 0.83966 0.68057
vn 0.00050 -0.93400 0.35726
vt 1 0
v 0.75252 0.83852 0.67759
vn 0.00045 -0.93402 0.35721
vt 1 1
f 3352/3352/3352 3353/3353/3353 3354/3354/3354
usemtl green_off
v 0.75758 0.87931 0.66387
vn 0.70708 -0.24692 -0.66262
vt 0 0
v 0.75374 0.87810 0.66073
vn 0.60874 -0.27777 -0.74315
vt 1 0
v 0.75358 0.87911 0.66057
vn 0.52745 0.22036 -0.82051
vt 1 1
f 3355/3355/3355 3356/3356/3356 3357/3357/3357
usemtl green_off
v 0.75758 0.87931 0.66387
vn 0.70708 -0.24692 -0.66262
vt 0 0
v 0.75358 0.87911 0.66057
vn 0.52745 0.22036 -0.82051
vt 1 0
v 0.75739 0.88031 0.66369
vn 0.61265 0.24709 -0.75074
vt 1 1
f 3358/3358/3358 3359/3359/3359 3360/3360/3360
usemtl green_off
v 0.75739 0.88031 0.66369
vn 0.61267 0.24716 -0.75070
vt 0 0
v 0.75358 0.87911 0.66057
vn 0.52747 0.22044 -0.82047
vt 1 0
v 0.75313 0.88001 0.66085
vn 0.30557 0.66530 -0.68118
vt 1 1
f 3361/3361/3361 3362/3362/3362 3363/3363/3363
usemtl green_off
v 0.75739 0.88031 0.66369
vn 0.61267 0.24716 -0.75070
vt 0 0
v 0.75313 0.88001 0.66085
vn 0.30557 0.66530 -0.68118
vt 1 0
v 0.75687 0.88118 0.66391
vn 0.35490 0.68079 -0.64076
vt 1 1
f 3364/3364/3364 3365/3365/3365 3366/3366/3366
usemtl green_off
v 0.75687 0.88118 0.66391
vn 0.35479 0.68085 -0.64076
vt 0 0
v 0.75313 0.88001 0.66085
vn 0.30544 0.66536 -0.68118
vt 1 0
v 0.75252 0.88054 0.66150
vn 0.00034 0.93366 -0.35816
vt 1 1
f 3367/3367/3367 3368/3368/3368 3369/3369/3369
usemtl green_off
v 0.75687 0.88118 0.66391
vn 0.35479 0.68085 -0.64076
vt 0 0
v 0.75252 0.88054 0.66150
vn 0.00034 0.93366 -0.35816
vt 1 0
v 0.75616 0.88168 0.66448
vn 0.00041 0.93368 -0.35811
vt 1 1
f 3370/3370/3370 3371/3371/3371 3372/3372/3372
usemtl green_off
v 0.75758 0.84102 0.67853
vn 0.70712 -0.25887 -0.65800
vt 0 0
v 0.76094 0.84239 0.68211
vn 0.79334 -0.22370 -0.56619
vt 1 0
v 0.76073 0.84152 0.68262
vn 0.68742 -0.65487 -0.31402
vt 1 1
f 3373/3373/3373 3374/3374/3374 3375/3375/3375
usemtl green_off
v 0.75758 0.84102 0.67853
vn 0.70712 -0.25887 -0.65800
vt 0 0
v 0.76073 0.84152 0.68262
vn 0.68742 -0.65487 -0.31402
vt 1 0
v 0.75739 0.84015 0.67907
vn 0.61270 -0.68535 -0.39357
vt 1 1
f 3376/3376/3376 3377/3377/3377 3378/3378/3378
usemtl green_off
v 0.75739 0.84015 0.67907
vn 0.61260 -0.68543 -0.39357
vt 0 0
v 0.76073 0.84152 0.68262
vn 0.68732 -0.65498 -0.31400
vt 1 0
v 0.76015 0.84099 0.68330
vn 0.39811 -0.91702 0.02399
vt 1 1
f 3379/3379/3379 3380/3380/3380 3381/3381/3381
usemtl green_off
v 0.75739 0.84015 0.67907
vn 0.61260 -0.68543 -0.39357
vt 0 0
v 0.76015 0.84099 0.68330
vn 0.39811 -0.91702 0.02399
vt 1 0
v 0.75687 0.83966 0.67981
vn 0.35483 -0.93467 -0.02208
vt 1 1
f 3382/3382/3382 3383/3383/3383 3384/3384/3384
usemtl green_off
v 0.75687 0.83966 0.67981
vn 0.35484 -0.93467 -0.02198
vt 0 0
v 0.76015 0.84099 0.68330
vn 0.39812 -0.91701 0.02411
vt 1 0
v 0.75935 0.84096 0.68397
vn 0.00054 -0.93400 0.35729
vt 1 1
f 3385/3385/3385 3386/3386/3386 3387/3387/3387
usemtl green_off
v 0.75687 0.83966 0.67981
vn 0.35484 -0.93467 -0.02198
vt 0 0
v 0.75935 0.84096 0.68397
vn 0.00054 -0.93400 0.35729
vt 1 0
v 0.75616 0.83966 0.68057
vn 0.00049 -0.93402 0.35723
vt 1 1
f 3388/3388/3388 3389/3389/3389 3390/3390/3390
usemtl green_off
v 0.76094 0.88068 0.66745
vn 0.79333 -0.21176 -0.57078
vt 0 0
v 0.75758 0.87931 0.66387
vn 0.70708 -0.24692 -0.66262
vt 1 0
v 0.75739 0.88031 0.66369
vn 0.61265 0.24709 -0.75074
vt 1 1
f 3391/3391/3391 3392/3392/3392 3393/3393/3393
usemtl green_off
v 0.76094 0.88068 0.66745
vn 0.79333 -0.21176 -0.57078
vt 0 0
v 0.75739 0.88031 0.66369
vn 0.61265 0.24709 -0.75074
vt 1 0
v 0.76073 0.88167 0.66724
vn 0.68739 0.27756 -0.67117
vt 1 1
f 3394/3394/3394 3395/3395/3395 3396/3396/3396
usemtl green_off
v 0.76073 0.88167 0.66724
vn 0.68738 0.27763 -0.67114
vt 0 0
v 0.75739 0.88031 0.66369
vn 0.61266 0.24717 -0.75070
vt 1 0
v 0.75687 0.88118 0.66391
vn 0.35490 0.68079 -0.64076
vt 1 1
f 3397/3397/3397 3398/3398/3398 3399/3399/3399
usemtl green_off
v 0.76073 0.88167 0.66724
vn 0.68738 0.27763 -0.67114
vt 0 0
v 0.75687 0.88118 0.66391
vn 0.35490 0.68079 -0.64076
vt 1 0
v 0.76015 0.88251 0.66740
vn 0.39817 0.69844 -0.59468
vt 1 1
f 3400/3400/3400 3401/3401/3401 3402/3402/3402
usemtl green_off
v 0.76015 0.88251 0.66740
vn 0.39816 0.69846 -0.59466
vt 0 0
v 0.75687 0.88118 0.66391
vn 0.35487 0.68081 -0.64075
vt 1 0
v 0.75616 0.88168 0.66448
vn 0.00053 0.93367 -0.35814
vt 1 1
f 3403/3403/3403 3404/3404/3404 3405/3405/3405
usemtl green_off
v 0.76015 0.88251 0.66740
vn 0.39816 0.69846 -0.59466
vt 0 0
v 0.75616 0.88168 0.66448
vn 0.00053 0.93367 -0.35814
vt 1 0
v 0.75935 0.88298 0.66787
vn 0.00059 0.93369 -0.35809
vt 1 1
f 3406/3406/3406 3407/3407/3407 3408/3408/3408
usemtl green_off
v 0.76094 0.84239 0.68211
vn 0.79334 -0.22370 -0.56619
vt 0 0
v 0.76377 0.84391 0.68607
vn 0.86601 -0.18479 -0.46462
vt 1 0
v 0.76354 0.84302 0.68656
vn 0.75040 -0.62115 -0.22601
vt 1 1
f 3409/3409/3409 3410/3410/3410 3411/3411/3411
usemtl green_off
v 0.76094 0.84239 0.68211
vn 0.79334 -0.22370 -0.56619
vt 0 0
v 0.76354 0.84302 0.68656
vn 0.75040 -0.62115 -0.22601
vt 1 0
v 0.76073 0.84152 0.68262
vn 0.68742 -0.65487 -0.31402
vt 1 1
f 3412/3412/3412 3413/3413/3413 3414/3414/3414
usemtl green_off
v 0.76073 0.84152 0.68262
vn 0.68742 -0.65489 -0.31396
vt 0 0
v 0.76354 0.84302 0.68656
vn 0.75038 -0.62119 -0.22597
vt 1 0
v 0.76291 0.84247 0.68716
vn 0.43470 -0.89745 0.07500
vt 1 1
f 3415/3415/3415 3416/3416/3416 3417/3417/3417
usemtl green_off
v 0.76073 0.84152 0.68262
vn 0.68742 -0.65489 -0.31396
vt 0 0
v 0.76291 0.84247 0.68716
vn 0.43470 -0.89745 0.07500
vt 1 0
v 0.76015 0.84099 0.68330
vn 0.39824 -0.91697 0.02404
vt 1 1
f 3418/3418/3418 3419/3419/3419 3420/3420/3420
usemtl green_off
v 0.76015 0.84099 0.68330
vn 0.39810 -0.91703 0.02412
vt 0 0
v 0.76291 0.84247 0.68716
vn 0.43457 -0.89750 0.07509
vt 1 0
v 0.76204 0.84240 0.68773
vn 0.00053 -0.93395 0.35739
vt 1 1
f 3421/3421/3421 3422/3422/3422 3423/3423/3423
usemtl green_off
v 0.76015 0.84099 0.68330
vn 0.39810 -0.91703 0.02412
vt 0 0
v 0.76204 0.84240 0.68773
vn 0.00053 -0.93395 0.35739
vt 1 0
v 0.75935 0.84096 0.68397
vn 0.00049 -0.93398 0.35733
vt 1 1
f 3424/3424/3424 3425/3425/3425 3426/3426/3426
usemtl green_off
v 0.76377 0.88220 0.67141
vn 0.86600 -0.17286 -0.46921
vt 0 0
v 0.76094 0.88068 0.66745
vn 0.79333 -0.21176 -0.57078
vt 1 0
v 0.76073 0.88167 0.66724
vn 0.68739 0.27756 -0.67117
vt 1 1
f 3427/3427/3427 3428/3428/3428 3429/3429/3429
usemtl green_off
v 0.76377 0.88220 0.67141
vn 0.86600 -0.17286 -0.46921
vt 0 0
v 0.76073 0.88167 0.66724
vn 0.68739 0.27756 -0.67117
vt 1 0
v 0.76354 0.88318 0.67118
vn 0.75037 0.31125 -0.58316
vt 1 1
f 3430/3430/3430 3431/3431/3431 3432/3432/3432
usemtl green_off
v 0.76354 0.88318 0.67118
vn 0.75037 0.31132 -0.58312
vt 0 0
v 0.76073 0.88167 0.66724
vn 0.68741 0.27763 -0.67111
vt 1 0
v 0.76015 0.88251 0.66740
vn 0.39822 0.69843 -0.59466
vt 1 1
f 3433/3433/3433 3434/3434/3434 3435/3435/3435
usemtl green_off
v 0.76354 0.88318 0.67118
vn 0.75037 0.31132 -0.58312
vt 0 0
v 0.76015 0.88251 0.66740
vn 0.39822 0.69843 -0.59466
vt 1 0
v 0.76291 0.88399 0.67126
vn 0.43468 0.71795 -0.54369
vt 1 1
f 3436/3436/3436 3437/3437/3437 3438/3438/3438
usemtl green_off
v 0.76291 0.88399 0.67126
vn 0.43456 0.71802 -0.54369
vt 0 0
v 0.76015 0.88251 0.66740
vn 0.39809 0.69850 -0.59466
vt 1 0
v 0.75935 0.88298 0.66787
vn 0.00048 0.93371 -0.35803
vt 1 1
f 3439/3439/3439 3440/3440/3440 3441/3441/3441
usemtl green_off
v 0.76291 0.88399 0.67126
vn 0.43456 0.71802 -0.54369
vt 0 0
v 0.75935 0.88298 0.66787
vn 0.00048 0.93371 -0.35803
vt 1 0
v 0.76204 0.88442 0.67163
vn 0.00052 0.93373 -0.35797
vt 1 1
f 3442/3442/3442 3443/3443/3443 3444/3444/3444
usemtl green_off
v 0.76377 0.84391 0.68607
vn 0.86601 -0.18479 -0.46462
vt 0 0
v 0.76603 0.84554 0.69035
vn 0.92387 -0.14283 -0.35506
vt 1 0
v 0.76578 0.84465 0.69080
vn 0.80052 -0.58479 -0.13107
vt 1 1
f 3445/3445/3445 3446/3446/3446 3447/3447/3447
usemtl green_off
v 0.76377 0.84391 0.68607
vn 0.86601 -0.18479 -0.46462
vt 0 0
v 0.76578 0.84465 0.69080
vn 0.80052 -0.58479 -0.13107
vt 1 0
v 0.76354 0.84302 0.68656
vn 0.75040 -0.62115 -0.22601
vt 1 1
f 3448/3448/3448 3449/3449/3449 3450/3450/3450
usemtl green_off
v 0.76354 0.84302 0.68656
vn 0.75035 -0.62123 -0.22595
vt 0 0
v 0.76578 0.84465 0.69080
vn 0.80046 -0.58488 -0.13105
vt 1 0
v 0.76511 0.84406 0.69132
vn 0.46368 -0.87641 0.13000
vt 1 1
f 3451/3451/3451 3452/3452/3452 3453/3453/3453
usemtl green_off
v 0.76354 0.84302 0.68656
vn 0.75035 -0.62123 -0.22595
vt 0 0
v 0.76511 0.84406 0.69132
vn 0.46368 -0.87641 0.13000
vt 1 0
v 0.76291 0.84247 0.68716
vn 0.43465 -0.89747 0.07503
vt 1 1
f 3454/3454/3454 3455/3455/3455 3456/3456/3456
usemtl green_off
v 0.76291 0.84247 0.68716
vn 0.43460 -0.89749 0.07507
vt 0 0
v 0.76511 0.84406 0.69132
vn 0.46363 -0.87643 0.13006
vt 1 0
v 0.76418 0.84395 0.69178
vn 0.00060 -0.93393 0.35745
vt 1 1
f 3457/3457/3457 3458/3458/3458 3459/3459/3459
usemtl green_off
v 0.76291 0.84247 0.68716
vn 0.43460 -0.89749 0.07507
vt 0 0
v 0.76418 0.84395 0.69178
vn 0.00060 -0.93393 0.35745
vt 1 0
v 0.76204 0.84240 0.68773
vn 0.00057 -0.93396 0.35738
vt 1 1
f 3460/3460/3460 3461/3461/3461 3462/3462/3462
usemtl green_off
v 0.76603 0.88383 0.67568
vn 0.92386 -0.13091 -0.35965
vt 0 0
v 0.76377 0.88220 0.67141
vn 0.86600 -0.17286 -0.46921
vt 1 0
v 0.76354 0.88318 0.67118
vn 0.75037 0.31125 -0.58316
vt 1 1
f 3463/3463/3463 3464/3464/3464 3465/3465/3465
usemtl green_off
v 0.76603 0.88383 0.67568
vn 0.92386 -0.13091 -0.35965
vt 0 0
v 0.76354 0.88318 0.67118
vn 0.75037 0.31125 -0.58316
vt 1 0
v 0.76578 0.88480 0.67542
vn 0.80051 0.34761 -0.48821
vt 1 1
f 3466/3466/3466 3467/3467/3467 3468/3468/3468
usemtl green_off
v 0.76578 0.88480 0.67542
vn 0.80044 0.34772 -0.48825
vt 0 0
v 0.76354 0.88318 0.67118
vn 0.75032 0.31136 -0.58315
vt 1 0
v 0.76291 0.88399 0.67126
vn 0.43462 0.71798 -0.54370
vt 1 1
f 3469/3469/3469 3470/3470/3470 3471/3471/3471
usemtl green_off
v 0.76578 0.88480 0.67542
vn 0.80044 0.34772 -0.48825
vt 0 0
v 0.76291 0.88399 0.67126
vn 0.43462 0.71798 -0.54370
vt 1 0
v 0.76511 0.88559 0.67542
vn 0.46365 0.73903 -0.48874
vt 1 1
f 3472/3472/3472 3473/3473/3473 3474/3474/3474
usemtl green_off
v 0.76511 0.88559 0.67542
vn 0.46363 0.73906 -0.48871
vt 0 0
v 0.76291 0.88399 0.67126
vn 0.43459 0.71800 -0.54369
vt 1 0
v 0.76204 0.88442 0.67163
vn 0.00056 0.93373 -0.35798
vt 1 1
f 3475/3475/3475 3476/3476/3476 3477/3477/3477
usemtl green_off
v 0.76511 0.88559 0.67542
vn 0.46363 0.73906 -0.48871
vt 0 0
v 0.76204 0.88442 0.67163
vn 0.00056 0.93373 -0.35798
vt 1 0
v 0.76418 0.88597 0.67568
vn 0.00060 0.93376 -0.35791
vt 1 1
f 3478/3478/3478 3479/3479/3479 3480/3480/3480
usemtl green_off
v 0.76603 0.84554 0.69035
vn 0.92387 -0.14283 -0.35506
vt 0 0
v 0.76767 0.84727 0.69486
vn 0.96591 -0.09854 -0.23941
vt 1 0
v 0.76741 0.84636 0.69528
vn 0.83694 -0.54642 -0.03087
vt 1 1
f 3481/3481/3481 3482/3482/3482 3483/3483/3483
usemtl green_off
v 0.76603 0.84554 0.69035
vn 0.92387 -0.14283 -0.35506
vt 0 0
v 0.76741 0.84636 0.69528
vn 0.83694 -0.54642 -0.03087
vt 1 0
v 0.76578 0.84465 0.69080
vn 0.80052 -0.58479 -0.13107
vt 1 1
f 3484/3484/3484 3485/3485/3485 3486/3486/3486
usemtl green_off
v 0.76578 0.84465 0.69080
vn 0.80047 -0.58487 -0.13104
vt 0 0
v 0.76741 0.84636 0.69528
vn 0.83690 -0.54649 -0.03083
vt 1 0
v 0.76670 0.84575 0.69572
vn 0.48479 -0.85418 0.18804
vt 1 1
f 3487/3487/3487 3488/3488/3488 3489/3489/3489
usemtl green_off
v 0.76578 0.84465 0.69080
vn 0.80047 -0.58487 -0.13104
vt 0 0
v 0.76670 0.84575 0.69572
vn 0.48479 -0.85418 0.18804
vt 1 0
v 0.76511 0.84406 0.69132
vn 0.46369 -0.87641 0.13001
vt 1 1
f 3490/3490/3490 3491/3491/3491 3492/3492/3492
usemtl green_off
v 0.76511 0.84406 0.69132
vn 0.46357 -0.87647 0.13004
vt 0 0
v 0.76670 0.84575 0.69572
vn 0.48467 -0.85424 0.18810
vt 1 0
v 0.76574 0.84559 0.69606
vn 0.00056 -0.93391 0.35751
vt 1 1
f 3493/3493/3493 3494/3494/3494 3495/3495/3495
usemtl green_off
v 0.76511 0.84406 0.69132
vn 0.46357 -0.87647 0.13004
vt 0 0
v 0.76574 0.84559 0.69606
vn 0.00056 -0.93391 0.35751
vt 1 0
v 0.76418 0.84395 0.69178
vn 0.00054 -0.93394 0.35744
vt 1 1
f 3496/3496/3496 3497/3497/3497 3498/3498/3498
usemtl green_off
v 0.76767 0.88556 0.68019
vn 0.96591 -0.08659 -0.24398
vt 0 0
v 0.76603 0.88383 0.67568
vn 0.92386 -0.13091 -0.35965
vt 1 0
v 0.76578 0.88480 0.67542
vn 0.80051 0.34761 -0.48821
vt 1 1
f 3499/3499/3499 3500/3500/3500 3501/3501/3501
usemtl green_off
v 0.76767 0.88556 0.68019
vn 0.96591 -0.08659 -0.24398
vt 0 0
v 0.76578 0.88480 0.67542
vn 0.80051 0.34761 -0.48821
vt 1 0
v 0.76741 0.88652 0.67990
vn 0.83694 0.38601 -0.38798
vt 1 1
f 3502/3502/3502 3503/3503/3503 3504/3504/3504
usemtl green_off
v 0.76741 0.88652 0.67990
vn 0.83689 0.38608 -0.38801
vt 0 0
v 0.76578 0.88480 0.67542
vn 0.80047 0.34770 -0.48821
vt 1 0
v 0.76511 0.88559 0.67542
vn 0.46369 0.73903 -0.48871
vt 1 1
f 3505/3505/3505 3506/3506/3506 3507/3507/3507
usemtl green_off
v 0.76741 0.88652 0.67990
vn 0.83689 0.38608 -0.38801
vt 0 0
v 0.76511 0.88559 0.67542
vn 0.46369 0.73903 -0.48871
vt 1 0
v 0.76670 0.88727 0.67982
vn 0.48479 0.76125 -0.43067
vt 1 1
f 3508/3508/3508 3509/3509/3509 3510/3510/3510
usemtl green_off
v 0.76670 0.88727 0.67982
vn 0.48475 0.76130 -0.43063
vt 0 0
v 0.76511 0.88559 0.67542
vn 0.46365 0.73907 -0.48868
vt 1 0
v 0.76418 0.88597 0.67568
vn 0.00063 0.93377 -0.35788
vt 1 1
f 3511/3511/3511 3512/3512/3512 3513/3513/3513
usemtl green_off
v 0.76670 0.88727 0.67982
vn 0.48475 0.76130 -0.43063
vt 0 0
v 0.76418 0.88597 0.67568
vn 0.00063 0.93377 -0.35788
vt 1 0
v 0.76574 0.88761 0.67996
vn 0.00065 0.93380 -0.35780
vt 1 1
f 3514/3514/3514 3515/3515/3515 3516/3516/3516
usemtl green_off
v 0.76767 0.84727 0.69486
vn 0.96591 -0.09854 -0.23941
vt 0 0
v 0.76867 0.84906 0.69953
vn 0.99143 -0.05265 -0.11959
vt 1 0
v 0.76840 0.84814 0.69992
vn 0.85905 -0.50666 0.07295
vt 1 1
f 3517/3517/3517 3518/3518/3518 3519/3519/3519
usemtl green_off
v 0.76767 0.84727 0.69486
vn 0.96591 -0.09854 -0.23941
vt 0 0
v 0.76840 0.84814 0.69992
vn 0.85905 -0.50666 0.07295
vt 1 0
v 0.76741 0.84636 0.69528
vn 0.83694 -0.54642 -0.03087
vt 1 1
f 3520/3520/3520 3521/3521/3521 3522/3522/3522
usemtl green_off
v 0.76741 0.84636 0.69528
vn 0.83689 -0.54650 -0.03080
vt 0 0
v 0.76840 0.84814 0.69992
vn 0.85900 -0.50675 0.07299
vt 1 0
v 0.76767 0.84749 0.70027
vn 0.49758 -0.83115 0.24818
vt 1 1
f 3523/3523/3523 3524/3524/3524 3525/3525/3525
usemtl green_off
v 0.76741 0.84636 0.69528
vn 0.83689 -0.54650 -0.03080
vt 0 0
v 0.76767 0.84749 0.70027
vn 0.49758 -0.83115 0.24818
vt 1 0
v 0.76670 0.84575 0.69572
vn 0.48478 -0.85418 0.18807
vt 1 1
f 3526/3526/3526 3527/3527/3527 3528/3528/3528
usemtl green_off
v 0.76670 0.84575 0.69572
vn 0.48475 -0.85419 0.18808
vt 0 0
v 0.76767 0.84749 0.70027
vn 0.49756 -0.83116 0.24820
vt 1 0
v 0.76668 0.84729 0.70049
vn 0.00067 -0.93388 0.35759
vt 1 1
f 3529/3529/3529 3530/3530/3530 3531/3531/3531
usemtl green_off
v 0.76670 0.84575 0.69572
vn 0.48475 -0.85419 0.18808
vt 0 0
v 0.76668 0.84729 0.70049
vn 0.00067 -0.93388 0.35759
vt 1 0
v 0.76574 0.84559 0.69606
vn 0.00066 -0.93391 0.35751
vt 1 1
f 3532/3532/3532 3533/3533/3533 3534/3534/3534
usemtl green_off
v 0.76867 0.88735 0.68487
vn 0.99142 -0.04071 -0.12419
vt 0 0
v 0.76767 0.88556 0.68019
vn 0.96591 -0.08659 -0.24398
vt 1 0
v 0.76741 0.88652 0.67990
vn 0.83694 0.38601 -0.38798
vt 1 1
f 3535/3535/3535 3536/3536/3536 3537/3537/3537
usemtl green_off
v 0.76867 0.88735 0.68487
vn 0.99142 -0.04071 -0.12419
vt 0 0
v 0.76741 0.88652 0.67990
vn 0.83694 0.38601 -0.38798
vt 1 0
v 0.76840 0.88830 0.68454
vn 0.85904 0.42577 -0.28420
vt 1 1
f 3538/3538/3538 3539/3539/3539 3540/3540/3540
usemtl green_off
v 0.76840 0.88830 0.68454
vn 0.85901 0.42582 -0.28420
vt 0 0
v 0.76741 0.88652 0.67990
vn 0.83691 0.38608 -0.38799
vt 1 0
v 0.76670 0.88727 0.67982
vn 0.48481 0.76125 -0.43065
vt 1 1
f 3541/3541/3541 3542/3542/3542 3543/3543/3543
usemtl green_off
v 0.76840 0.88830 0.68454
vn 0.85901 0.42582 -0.28420
vt 0 0
v 0.76670 0.88727 0.67982
vn 0.48481 0.76125 -0.43065
vt 1 0
v 0.76767 0.88901 0.68437
vn 0.49761 0.78428 -0.37054
vt 1 1
f 3544/3544/3544 3545/3545/3545 3546/3546/3546
usemtl green_off
v 0.76767 0.88901 0.68437
vn 0.49752 0.78434 -0.37053
vt 0 0
v 0.76670 0.88727 0.67982
vn 0.48471 0.76131 -0.43066
vt 1 0
v 0.76574 0.88761 0.67996
vn 0.00061 0.93379 -0.35781
vt 1 1
f 3547/3547/3547 3548/3548/3548 3549/3549/3549
usemtl green_off
v 0.76767 0.88901 0.68437
vn 0.49752 0.78434 -0.37053
vt 0 0
v 0.76574 0.88761 0.67996
vn 0.00061 0.93379 -0.35781
vt 1 0
v 0.76668 0.88931 0.68440
vn 0.00062 0.93382 -0.35774
vt 1 1
f 3550/3550/3550 3551/3551/3551 3552/3552/3552
usemtl green_off
v 0.76867 0.84906 0.69953
vn 0.99143 -0.05265 -0.11959
vt 0 0
v 0.76900 0.85088 0.70428
vn 0.99998 -0.00598 0.00231
vt 1 0
v 0.76873 0.84995 0.70464
vn 0.86645 -0.46623 0.17859
vt 1 1
f 3553/3553/3553 3554/3554/3554 3555/3555/3555
usemtl green_off
v 0.76867 0.84906 0.69953
vn 0.99143 -0.05265 -0.11959
vt 0 0
v 0.76873 0.84995 0.70464
vn 0.86645 -0.46623 0.17859
vt 1 0
v 0.76840 0.84814 0.69992
vn 0.85905 -0.50666 0.07295
vt 1 1
f 3556/3556/3556 3557/3557/3557 3558/3558/3558
usemtl green_off
v 0.76840 0.84814 0.69992
vn 0.85900 -0.50675 0.07299
vt 0 0
v 0.76873 0.84995 0.70464
vn 0.86641 -0.46631 0.17858
vt 1 0
v 0.76800 0.84927 0.70490
vn 0.50188 -0.80773 0.30935
vt 1 1
f 3559/3559/3559 3560/3560/3560 3561/3561/3561
usemtl green_off
v 0.76840 0.84814 0.69992
vn 0.85900 -0.50675 0.07299
vt 0 0
v 0.76800 0.84927 0.70490
vn 0.50188 -0.80773 0.30935
vt 1 0
v 0.76767 0.84749 0.70027
vn 0.49758 -0.83115 0.24819
vt 1 1
f 3562/3562/3562 3563/3563/3563 3564/3564/3564
usemtl green_off
v 0.76767 0.84749 0.70027
vn 0.49750 -0.83120 0.24820
vt 0 0
v 0.76800 0.84927 0.70490
vn 0.50179 -0.80777 0.30938
vt 1 0
v 0.76700 0.84901 0.70500
vn 0.00061 -0.93385 0.35766
vt 1 1
f 3565/3565/3565 3566/3566/3566 3567/3567/3567
usemtl green_off
v 0.76767 0.84749 0.70027
vn 0.49750 -0.83120 0.24820
vt 0 0
v 0.76700 0.84901 0.70500
vn 0.00061 -0.93385 0.35766
vt 1 0
v 0.76668 0.84729 0.70049
vn 0.00061 -0.93388 0.35759
vt 1 1
f 3568/3568/3568 3569/3569/3569 3570/3570/3570
usemtl green_off
v 0.76900 0.88917 0.68962
vn 0.99998 0.00598 -0.00230
vt 0 0
v 0.76867 0.88735 0.68487
vn 0.99142 -0.04071 -0.12419
vt 1 0
v 0.76840 0.88830 0.68454
vn 0.85904 0.42577 -0.28420
vt 1 1
f 3571/3571/3571 3572/3572/3572 3573/3573/3573
usemtl green_off
v 0.76900 0.88917 0.68962
vn 0.99998 0.00598 -0.00230
vt 0 0
v 0.76840 0.88830 0.68454
vn 0.85904 0.42577 -0.28420
vt 1 0
v 0.76873 0.89010 0.68926
vn 0.86646 0.46622 -0.17859
vt 1 1
f 3574/3574/3574 3575/3575/3575 3576/3576/3576
usemtl green_off
v 0.76873 0.89010 0.68926
vn 0.86641 0.46630 -0.17861
vt 0 0
v 0.76840 0.88830 0.68454
vn 0.85900 0.42586 -0.28420
vt 1 0
v 0.76767 0.88901 0.68437
vn 0.49758 0.78430 -0.37053
vt 1 1
f 3577/3577/3577 3578/3578/3578 3579/3579/3579
usemtl green_off
v 0.76873 0.89010 0.68926
vn 0.86641 0.46630 -0.17861
vt 0 0
v 0.76767 0.88901 0.68437
vn 0.49758 0.78430 -0.37053
vt 1 0
v 0.76800 0.89079 0.68900
vn 0.50187 0.80772 -0.30937
vt 1 1
f 3580/3580/3580 3581/3581/3581 3582/3582/3582
usemtl green_off
v 0.76800 0.89079 0.68900
vn 0.50179 0.80777 -0.30937
vt 0 0
v 0.76767 0.88901 0.68437
vn 0.49750 0.78434 -0.37055
vt 1 0
v 0.76668 0.88931 0.68440
vn 0.00061 0.93382 -0.35774
vt 1 1
f 3583/3583/3583 3584/3584/3584 3585/3585/3585
usemtl green_off
v 0.76800 0.89079 0.68900
vn 0.50179 0.80777 -0.30937
vt 0 0
v 0.76668 0.88931 0.68440
vn 0.00061 0.93382 -0.35774
vt 1 0
v 0.76700 0.89104 0.68891
vn 0.00061 0.93385 -0.35766
vt 1 1
f 3586/3586/3586 3587/3587/3587 3588/3588/3588
usemtl green_off
v 0.76900 0.85088 0.70428
vn 0.99998 -0.00598 0.00231
vt 0 0
v 0.76867 0.85270 0.70904
vn 0.99142 0.04071 0.12420
vt 1 0
v 0.76840 0.85176 0.70936
vn 0.85904 -0.42577 0.28420
vt 1 1
f 3589/3589/3589 3590/3590/3590 3591/3591/3591
usemtl green_off
v 0.76900 0.85088 0.70428
vn 0.99998 -0.00598 0.00231
vt 0 0
v 0.76840 0.85176 0.70936
vn 0.85904 -0.42577 0.28420
vt 1 0
v 0.76873 0.84995 0.70464
vn 0.86645 -0.46623 0.17859
vt 1 1
f 3592/3592/3592 3593/3593/3593 3594/3594/3594
usemtl green_off
v 0.76873 0.84995 0.70464
vn 0.86644 -0.46624 0.17858
vt 0 0
v 0.76840 0.85176 0.70936
vn 0.85903 -0.42580 0.28418
vt 1 0
v 0.76767 0.85104 0.70954
vn 0.49764 -0.78427 0.37051
vt 1 1
f 3595/3595/3595 3596/3596/3596 3597/3597/3597
usemtl green_off
v 0.76873 0.84995 0.70464
vn 0.86644 -0.46624 0.17858
vt 0 0
v 0.76767 0.85104 0.70954
vn 0.49764 -0.78427 0.37051
vt 1 0
v 0.76800 0.84927 0.70490
vn 0.50193 -0.80769 0.30936
vt 1 1
f 3598/3598/3598 3599/3599/3599 3600/3600/3600
usemtl green_off
v 0.76800 0.84927 0.70490
vn 0.50179 -0.80777 0.30937
vt 0 0
v 0.76767 0.85104 0.70954
vn 0.49750 -0.78434 0.37055
vt 1 0
v 0.76668 0.85074 0.70951
vn 0.00061 -0.93382 0.35774
vt 1 1
f 3601/3601/3601 3602/3602/3602 3603/3603/3603
usemtl green_off
v 0.76800 0.84927 0.70490
vn 0.50179 -0.80777 0.30937
vt 0 0
v 0.76668 0.85074 0.70951
vn 0.00061 -0.93382 0.35774
vt 1 0
v 0.76700 0.84901 0.70500
vn 0.00061 -0.93385 0.35766
vt 1 1
f 3604/3604/3604 3605/3605/3605 3606/3606/3606
usemtl green_off
v 0.76867 0.89099 0.69437
vn 0.99142 0.05266 0.11960
vt 0 0
v 0.76900 0.88917 0.68962
vn 0.99998 0.00598 -0.00230
vt 1 0
v 0.76873 0.89010 0.68926
vn 0.86646 0.46622 -0.17859
vt 1 1
f 3607/3607/3607 3608/3608/3608 3609/3609/3609
usemtl green_off
v 0.76867 0.89099 0.69437
vn 0.99142 0.05266 0.11960
vt 0 0
v 0.76873 0.89010 0.68926
vn 0.86646 0.46622 -0.17859
vt 1 0
v 0.76840 0.89191 0.69398
vn 0.85904 0.50668 -0.07295
vt 1 1
f 3610/3610/3610 3611/3611/3611 3612/3612/3612
usemtl green_off
v 0.76840 0.89191 0.69398
vn 0.85900 0.50675 -0.07299
vt 0 0
v 0.76873 0.89010 0.68926
vn 0.86641 0.46631 -0.17858
vt 1 0
v 0.76800 0.89079 0.68900
vn 0.50188 0.80773 -0.30935
vt 1 1
f 3613/3613/3613 3614/3614/3614 3615/3615/3615
usemtl green_off
v 0.76840 0.89191 0.69398
vn 0.85900 0.50675 -0.07299
vt 0 0
v 0.76800 0.89079 0.68900
vn 0.50188 0.80773 -0.30935
vt 1 0
v 0.76767 0.89256 0.69363
vn 0.49758 0.83115 -0.24819
vt 1 1
f 3616/3616/3616 3617/3617/3617 3618/3618/3618
usemtl green_off
v 0.76767 0.89256 0.69363
vn 0.49742 0.83124 -0.24822
vt 0 0
v 0.76800 0.89079 0.68900
vn 0.50171 0.80781 -0.30939
vt 1 0
v 0.76700 0.89104 0.68891
vn 0.00052 0.93385 -0.35766
vt 1 1
f 3619/3619/3619 3620/3620/3620 3621/3621/3621
usemtl green_off
v 0.76767 0.89256 0.69363
vn 0.49742 0.83124 -0.24822
vt 0 0
v 0.76700 0.89104 0.68891
vn 0.00052 0.93385 -0.35766
vt 1 0
v 0.76668 0.89277 0.69341
vn 0.00051 0.93388 -0.35759
vt 1 1
f 3622/3622/3622 3623/3623/3623 3624/3624/3624
usemtl green_off
v 0.76867 0.85270 0.70904
vn 0.99142 0.04071 0.12420
vt 0 0
v 0.76767 0.85449 0.71371
vn 0.96590 0.08660 0.24398
vt 1 0
v 0.76741 0.85353 0.71400
vn 0.83694 -0.38601 0.38798
vt 1 1
f 3625/3625/3625 3626/3626/3626 3627/3627/3627
usemtl green_off
v 0.76867 0.85270 0.70904
vn 0.99142 0.04071 0.12420
vt 0 0
v 0.76741 0.85353 0.71400
vn 0.83694 -0.38601 0.38798
vt 1 0
v 0.76840 0.85176 0.70936
vn 0.85904 -0.42577 0.28420
vt 1 1
f 3628/3628/3628 3629/3629/3629 3630/3630/3630
usemtl green_off
v 0.76840 0.85176 0.70936
vn 0.85902 -0.42582 0.28420
vt 0 0
v 0.76741 0.85353 0.71400
vn 0.83691 -0.38607 0.38799
vt 1 0
v 0.76670 0.85278 0.71409
vn 0.48481 -0.76125 0.43065
vt 1 1
f 3631/3631/3631 3632/3632/3632 3633/3633/3633
usemtl green_off
v 0.76840 0.85176 0.70936
vn 0.85902 -0.42582 0.28420
vt 0 0
v 0.76670 0.85278 0.71409
vn 0.48481 -0.76125 0.43065
vt 1 0
v 0.76767 0.85104 0.70954
vn 0.49761 -0.78427 0.37054
vt 1 1
f 3634/3634/3634 3635/3635/3635 3636/3636/3636
usemtl green_off
v 0.76767 0.85104 0.70954
vn 0.49752 -0.78434 0.37053
vt 0 0
v 0.76670 0.85278 0.71409
vn 0.48471 -0.76131 0.43066
vt 1 0
v 0.76574 0.85244 0.71394
vn 0.00061 -0.93379 0.35781
vt 1 1
f 3637/3637/3637 3638/3638/3638 3639/3639/3639
usemtl green_off
v 0.76767 0.85104 0.70954
vn 0.49752 -0.78434 0.37053
vt 0 0
v 0.76574 0.85244 0.71394
vn 0.00061 -0.93379 0.35781
vt 1 0
v 0.76668 0.85074 0.70951
vn 0.00062 -0.93382 0.35774
vt 1 1
f 3640/3640/3640 3641/3641/3641 3642/3642/3642
usemtl green_off
v 0.76767 0.89278 0.69905
vn 0.96590 0.09855 0.23941
vt 0 0
v 0.76867 0.89099 0.69437
vn 0.99142 0.05266 0.11960
vt 1 0
v 0.76840 0.89191 0.69398
vn 0.85904 0.50668 -0.07295
vt 1 1
f 3643/3643/3643 3644/3644/3644 3645/3645/3645
usemtl green_off
v 0.76767 0.89278 0.69905
vn 0.96590 0.09855 0.23941
vt 0 0
v 0.76840 0.89191 0.69398
vn 0.85904 0.50668 -0.07295
vt 1 0
v 0.76741 0.89369 0.69862
vn 0.83694 0.54643 0.03087
vt 1 1
f 3646/3646/3646 3647/3647/3647 3648/3648/3648
usemtl green_off
v 0.76741 0.89369 0.69862
vn 0.83691 0.54647 0.03081
vt 0 0
v 0.76840 0.89191 0.69398
vn 0.85902 0.50672 -0.07298
vt 1 0
v 0.76767 0.89256 0.69363
vn 0.49761 0.83114 -0.24818
vt 1 1
f 3649/3649/3649 3650/3650/3650 3651/3651/3651
usemtl green_off
v 0.76741 0.89369 0.69862
vn 0.83691 0.54647 0.03081
vt 0 0
v 0.76767 0.89256 0.69363
vn 0.49761 0.83114 -0.24818
vt 1 0
v 0.76670 0.89431 0.69818
vn 0.48481 0.85416 -0.18807
vt 1 1
f 3652/3652/3652 3653/3653/3653 3654/3654/3654
usemtl green_off
v 0.76670 0.89431 0.69818
vn 0.48479 0.85417 -0.18807
vt 0 0
v 0.76767 0.89256 0.69363
vn 0.49760 0.83114 -0.24819
vt 1 0
v 0.76668 0.89277 0.69341
vn 0.00072 0.93388 -0.35759
vt 1 1
f 3655/3655/3655 3656/3656/3656 3657/3657/3657
usemtl green_off
v 0.76670 0.89431 0.69818
vn 0.48479 0.85417 -0.18807
vt 0 0
v 0.76668 0.89277 0.69341
vn 0.00072 0.93388 -0.35759
vt 1 0
v 0.76574 0.89446 0.69785
vn 0.00070 0.93391 -0.35751
vt 1 1
f 3658/3658/3658 3659/3659/3659 3660/3660/3660
usemtl green_off
v 0.76767 0.85449 0.71371
vn 0.96590 0.08660 0.24398
vt 0 0
v 0.76603 0.85622 0.71822
vn 0.92385 0.13091 0.35966
vt 1 0
v 0.76578 0.85525 0.71848
vn 0.80051 -0.34760 0.48822
vt 1 1
f 3661/3661/3661 3662/3662/3662 3663/3663/3663
usemtl green_off
v 0.76767 0.85449 0.71371
vn 0.96590 0.08660 0.24398
vt 0 0
v 0.76578 0.85525 0.71848
vn 0.80051 -0.34760 0.48822
vt 1 0
v 0.76741 0.85353 0.71400
vn 0.83694 -0.38601 0.38798
vt 1 1
f 3664/3664/3664 3665/3665/3665 3666/3666/3666
usemtl green_off
v 0.76741 0.85353 0.71400
vn 0.83691 -0.38606 0.38799
vt 0 0
v 0.76578 0.85525 0.71848
vn 0.80049 -0.34769 0.48820
vt 1 0
v 0.76511 0.85447 0.71848
vn 0.46372 -0.73901 0.48869
vt 1 1
f 3667/3667/3667 3668/3668/3668 3669/3669/3669
usemtl green_off
v 0.76741 0.85353 0.71400
vn 0.83691 -0.38606 0.38799
vt 0 0
v 0.76511 0.85447 0.71848
vn 0.46372 -0.73901 0.48869
vt 1 0
v 0.76670 0.85278 0.71409
vn 0.48481 -0.76124 0.43066
vt 1 1
f 3670/3670/3670 3671/3671/3671 3672/3672/3672
usemtl green_off
v 0.76670 0.85278 0.71409
vn 0.48467 -0.76134 0.43065
vt 0 0
v 0.76511 0.85447 0.71848
vn 0.46357 -0.73910 0.48870
vt 1 0
v 0.76418 0.85408 0.71822
vn 0.00054 -0.93377 0.35788
vt 1 1
f 3673/3673/3673 3674/3674/3674 3675/3675/3675
usemtl green_off
v 0.76670 0.85278 0.71409
vn 0.48467 -0.76134 0.43065
vt 0 0
v 0.76418 0.85408 0.71822
vn 0.00054 -0.93377 0.35788
vt 1 0
v 0.76574 0.85244 0.71394
vn 0.00056 -0.93380 0.35780
vt 1 1
f 3676/3676/3676 3677/3677/3677 3678/3678/3678
usemtl green_off
v 0.76603 0.89451 0.70356
vn 0.92386 0.14283 0.35507
vt 0 0
v 0.76767 0.89278 0.69905
vn 0.96590 0.09855 0.23941
vt 1 0
v 0.76741 0.89369 0.69862
vn 0.83694 0.54643 0.03087
vt 1 1
f 3679/3679/3679 3680/3680/3680 3681/3681/3681
usemtl green_off
v 0.76603 0.89451 0.70356
vn 0.92386 0.14283 0.35507
vt 0 0
v 0.76741 0.89369 0.69862
vn 0.83694 0.54643 0.03087
vt 1 0
v 0.76578 0.89541 0.70310
vn 0.80052 0.58479 0.13108
vt 1 1
f 3682/3682/3682 3683/3683/3683 3684/3684/3684
usemtl green_off
v 0.76578 0.89541 0.70310
vn 0.80045 0.58490 0.13104
vt 0 0
v 0.76741 0.89369 0.69862
vn 0.83687 0.54653 0.03083
vt 1 0
v 0.76670 0.89431 0.69818
vn 0.48476 0.85420 -0.18804
vt 1 1
f 3685/3685/3685 3686/3686/3686 3687/3687/3687
usemtl green_off
v 0.76578 0.89541 0.70310
vn 0.80045 0.58490 0.13104
vt 0 0
v 0.76670 0.89431 0.69818
vn 0.48476 0.85420 -0.18804
vt 1 0
v 0.76511 0.89599 0.70258
vn 0.46366 0.87642 -0.13001
vt 1 1
f 3688/3688/3688 3689/3689/3689 3690/3690/3690
usemtl green_off
v 0.76511 0.89599 0.70258
vn 0.46365 0.87642 -0.13003
vt 0 0
v 0.76670 0.89431 0.69818
vn 0.48475 0.85419 -0.18808
vt 1 0
v 0.76574 0.89446 0.69785
vn 0.00065 0.93391 -0.35751
vt 1 1
f 3691/3691/3691 3692/3692/3692 3693/3693/3693
usemtl green_off
v 0.76511 0.89599 0.70258
vn 0.46365 0.87642 -0.13003
vt 0 0
v 0.76574 0.89446 0.69785
vn 0.00065 0.93391 -0.35751
vt 1 0
v 0.76418 0.89610 0.70213
vn 0.00063 0.93394 -0.35744
vt 1 1
f 3694/3694/3694 3695/3695/3695 3696/3696/3696
usemtl green_off
v 0.76603 0.85622 0.71822
vn 0.92385 0.13091 0.35966
vt 0 0
v 0.76377 0.85786 0.72249
vn 0.86598 0.17288 0.46925
vt 1 0
v 0.76354 0.85688 0.72273
vn 0.75036 -0.31124 0.58318
vt 1 1
f 3697/3697/3697 3698/3698/3698 3699/3699/3699
usemtl green_off
v 0.76603 0.85622 0.71822
vn 0.92385 0.13091 0.35966
vt 0 0
v 0.76354 0.85688 0.72273
vn 0.75036 -0.31124 0.58318
vt 1 0
v 0.76578 0.85525 0.71848
vn 0.80051 -0.34760 0.48822
vt 1 1
f 3700/3700/3700 3701/3701/3701 3702/3702/3702
usemtl green_off
v 0.76578 0.85525 0.71848
vn 0.80044 -0.34772 0.48825
vt 0 0
v 0.76354 0.85688 0.72273
vn 0.75032 -0.31136 0.58315
vt 1 0
v 0.76291 0.85606 0.72265
vn 0.43462 -0.71798 0.54370
vt 1 1
f 3703/3703/3703 3704/3704/3704 3705/3705/3705
usemtl green_off
v 0.76578 0.85525 0.71848
vn 0.80044 -0.34772 0.48825
vt 0 0
v 0.76291 0.85606 0.72265
vn 0.43462 -0.71798 0.54370
vt 1 0
v 0.76511 0.85447 0.71848
vn 0.46365 -0.73903 0.48874
vt 1 1
f 3706/3706/3706 3707/3707/3707 3708/3708/3708
usemtl green_off
v 0.76511 0.85447 0.71848
vn 0.46358 -0.73908 0.48872
vt 0 0
v 0.76291 0.85606 0.72265
vn 0.43455 -0.71802 0.54370
vt 1 0
v 0.76204 0.85563 0.72227
vn 0.00051 -0.93373 0.35797
vt 1 1
f 3709/3709/3709 3710/3710/3710 3711/3711/3711
usemtl green_off
v 0.76511 0.85447 0.71848
vn 0.46358 -0.73908 0.48872
vt 0 0
v 0.76204 0.85563 0.72227
vn 0.00051 -0.93373 0.35797
vt 1 0
v 0.76418 0.85408 0.71822
vn 0.00055 -0.93376 0.35791
vt 1 1
f 3712/3712/3712 3713/3713/3713 3714/3714/3714
usemtl green_off
v 0.76377 0.89614 0.70783
vn 0.86601 0.18479 0.46463
vt 0 0
v 0.76603 0.89451 0.70356
vn 0.92386 0.14283 0.35507
vt 1 0
v 0.76578 0.89541 0.70310
vn 0.80052 0.58479 0.13108
vt 1 1
f 3715/3715/3715 3716/3716/3716 3717/3717/3717
usemtl green_off
v 0.76377 0.89614 0.70783
vn 0.86601 0.18479 0.46463
vt 0 0
v 0.76578 0.89541 0.70310
vn 0.80052 0.58479 0.13108
vt 1 0
v 0.76354 0.89703 0.70735
vn 0.75039 0.62116 0.22602
vt 1 1
f 3718/3718/3718 3719/3719/3719 3720/3720/3720
usemtl green_off
v 0.76354 0.89703 0.70735
vn 0.75035 0.62123 0.22595
vt 0 0
v 0.76578 0.89541 0.70310
vn 0.80047 0.58488 0.13104
vt 1 0
v 0.76511 0.89599 0.70258
vn 0.46369 0.87641 -0.13000
vt 1 1
f 3721/3721/3721 3722/3722/3722 3723/3723/3723
usemtl green_off
v 0.76354 0.89703 0.70735
vn 0.75035 0.62123 0.22595
vt 0 0
v 0.76511 0.89599 0.70258
vn 0.46369 0.87641 -0.13000
vt 1 0
v 0.76291 0.89758 0.70674
vn 0.43466 0.89747 -0.07503
vt 1 1
f 3724/3724/3724 3725/3725/3725 3726/3726/3726
usemtl green_off
v 0.76291 0.89758 0.70674
vn 0.43460 0.89749 -0.07507
vt 0 0
v 0.76511 0.89599 0.70258
vn 0.46363 0.87643 -0.13005
vt 1 0
v 0.76418 0.89610 0.70213
vn 0.00060 0.93393 -0.35745
vt 1 1
f 3727/3727/3727 3728/3728/3728 3729/3729/3729
usemtl green_off
v 0.76291 0.89758 0.70674
vn 0.43460 0.89749 -0.07507
vt 0 0
v 0.76418 0.89610 0.70213
vn 0.00060 0.93393 -0.35745
vt 1 0
v 0.76204 0.89765 0.70618
vn 0.00057 0.93396 -0.35738
vt 1 1
f 3730/3730/3730 3731/3731/3731 3732/3732/3732
usemtl green_off
v 0.76377 0.85786 0.72249
vn 0.86598 0.17288 0.46925
vt 0 0
v 0.76094 0.85937 0.72646
vn 0.79330 0.21177 0.57081
vt 1 0
v 0.76073 0.85838 0.72666
vn 0.68738 -0.27754 0.67118
vt 1 1
f 3733/3733/3733 3734/3734/3734 3735/3735/3735
usemtl green_off
v 0.76377 0.85786 0.72249
vn 0.86598 0.17288 0.46925
vt 0 0
v 0.76073 0.85838 0.72666
vn 0.68738 -0.27754 0.67118
vt 1 0
v 0.76354 0.85688 0.72273
vn 0.75036 -0.31124 0.58318
vt 1 1
f 3736/3736/3736 3737/3737/3737 3738/3738/3738
usemtl green_off
v 0.76354 0.85688 0.72273
vn 0.75033 -0.31136 0.58314
vt 0 0
v 0.76073 0.85838 0.72666
vn 0.68738 -0.27767 0.67113
vt 1 0
v 0.76015 0.85754 0.72651
vn 0.39817 -0.69846 0.59465
vt 1 1
f 3739/3739/3739 3740/3740/3740 3741/3741/3741
usemtl green_off
v 0.76354 0.85688 0.72273
vn 0.75033 -0.31136 0.58314
vt 0 0
v 0.76015 0.85754 0.72651
vn 0.39817 -0.69846 0.59465
vt 1 0
v 0.76291 0.85606 0.72265
vn 0.43463 -0.71798 0.54369
vt 1 1
f 3742/3742/3742 3743/3743/3743 3744/3744/3744
usemtl green_off
v 0.76291 0.85606 0.72265
vn 0.43457 -0.71801 0.54371
vt 0 0
v 0.76015 0.85754 0.72651
vn 0.39809 -0.69848 0.59468
vt 1 0
v 0.75935 0.85707 0.72603
vn 0.00049 -0.93370 0.35805
vt 1 1
f 3745/3745/3745 3746/3746/3746 3747/3747/3747
usemtl green_off
v 0.76291 0.85606 0.72265
vn 0.43457 -0.71801 0.54371
vt 0 0
v 0.75935 0.85707 0.72603
vn 0.00049 -0.93370 0.35805
vt 1 0
v 0.76204 0.85563 0.72227
vn 0.00053 -0.93372 0.35800
vt 1 1
f 3748/3748/3748 3749/3749/3749 3750/3750/3750
usemtl green_off
v 0.76094 0.89766 0.71179
vn 0.79335 0.22369 0.56618
vt 0 0
v 0.76377 0.89614 0.70783
vn 0.86601 0.18479 0.46463
vt 1 0
v 0.76354 0.89703 0.70735
vn 0.75039 0.62116 0.22602
vt 1 1
f 3751/3751/3751 3752/3752/3752 3753/3753/3753
usemtl green_off
v 0.76094 0.89766 0.71179
vn 0.79335 0.22369 0.56618
vt 0 0
v 0.76354 0.89703 0.70735
vn 0.75039 0.62116 0.22602
vt 1 0
v 0.76073 0.89854 0.71128
vn 0.68743 0.65486 0.31400
vt 1 1
f 3754/3754/3754 3755/3755/3755 3756/3756/3756
usemtl green_off
v 0.76073 0.89854 0.71128
vn 0.68742 0.65490 0.31395
vt 0 0
v 0.76354 0.89703 0.70735
vn 0.75037 0.62119 0.22597
vt 1 0
v 0.76291 0.89758 0.70674
vn 0.43469 0.89745 -0.07500
vt 1 1
f 3757/3757/3757 3758/3758/3758 3759/3759/3759
usemtl green_off
v 0.76073 0.89854 0.71128
vn 0.68742 0.65490 0.31395
vt 0 0
v 0.76291 0.89758 0.70674
vn 0.43469 0.89745 -0.07500
vt 1 0
v 0.76015 0.89906 0.71060
vn 0.39823 0.91697 -0.02404
vt 1 1
f 3760/3760/3760 3761/3761/3761 3762/3762/3762
usemtl green_off
v 0.76015 0.89906 0.71060
vn 0.39806 0.91704 -0.02413
vt 0 0
v 0.76291 0.89758 0.70674
vn 0.43453 0.89752 -0.07510
vt 1 0
v 0.76204 0.89765 0.70618
vn 0.00049 0.93395 -0.35740
vt 1 1
f 3763/3763/3763 3764/3764/3764 3765/3765/3765
usemtl green_off
v 0.76015 0.89906 0.71060
vn 0.39806 0.91704 -0.02413
vt 0 0
v 0.76204 0.89765 0.70618
vn 0.00049 0.93395 -0.35740
vt 1 0
v 0.75935 0.89909 0.70994
vn 0.00044 0.93398 -0.35734
vt 1 1
f 3766/3766/3766 3767/3767/3767 3768/3768/3768
usemtl green_off
v 0.76094 0.85937 0.72646
vn 0.79330 0.21177 0.57081
vt 0 0
v 0.75758 0.86075 0.73004
vn 0.70708 0.24693 0.66261
vt 1 0
v 0.75739 0.85974 0.73022
vn 0.61267 -0.24708 0.75072
vt 1 1
f 3769/3769/3769 3770/3770/3770 3771/3771/3771
usemtl green_off
v 0.76094 0.85937 0.72646
vn 0.79330 0.21177 0.57081
vt 0 0
v 0.75739 0.85974 0.73022
vn 0.61267 -0.24708 0.75072
vt 1 0
v 0.76073 0.85838 0.72666
vn 0.68738 -0.27754 0.67118
vt 1 1
f 3772/3772/3772 3773/3773/3773 3774/3774/3774
usemtl green_off
v 0.76073 0.85838 0.72666
vn 0.68737 -0.27766 0.67114
vt 0 0
v 0.75739 0.85974 0.73022
vn 0.61266 -0.24720 0.75070
vt 1 0
v 0.75687 0.85888 0.73000
vn 0.35489 -0.68081 0.64075
vt 1 1
f 3775/3775/3775 3776/3776/3776 3777/3777/3777
usemtl green_off
v 0.76073 0.85838 0.72666
vn 0.68737 -0.27766 0.67114
vt 0 0
v 0.75687 0.85888 0.73000
vn 0.35489 -0.68081 0.64075
vt 1 0
v 0.76015 0.85754 0.72651
vn 0.39816 -0.69846 0.59466
vt 1 1
f 3778/3778/3778 3779/3779/3779 3780/3780/3780
usemtl green_off
v 0.76015 0.85754 0.72651
vn 0.39817 -0.69847 0.59465
vt 0 0
v 0.75687 0.85888 0.73000
vn 0.35488 -0.68082 0.64074
vt 1 0
v 0.75616 0.85837 0.72943
vn 0.00054 -0.93367 0.35812
vt 1 1
f 3781/3781/3781 3782/3782/3782 3783/3783/3783
usemtl green_off
v 0.76015 0.85754 0.72651
vn 0.39817 -0.69847 0.59465
vt 0 0
v 0.75616 0.85837 0.72943
vn 0.00054 -0.93367 0.35812
vt 1 0
v 0.75935 0.85707 0.72603
vn 0.00059 -0.93370 0.35807
vt 1 1
f 3784/3784/3784 3785/3785/3785 3786/3786/3786
usemtl green_off
v 0.75758 0.89903 0.71537
vn 0.70710 0.25887 0.65802
vt 0 0
v 0.76094 0.89766 0.71179
vn 0.79335 0.22369 0.56618
vt 1 0
v 0.76073 0.89854 0.71128
vn 0.68743 0.65486 0.31400
vt 1 1
f 3787/3787/3787 3788/3788/3788 3789/3789/3789
usemtl green_off
v 0.75758 0.89903 0.71537
vn 0.70710 0.25887 0.65802
vt 0 0
v 0.76073 0.89854 0.71128
vn 0.68743 0.65486 0.31400
vt 1 0
v 0.75739 0.89990 0.71484
vn 0.61271 0.68535 0.39356
vt 1 1
f 3790/3790/3790 3791/3791/3791 3792/3792/3792
usemtl green_off
v 0.75739 0.89990 0.71484
vn 0.61263 0.68542 0.39356
vt 0 0
v 0.76073 0.89854 0.71128
vn 0.68734 0.65496 0.31399
vt 1 0
v 0.76015 0.89906 0.71060
vn 0.39813 0.91701 -0.02400
vt 1 1
f 3793/3793/3793 3794/3794/3794 3795/3795/3795
usemtl green_off
v 0.75739 0.89990 0.71484
vn 0.61263 0.68542 0.39356
vt 0 0
v 0.76015 0.89906 0.71060
vn 0.39813 0.91701 -0.02400
vt 1 0
v 0.75687 0.90040 0.71409
vn 0.35486 0.93466 0.02208
vt 1 1
f 3796/3796/3796 3797/3797/3797 3798/3798/3798
usemtl green_off
v 0.75687 0.90040 0.71409
vn 0.35484 0.93467 0.02198
vt 0 0
v 0.76015 0.89906 0.71060
vn 0.39813 0.91701 -0.02410
vt 1 0
v 0.75935 0.89909 0.70994
vn 0.00055 0.93400 -0.35729
vt 1 1
f 3799/3799/3799 3800/3800/3800 3801/3801/3801
usemtl green_off
v 0.75687 0.90040 0.71409
vn 0.35484 0.93467 0.02198
vt 0 0
v 0.75935 0.89909 0.70994
vn 0.00055 0.93400 -0.35729
vt 1 0
v 0.75616 0.90039 0.71333
vn 0.00050 0.93402 -0.35723
vt 1 1
f 3802/3802/3802 3803/3803/3803 3804/3804/3804
usemtl green_off
v 0.75758 0.86075 0.73004
vn 0.70708 0.24693 0.66261
vt 0 0
v 0.75374 0.86195 0.73318
vn 0.60873 0.27777 0.74316
vt 1 0
v 0.75358 0.86094 0.73334
vn 0.52748 -0.22037 0.82049
vt 1 1
f 3805/3805/3805 3806/3806/3806 3807/3807/3807
usemtl green_off
v 0.75758 0.86075 0.73004
vn 0.70708 0.24693 0.66261
vt 0 0
v 0.75358 0.86094 0.73334
vn 0.52748 -0.22037 0.82049
vt 1 0
v 0.75739 0.85974 0.73022
vn 0.61267 -0.24708 0.75072
vt 1 1
f 3808/3808/3808 3809/3809/3809 3810/3810/3810
usemtl green_off
v 0.75739 0.85974 0.73022
vn 0.61262 -0.24716 0.75074
vt 0 0
v 0.75358 0.86094 0.73334
vn 0.52743 -0.22044 0.82050
vt 1 0
v 0.75313 0.86005 0.73306
vn 0.30551 -0.66530 0.68120
vt 1 1
f 3811/3811/3811 3812/3812/3812 3813/3813/3813
usemtl green_off
v 0.75739 0.85974 0.73022
vn 0.61262 -0.24716 0.75074
vt 0 0
v 0.75313 0.86005 0.73306
vn 0.30551 -0.66530 0.68120
vt 1 0
v 0.75687 0.85888 0.73000
vn 0.35486 -0.68078 0.64079
vt 1 1
f 3814/3814/3814 3815/3815/3815 3816/3816/3816
usemtl green_off
v 0.75687 0.85888 0.73000
vn 0.35484 -0.68084 0.64074
vt 0 0
v 0.75313 0.86005 0.73306
vn 0.30548 -0.66536 0.68116
vt 1 0
v 0.75252 0.85951 0.73241
vn 0.00040 -0.93367 0.35814
vt 1 1
f 3817/3817/3817 3818/3818/3818 3819/3819/3819
usemtl green_off
v 0.75687 0.85888 0.73000
vn 0.35484 -0.68084 0.64074
vt 0 0
v 0.75252 0.85951 0.73241
vn 0.00040 -0.93367 0.35814
vt 1 0
v 0.75616 0.85837 0.72943
vn 0.00046 -0.93369 0.35809
vt 1 1
f 3820/3820/3820 3821/3821/3821 3822/3822/3822
usemtl green_off
v 0.75374 0.90024 0.71851
vn 0.60874 0.28974 0.73857
vt 0 0
v 0.75758 0.89903 0.71537
vn 0.70710 0.25887 0.65802
vt 1 0
v 0.75739 0.89990 0.71484
vn 0.61271 0.68535 0.39356
vt 1 1
f 3823/3823/3823 3824/3824/3824 3825/3825/3825
usemtl green_off
v 0.75374 0.90024 0.71851
vn 0.60874 0.28974 0.73857
vt 0 0
v 0.75739 0.89990 0.71484
vn 0.61271 0.68535 0.39356
vt 1 0
v 0.75358 0.90109 0.71796
vn 0.52745 0.71210 0.46337
vt 1 1
f 3826/3826/3826 3827/3827/3827 3828/3828/3828
usemtl green_off
v 0.75358 0.90109 0.71796
vn 0.52740 0.71218 0.46330
vt 0 0
v 0.75739 0.89990 0.71484
vn 0.61260 0.68547 0.39352
vt 1 0
v 0.75687 0.90040 0.71409
vn 0.35482 0.93467 0.02204
vt 1 1
f 3829/3829/3829 3830/3830/3830 3831/3831/3831
usemtl green_off
v 0.75358 0.90109 0.71796
vn 0.52740 0.71218 0.46330
vt 0 0
v 0.75687 0.90040 0.71409
vn 0.35482 0.93467 0.02204
vt 1 0
v 0.75313 0.90157 0.71715
vn 0.30547 0.95015 0.06245
vt 1 1
f 3832/3832/3832 3833/3833/3833 3834/3834/3834
usemtl green_off
v 0.75313 0.90157 0.71715
vn 0.30558 0.95012 0.06243
vt 0 0
v 0.75687 0.90040 0.71409
vn 0.35494 0.93463 0.02202
vt 1 0
v 0.75616 0.90039 0.71333
vn 0.00056 0.93401 -0.35724
vt 1 1
f 3835/3835/3835 3836/3836/3836 3837/3837/3837
usemtl green_off
v 0.75313 0.90157 0.71715
vn 0.30558 0.95012 0.06243
vt 0 0
v 0.75616 0.90039 0.71333
vn 0.00056 0.93401 -0.35724
vt 1 0
v 0.75252 0.90154 0.71631
vn 0.00050 0.93404 -0.35718
vt 1 1
f 3838/3838/3838 3839/3839/3839 3840/3840/3840
usemtl green_off
v 0.75374 0.86195 0.73318
vn 0.60873 0.27777 0.74316
vt 0 0
v 0.74950 0.86296 0.73583
vn 0.49998 0.30376 0.81102
vt 1 0
v 0.74937 0.86195 0.73597
vn 0.43321 -0.19784 0.87931
vt 1 1
f 3841/3841/3841 3842/3842/3842 3843/3843/3843
usemtl green_off
v 0.75374 0.86195 0.73318
vn 0.60873 0.27777 0.74316
vt 0 0
v 0.74937 0.86195 0.73597
vn 0.43321 -0.19784 0.87931
vt 1 0
v 0.75358 0.86094 0.73334
vn 0.52748 -0.22037 0.82049
vt 1 1
f 3844/3844/3844 3845/3845/3845 3846/3846/3846
usemtl green_off
v 0.75358 0.86094 0.73334
vn 0.52741 -0.22046 0.82051
vt 0 0
v 0.74937 0.86195 0.73597
vn 0.43319 -0.19794 0.87930
vt 1 0
v 0.74900 0.86103 0.73563
vn 0.25092 -0.65228 0.71524
vt 1 1
f 3847/3847/3847 3848/3848/3848 3849/3849/3849
usemtl green_off
v 0.75358 0.86094 0.73334
vn 0.52741 -0.22046 0.82051
vt 0 0
v 0.74900 0.86103 0.73563
vn 0.25092 -0.65228 0.71524
vt 1 0
v 0.75313 0.86005 0.73306
vn 0.30549 -0.66532 0.68120
vt 1 1
f 3850/3850/3850 3851/3851/3851 3852/3852/3852
usemtl green_off
v 0.75313 0.86005 0.73306
vn 0.30548 -0.66535 0.68116
vt 0 0
v 0.74900 0.86103 0.73563
vn 0.25090 -0.65231 0.71522
vt 1 0
v 0.74850 0.86047 0.73492
vn 0.00032 -0.93365 0.35819
vt 1 1
f 3853/3853/3853 3854/3854/3854 3855/3855/3855
usemtl green_off
v 0.75313 0.86005 0.73306
vn 0.30548 -0.66535 0.68116
vt 0 0
v 0.74850 0.86047 0.73492
vn 0.00032 -0.93365 0.35819
vt 1 0
v 0.75252 0.85951 0.73241
vn 0.00038 -0.93366 0.35815
vt 1 1
f 3856/3856/3856 3857/3857/3857 3858/3858/3858
usemtl green_off
v 0.74950 0.90125 0.72116
vn 0.50000 0.31572 0.80642
vt 0 0
v 0.75374 0.90024 0.71851
vn 0.60874 0.28974 0.73857
vt 1 0
v 0.75358 0.90109 0.71796
vn 0.52745 0.71210 0.46337
vt 1 1
f 3859/3859/3859 3860/3860/3860 3861/3861/3861
usemtl green_off
v 0.74950 0.90125 0.72116
vn 0.50000 0.31572 0.80642
vt 0 0
v 0.75358 0.90109 0.71796
vn 0.52745 0.71210 0.46337
vt 1 0
v 0.74937 0.90210 0.72059
vn 0.43325 0.73461 0.52215
vt 1 1
f 3862/3862/3862 3863/3863/3863 3864/3864/3864
usemtl green_off
v 0.74937 0.90210 0.72059
vn 0.43323 0.73467 0.52209
vt 0 0
v 0.75358 0.90109 0.71796
vn 0.52745 0.71214 0.46330
vt 1 0
v 0.75313 0.90157 0.71715
vn 0.30553 0.95013 0.06247
vt 1 1
f 3865/3865/3865 3866/3866/3866 3867/3867/3867
usemtl green_off
v 0.74937 0.90210 0.72059
vn 0.43323 0.73467 0.52209
vt 0 0
v 0.75313 0.90157 0.71715
vn 0.30553 0.95013 0.06247
vt 1 0
v 0.74900 0.90256 0.71973
vn 0.25096 0.96317 0.09651
vt 1 1
f 3868/3868/3868 3869/3869/3869 3870/3870/3870
usemtl green_off
v 0.74900 0.90256 0.71973
vn 0.25095 0.96318 0.09650
vt 0 0
v 0.75313 0.90157 0.71715
vn 0.30554 0.95013 0.06244
vt 1 0
v 0.75252 0.90154 0.71631
vn 0.00044 0.93404 -0.35716
vt 1 1
f 3871/3871/3871 3872/3872/3872 3873/3873/3873
usemtl green_off
v 0.74900 0.90256 0.71973
vn 0.25095 0.96318 0.09650
vt 0 0
v 0.75252 0.90154 0.71631
vn 0.00044 0.93404 -0.35716
vt 1 0
v 0.74850 0.90250 0.71882
vn 0.00037 0.93406 -0.35712
vt 1 1
f 3874/3874/3874 3875/3875/3875 3876/3876/3876
usemtl green_off
v 0.74950 0.86296 0.73583
vn 0.49998 0.30376 0.81102
vt 0 0
v 0.74492 0.86377 0.73793
vn 0.38266 0.32446 0.86504
vt 1 0
v 0.74482 0.86275 0.73806
vn 0.33155 -0.17990 0.92613
vt 1 1
f 3877/3877/3877 3878/3878/3878 3879/3879/3879
usemtl green_off
v 0.74950 0.86296 0.73583
vn 0.49998 0.30376 0.81102
vt 0 0
v 0.74482 0.86275 0.73806
vn 0.33155 -0.17990 0.92613
vt 1 0
v 0.74937 0.86195 0.73597
vn 0.43321 -0.19784 0.87931
vt 1 1
f 3880/3880/3880 3881/3881/3881 3882/3882/3882
usemtl green_off
v 0.74937 0.86195 0.73597
vn 0.43322 -0.19791 0.87929
vt 0 0
v 0.74482 0.86275 0.73806
vn 0.33159 -0.17999 0.92610
vt 1 0
v 0.74454 0.86182 0.73769
vn 0.19210 -0.64187 0.74236
vt 1 1
f 3883/3883/3883 3884/3884/3884 3885/3885/3885
usemtl green_off
v 0.74937 0.86195 0.73597
vn 0.43322 -0.19791 0.87929
vt 0 0
v 0.74454 0.86182 0.73769
vn 0.19210 -0.64187 0.74236
vt 1 0
v 0.74900 0.86103 0.73563
vn 0.25095 -0.65225 0.71525
vt 1 1
f 3886/3886/3886 3887/3887/3887 3888/3888/3888
usemtl green_off
v 0.74900 0.86103 0.73563
vn 0.25090 -0.65232 0.71521
vt 0 0
v 0.74454 0.86182 0.73769
vn 0.19202 -0.64193 0.74233
vt 1 0
v 0.74416 0.86124 0.73692
vn 0.00024 -0.93364 0.35822
vt 1 1
f 3889/3889/3889 3890/3890/3890 3891/3891/3891
usemtl green_off
v 0.74900 0.86103 0.73563
vn 0.25090 -0.65232 0.71521
vt 0 0
v 0.74416 0.86124 0.73692
vn 0.00024 -0.93364 0.35822
vt 1 0
v 0.74850 0.86047 0.73492
vn 0.00031 -0.93365 0.35819
vt 1 1
f 3892/3892/3892 3893/3893/3893 3894/3894/3894
usemtl green_off
v 0.74492 0.90206 0.72327
vn 0.38269 0.33640 0.86045
vt 0 0
v 0.74950 0.90125 0.72116
vn 0.50000 0.31572 0.80642
vt 1 0
v 0.74937 0.90210 0.72059
vn 0.43325 0.73461 0.52215
vt 1 1
f 3895/3895/3895 3896/3896/3896 3897/3897/3897
usemtl green_off
v 0.74492 0.90206 0.72327
vn 0.38269 0.33640 0.86045
vt 0 0
v 0.74937 0.90210 0.72059
vn 0.43325 0.73461 0.52215
vt 1 0
v 0.74482 0.90290 0.72268
vn 0.33162 0.75252 0.56898
vt 1 1
f 3898/3898/3898 3899/3899/3899 3900/3900/3900
usemtl green_off
v 0.74482 0.90290 0.72268
vn 0.33159 0.75258 0.56892
vt 0 0
v 0.74937 0.90210 0.72059
vn 0.43322 0.73465 0.52212
vt 1 0
v 0.74900 0.90256 0.71973
vn 0.25096 0.96317 0.09654
vt 1 1
f 3901/3901/3901 3902/3902/3902 3903/3903/3903
usemtl green_off
v 0.74482 0.90290 0.72268
vn 0.33159 0.75258 0.56892
vt 0 0
v 0.74900 0.90256 0.71973
vn 0.25096 0.96317 0.09654
vt 1 0
v 0.74454 0.90334 0.72178
vn 0.19210 0.97355 0.12365
vt 1 1
f 3904/3904/3904 3905/3905/3905 3906/3906/3906
usemtl green_off
v 0.74454 0.90334 0.72178
vn 0.19208 0.97357 0.12357
vt 0 0
v 0.74900 0.90256 0.71973
vn 0.25095 0.96318 0.09646
vt 1 0
v 0.74850 0.90250 0.71882
vn 0.00036 0.93404 -0.35716
vt 1 1
f 3907/3907/3907 3908/3908/3908 3909/3909/3909
usemtl green_off
v 0.74454 0.90334 0.72178
vn 0.19208 0.97357 0.12357
vt 0 0
v 0.74850 0.90250 0.71882
vn 0.00036 0.93404 -0.35716
vt 1 0
v 0.74416 0.90326 0.72082
vn 0.00030 0.93406 -0.35712
vt 1 1
f 3910/3910/3910 3911/3911/3911 3912/3912/3912
usemtl green_off
v 0.74492 0.86377 0.73793
vn 0.38266 0.32446 0.86504
vt 0 0
v 0.74009 0.86436 0.73946
vn 0.25880 0.33950 0.90430
vt 1 0
v 0.74002 0.86333 0.73958
vn 0.22424 -0.16687 0.96014
vt 1 1
f 3913/3913/3913 3914/3914/3914 3915/3915/3915
usemtl green_off
v 0.74492 0.86377 0.73793
vn 0.38266 0.32446 0.86504
vt 0 0
v 0.74002 0.86333 0.73958
vn 0.22424 -0.16687 0.96014
vt 1 0
v 0.74482 0.86275 0.73806
vn 0.33155 -0.17990 0.92613
vt 1 1
f 3916/3916/3916 3917/3917/3917 3918/3918/3918
usemtl green_off
v 0.74482 0.86275 0.73806
vn 0.33154 -0.17998 0.92611
vt 0 0
v 0.74002 0.86333 0.73958
vn 0.22424 -0.16696 0.96013
vt 1 0
v 0.73983 0.86239 0.73918
vn 0.12990 -0.63432 0.76208
vt 1 1
f 3919/3919/3919 3920/3920/3920 3921/3921/3921
usemtl green_off
v 0.74482 0.86275 0.73806
vn 0.33154 -0.17998 0.92611
vt 0 0
v 0.73983 0.86239 0.73918
vn 0.12990 -0.63432 0.76208
vt 1 0
v 0.74454 0.86182 0.73769
vn 0.19204 -0.64187 0.74238
vt 1 1
f 3922/3922/3922 3923/3923/3923 3924/3924/3924
usemtl green_off
v 0.74454 0.86182 0.73769
vn 0.19201 -0.64196 0.74231
vt 0 0
v 0.73983 0.86239 0.73918
vn 0.12985 -0.63441 0.76201
vt 1 0
v 0.73958 0.86180 0.73837
vn 0.00014 -0.93364 0.35822
vt 1 1
f 3925/3925/3925 3926/3926/3926 3927/3927/3927
usemtl green_off
v 0.74454 0.86182 0.73769
vn 0.19201 -0.64196 0.74231
vt 0 0
v 0.73958 0.86180 0.73837
vn 0.00014 -0.93364 0.35822
vt 1 0
v 0.74416 0.86124 0.73692
vn 0.00022 -0.93364 0.35820
vt 1 1
f 3928/3928/3928 3929/3929/3929 3930/3930/3930
usemtl green_off
v 0.74009 0.90264 0.72480
vn 0.25881 0.35145 0.89972
vt 0 0
v 0.74492 0.90206 0.72327
vn 0.38269 0.33640 0.86045
vt 1 0
v 0.74482 0.90290 0.72268
vn 0.33162 0.75252 0.56898
vt 1 1
f 3931/3931/3931 3932/3932/3932 3933/3933/3933
usemtl green_off
v 0.74009 0.90264 0.72480
vn 0.25881 0.35145 0.89972
vt 0 0
v 0.74482 0.90290 0.72268
vn 0.33162 0.75252 0.56898
vt 1 0
v 0.74002 0.90349 0.72420
vn 0.22426 0.76556 0.60301
vt 1 1
f 3934/3934/3934 3935/3935/3935 3936/3936/3936
usemtl green_off
v 0.74002 0.90349 0.72420
vn 0.22425 0.76562 0.60294
vt 0 0
v 0.74482 0.90290 0.72268
vn 0.33155 0.75259 0.56892
vt 1 0
v 0.74454 0.90334 0.72178
vn 0.19205 0.97356 0.12365
vt 1 1
f 3937/3937/3937 3938/3938/3938 3939/3939/3939
usemtl green_off
v 0.74002 0.90349 0.72420
vn 0.22425 0.76562 0.60294
vt 0 0
v 0.74454 0.90334 0.72178
vn 0.19205 0.97356 0.12365
vt 1 0
v 0.73983 0.90392 0.72328
vn 0.12991 0.98111 0.14335
vt 1 1
f 3940/3940/3940 3941/3941/3941 3942/3942/3942
usemtl green_off
v 0.73983 0.90392 0.72328
vn 0.12989 0.98113 0.14326
vt 0 0
v 0.74454 0.90334 0.72178
vn 0.19205 0.97358 0.12355
vt 1 0
v 0.74416 0.90326 0.72082
vn 0.00025 0.93405 -0.35714
vt 1 1
f 3943/3943/3943 3944/3944/3944 3945/3945/3945
usemtl green_off
v 0.73983 0.90392 0.72328
vn 0.12989 0.98113 0.14326
vt 0 0
v 0.74416 0.90326 0.72082
vn 0.00025 0.93405 -0.35714
vt 1 0
v 0.73958 0.90382 0.72228
vn 0.00017 0.93406 -0.35711
vt 1 1
f 3946/3946/3946 3947/3947/3947 3948/3948/3948
usemtl green_off
v 0.74009 0.86436 0.73946
vn 0.25880 0.33950 0.90430
vt 0 0
v 0.73509 0.86471 0.74039
vn 0.13051 0.34862 0.92813
vt 1 0
v 0.73506 0.86368 0.74050
vn 0.11308 -0.15898 0.98078
vt 1 1
f 3949/3949/3949 3950/3950/3950 3951/3951/3951
usemtl green_off
v 0.74009 0.86436 0.73946
vn 0.25880 0.33950 0.90430
vt 0 0
v 0.73506 0.86368 0.74050
vn 0.11308 -0.15898 0.98078
vt 1 0
v 0.74002 0.86333 0.73958
vn 0.22424 -0.16687 0.96014
vt 1 1
f 3952/3952/3952 3953/3953/3953 3954/3954/3954
usemtl green_off
v 0.74002 0.86333 0.73958
vn 0.22423 -0.16695 0.96013
vt 0 0
v 0.73506 0.86368 0.74050
vn 0.11310 -0.15904 0.98077
vt 1 0
v 0.73496 0.86274 0.74008
vn 0.06552 -0.62974 0.77404
vt 1 1
f 3955/3955/3955 3956/3956/3956 3957/3957/3957
usemtl green_off
v 0.74002 0.86333 0.73958
vn 0.22423 -0.16695 0.96013
vt 0 0
v 0.73496 0.86274 0.74008
vn 0.06552 -0.62974 0.77404
vt 1 0
v 0.73983 0.86239 0.73918
vn 0.12989 -0.63432 0.76208
vt 1 1
f 3958/3958/3958 3959/3959/3959 3960/3960/3960
usemtl green_off
v 0.73983 0.86239 0.73918
vn 0.12987 -0.63439 0.76203
vt 0 0
v 0.73496 0.86274 0.74008
vn 0.06548 -0.62980 0.77399
vt 1 0
v 0.73483 0.86213 0.73925
vn 0.00007 -0.93362 0.35827
vt 1 1
f 3961/3961/3961 3962/3962/3962 3963/3963/3963
usemtl green_off
v 0.73983 0.86239 0.73918
vn 0.12987 -0.63439 0.76203
vt 0 0
v 0.73483 0.86213 0.73925
vn 0.00007 -0.93362 0.35827
vt 1 0
v 0.73958 0.86180 0.73837
vn 0.00014 -0.93363 0.35825
vt 1 1
f 3964/3964/3964 3965/3965/3965 3966/3966/3966
usemtl green_off
v 0.73509 0.90300 0.72573
vn 0.13052 0.36057 0.92355
vt 0 0
v 0.74009 0.90264 0.72480
vn 0.25881 0.35145 0.89972
vt 1 0
v 0.74002 0.90349 0.72420
vn 0.22426 0.76556 0.60301
vt 1 1
f 3967/3967/3967 3968/3968/3968 3969/3969/3969
usemtl green_off
v 0.73509 0.90300 0.72573
vn 0.13052 0.36057 0.92355
vt 0 0
v 0.74002 0.90349 0.72420
vn 0.22426 0.76556 0.60301
vt 1 0
v 0.73506 0.90384 0.72512
vn 0.11310 0.77347 0.62366
vt 1 1
f 3970/3970/3970 3971/3971/3971 3972/3972/3972
usemtl green_off
v 0.73506 0.90384 0.72512
vn 0.11310 0.77353 0.62358
vt 0 0
v 0.74002 0.90349 0.72420
vn 0.22423 0.76563 0.60293
vt 1 0
v 0.73983 0.90392 0.72328
vn 0.12989 0.98111 0.14334
vt 1 1
f 3973/3973/3973 3974/3974/3974 3975/3975/3975
usemtl green_off
v 0.73506 0.90384 0.72512
vn 0.11310 0.77353 0.62358
vt 0 0
v 0.73983 0.90392 0.72328
vn 0.12989 0.98111 0.14334
vt 1 0
v 0.73496 0.90426 0.72418
vn 0.06552 0.98569 0.15530
vt 1 1
f 3976/3976/3976 3977/3977/3977 3978/3978/3978
usemtl green_off
v 0.73496 0.90426 0.72418
vn 0.06551 0.98571 0.15521
vt 0 0
v 0.73983 0.90392 0.72328
vn 0.12990 0.98112 0.14326
vt 1 0
v 0.73958 0.90382 0.72228
vn 0.00018 0.93406 -0.35711
vt 1 1
f 3979/3979/3979 3980/3980/3980 3981/3981/3981
usemtl green_off
v 0.73496 0.90426 0.72418
vn 0.06551 0.98571 0.15521
vt 0 0
v 0.73958 0.90382 0.72228
vn 0.00018 0.93406 -0.35711
vt 1 0
v 0.73483 0.90416 0.72316
vn 0.00010 0.93407 -0.35710
vt 1 1
f 3982/3982/3982 3983/3983/3983 3984/3984/3984
usemtl green_off
v 0.73509 0.86471 0.74039
vn 0.13051 0.34862 0.92813
vt 0 0
v 0.73000 0.86483 0.74070
vn -0.00001 0.35168 0.93612
vt 1 0
v 0.73000 0.86380 0.74081
vn -0.00001 -0.15633 0.98771
vt 1 1
f 3985/3985/3985 3986/3986/3986 3987/3987/3987
usemtl green_off
v 0.73509 0.86471 0.74039
vn 0.13051 0.34862 0.92813
vt 0 0
v 0.73000 0.86380 0.74081
vn -0.00001 -0.15633 0.98771
vt 1 0
v 0.73506 0.86368 0.74050
vn 0.11308 -0.15898 0.98078
vt 1 1
f 3988/3988/3988 3989/3989/3989 3990/3990/3990
usemtl green_off
v 0.73506 0.86368 0.74050
vn 0.11308 -0.15906 0.98077
vt 0 0
v 0.73000 0.86380 0.74081
vn 0.00000 -0.15641 0.98769
vt 1 0
v 0.73000 0.86286 0.74039
vn 0.00000 -0.62822 0.77804
vt 1 1
f 3991/3991/3991 3992/3992/3992 3993/3993/3993
usemtl green_off
v 0.73506 0.86368 0.74050
vn 0.11308 -0.15906 0.98077
vt 0 0
v 0.73000 0.86286 0.74039
vn 0.00000 -0.62822 0.77804
vt 1 0
v 0.73496 0.86274 0.74008
vn 0.06549 -0.62975 0.77403
vt 1 1
f 3994/3994/3994 3995/3995/3995 3996/3996/3996
usemtl green_off
v 0.73496 0.86274 0.74008
vn 0.06550 -0.62982 0.77398
vt 0 0
v 0.73000 0.86286 0.74039
vn -0.00000 -0.62828 0.77799
vt 1 0
v 0.73000 0.86225 0.73955
vn 0.00001 -0.93362 0.35825
vt 1 1
f 3997/3997/3997 3998/3998/3998 3999/3999/3999
usemtl green_off
v 0.73496 0.86274 0.74008
vn 0.06550 -0.62982 0.77398
vt 0 0
v 0.73000 0.86225 0.73955
vn 0.00001 -0.93362 0.35825
vt 1 0
v 0.73483 0.86213 0.73925
vn 0.00009 -0.93363 0.35825
vt 1 1
f 4000/4000/4000 4001/4001/4001 4002/4002/4002
usemtl green_off
v 0.73000 0.90312 0.72604
vn 0.00001 0.36363 0.93154
vt 0 0
v 0.73509 0.90300 0.72573
vn 0.13052 0.36057 0.92355
vt 1 0
v 0.73506 0.90384 0.72512
vn 0.11310 0.77347 0.62366
vt 1 1
f 4003/4003/4003 4004/4004/4004 4005/4005/4005
usemtl green_off
v 0.73000 0.90312 0.72604
vn 0.00001 0.36363 0.93154
vt 0 0
v 0.73506 0.90384 0.72512
vn 0.11310 0.77347 0.62366
vt 1 0
v 0.73000 0.90396 0.72543
vn 0.00001 0.77612 0.63059
vt 1 1
f 4006/4006/4006 4007/4007/4007 4008/4008/4008
usemtl green_off
v 0.73000 0.90396 0.72543
vn 0.00003 0.77620 0.63049
vt 0 0
v 0.73506 0.90384 0.72512
vn 0.11310 0.77355 0.62357
vt 1 0
v 0.73496 0.90426 0.72418
vn 0.06551 0.98569 0.15529
vt 1 1
f 4009/4009/4009 4010/4010/4010 4011/4011/4011
usemtl green_off
v 0.73000 0.90396 0.72543
vn 0.00003 0.77620 0.63049
vt 0 0
v 0.73496 0.90426 0.72418
vn 0.06551 0.98569 0.15529
vt 1 0
v 0.73000 0.90438 0.72449
vn 0.00003 0.98723 0.15930
vt 1 1
f 4012/4012/4012 4013/4013/4013 4014/4014/4014
usemtl green_off
v 0.73000 0.90438 0.72449
vn 0.00001 0.98724 0.15925
vt 0 0
v 0.73496 0.90426 0.72418
vn 0.06552 0.98570 0.15524
vt 1 0
v 0.73483 0.90416 0.72316
vn 0.00010 0.93408 -0.35707
vt 1 1
f 4015/4015/4015 4016/4016/4016 4017/4017/4017
usemtl green_off
v 0.73000 0.90438 0.72449
vn 0.00001 0.98724 0.15925
vt 0 0
v 0.73483 0.90416 0.72316
vn 0.00010 0.93408 -0.35707
vt 1 0
v 0.73000 0.90427 0.72345
vn 0.00002 0.93408 -0.35707
vt 1 1
f 4018/4018/4018 4019/4019/4019 4020/4020/4020
usemtl green_off
v 0.73483 0.86213 0.73925
vn 0.00009 -0.93361 0.35829
vt 0 0
v 0.73000 0.86225 0.73955
vn 0.00000 -0.93361 0.35829
vt 1 0
v 0.72517 0.86213 0.73925
vn -0.00009 -0.93361 0.35829
vt 1 1
f 4021/4021/4021 4022/4022/4022 4023/4023/4023
usemtl green_off
v 0.72517 0.86213 0.73925
vn -0.00009 -0.93361 0.35829
vt 0 0
v 0.72042 0.86180 0.73837
vn -0.00017 -0.93362 0.35827
vt 1 0
v 0.71584 0.86124 0.73692
vn -0.00026 -0.93363 0.35824
vt 1 1
f 4024/4024/4024 4025/4025/4025 4026/4026/4026
usemtl green_off
v 0.71584 0.86124 0.73692
vn -0.00026 -0.93363 0.35824
vt 0 0
v 0.71150 0.86047 0.73492
vn -0.00034 -0.93364 0.35821
vt 1 0
v 0.70748 0.85951 0.73241
vn -0.00041 -0.93366 0.35816
vt 1 1
f 4027/4027/4027 4028/4028/4028 4029/4029/4029
usemtl green_off
v 0.70748 0.85951 0.73241
vn -0.00041 -0.93366 0.35816
vt 0 0
v 0.70384 0.85837 0.72943
vn -0.00047 -0.93368 0.35811
vt 1 0
v 0.70065 0.85707 0.72603
vn -0.00053 -0.93370 0.35805
vt 1 1
f 4030/4030/4030 4031/4031/4031 4032/4032/4032
usemtl green_off
v 0.70065 0.85707 0.72603
vn -0.00053 -0.93370 0.35805
vt 0 0
v 0.69796 0.85563 0.72227
vn -0.00058 -0.93373 0.35798
vt 1 0
v 0.69582 0.85408 0.71822
vn -0.00062 -0.93376 0.35791
vt 1 1
f 4033/4033/4033 4034/4034/4034 4035/4035/4035
usemtl green_off
v 0.69582 0.85408 0.71822
vn -0.00062 -0.93376 0.35791
vt 0 0
v 0.69426 0.85244 0.71394
vn -0.00065 -0.93379 0.35783
vt 1 0
v 0.69332 0.85074 0.70951
vn -0.00067 -0.93382 0.35775
vt 1 1
f 4036/4036/4036 4037/4037/4037 4038/4038/4038
usemtl green_off
v 0.69332 0.85074 0.70951
vn -0.00067 -0.93382 0.35775
vt 0 0
v 0.69300 0.84901 0.70500
vn -0.00067 -0.93385 0.35767
vt 1 0
v 0.69332 0.84729 0.70049
vn -0.00067 -0.93388 0.35758
vt 1 1
f 4039/4039/4039 4040/4040/4040 4041/4041/4041
usemtl green_off
v 0.69332 0.84729 0.70049
vn -0.00067 -0.93388 0.35758
vt 0 0
v 0.69426 0.84559 0.69606
vn -0.00065 -0.93391 0.35750
vt 1 0
v 0.69582 0.84395 0.69178
vn -0.00062 -0.93394 0.35743
vt 1 1
f 4042/4042/4042 4043/4043/4043 4044/4044/4044
usemtl green_off
v 0.69582 0.84395 0.69178
vn -0.00062 -0.93394 0.35743
vt 0 0
v 0.69796 0.84240 0.68773
vn -0.00058 -0.93397 0.35735
vt 1 0
v 0.70065 0.84096 0.68397
vn -0.00053 -0.93400 0.35728
vt 1 1
f 4045/4045/4045 4046/4046/4046 4047/4047/4047
usemtl green_off
v 0.70065 0.84096 0.68397
vn -0.00053 -0.93400 0.35728
vt 0 0
v 0.70384 0.83966 0.68057
vn -0.00047 -0.93402 0.35722
vt 1 0
v 0.70748 0.83852 0.67759
vn -0.00041 -0.93404 0.35717
vt 1 1
f 4048/4048/4048 4049/4049/4049 4050/4050/4050
usemtl green_off
v 0.70748 0.83852 0.67759
vn -0.00041 -0.93404 0.35717
vt 0 0
v 0.71150 0.83756 0.67508
vn -0.00034 -0.93406 0.35712
vt 1 0
v 0.71584 0.83679 0.67308
vn -0.00026 -0.93407 0.35709
vt 1 1
f 4051/4051/4051 4052/4052/4052 4053/4053/4053
usemtl green_off
v 0.71584 0.83679 0.67308
vn -0.00026 -0.93407 0.35709
vt 0 0
v 0.72042 0.83623 0.67163
vn -0.00017 -0.93408 0.35706
vt 1 0
v 0.72517 0.83590 0.67075
vn -0.00009 -0.93409 0.35704
vt 1 1
f 4054/4054/4054 4055/4055/4055 4056/4056/4056
usemtl green_off
v 0.72517 0.83590 0.67075
vn -0.00009 -0.93409 0.35704
vt 0 0
v 0.73000 0.83578 0.67045
vn 0.00000 -0.93409 0.35704
vt 1 0
v 0.73483 0.83590 0.67075
vn 0.00009 -0.93409 0.35704
vt 1 1
f 4057/4057/4057 4058/4058/4058 4059/4059/4059
usemtl green_off
v 0.73483 0.83590 0.67075
vn 0.00009 -0.93409 0.35704
vt 0 0
v 0.73958 0.83623 0.67163
vn 0.00017 -0.93408 0.35706
vt 1 0
v 0.74416 0.83679 0.67308
vn 0.00026 -0.93407 0.35709
vt 1 1
f 4060/4060/4060 4061/4061/4061 4062/4062/4062
usemtl green_off
v 0.74416 0.83679 0.67308
vn 0.00026 -0.93407 0.35709
vt 0 0
v 0.74850 0.83756 0.67508
vn 0.00034 -0.93406 0.35712
vt 1 0
v 0.75252 0.83852 0.67759
vn 0.00041 -0.93404 0.35717
vt 1 1
f 4063/4063/4063 4064/4064/4064 4065/4065/4065
usemtl green_off
v 0.75252 0.83852 0.67759
vn 0.00041 -0.93404 0.35717
vt 0 0
v 0.75616 0.83966 0.68057
vn 0.00047 -0.93402 0.35722
vt 1 0
v 0.75935 0.84096 0.68397
vn 0.00053 -0.93400 0.35728
vt 1 1
f 4066/4066/4066 4067/4067/4067 4068/4068/4068
usemtl green_off
v 0.75935 0.84096 0.68397
vn 0.00053 -0.93400 0.35728
vt 0 0
v 0.76204 0.84240 0.68773
vn 0.00058 -0.93397 0.35735
vt 1 0
v 0.76418 0.84395 0.69178
vn 0.00062 -0.93394 0.35743
vt 1 1
f 4069/4069/4069 4070/4070/4070 4071/4071/4071
usemtl green_off
v 0.76418 0.84395 0.69178
vn 0.00062 -0.93394 0.35743
vt 0 0
v 0.76574 0.84559 0.69606
vn 0.00065 -0.93391 0.35750
vt 1 0
v 0.76668 0.84729 0.70049
vn 0.00067 -0.93388 0.35758
vt 1 1
f 4072/4072/4072 4073/4073/4073 4074/4074/4074
usemtl green_off
v 0.76668 0.84729 0.70049
vn 0.00067 -0.93388 0.35758
vt 0 0
v 0.76700 0.84901 0.70500
vn 0.00067 -0.93385 0.35767
vt 1 0
v 0.76668 0.85074 0.70951
vn 0.00067 -0.93382 0.35775
vt 1 1
f 4075/4075/4075 4076/4076/4076 4077/4077/4077
usemtl green_off
v 0.76668 0.85074 0.70951
vn 0.00067 -0.93382 0.35775
vt 0 0
v 0.76574 0.85244 0.71394
vn 0.00065 -0.93379 0.35783
vt 1 0
v 0.76418 0.85408 0.71822
vn 0.00062 -0.93376 0.35791
vt 1 1
f 4078/4078/4078 4079/4079/4079 4080/4080/4080
usemtl green_off
v 0.76418 0.85408 0.71822
vn 0.00062 -0.93376 0.35791
vt 0 0
v 0.76204 0.85563 0.72227
vn 0.00058 -0.93373 0.35798
vt 1 0
v 0.75935 0.85707 0.72603
vn 0.00053 -0.93370 0.35805
vt 1 1
f 4081/4081/4081 4082/4082/4082 4083/4083/4083
usemtl green_off
v 0.75935 0.85707 0.72603
vn 0.00053 -0.93370 0.35805
vt 0 0
v 0.75616 0.85837 0.72943
vn 0.00047 -0.93368 0.35811
vt 1 0
v 0.75252 0.85951 0.73241
vn 0.00041 -0.93366 0.35816
vt 1 1
f 4084/4084/4084 4085/4085/4085 4086/4086/4086
usemtl green_off
v 0.75252 0.85951 0.73241
vn 0.00041 -0.93366 0.35816
vt 0 0
v 0.74850 0.86047 0.73492
vn 0.00034 -0.93364 0.35821
vt 1 0
v 0.74416 0.86124 0.73692
vn 0.00026 -0.93363 0.35824
vt 1 1
f 4087/4087/4087 4088/4088/4088 4089/4089/4089
usemtl green_off
v 0.74416 0.86124 0.73692
vn 0.00026 -0.93363 0.35824
vt 0 0
v 0.73958 0.86180 0.73837
vn 0.00017 -0.93362 0.35827
vt 1 0
v 0.73483 0.86213 0.73925
vn 0.00009 -0.93361 0.35829
vt 1 1
f 4090/4090/4090 4091/4091/4091 4092/4092/4092
usemtl green_off
v 0.73483 0.86213 0.73925
vn 0.00009 -0.93361 0.35829
vt 0 0
v 0.72517 0.86213 0.73925
vn -0.00009 -0.93361 0.35829
vt 1 0
v 0.71584 0.86124 0.73692
vn -0.00026 -0.93363 0.35824
vt 1 1
f 4093/4093/4093 4094/4094/4094 4095/4095/4095
usemtl green_off
v 0.71584 0.86124 0.73692
vn -0.00026 -0.93363 0.35824
vt 0 0
v 0.70748 0.85951 0.73241
vn -0.00041 -0.93366 0.35816
vt 1 0
v 0.70065 0.85707 0.72603
vn -0.00053 -0.93370 0.35805
vt 1 1
f 4096/4096/4096 4097/4097/4097 4098/4098/4098
usemtl green_off
v 0.70065 0.85707 0.72603
vn -0.00053 -0.93370 0.35805
vt 0 0
v 0.69582 0.85408 0.71822
vn -0.00062 -0.93376 0.35791
vt 1 0
v 0.69332 0.85074 0.70951
vn -0.00067 -0.93382 0.35775
vt 1 1
f 4099/4099/4099 4100/4100/4100 4101/4101/4101
usemtl green_off
v 0.69332 0.85074 0.70951
vn -0.00067 -0.93382 0.35775
vt 0 0
v 0.69332 0.84729 0.70049
vn -0.00067 -0.93388 0.35758
vt 1 0
v 0.69582 0.84395 0.69178
vn -0.00062 -0.93394 0.35743
vt 1 1
f 4102/4102/4102 4103/4103/4103 4104/4104/4104
usemtl green_off
v 0.69582 0.84395 0.69178
vn -0.00062 -0.93394 0.35743
vt 0 0
v 0.70065 0.84096 0.68397
vn -0.00053 -0.93400 0.35728
vt 1 0
v 0.70748 0.83852 0.67759
vn -0.00041 -0.93404 0.35717
vt 1 1
f 4105/4105/4105 4106/4106/4106 4107/4107/4107
usemtl green_off
v 0.70748 0.83852 0.67759
vn -0.00041 -0.93404 0.35717
vt 0 0
v 0.71584 0.83679 0.67308
vn -0.00026 -0.93407 0.35709
vt 1 0
v 0.72517 0.83590 0.67075
vn -0.00009 -0.93409 0.35704
vt 1 1
f 4108/4108/4108 4109/4109/4109 4110/4110/4110
usemtl green_off
v 0.72517 0.83590 0.67075
vn -0.00009 -0.93409 0.35704
vt 0 0
v 0.73483 0.83590 0.67075
vn 0.00009 -0.93409 0.35704
vt 1 0
v 0.74416 0.83679 0.67308
vn 0.00026 -0.93407 0.35709
vt 1 1
f 4111/4111/4111 4112/4112/4112 4113/4113/4113
usemtl green_off
v 0.74416 0.83679 0.67308
vn 0.00026 -0.93407 0.35709
vt 0 0
v 0.75252 0.83852 0.67759
vn 0.00041 -0.93404 0.35717
vt 1 0
v 0.75935 0.84096 0.68397
vn 0.00053 -0.93400 0.35728
vt 1 1
f 4114/4114/4114 4115/4115/4115 4116/4116/4116
usemtl green_off
v 0.75935 0.84096 0.68397
vn 0.00053 -0.93400 0.35728
vt 0 0
v 0.76418 0.84395 0.69178
vn 0.00062 -0.93394 0.35743
vt 1 0
v 0.76668 0.84729 0.70049
vn 0.00067 -0.93388 0.35758
vt 1 1
f 4117/4117/4117 4118/4118/4118 4119/4119/4119
usemtl green_off
v 0.76668 0.84729 0.70049
vn 0.00067 -0.93388 0.35758
vt 0 0
v 0.76668 0.85074 0.70951
vn 0.00067 -0.93382 0.35775
vt 1 0
v 0.76418 0.85408 0.71822
vn 0.00062 -0.93376 0.35791
vt 1 1
f 4120/4120/4120 4121/4121/4121 4122/4122/4122
usemtl green_off
v 0.76418 0.85408 0.71822
vn 0.00062 -0.93376 0.35791
vt 0 0
v 0.75935 0.85707 0.72603
vn 0.00053 -0.93370 0.35805
vt 1 0
v 0.75252 0.85951 0.73241
vn 0.00041 -0.93366 0.35816
vt 1 1
f 4123/4123/4123 4124/4124/4124 4125/4125/4125
usemtl green_off
v 0.75252 0.85951 0.73241
vn 0.00041 -0.93366 0.35816
vt 0 0
v 0.74416 0.86124 0.73692
vn 0.00026 -0.93363 0.35824
vt 1 0
v 0.73483 0.86213 0.73925
vn 0.00009 -0.93361 0.35829
vt 1 1
f 4126/4126/4126 4127/4127/4127 4128/4128/4128
usemtl green_off
v 0.73483 0.86213 0.73925
vn 0.00009 -0.93361 0.35829
vt 0 0
v 0.71584 0.86124 0.73692
vn -0.00026 -0.93363 0.35824
vt 1 0
v 0.70065 0.85707 0.72603
vn -0.00053 -0.93370 0.35805
vt 1 1
f 4129/4129/4129 4130/4130/4130 4131/4131/4131
usemtl green_off
v 0.70065 0.85707 0.72603
vn -0.00053 -0.93370 0.35805
vt 0 0
v 0.69332 0.85074 0.70951
vn -0.00067 -0.93382 0.35775
vt 1 0
v 0.69582 0.84395 0.69178
vn -0.00062 -0.93394 0.35743
vt 1 1
f 4132/4132/4132 4133/4133/4133 4134/4134/4134
usemtl green_off
v 0.69582 0.84395 0.69178
vn -0.00062 -0.93394 0.35743
vt 0 0
v 0.70748 0.83852 0.67759
vn -0.00041 -0.93404 0.35717
vt 1 0
v 0.72517 0.83590 0.67075
vn -0.00009 -0.93409 0.35704
vt 1 1
f 4135/4135/4135 4136/4136/4136 4137/4137/4137
usemtl green_off
v 0.72517 0.83590 0.67075
vn -0.00009 -0.93409 0.35704
vt 0 0
v 0.74416 0.83679 0.67308
vn 0.00026 -0.93407 0.35709
vt 1 0
v 0.75935 0.84096 0.68397
vn 0.00053 -0.93400 0.35728
vt 1 1
f 4138/4138/4138 4139/4139/4139 4140/4140/4140
usemtl green_off
v 0.75935 0.84096 0.68397
vn 0.00053 -0.93400 0.35728
vt 0 0
v 0.76668 0.84729 0.70049
vn 0.00067 -0.93388 0.35758
vt 1 0
v 0.76418 0.85408 0.71822
vn 0.00062 -0.93376 0.35791
vt 1 1
f 4141/4141/4141 4142/4142/4142 4143/4143/4143
usemtl green_off
v 0.76418 0.85408 0.71822
vn 0.00062 -0.93376 0.35791
vt 0 0
v 0.75252 0.85951 0.73241
vn 0.00041 -0.93366 0.35816
vt 1 0
v 0.73483 0.86213 0.73925
vn 0.00009 -0.93361 0.35829
vt 1 1
f 4144/4144/4144 4145/4145/4145 4146/4146/4146
usemtl green_off
v 0.73483 0.86213 0.73925
vn 0.00009 -0.93361 0.35829
vt 0 0
v 0.70065 0.85707 0.72603
vn -0.00053 -0.93370 0.35805
vt 1 0
v 0.69582 0.84395 0.69178
vn -0.00062 -0.93394 0.35743
vt 1 1
f 4147/4147/4147 4148/4148/4148 4149/4149/4149
usemtl green_off
v 0.69582 0.84395 0.69178
vn -0.00062 -0.93394 0.35743
vt 0 0
v 0.72517 0.83590 0.67075
vn -0.00009 -0.93409 0.35704
vt 1 0
v 0.75935 0.84096 0.68397
vn 0.00053 -0.93400 0.35728
vt 1 1
f 4150/4150/4150 4151/4151/4151 4152/4152/4152
usemtl green_off
v 0.75935 0.84096 0.68397
vn 0.00053 -0.93400 0.35728
vt 0 0
v 0.76418 0.85408 0.71822
vn 0.00062 -0.93376 0.35791
vt 1 0
v 0.73483 0.86213 0.73925
vn 0.00009 -0.93361 0.35829
vt 1 1
f 4153/4153/4153 4154/4154/4154 4155/4155/4155
usemtl green_off
v 0.69582 0.84395 0.69178
vn -0.00062 -0.93394 0.35743
vt 0 0
v 0.75935 0.84096 0.68397
vn 0.00053 -0.93400 0.35728
vt 1 0
v 0.73483 0.86213 0.73925
vn 0.00009 -0.93361 0.35829
vt 1 1
f 4156/4156/4156 4157/4157/4157 4158/4158/4158
usemtl green_off
v 0.73000 0.86483 0.74070
vn -0.00001 0.35168 0.93612
vt 0 0
v 0.73000 0.90312 0.72604
vn 0.00001 0.36363 0.93154
vt 1 0
v 0.72491 0.90300 0.72573
vn -0.13051 0.36057 0.92355
vt 1 1
f 4159/4159/4159 4160/4160/4160 4161/4161/4161
usemtl green_off
v 0.73000 0.86483 0.74070
vn -0.00001 0.35168 0.93612
vt 0 0
v 0.72491 0.90300 0.72573
vn -0.13051 0.36057 0.92355
vt 1 0
v 0.72491 0.86471 0.74039
vn -0.13053 0.34862 0.92813
vt 1 1
f 4162/4162/4162 4163/4163/4163 4164/4164/4164
usemtl green_off
v 0.73509 0.86471 0.74039
vn 0.13051 0.34862 0.92813
vt 0 0
v 0.73509 0.90300 0.72573
vn 0.13052 0.36057 0.92355
vt 1 0
v 0.73000 0.90312 0.72604
vn 0.00001 0.36363 0.93154
vt 1 1
f 4165/4165/4165 4166/4166/4166 4167/4167/4167
usemtl green_off
v 0.73509 0.86471 0.74039
vn 0.13051 0.34862 0.92813
vt 0 0
v 0.73000 0.90312 0.72604
vn 0.00001 0.36363 0.93154
vt 1 0
v 0.73000 0.86483 0.74070
vn -0.00001 0.35168 0.93612
vt 1 1
f 4168/4168/4168 4169/4169/4169 4170/4170/4170
usemtl green_off
v 0.72042 0.90382 0.72228
vn -0.00017 0.93408 -0.35706
vt 0 0
v 0.72517 0.90416 0.72316
vn -0.00009 0.93409 -0.35704
vt 1 0
v 0.73000 0.90427 0.72345
vn -0.00000 0.93409 -0.35704
vt 1 1
f 4171/4171/4171 4172/4172/4172 4173/4173/4173
usemtl green_off
v 0.73000 0.90427 0.72345
vn -0.00000 0.93409 -0.35704
vt 0 0
v 0.73483 0.90416 0.72316
vn 0.00009 0.93409 -0.35704
vt 1 0
v 0.73958 0.90382 0.72228
vn 0.00017 0.93408 -0.35706
vt 1 1
f 4174/4174/4174 4175/4175/4175 4176/4176/4176
usemtl green_off
v 0.73958 0.90382 0.72228
vn 0.00017 0.93408 -0.35706
vt 0 0
v 0.74416 0.90326 0.72082
vn 0.00026 0.93407 -0.35709
vt 1 0
v 0.74850 0.90250 0.71882
vn 0.00034 0.93406 -0.35712
vt 1 1
f 4177/4177/4177 4178/4178/4178 4179/4179/4179
usemtl green_off
v 0.74850 0.90250 0.71882
vn 0.00034 0.93406 -0.35712
vt 0 0
v 0.75252 0.90154 0.71631
vn 0.00041 0.93404 -0.35717
vt 1 0
v 0.75616 0.90039 0.71333
vn 0.00047 0.93402 -0.35722
vt 1 1
f 4180/4180/4180 4181/4181/4181 4182/4182/4182
usemtl green_off
v 0.75616 0.90039 0.71333
vn 0.00047 0.93402 -0.35722
vt 0 0
v 0.75935 0.89909 0.70994
vn 0.00053 0.93400 -0.35728
vt 1 0
v 0.76204 0.89765 0.70618
vn 0.00058 0.93397 -0.35735
vt 1 1
f 4183/4183/4183 4184/4184/4184 4185/4185/4185
usemtl green_off
v 0.76204 0.89765 0.70618
vn 0.00058 0.93397 -0.35735
vt 0 0
v 0.76418 0.89610 0.70213
vn 0.00062 0.93394 -0.35743
vt 1 0
v 0.76574 0.89446 0.69785
vn 0.00065 0.93391 -0.35750
vt 1 1
f 4186/4186/4186 4187/4187/4187 4188/4188/4188
usemtl green_off
v 0.76574 0.89446 0.69785
vn 0.00065 0.93391 -0.35750
vt 0 0
v 0.76668 0.89277 0.69341
vn 0.00066 0.93388 -0.35758
vt 1 0
v 0.76700 0.89104 0.68891
vn 0.00067 0.93385 -0.35767
vt 1 1
f 4189/4189/4189 4190/4190/4190 4191/4191/4191
usemtl green_off
v 0.76700 0.89104 0.68891
vn 0.00067 0.93385 -0.35767
vt 0 0
v 0.76668 0.88931 0.68440
vn 0.00066 0.93382 -0.35775
vt 1 0
v 0.76574 0.88761 0.67996
vn 0.00065 0.93379 -0.35783
vt 1 1
f 4192/4192/4192 4193/4193/4193 4194/4194/4194
usemtl green_off
v 0.76574 0.88761 0.67996
vn 0.00065 0.93379 -0.35783
vt 0 0
v 0.76418 0.88597 0.67568
vn 0.00062 0.93376 -0.35791
vt 1 0
v 0.76204 0.88442 0.67163
vn 0.00058 0.93373 -0.35798
vt 1 1
f 4195/4195/4195 4196/4196/4196 4197/4197/4197
usemtl green_off
v 0.76204 0.88442 0.67163
vn 0.00058 0.93373 -0.35798
vt 0 0
v 0.75935 0.88298 0.66787
vn 0.00053 0.93370 -0.35805
vt 1 0
v 0.75616 0.88168 0.66448
vn 0.00047 0.93368 -0.35811
vt 1 1
f 4198/4198/4198 4199/4199/4199 4200/4200/4200
usemtl green_off
v 0.75616 0.88168 0.66448
vn 0.00047 0.93368 -0.35811
vt 0 0
v 0.75252 0.88054 0.66150
vn 0.00041 0.93366 -0.35816
vt 1 0
v 0.74850 0.87958 0.65899
vn 0.00034 0.93364 -0.35821
vt 1 1
f 4201/4201/4201 4202/4202/4202 4203/4203/4203
usemtl green_off
v 0.74850 0.87958 0.65899
vn 0.00034 0.93364 -0.35821
vt 0 0
v 0.74416 0.87881 0.65699
vn 0.00026 0.93363 -0.35824
vt 1 0
v 0.73958 0.87826 0.65553
vn 0.00017 0.93362 -0.35827
vt 1 1
f 4204/4204/4204 4205/4205/4205 4206/4206/4206
usemtl green_off
v 0.73958 0.87826 0.65553
vn 0.00017 0.93362 -0.35827
vt 0 0
v 0.73483 0.87792 0.65465
vn 0.00009 0.93361 -0.35829
vt 1 0
v 0.73000 0.87781 0.65436
vn -0.00000 0.93361 -0.35829
vt 1 1
f 4207/4207/4207 4208/4208/4208 4209/4209/4209
usemtl green_off
v 0.73000 0.87781 0.65436
vn -0.00000 0.93361 -0.35829
vt 0 0
v 0.72517 0.87792 0.65465
vn -0.00009 0.93361 -0.35829
vt 1 0
v 0.72042 0.87826 0.65553
vn -0.00017 0.93362 -0.35827
vt 1 1
f 4210/4210/4210 4211/4211/4211 4212/4212/4212
usemtl green_off
v 0.72042 0.87826 0.65553
vn -0.00017 0.93362 -0.35827
vt 0 0
v 0.71584 0.87881 0.65699
vn -0.00026 0.93363 -0.35824
vt 1 0
v 0.71150 0.87958 0.65899
vn -0.00034 0.93364 -0.35821
vt 1 1
f 4213/4213/4213 4214/4214/4214 4215/4215/4215
usemtl green_off
v 0.71150 0.87958 0.65899
vn -0.00034 0.93364 -0.35821
vt 0 0
v 0.70748 0.88054 0.66150
vn -0.00041 0.93366 -0.35816
vt 1 0
v 0.70384 0.88168 0.66448
vn -0.00048 0.93368 -0.35811
vt 1 1
f 4216/4216/4216 4217/4217/4217 4218/4218/4218
usemtl green_off
v 0.70384 0.88168 0.66448
vn -0.00048 0.93368 -0.35811
vt 0 0
v 0.70065 0.88298 0.66787
vn -0.00053 0.93370 -0.35805
vt 1 0
v 0.69796 0.88442 0.67163
vn -0.00058 0.93373 -0.35798
vt 1 1
f 4219/4219/4219 4220/4220/4220 4221/4221/4221
usemtl green_off
v 0.69796 0.88442 0.67163
vn -0.00058 0.93373 -0.35798
vt 0 0
v 0.69582 0.88597 0.67568
vn -0.00062 0.93376 -0.35791
vt 1 0
v 0.69426 0.88761 0.67996
vn -0.00065 0.93379 -0.35783
vt 1 1
f 4222/4222/4222 4223/4223/4223 4224/4224/4224
usemtl green_off
v 0.69426 0.88761 0.67996
vn -0.00065 0.93379 -0.35783
vt 0 0
v 0.69332 0.88931 0.68440
vn -0.00067 0.93382 -0.35775
vt 1 0
v 0.69300 0.89104 0.68891
vn -0.00067 0.93385 -0.35767
vt 1 1
f 4225/4225/4225 4226/4226/4226 4227/4227/4227
usemtl green_off
v 0.69300 0.89104 0.68891
vn -0.00067 0.93385 -0.35767
vt 0 0
v 0.69332 0.89277 0.69341
vn -0.00067 0.93388 -0.35758
vt 1 0
v 0.69426 0.89446 0.69785
vn -0.00065 0.93391 -0.35750
vt 1 1
f 4228/4228/4228 4229/4229/4229 4230/4230/4230
usemtl green_off
v 0.69426 0.89446 0.69785
vn -0.00065 0.93391 -0.35750
vt 0 0
v 0.69582 0.89610 0.70213
vn -0.00062 0.93394 -0.35743
vt 1 0
v 0.69796 0.89765 0.70618
vn -0.00058 0.93397 -0.35735
vt 1 1
f 4231/4231/4231 4232/4232/4232 4233/4233/4233
usemtl green_off
v 0.69796 0.89765 0.70618
vn -0.00058 0.93397 -0.35735
vt 0 0
v 0.70065 0.89909 0.70994
vn -0.00053 0.93400 -0.35728
vt 1 0
v 0.70384 0.90039 0.71333
vn -0.00048 0.93402 -0.35722
vt 1 1
f 4234/4234/4234 4235/4235/4235 4236/4236/4236
usemtl green_off
v 0.70384 0.90039 0.71333
vn -0.00048 0.93402 -0.35722
vt 0 0
v 0.70748 0.90154 0.71631
vn -0.00041 0.93404 -0.35717
vt 1 0
v 0.71150 0.90250 0.71882
vn -0.00034 0.93406 -0.35712
vt 1 1
f 4237/4237/4237 4238/4238/4238 4239/4239/4239
usemtl green_off
v 0.71150 0.90250 0.71882
vn -0.00034 0.93406 -0.35712
vt 0 0
v 0.71584 0.90326 0.72082
vn -0.00026 0.93407 -0.35709
vt 1 0
v 0.72042 0.90382 0.72228
vn -0.00017 0.93408 -0.35706
vt 1 1
f 4240/4240/4240 4241/4241/4241 4242/4242/4242
usemtl green_off
v 0.72042 0.90382 0.72228
vn -0.00017 0.93408 -0.35706
vt 0 0
v 0.73000 0.90427 0.72345
vn -0.00000 0.93409 -0.35704
vt 1 0
v 0.73958 0.90382 0.72228
vn 0.00017 0.93408 -0.35706
vt 1 1
f 4243/4243/4243 4244/4244/4244 4245/4245/4245
usemtl green_off
v 0.73958 0.90382 0.72228
vn 0.00017 0.93408 -0.35706
vt 0 0
v 0.74850 0.90250 0.71882
vn 0.00034 0.93406 -0.35712
vt 1 0
v 0.75616 0.90039 0.71333
vn 0.00047 0.93402 -0.35722
vt 1 1
f 4246/4246/4246 4247/4247/4247 4248/4248/4248
usemtl green_off
v 0.75616 0.90039 0.71333
vn 0.00047 0.93402 -0.35722
vt 0 0
v 0.76204 0.89765 0.70618
vn 0.00058 0.93397 -0.35735
vt 1 0
v 0.76574 0.89446 0.69785
vn 0.00065 0.93391 -0.35750
vt 1 1
f 4249/4249/4249 4250/4250/4250 4251/4251/4251
usemtl green_off
v 0.76574 0.89446 0.69785
vn 0.00065 0.93391 -0.35750
vt 0 0
v 0.76700 0.89104 0.68891
vn 0.00067 0.93385 -0.35767
vt 1 0
v 0.76574 0.88761 0.67996
vn 0.00065 0.93379 -0.35783
vt 1 1
f 4252/4252/4252 4253/4253/4253 4254/4254/4254
usemtl green_off
v 0.76574 0.88761 0.67996
vn 0.00065 0.93379 -0.35783
vt 0 0
v 0.76204 0.88442 0.67163
vn 0.00058 0.93373 -0.35798
vt 1 0
v 0.75616 0.88168 0.66448
vn 0.00047 0.93368 -0.35811
vt 1 1
f 4255/4255/4255 4256/4256/4256 4257/4257/4257
usemtl green_off
v 0.75616 0.88168 0.66448
vn 0.00047 0.93368 -0.35811
vt 0 0
v 0.74850 0.87958 0.65899
vn 0.00034 0.93364 -0.35821
vt 1 0
v 0.73958 0.87826 0.65553
vn 0.00017 0.93362 -0.35827
vt 1 1
f 4258/4258/4258 4259/4259/4259 4260/4260/4260
usemtl green_off
v 0.73958 0.87826 0.65553
vn 0.00017 0.93362 -0.35827
vt 0 0
v 0.73000 0.87781 0.65436
vn -0.00000 0.93361 -0.35829
vt 1 0
v 0.72042 0.87826 0.65553
vn -0.00017 0.93362 -0.35827
vt 1 1
f 4261/4261/4261 4262/4262/4262 4263/4263/4263
usemtl green_off
v 0.72042 0.87826 0.65553
vn -0.00017 0.93362 -0.35827
vt 0 0
v 0.71150 0.87958 0.65899
vn -0.00034 0.93364 -0.35821
vt 1 0
v 0.70384 0.88168 0.66448
vn -0.00048 0.93368 -0.35811
vt 1 1
f 4264/4264/4264 4265/4265/4265 4266/4266/4266
usemtl green_off
v 0.70384 0.88168 0.66448
vn -0.00048 0.93368 -0.35811
vt 0 0
v 0.69796 0.88442 0.67163
vn -0.00058 0.93373 -0.35798
vt 1 0
v 0.69426 0.88761 0.67996
vn -0.00065 0.93379 -0.35783
vt 1 1
f 4267/4267/4267 4268/4268/4268 4269/4269/4269
usemtl green_off
v 0.69426 0.88761 0.67996
vn -0.00065 0.93379 -0.35783
vt 0 0
v 0.69300 0.89104 0.68891
vn -0.00067 0.93385 -0.35767
vt 1 0
v 0.69426 0.89446 0.69785
vn -0.00065 0.93391 -0.35750
vt 1 1
f 4270/4270/4270 4271/4271/4271 4272/4272/4272
usemtl green_off
v 0.69426 0.89446 0.69785
vn -0.00065 0.93391 -0.35750
vt 0 0
v 0.69796 0.89765 0.70618
vn -0.00058 0.93397 -0.35735
vt 1 0
v 0.70384 0.90039 0.71333
vn -0.00048 0.93402 -0.35722
vt 1 1
f 4273/4273/4273 4274/4274/4274 4275/4275/4275
usemtl green_off
v 0.70384 0.90039 0.71333
vn -0.00048 0.93402 -0.35722
vt 0 0
v 0.71150 0.90250 0.71882
vn -0.00034 0.93406 -0.35712
vt 1 0
v 0.72042 0.90382 0.72228
vn -0.00017 0.93408 -0.35706
vt 1 1
f 4276/4276/4276 4277/4277/4277 4278/4278/4278
usemtl green_off
v 0.72042 0.90382 0.72228
vn -0.00017 0.93408 -0.35706
vt 0 0
v 0.73958 0.90382 0.72228
vn 0.00017 0.93408 -0.35706
vt 1 0
v 0.75616 0.90039 0.71333
vn 0.00047 0.93402 -0.35722
vt 1 1
f 4279/4279/4279 4280/4280/4280 4281/4281/4281
usemtl green_off
v 0.75616 0.90039 0.71333
vn 0.00047 0.93402 -0.35722
vt 0 0
v 0.76574 0.89446 0.69785
vn 0.00065 0.93391 -0.35750
vt 1 0
v 0.76574 0.88761 0.67996
vn 0.00065 0.93379 -0.35783
vt 1 1
f 4282/4282/4282 4283/4283/4283 4284/4284/4284
usemtl green_off
v 0.76574 0.88761 0.67996
vn 0.00065 0.93379 -0.35783
vt 0 0
v 0.75616 0.88168 0.66448
vn 0.00047 0.93368 -0.35811
vt 1 0
v 0.73958 0.87826 0.65553
vn 0.00017 0.93362 -0.35827
vt 1 1
f 4285/4285/4285 4286/4286/4286 4287/4287/4287
usemtl green_off
v 0.73958 0.87826 0.65553
vn 0.00017 0.93362 -0.35827
vt 0 0
v 0.72042 0.87826 0.65553
vn -0.00017 0.93362 -0.35827
vt 1 0
v 0.70384 0.88168 0.66448
vn -0.00048 0.93368 -0.35811
vt 1 1
f 4288/4288/4288 4289/4289/4289 4290/4290/4290
usemtl green_off
v 0.70384 0.88168 0.66448
vn -0.00048 0.93368 -0.35811
vt 0 0
v 0.69426 0.88761 0.67996
vn -0.00065 0.93379 -0.35783
vt 1 0
v 0.69426 0.89446 0.69785
vn -0.00065 0.93391 -0.35750
vt 1 1
f 4291/4291/4291 4292/4292/4292 4293/4293/4293
usemtl green_off
v 0.69426 0.89446 0.69785
vn -0.00065 0.93391 -0.35750
vt 0 0
v 0.70384 0.90039 0.71333
vn -0.00048 0.93402 -0.35722
vt 1 0
v 0.72042 0.90382 0.72228
vn -0.00017 0.93408 -0.35706
vt 1 1
f 4294/4294/4294 4295/4295/4295 4296/4296/4296
usemtl green_off
v 0.72042 0.90382 0.72228
vn -0.00017 0.93408 -0.35706
vt 0 0
v 0.75616 0.90039 0.71333
vn 0.00047 0.93402 -0.35722
vt 1 0
v 0.76574 0.88761 0.67996
vn 0.00065 0.93379 -0.35783
vt 1 1
f 4297/4297/4297 4298/4298/4298 4299/4299/4299
usemtl green_off
v 0.76574 0.88761 0.67996
vn 0.00065 0.93379 -0.35783
vt 0 0
v 0.73958 0.87826 0.65553
vn 0.00017 0.93362 -0.35827
vt 1 0
v 0.70384 0.88168 0.66448
vn -0.00048 0.93368 -0.35811
vt 1 1
f 4300/4300/4300 4301/4301/4301 4302/4302/4302
usemtl green_off
v 0.70384 0.88168 0.66448
vn -0.00048 0.93368 -0.35811
vt 0 0
v 0.69426 0.89446 0.69785
vn -0.00065 0.93391 -0.35750
vt 1 0
v 0.72042 0.90382 0.72228
vn -0.00017 0.93408 -0.35706
vt 1 1
f 4303/4303/4303 4304/4304/4304 4305/4305/4305
usemtl green_off
v 0.76574 0.88761 0.67996
vn 0.00065 0.93379 -0.35783
vt 0 0
v 0.70384 0.88168 0.66448
vn -0.00048 0.93368 -0.35811
vt 1 0
v 0.72042 0.90382 0.72228
vn -0.00017 0.93408 -0.35706
vt 1 1
f 4306/4306/4306 4307/4307/4307 4308/4308/4308
usemtl green_off
v 0.72491 0.86471 0.74039
vn -0.13053 0.34862 0.92813
vt 0 0
v 0.72491 0.90300 0.72573
vn -0.13051 0.36057 0.92355
vt 1 0
v 0.71991 0.90264 0.72480
vn -0.25880 0.35145 0.89973
vt 1 1
f 4309/4309/4309 4310/4310/4310 4311/4311/4311
usemtl green_off
v 0.72491 0.86471 0.74039
vn -0.13053 0.34862 0.92813
vt 0 0
v 0.71991 0.90264 0.72480
vn -0.25880 0.35145 0.89973
vt 1 0
v 0.71991 0.86436 0.73946
vn -0.25883 0.33949 0.90430
vt 1 1
f 4312/4312/4312 4313/4313/4313 4314/4314/4314
usemtl green_off
v 0.71991 0.86436 0.73946
vn -0.25883 0.33949 0.90430
vt 0 0
v 0.71991 0.90264 0.72480
vn -0.25880 0.35145 0.89973
vt 1 0
v 0.71508 0.90206 0.72327
vn -0.38266 0.33640 0.86047
vt 1 1
f 4315/4315/4315 4316/4316/4316 4317/4317/4317
usemtl green_off
v 0.71991 0.86436 0.73946
vn -0.25883 0.33949 0.90430
vt 0 0
v 0.71508 0.90206 0.72327
vn -0.38266 0.33640 0.86047
vt 1 0
v 0.71508 0.86377 0.73793
vn -0.38268 0.32445 0.86503
vt 1 1
f 4318/4318/4318 4319/4319/4319 4320/4320/4320
usemtl green_off
v 0.71508 0.86377 0.73793
vn -0.38268 0.32445 0.86503
vt 0 0
v 0.71508 0.90206 0.72327
vn -0.38266 0.33640 0.86047
vt 1 0
v 0.71050 0.90125 0.72116
vn -0.50000 0.31571 0.80643
vt 1 1
f 4321/4321/4321 4322/4322/4322 4323/4323/4323
usemtl green_off
v 0.71508 0.86377 0.73793
vn -0.38268 0.32445 0.86503
vt 0 0
v 0.71050 0.90125 0.72116
vn -0.50000 0.31571 0.80643
vt 1 0
v 0.71050 0.86296 0.73583
vn -0.50000 0.30376 0.81101
vt 1 1
f 4324/4324/4324 4325/4325/4325 4326/4326/4326
usemtl green_off
v 0.71050 0.86296 0.73583
vn -0.50000 0.30376 0.81101
vt 0 0
v 0.71050 0.90125 0.72116
vn -0.50000 0.31571 0.80643
vt 1 0
v 0.70626 0.90024 0.71851
vn -0.60875 0.28973 0.73857
vt 1 1
f 4327/4327/4327 4328/4328/4328 4329/4329/4329
usemtl green_off
v 0.71050 0.86296 0.73583
vn -0.50000 0.30376 0.81101
vt 0 0
v 0.70626 0.90024 0.71851
vn -0.60875 0.28973 0.73857
vt 1 0
v 0.70626 0.86195 0.73318
vn -0.60876 0.27777 0.74314
vt 1 1
f 4330/4330/4330 4331/4331/4331 4332/4332/4332
usemtl green_off
v 0.70626 0.86195 0.73318
vn -0.60876 0.27777 0.74314
vt 0 0
v 0.70626 0.90024 0.71851
vn -0.60875 0.28973 0.73857
vt 1 0
v 0.70242 0.89903 0.71537
vn -0.70709 0.25888 0.65803
vt 1 1
f 4333/4333/4333 4334/4334/4334 4335/4335/4335
usemtl green_off
v 0.70626 0.86195 0.73318
vn -0.60876 0.27777 0.74314
vt 0 0
v 0.70242 0.89903 0.71537
vn -0.70709 0.25888 0.65803
vt 1 0
v 0.70242 0.86075 0.73004
vn -0.70712 0.24691 0.66259
vt 1 1
f 4336/4336/4336 4337/4337/4337 4338/4338/4338
usemtl green_off
v 0.70242 0.86075 0.73004
vn -0.70712 0.24691 0.66259
vt 0 0
v 0.70242 0.89903 0.71537
vn -0.70709 0.25888 0.65803
vt 1 0
v 0.69906 0.89766 0.71179
vn -0.79334 0.22370 0.56618
vt 1 1
f 4339/4339/4339 4340/4340/4340 4341/4341/4341
usemtl green_off
v 0.70242 0.86075 0.73004
vn -0.70712 0.24691 0.66259
vt 0 0
v 0.69906 0.89766 0.71179
vn -0.79334 0.22370 0.56618
vt 1 0
v 0.69906 0.85937 0.72646
vn -0.79334 0.21175 0.57077
vt 1 1
f 4342/4342/4342 4343/4343/4343 4344/4344/4344
usemtl green_off
v 0.69906 0.85937 0.72646
vn -0.79334 0.21175 0.57077
vt 0 0
v 0.69906 0.89766 0.71179
vn -0.79334 0.22370 0.56618
vt 1 0
v 0.69623 0.89614 0.70783
vn -0.86600 0.18480 0.46464
vt 1 1
f 4345/4345/4345 4346/4346/4346 4347/4347/4347
usemtl green_off
v 0.69906 0.85937 0.72646
vn -0.79334 0.21175 0.57077
vt 0 0
v 0.69623 0.89614 0.70783
vn -0.86600 0.18480 0.46464
vt 1 0
v 0.69623 0.85786 0.72249
vn -0.86601 0.17286 0.46919
vt 1 1
f 4348/4348/4348 4349/4349/4349 4350/4350/4350
usemtl green_off
v 0.69623 0.85786 0.72249
vn -0.86601 0.17286 0.46919
vt 0 0
v 0.69623 0.89614 0.70783
vn -0.86600 0.18480 0.46464
vt 1 0
v 0.69397 0.89451 0.70356
vn -0.92386 0.14284 0.35509
vt 1 1
f 4351/4351/4351 4352/4352/4352 4353/4353/4353
usemtl green_off
v 0.69623 0.85786 0.72249
vn -0.86601 0.17286 0.46919
vt 0 0
v 0.69397 0.89451 0.70356
vn -0.92386 0.14284 0.35509
vt 1 0
v 0.69397 0.85622 0.71822
vn -0.92387 0.13090 0.35964
vt 1 1
f 4354/4354/4354 4355/4355/4355 4356/4356/4356
usemtl green_off
v 0.69397 0.85622 0.71822
vn -0.92387 0.13090 0.35964
vt 0 0
v 0.69397 0.89451 0.70356
vn -0.92386 0.14284 0.35509
vt 1 0
v 0.69233 0.89278 0.69905
vn -0.96590 0.09854 0.23941
vt 1 1
f 4357/4357/4357 4358/4358/4358 4359/4359/4359
usemtl green_off
v 0.69397 0.85622 0.71822
vn -0.92387 0.13090 0.35964
vt 0 0
v 0.69233 0.89278 0.69905
vn -0.96590 0.09854 0.23941
vt 1 0
v 0.69233 0.85449 0.71371
vn -0.96591 0.08659 0.24397
vt 1 1
f 4360/4360/4360 4361/4361/4361 4362/4362/4362
usemtl green_off
v 0.69233 0.85449 0.71371
vn -0.96591 0.08659 0.24397
vt 0 0
v 0.69233 0.89278 0.69905
vn -0.96590 0.09854 0.23941
vt 1 0
v 0.69133 0.89099 0.69437
vn -0.99142 0.05266 0.11960
vt 1 1
f 4363/4363/4363 4364/4364/4364 4365/4365/4365
usemtl green_off
v 0.69233 0.85449 0.71371
vn -0.96591 0.08659 0.24397
vt 0 0
v 0.69133 0.89099 0.69437
vn -0.99142 0.05266 0.11960
vt 1 0
v 0.69133 0.85270 0.70904
vn -0.99143 0.04070 0.12417
vt 1 1
f 4366/4366/4366 4367/4367/4367 4368/4368/4368
usemtl green_off
v 0.69133 0.85270 0.70904
vn -0.99143 0.04070 0.12417
vt 0 0
v 0.69133 0.89099 0.69437
vn -0.99142 0.05266 0.11960
vt 1 0
v 0.69100 0.88917 0.68962
vn -0.99998 0.00598 -0.00229
vt 1 1
f 4369/4369/4369 4370/4370/4370 4371/4371/4371
usemtl green_off
v 0.69133 0.85270 0.70904
vn -0.99143 0.04070 0.12417
vt 0 0
v 0.69100 0.88917 0.68962
vn -0.99998 0.00598 -0.00229
vt 1 0
v 0.69100 0.85088 0.70428
vn -0.99998 -0.00599 0.00229
vt 1 1
f 4372/4372/4372 4373/4373/4373 4374/4374/4374
usemtl green_off
v 0.69100 0.85088 0.70428
vn -0.99998 -0.00599 0.00229
vt 0 0
v 0.69100 0.88917 0.68962
vn -0.99998 0.00598 -0.00229
vt 1 0
v 0.69133 0.88735 0.68487
vn -0.99143 -0.04071 -0.12418
vt 1 1
f 4375/4375/4375 4376/4376/4376 4377/4377/4377
usemtl green_off
v 0.69100 0.85088 0.70428
vn -0.99998 -0.00599 0.00229
vt 0 0
v 0.69133 0.88735 0.68487
vn -0.99143 -0.04071 -0.12418
vt 1 0
v 0.69133 0.84906 0.69953
vn -0.99142 -0.05266 -0.11961
vt 1 1
f 4378/4378/4378 4379/4379/4379 4380/4380/4380
usemtl green_off
v 0.69133 0.84906 0.69953
vn -0.99142 -0.05266 -0.11961
vt 0 0
v 0.69133 0.88735 0.68487
vn -0.99143 -0.04071 -0.12418
vt 1 0
v 0.69233 0.88556 0.68019
vn -0.96591 -0.08659 -0.24397
vt 1 1
f 4381/4381/4381 4382/4382/4382 4383/4383/4383
usemtl green_off
v 0.69133 0.84906 0.69953
vn -0.99142 -0.05266 -0.11961
vt 0 0
v 0.69233 0.88556 0.68019
vn -0.96591 -0.08659 -0.24397
vt 1 0
v 0.69233 0.84727 0.69486
vn -0.96590 -0.09855 -0.23942
vt 1 1
f 4384/4384/4384 4385/4385/4385 4386/4386/4386
usemtl green_off
v 0.69233 0.84727 0.69486
vn -0.96590 -0.09855 -0.23942
vt 0 0
v 0.69233 0.88556 0.68019
vn -0.96591 -0.08659 -0.24397
vt 1 0
v 0.69397 0.88383 0.67568
vn -0.92387 -0.13090 -0.35963
vt 1 1
f 4387/4387/4387 4388/4388/4388 4389/4389/4389
usemtl green_off
v 0.69233 0.84727 0.69486
vn -0.96590 -0.09855 -0.23942
vt 0 0
v 0.69397 0.88383 0.67568
vn -0.92387 -0.13090 -0.35963
vt 1 0
v 0.69397 0.84554 0.69035
vn -0.92386 -0.14284 -0.35509
vt 1 1
f 4390/4390/4390 4391/4391/4391 4392/4392/4392
usemtl green_off
v 0.69397 0.84554 0.69035
vn -0.92386 -0.14284 -0.35509
vt 0 0
v 0.69397 0.88383 0.67568
vn -0.92387 -0.13090 -0.35963
vt 1 0
v 0.69623 0.88220 0.67141
vn -0.86601 -0.17286 -0.46920
vt 1 1
f 4393/4393/4393 4394/4394/4394 4395/4395/4395
usemtl green_off
v 0.69397 0.84554 0.69035
vn -0.92386 -0.14284 -0.35509
vt 0 0
v 0.69623 0.88220 0.67141
vn -0.86601 -0.17286 -0.46920
vt 1 0
v 0.69623 0.84391 0.68607
vn -0.86599 -0.18480 -0.46466
vt 1 1
f 4396/4396/4396 4397/4397/4397 4398/4398/4398
usemtl green_off
v 0.69623 0.84391 0.68607
vn -0.86599 -0.18480 -0.46466
vt 0 0
v 0.69623 0.88220 0.67141
vn -0.86601 -0.17286 -0.46920
vt 1 0
v 0.69906 0.88068 0.66745
vn -0.79333 -0.21176 -0.57077
vt 1 1
f 4399/4399/4399 4400/4400/4400 4401/4401/4401
usemtl green_off
v 0.69623 0.84391 0.68607
vn -0.86599 -0.18480 -0.46466
vt 0 0
v 0.69906 0.88068 0.66745
vn -0.79333 -0.21176 -0.57077
vt 1 0
v 0.69906 0.84239 0.68211
vn -0.79332 -0.22371 -0.56622
vt 1 1
f 4402/4402/4402 4403/4403/4403 4404/4404/4404
usemtl green_off
v 0.69906 0.84239 0.68211
vn -0.79332 -0.22371 -0.56622
vt 0 0
v 0.69906 0.88068 0.66745
vn -0.79333 -0.21176 -0.57077
vt 1 0
v 0.70242 0.87931 0.66387
vn -0.70709 -0.24693 -0.66261
vt 1 1
f 4405/4405/4405 4406/4406/4406 4407/4407/4407
usemtl green_off
v 0.69906 0.84239 0.68211
vn -0.79332 -0.22371 -0.56622
vt 0 0
v 0.70242 0.87931 0.66387
vn -0.70709 -0.24693 -0.66261
vt 1 0
v 0.70242 0.84102 0.67853
vn -0.70708 -0.25888 -0.65804
vt 1 1
f 4408/4408/4408 4409/4409/4409 4410/4410/4410
usemtl green_off
v 0.70242 0.84102 0.67853
vn -0.70708 -0.25888 -0.65804
vt 0 0
v 0.70242 0.87931 0.66387
vn -0.70709 -0.24693 -0.66261
vt 1 0
v 0.70626 0.87810 0.66073
vn -0.60876 -0.27777 -0.74314
vt 1 1
f 4411/4411/4411 4412/4412/4412 4413/4413/4413
usemtl green_off
v 0.70242 0.84102 0.67853
vn -0.70708 -0.25888 -0.65804
vt 0 0
v 0.70626 0.87810 0.66073
vn -0.60876 -0.27777 -0.74314
vt 1 0
v 0.70626 0.83982 0.67539
vn -0.60872 -0.28974 -0.73859
vt 1 1
f 4414/4414/4414 4415/4415/4415 4416/4416/4416
usemtl green_off
v 0.70626 0.83982 0.67539
vn -0.60872 -0.28974 -0.73859
vt 0 0
v 0.70626 0.87810 0.66073
vn -0.60876 -0.27777 -0.74314
vt 1 0
v 0.71050 0.87709 0.65808
vn -0.49999 -0.30376 -0.81101
vt 1 1
f 4417/4417/4417 4418/4418/4418 4419/4419/4419
usemtl green_off
v 0.70626 0.83982 0.67539
vn -0.60872 -0.28974 -0.73859
vt 0 0
v 0.71050 0.87709 0.65808
vn -0.49999 -0.30376 -0.81101
vt 1 0
v 0.71050 0.83880 0.67274
vn -0.49999 -0.31572 -0.80643
vt 1 1
f 4420/4420/4420 4421/4421/4421 4422/4422/4422
usemtl green_off
v 0.71050 0.83880 0.67274
vn -0.49999 -0.31572 -0.80643
vt 0 0
v 0.71050 0.87709 0.65808
vn -0.49999 -0.30376 -0.81101
vt 1 0
v 0.71508 0.87628 0.65597
vn -0.38268 -0.32446 -0.86503
vt 1 1
f 4423/4423/4423 4424/4424/4424 4425/4425/4425
usemtl green_off
v 0.71050 0.83880 0.67274
vn -0.49999 -0.31572 -0.80643
vt 0 0
v 0.71508 0.87628 0.65597
vn -0.38268 -0.32446 -0.86503
vt 1 0
v 0.71508 0.83800 0.67064
vn -0.38267 -0.33641 -0.86046
vt 1 1
f 4426/4426/4426 4427/4427/4427 4428/4428/4428
usemtl green_off
v 0.71508 0.83800 0.67064
vn -0.38267 -0.33641 -0.86046
vt 0 0
v 0.71508 0.87628 0.65597
vn -0.38268 -0.32446 -0.86503
vt 1 0
v 0.71991 0.87570 0.65444
vn -0.25883 -0.33950 -0.90430
vt 1 1
f 4429/4429/4429 4430/4430/4430 4431/4431/4431
usemtl green_off
v 0.71508 0.83800 0.67064
vn -0.38267 -0.33641 -0.86046
vt 0 0
v 0.71991 0.87570 0.65444
vn -0.25883 -0.33950 -0.90430
vt 1 0
v 0.71991 0.83741 0.66911
vn -0.25881 -0.35145 -0.89973
vt 1 1
f 4432/4432/4432 4433/4433/4433 4434/4434/4434
usemtl green_off
v 0.71991 0.83741 0.66911
vn -0.25881 -0.35145 -0.89973
vt 0 0
v 0.71991 0.87570 0.65444
vn -0.25883 -0.33950 -0.90430
vt 1 0
v 0.72491 0.87534 0.65351
vn -0.13053 -0.34862 -0.92813
vt 1 1
f 4435/4435/4435 4436/4436/4436 4437/4437/4437
usemtl green_off
v 0.71991 0.83741 0.66911
vn -0.25881 -0.35145 -0.89973
vt 0 0
v 0.72491 0.87534 0.65351
vn -0.13053 -0.34862 -0.92813
vt 1 0
v 0.72491 0.83705 0.66818
vn -0.13051 -0.36057 -0.92356
vt 1 1
f 4438/4438/4438 4439/4439/4439 4440/4440/4440
usemtl green_off
v 0.72491 0.83705 0.66818
vn -0.13051 -0.36057 -0.92356
vt 0 0
v 0.72491 0.87534 0.65351
vn -0.13053 -0.34862 -0.92813
vt 1 0
v 0.73000 0.87522 0.65320
vn -0.00001 -0.35168 -0.93612
vt 1 1
f 4441/4441/4441 4442/4442/4442 4443/4443/4443
usemtl green_off
v 0.72491 0.83705 0.66818
vn -0.13051 -0.36057 -0.92356
vt 0 0
v 0.73000 0.87522 0.65320
vn -0.00001 -0.35168 -0.93612
vt 1 0
v 0.73000 0.83693 0.66786
vn 0.00001 -0.36363 -0.93154
vt 1 1
f 4444/4444/4444 4445/4445/4445 4446/4446/4446
usemtl green_off
v 0.73000 0.83693 0.66786
vn 0.00001 -0.36363 -0.93154
vt 0 0
v 0.73000 0.87522 0.65320
vn -0.00001 -0.35168 -0.93612
vt 1 0
v 0.73509 0.87534 0.65351
vn 0.13052 -0.34862 -0.92813
vt 1 1
f 4447/4447/4447 4448/4448/4448 4449/4449/4449
usemtl green_off
v 0.73000 0.83693 0.66786
vn 0.00001 -0.36363 -0.93154
vt 0 0
v 0.73509 0.87534 0.65351
vn 0.13052 -0.34862 -0.92813
vt 1 0
v 0.73509 0.83705 0.66818
vn 0.13053 -0.36057 -0.92355
vt 1 1
f 4450/4450/4450 4451/4451/4451 4452/4452/4452
usemtl green_off
v 0.73509 0.83705 0.66818
vn 0.13053 -0.36057 -0.92355
vt 0 0
v 0.73509 0.87534 0.65351
vn 0.13052 -0.34862 -0.92813
vt 1 0
v 0.74009 0.87570 0.65444
vn 0.25881 -0.33950 -0.90430
vt 1 1
f 4453/4453/4453 4454/4454/4454 4455/4455/4455
usemtl green_off
v 0.73509 0.83705 0.66818
vn 0.13053 -0.36057 -0.92355
vt 0 0
v 0.74009 0.87570 0.65444
vn 0.25881 -0.33950 -0.90430
vt 1 0
v 0.74009 0.83741 0.66911
vn 0.25883 -0.35144 -0.89972
vt 1 1
f 4456/4456/4456 4457/4457/4457 4458/4458/4458
usemtl green_off
v 0.74009 0.83741 0.66911
vn 0.25883 -0.35144 -0.89972
vt 0 0
v 0.74009 0.87570 0.65444
vn 0.25881 -0.33950 -0.90430
vt 1 0
v 0.74492 0.87628 0.65597
vn 0.38267 -0.32446 -0.86504
vt 1 1
f 4459/4459/4459 4460/4460/4460 4461/4461/4461
usemtl green_off
v 0.74009 0.83741 0.66911
vn 0.25883 -0.35144 -0.89972
vt 0 0
v 0.74492 0.87628 0.65597
vn 0.38267 -0.32446 -0.86504
vt 1 0
v 0.74492 0.83800 0.67064
vn 0.38269 -0.33640 -0.86045
vt 1 1
f 4462/4462/4462 4463/4463/4463 4464/4464/4464
usemtl green_off
v 0.74492 0.83800 0.67064
vn 0.38269 -0.33640 -0.86045
vt 0 0
v 0.74492 0.87628 0.65597
vn 0.38267 -0.32446 -0.86504
vt 1 0
v 0.74950 0.87709 0.65808
vn 0.49998 -0.30376 -0.81102
vt 1 1
f 4465/4465/4465 4466/4466/4466 4467/4467/4467
usemtl green_off
v 0.74492 0.83800 0.67064
vn 0.38269 -0.33640 -0.86045
vt 0 0
v 0.74950 0.87709 0.65808
vn 0.49998 -0.30376 -0.81102
vt 1 0
v 0.74950 0.83880 0.67274
vn 0.50001 -0.31571 -0.80642
vt 1 1
f 4468/4468/4468 4469/4469/4469 4470/4470/4470
usemtl green_off
v 0.74950 0.83880 0.67274
vn 0.50001 -0.31571 -0.80642
vt 0 0
v 0.74950 0.87709 0.65808
vn 0.49998 -0.30376 -0.81102
vt 1 0
v 0.75374 0.87810 0.66073
vn 0.60874 -0.27777 -0.74315
vt 1 1
f 4471/4471/4471 4472/4472/4472 4473/4473/4473
usemtl green_off
v 0.74950 0.83880 0.67274
vn 0.50001 -0.31571 -0.80642
vt 0 0
v 0.75374 0.87810 0.66073
vn 0.60874 -0.27777 -0.74315
vt 1 0
v 0.75374 0.83982 0.67539
vn 0.60876 -0.28972 -0.73856
vt 1 1
f 4474/4474/4474 4475/4475/4475 4476/4476/4476
usemtl green_off
v 0.75374 0.83982 0.67539
vn 0.60876 -0.28972 -0.73856
vt 0 0
v 0.75374 0.87810 0.66073
vn 0.60874 -0.27777 -0.74315
vt 1 0
v 0.75758 0.87931 0.66387
vn 0.70708 -0.24692 -0.66262
vt 1 1
f 4477/4477/4477 4478/4478/4478 4479/4479/4479
usemtl green_off
v 0.75374 0.83982 0.67539
vn 0.60876 -0.28972 -0.73856
vt 0 0
v 0.75758 0.87931 0.66387
vn 0.70708 -0.24692 -0.66262
vt 1 0
v 0.75758 0.84102 0.67853
vn 0.70712 -0.25887 -0.65800
vt 1 1
f 4480/4480/4480 4481/4481/4481 4482/4482/4482
usemtl green_off
v 0.75758 0.84102 0.67853
vn 0.70712 -0.25887 -0.65800
vt 0 0
v 0.75758 0.87931 0.66387
vn 0.70708 -0.24692 -0.66262
vt 1 0
v 0.76094 0.88068 0.66745
vn 0.79333 -0.21176 -0.57078
vt 1 1
f 4483/4483/4483 4484/4484/4484 4485/4485/4485
usemtl green_off
v 0.75758 0.84102 0.67853
vn 0.70712 -0.25887 -0.65800
vt 0 0
v 0.76094 0.88068 0.66745
vn 0.79333 -0.21176 -0.57078
vt 1 0
v 0.76094 0.84239 0.68211
vn 0.79334 -0.22370 -0.56619
vt 1 1
f 4486/4486/4486 4487/4487/4487 4488/4488/4488
usemtl green_off
v 0.76094 0.84239 0.68211
vn 0.79334 -0.22370 -0.56619
vt 0 0
v 0.76094 0.88068 0.66745
vn 0.79333 -0.21176 -0.57078
vt 1 0
v 0.76377 0.88220 0.67141
vn 0.86600 -0.17286 -0.46921
vt 1 1
f 4489/4489/4489 4490/4490/4490 4491/4491/4491
usemtl green_off
v 0.76094 0.84239 0.68211
vn 0.79334 -0.22370 -0.56619
vt 0 0
v 0.76377 0.88220 0.67141
vn 0.86600 -0.17286 -0.46921
vt 1 0
v 0.76377 0.84391 0.68607
vn 0.86601 -0.18479 -0.46462
vt 1 1
f 4492/4492/4492 4493/4493/4493 4494/4494/4494
usemtl green_off
v 0.76377 0.84391 0.68607
vn 0.86601 -0.18479 -0.46462
vt 0 0
v 0.76377 0.88220 0.67141
vn 0.86600 -0.17286 -0.46921
vt 1 0
v 0.76603 0.88383 0.67568
vn 0.92386 -0.13091 -0.35965
vt 1 1
f 4495/4495/4495 4496/4496/4496 4497/4497/4497
usemtl green_off
v 0.76377 0.84391 0.68607
vn 0.86601 -0.18479 -0.46462
vt 0 0
v 0.76603 0.88383 0.67568
vn 0.92386 -0.13091 -0.35965
vt 1 0
v 0.76603 0.84554 0.69035
vn 0.92387 -0.14283 -0.35506
vt 1 1
f 4498/4498/4498 4499/4499/4499 4500/4500/4500
usemtl green_off
v 0.76603 0.84554 0.69035
vn 0.92387 -0.14283 -0.35506
vt 0 0
v 0.76603 0.88383 0.67568
vn 0.92386 -0.13091 -0.35965
vt 1 0
v 0.76767 0.88556 0.68019
vn 0.96591 -0.08659 -0.24398
vt 1 1
f 4501/4501/4501 4502/4502/4502 4503/4503/4503
usemtl green_off
v 0.76603 0.84554 0.69035
vn 0.92387 -0.14283 -0.35506
vt 0 0
v 0.76767 0.88556 0.68019
vn 0.96591 -0.08659 -0.24398
vt 1 0
v 0.76767 0.84727 0.69486
vn 0.96591 -0.09854 -0.23941
vt 1 1
f 4504/4504/4504 4505/4505/4505 4506/4506/4506
usemtl green_off
v 0.76767 0.84727 0.69486
vn 0.96591 -0.09854 -0.23941
vt 0 0
v 0.76767 0.88556 0.68019
vn 0.96591 -0.08659 -0.24398
vt 1 0
v 0.76867 0.88735 0.68487
vn 0.99142 -0.04071 -0.12419
vt 1 1
f 4507/4507/4507 4508/4508/4508 4509/4509/4509
usemtl green_off
v 0.76767 0.84727 0.69486
vn 0.96591 -0.09854 -0.23941
vt 0 0
v 0.76867 0.88735 0.68487
vn 0.99142 -0.04071 -0.12419
vt 1 0
v 0.76867 0.84906 0.69953
vn 0.99143 -0.05265 -0.11959
vt 1 1
f 4510/4510/4510 4511/4511/4511 4512/4512/4512
usemtl green_off
v 0.76867 0.84906 0.69953
vn 0.99143 -0.05265 -0.11959
vt 0 0
v 0.76867 0.88735 0.68487
vn 0.99142 -0.04071 -0.12419
vt 1 0
v 0.76900 0.88917 0.68962
vn 0.99998 0.00598 -0.00230
vt 1 1
f 4513/4513/4513 4514/4514/4514 4515/4515/4515
usemtl green_off
v 0.76867 0.84906 0.69953
vn 0.99143 -0.05265 -0.11959
vt 0 0
v 0.76900 0.88917 0.68962
vn 0.99998 0.00598 -0.00230
vt 1 0
v 0.76900 0.85088 0.70428
vn 0.99998 -0.00598 0.00231
vt 1 1
f 4516/4516/4516 4517/4517/4517 4518/4518/4518
usemtl green_off
v 0.76900 0.85088 0.70428
vn 0.99998 -0.00598 0.00231
vt 0 0
v 0.76900 0.88917 0.68962
vn 0.99998 0.00598 -0.00230
vt 1 0
v 0.76867 0.89099 0.69437
vn 0.99142 0.05266 0.11960
vt 1 1
f 4519/4519/4519 4520/4520/4520 4521/4521/4521
usemtl green_off
v 0.76900 0.85088 0.70428
vn 0.99998 -0.00598 0.00231
vt 0 0
v 0.76867 0.89099 0.69437
vn 0.99142 0.05266 0.11960
vt 1 0
v 0.76867 0.85270 0.70904
vn 0.99142 0.04071 0.12420
vt 1 1
f 4522/4522/4522 4523/4523/4523 4524/4524/4524
usemtl green_off
v 0.76867 0.85270 0.70904
vn 0.99142 0.04071 0.12420
vt 0 0
v 0.76867 0.89099 0.69437
vn 0.99142 0.05266 0.11960
vt 1 0
v 0.76767 0.89278 0.69905
vn 0.96590 0.09855 0.23941
vt 1 1
f 4525/4525/4525 4526/4526/4526 4527/4527/4527
usemtl green_off
v 0.76867 0.85270 0.70904
vn 0.99142 0.04071 0.12420
vt 0 0
v 0.76767 0.89278 0.69905
vn 0.96590 0.09855 0.23941
vt 1 0
v 0.76767 0.85449 0.71371
vn 0.96590 0.08660 0.24398
vt 1 1
f 4528/4528/4528 4529/4529/4529 4530/4530/4530
usemtl green_off
v 0.76767 0.85449 0.71371
vn 0.96590 0.08660 0.24398
vt 0 0
v 0.76767 0.89278 0.69905
vn 0.96590 0.09855 0.23941
vt 1 0
v 0.76603 0.89451 0.70356
vn 0.92386 0.14283 0.35507
vt 1 1
f 4531/4531/4531 4532/4532/4532 4533/4533/4533
usemtl green_off
v 0.76767 0.85449 0.71371
vn 0.96590 0.08660 0.24398
vt 0 0
v 0.76603 0.89451 0.70356
vn 0.92386 0.14283 0.35507
vt 1 0
v 0.76603 0.85622 0.71822
vn 0.92385 0.13091 0.35966
vt 1 1
f 4534/4534/4534 4535/4535/4535 4536/4536/4536
usemtl green_off
v 0.76603 0.85622 0.71822
vn 0.92385 0.13091 0.35966
vt 0 0
v 0.76603 0.89451 0.70356
vn 0.92386 0.14283 0.35507
vt 1 0
v 0.76377 0.89614 0.70783
vn 0.86601 0.18479 0.46463
vt 1 1
f 4537/4537/4537 4538/4538/4538 4539/4539/4539
usemtl green_off
v 0.76603 0.85622 0.71822
vn 0.92385 0.13091 0.35966
vt 0 0
v 0.76377 0.89614 0.70783
vn 0.86601 0.18479 0.46463
vt 1 0
v 0.76377 0.85786 0.72249
vn 0.86598 0.17288 0.46925
vt 1 1
f 4540/4540/4540 4541/4541/4541 4542/4542/4542
usemtl green_off
v 0.76377 0.85786 0.72249
vn 0.86598 0.17288 0.46925
vt 0 0
v 0.76377 0.89614 0.70783
vn 0.86601 0.18479 0.46463
vt 1 0
v 0.76094 0.89766 0.71179
vn 0.79335 0.22369 0.56618
vt 1 1
f 4543/4543/4543 4544/4544/4544 4545/4545/4545
usemtl green_off
v 0.76377 0.85786 0.72249
vn 0.86598 0.17288 0.46925
vt 0 0
v 0.76094 0.89766 0.71179
vn 0.79335 0.22369 0.56618
vt 1 0
v 0.76094 0.85937 0.72646
vn 0.79330 0.21177 0.57081
vt 1 1
f 4546/4546/4546 4547/4547/4547 4548/4548/4548
usemtl green_off
v 0.76094 0.85937 0.72646
vn 0.79330 0.21177 0.57081
vt 0 0
v 0.76094 0.89766 0.71179
vn 0.79335 0.22369 0.56618
vt 1 0
v 0.75758 0.89903 0.71537
vn 0.70710 0.25887 0.65802
vt 1 1
f 4549/4549/4549 4550/4550/4550 4551/4551/4551
usemtl green_off
v 0.76094 0.85937 0.72646
vn 0.79330 0.21177 0.57081
vt 0 0
v 0.75758 0.89903 0.71537
vn 0.70710 0.25887 0.65802
vt 1 0
v 0.75758 0.86075 0.73004
vn 0.70708 0.24693 0.66261
vt 1 1
f 4552/4552/4552 4553/4553/4553 4554/4554/4554
usemtl green_off
v 0.75758 0.86075 0.73004
vn 0.70708 0.24693 0.66261
vt 0 0
v 0.75758 0.89903 0.71537
vn 0.70710 0.25887 0.65802
vt 1 0
v 0.75374 0.90024 0.71851
vn 0.60874 0.28974 0.73857
vt 1 1
f 4555/4555/4555 4556/4556/4556 4557/4557/4557
usemtl green_off
v 0.75758 0.86075 0.73004
vn 0.70708 0.24693 0.66261
vt 0 0
v 0.75374 0.90024 0.71851
vn 0.60874 0.28974 0.73857
vt 1 0
v 0.75374 0.86195 0.73318
vn 0.60873 0.27777 0.74316
vt 1 1
f 4558/4558/4558 4559/4559/4559 4560/4560/4560
usemtl green_off
v 0.75374 0.86195 0.73318
vn 0.60873 0.27777 0.74316
vt 0 0
v 0.75374 0.90024 0.71851
vn 0.60874 0.28974 0.73857
vt 1 0
v 0.74950 0.90125 0.72116
vn 0.50000 0.31572 0.80642
vt 1 1
f 4561/4561/4561 4562/4562/4562 4563/4563/4563
usemtl green_off
v 0.75374 0.86195 0.73318
vn 0.60873 0.27777 0.74316
vt 0 0
v 0.74950 0.90125 0.72116
vn 0.50000 0.31572 0.80642
vt 1 0
v 0.74950 0.86296 0.73583
vn 0.49998 0.30376 0.81102
vt 1 1
f 4564/4564/4564 4565/4565/4565 4566/4566/4566
usemtl green_off
v 0.74950 0.86296 0.73583
vn 0.49998 0.30376 0.81102
vt 0 0
v 0.74950 0.90125 0.72116
vn 0.50000 0.31572 0.80642
vt 1 0
v 0.74492 0.90206 0.72327
vn 0.38269 0.33640 0.86045
vt 1 1
f 4567/4567/4567 4568/4568/4568 4569/4569/4569
usemtl green_off
v 0.74950 0.86296 0.73583
vn 0.49998 0.30376 0.81102
vt 0 0
v 0.74492 0.90206 0.72327
vn 0.38269 0.33640 0.86045
vt 1 0
v 0.74492 0.86377 0.73793
vn 0.38266 0.32446 0.86504
vt 1 1
f 4570/4570/4570 4571/4571/4571 4572/4572/4572
usemtl green_off
v 0.74492 0.86377 0.73793
vn 0.38266 0.32446 0.86504
vt 0 0
v 0.74492 0.90206 0.72327
vn 0.38269 0.33640 0.86045
vt 1 0
v 0.74009 0.90264 0.72480
vn 0.25881 0.35145 0.89972
vt 1 1
f 4573/4573/4573 4574/4574/4574 4575/4575/4575
usemtl green_off
v 0.74492 0.86377 0.73793
vn 0.38266 0.32446 0.86504
vt 0 0
v 0.74009 0.90264 0.72480
vn 0.25881 0.35145 0.89972
vt 1 0
v 0.74009 0.86436 0.73946
vn 0.25880 0.33950 0.90430
vt 1 1
f 4576/4576/4576 4577/4577/4577 4578/4578/4578
usemtl green_off
v 0.74009 0.86436 0.73946
vn 0.25880 0.33950 0.90430
vt 0 0
v 0.74009 0.90264 0.72480
vn 0.25881 0.35145 0.89972
vt 1 0
v 0.73509 0.90300 0.72573
vn 0.13052 0.36057 0.92355
vt 1 1
f 4579/4579/4579 4580/4580/4580 4581/4581/4581
usemtl green_off
v 0.74009 0.86436 0.73946
vn 0.25880 0.33950 0.90430
vt 0 0
v 0.73509 0.90300 0.72573
vn 0.13052 0.36057 0.92355
vt 1 0
v 0.73509 0.86471 0.74039
vn 0.13051 0.34862 0.92813
vt 1 1
f 4582/4582/4582 4583/4583/4583 4584/4584/4584
usemtl green_off
v 0.73000 0.86269 0.73510
vn -0.00000 0.35177 0.93609
vt 0 0
v 0.72569 0.86258 0.73484
vn -0.13053 0.34871 0.92810
vt 1 0
v 0.72573 0.86156 0.73495
vn -0.11313 -0.15870 0.98083
vt 1 1
f 4585/4585/4585 4586/4586/4586 4587/4587/4587
usemtl green_off
v 0.73000 0.86269 0.73510
vn -0.00000 0.35177 0.93609
vt 0 0
v 0.72573 0.86156 0.73495
vn -0.11313 -0.15870 0.98083
vt 1 0
v 0.73000 0.86166 0.73521
vn -0.00001 -0.15604 0.98775
vt 1 1
f 4588/4588/4588 4589/4589/4589 4590/4590/4590
usemtl green_off
v 0.73000 0.86166 0.73521
vn -0.00000 -0.15610 0.98774
vt 0 0
v 0.72573 0.86156 0.73495
vn -0.11308 -0.15875 0.98082
vt 1 0
v 0.72582 0.86061 0.73453
vn -0.06554 -0.62928 0.77441
vt 1 1
f 4591/4591/4591 4592/4592/4592 4593/4593/4593
usemtl green_off
v 0.73000 0.86166 0.73521
vn -0.00000 -0.15610 0.98774
vt 0 0
v 0.72582 0.86061 0.73453
vn -0.06554 -0.62928 0.77441
vt 1 0
v 0.73000 0.86071 0.73479
vn -0.00001 -0.62774 0.77842
vt 1 1
f 4594/4594/4594 4595/4595/4595 4596/4596/4596
usemtl green_off
v 0.73000 0.86071 0.73479
vn -0.00001 -0.62784 0.77834
vt 0 0
v 0.72582 0.86061 0.73453
vn -0.06558 -0.62938 0.77433
vt 1 0
v 0.72595 0.86001 0.73370
vn -0.00010 -0.93358 0.35837
vt 1 1
f 4597/4597/4597 4598/4598/4598 4599/4599/4599
usemtl green_off
v 0.73000 0.86071 0.73479
vn -0.00001 -0.62784 0.77834
vt 0 0
v 0.72595 0.86001 0.73370
vn -0.00010 -0.93358 0.35837
vt 1 0
v 0.73000 0.86010 0.73395
vn -0.00002 -0.93358 0.35838
vt 1 1
f 4600/4600/4600 4601/4601/4601 4602/4602/4602
usemtl green_off
v 0.72569 0.90134 0.71999
vn -0.13052 0.36048 0.92359
vt 0 0
v 0.73000 0.90144 0.72026
vn 0.00001 0.36353 0.93158
vt 1 0
v 0.73000 0.90228 0.71965
vn 0.00001 0.77593 0.63082
vt 1 1
f 4603/4603/4603 4604/4604/4604 4605/4605/4605
usemtl green_off
v 0.72569 0.90134 0.71999
vn -0.13052 0.36048 0.92359
vt 0 0
v 0.73000 0.90228 0.71965
vn 0.00001 0.77593 0.63082
vt 1 0
v 0.72573 0.90218 0.71939
vn -0.11310 0.77328 0.62389
vt 1 1
f 4606/4606/4606 4607/4607/4607 4608/4608/4608
usemtl green_off
v 0.72573 0.90218 0.71939
vn -0.11309 0.77334 0.62383
vt 0 0
v 0.73000 0.90228 0.71965
vn -0.00002 0.77598 0.63075
vt 1 0
v 0.73000 0.90270 0.71870
vn -0.00002 0.98713 0.15991
vt 1 1
f 4609/4609/4609 4610/4610/4610 4611/4611/4611
usemtl green_off
v 0.72573 0.90218 0.71939
vn -0.11309 0.77334 0.62383
vt 0 0
v 0.73000 0.90270 0.71870
vn -0.00002 0.98713 0.15991
vt 1 0
v 0.72582 0.90260 0.71845
vn -0.06556 0.98559 0.15591
vt 1 1
f 4612/4612/4612 4613/4613/4613 4614/4614/4614
usemtl green_off
v 0.72582 0.90260 0.71845
vn -0.06557 0.98561 0.15581
vt 0 0
v 0.73000 0.90270 0.71870
vn 0.00001 0.98715 0.15982
vt 1 0
v 0.73000 0.90259 0.71767
vn -0.00001 0.93413 -0.35693
vt 1 1
f 4615/4615/4615 4616/4616/4616 4617/4617/4617
usemtl green_off
v 0.72582 0.90260 0.71845
vn -0.06557 0.98561 0.15581
vt 0 0
v 0.73000 0.90259 0.71767
vn -0.00001 0.93413 -0.35693
vt 1 0
v 0.72595 0.90250 0.71742
vn -0.00008 0.93413 -0.35693
vt 1 1
f 4618/4618/4618 4619/4619/4619 4620/4620/4620
usemtl green_off
v 0.72569 0.86258 0.73484
vn -0.13053 0.34871 0.92810
vt 0 0
v 0.72146 0.86228 0.73405
vn -0.25878 0.33954 0.90429
vt 1 0
v 0.72153 0.86126 0.73417
vn -0.22430 -0.16660 0.96017
vt 1 1
f 4621/4621/4621 4622/4622/4622 4623/4623/4623
usemtl green_off
v 0.72569 0.86258 0.73484
vn -0.13053 0.34871 0.92810
vt 0 0
v 0.72153 0.86126 0.73417
vn -0.22430 -0.16660 0.96017
vt 1 0
v 0.72573 0.86156 0.73495
vn -0.11313 -0.15870 0.98083
vt 1 1
f 4624/4624/4624 4625/4625/4625 4626/4626/4626
usemtl green_off
v 0.72573 0.86156 0.73495
vn -0.11312 -0.15877 0.98081
vt 0 0
v 0.72153 0.86126 0.73417
vn -0.22427 -0.16667 0.96017
vt 1 0
v 0.72172 0.86032 0.73377
vn -0.13000 -0.63388 0.76243
vt 1 1
f 4627/4627/4627 4628/4628/4628 4629/4629/4629
usemtl green_off
v 0.72573 0.86156 0.73495
vn -0.11312 -0.15877 0.98081
vt 0 0
v 0.72172 0.86032 0.73377
vn -0.13000 -0.63388 0.76243
vt 1 0
v 0.72582 0.86061 0.73453
vn -0.06560 -0.62930 0.77439
vt 1 1
f 4630/4630/4630 4631/4631/4631 4632/4632/4632
usemtl green_off
v 0.72582 0.86061 0.73453
vn -0.06556 -0.62937 0.77434
vt 0 0
v 0.72172 0.86032 0.73377
vn -0.13000 -0.63396 0.76236
vt 1 0
v 0.72198 0.85972 0.73296
vn -0.00018 -0.93358 0.35836
vt 1 1
f 4633/4633/4633 4634/4634/4634 4635/4635/4635
usemtl green_off
v 0.72582 0.86061 0.73453
vn -0.06556 -0.62937 0.77434
vt 0 0
v 0.72198 0.85972 0.73296
vn -0.00018 -0.93358 0.35836
vt 1 0
v 0.72595 0.86001 0.73370
vn -0.00010 -0.93358 0.35838
vt 1 1
f 4636/4636/4636 4637/4637/4637 4638/4638/4638
usemtl green_off
v 0.72146 0.90104 0.71921
vn -0.25881 0.35140 0.89974
vt 0 0
v 0.72569 0.90134 0.71999
vn -0.13052 0.36048 0.92359
vt 1 0
v 0.72573 0.90218 0.71939
vn -0.11310 0.77328 0.62389
vt 1 1
f 4639/4639/4639 4640/4640/4640 4641/4641/4641
usemtl green_off
v 0.72146 0.90104 0.71921
vn -0.25881 0.35140 0.89974
vt 0 0
v 0.72573 0.90218 0.71939
vn -0.11310 0.77328 0.62389
vt 1 0
v 0.72153 0.90188 0.71861
vn -0.22428 0.76538 0.60323
vt 1 1
f 4642/4642/4642 4643/4643/4643 4644/4644/4644
usemtl green_off
v 0.72153 0.90188 0.71861
vn -0.22430 0.76542 0.60317
vt 0 0
v 0.72573 0.90218 0.71939
vn -0.11315 0.77333 0.62382
vt 1 0
v 0.72582 0.90260 0.71845
vn -0.06562 0.98559 0.15589
vt 1 1
f 4645/4645/4645 4646/4646/4646 4647/4647/4647
usemtl green_off
v 0.72153 0.90188 0.71861
vn -0.22430 0.76542 0.60317
vt 0 0
v 0.72582 0.90260 0.71845
vn -0.06562 0.98559 0.15589
vt 1 0
v 0.72172 0.90231 0.71769
vn -0.13003 0.98101 0.14393
vt 1 1
f 4648/4648/4648 4649/4649/4649 4650/4650/4650
usemtl green_off
v 0.72172 0.90231 0.71769
vn -0.13001 0.98103 0.14383
vt 0 0
v 0.72582 0.90260 0.71845
vn -0.06556 0.98561 0.15579
vt 1 0
v 0.72595 0.90250 0.71742
vn -0.00010 0.93412 -0.35695
vt 1 1
f 4651/4651/4651 4652/4652/4652 4653/4653/4653
usemtl green_off
v 0.72172 0.90231 0.71769
vn -0.13001 0.98103 0.14383
vt 0 0
v 0.72595 0.90250 0.71742
vn -0.00010 0.93412 -0.35695
vt 1 0
v 0.72198 0.90221 0.71669
vn -0.00018 0.93412 -0.35696
vt 1 1
f 4654/4654/4654 4655/4655/4655 4656/4656/4656
usemtl green_off
v 0.72146 0.86228 0.73405
vn -0.25878 0.33954 0.90429
vt 0 0
v 0.71737 0.86179 0.73276
vn -0.38269 0.32455 0.86500
vt 1 0
v 0.71747 0.86076 0.73288
vn -0.33165 -0.17963 0.92614
vt 1 1
f 4657/4657/4657 4658/4658/4658 4659/4659/4659
usemtl green_off
v 0.72146 0.86228 0.73405
vn -0.25878 0.33954 0.90429
vt 0 0
v 0.71747 0.86076 0.73288
vn -0.33165 -0.17963 0.92614
vt 1 0
v 0.72153 0.86126 0.73417
vn -0.22430 -0.16660 0.96017
vt 1 1
f 4660/4660/4660 4661/4661/4661 4662/4662/4662
usemtl green_off
v 0.72153 0.86126 0.73417
vn -0.22429 -0.16671 0.96016
vt 0 0
v 0.71747 0.86076 0.73288
vn -0.33159 -0.17973 0.92614
vt 1 0
v 0.71775 0.85984 0.73251
vn -0.19222 -0.64146 0.74269
vt 1 1
f 4663/4663/4663 4664/4664/4664 4665/4665/4665
usemtl green_off
v 0.72153 0.86126 0.73417
vn -0.22429 -0.16671 0.96016
vt 0 0
v 0.71775 0.85984 0.73251
vn -0.19222 -0.64146 0.74269
vt 1 0
v 0.72172 0.86032 0.73377
vn -0.13003 -0.63390 0.76240
vt 1 1
f 4666/4666/4666 4667/4667/4667 4668/4668/4668
usemtl green_off
v 0.72172 0.86032 0.73377
vn -0.13003 -0.63395 0.76237
vt 0 0
v 0.71775 0.85984 0.73251
vn -0.19225 -0.64150 0.74264
vt 1 0
v 0.71814 0.85926 0.73174
vn -0.00032 -0.93359 0.35834
vt 1 1
f 4669/4669/4669 4670/4670/4670 4671/4671/4671
usemtl green_off
v 0.72172 0.86032 0.73377
vn -0.13003 -0.63395 0.76237
vt 0 0
v 0.71814 0.85926 0.73174
vn -0.00032 -0.93359 0.35834
vt 1 0
v 0.72198 0.85972 0.73296
vn -0.00024 -0.93358 0.35837
vt 1 1
f 4672/4672/4672 4673/4673/4673 4674/4674/4674
usemtl green_off
v 0.71737 0.90054 0.71791
vn -0.38267 0.33632 0.86050
vt 0 0
v 0.72146 0.90104 0.71921
vn -0.25881 0.35140 0.89974
vt 1 0
v 0.72153 0.90188 0.71861
vn -0.22428 0.76538 0.60323
vt 1 1
f 4675/4675/4675 4676/4676/4676 4677/4677/4677
usemtl green_off
v 0.71737 0.90054 0.71791
vn -0.38267 0.33632 0.86050
vt 0 0
v 0.72153 0.90188 0.71861
vn -0.22428 0.76538 0.60323
vt 1 0
v 0.71747 0.90139 0.71732
vn -0.33163 0.75235 0.56920
vt 1 1
f 4678/4678/4678 4679/4679/4679 4680/4680/4680
usemtl green_off
v 0.71747 0.90139 0.71732
vn -0.33161 0.75240 0.56915
vt 0 0
v 0.72153 0.90188 0.71861
vn -0.22431 0.76542 0.60317
vt 1 0
v 0.72172 0.90231 0.71769
vn -0.13006 0.98101 0.14392
vt 1 1
f 4681/4681/4681 4682/4682/4682 4683/4683/4683
usemtl green_off
v 0.71747 0.90139 0.71732
vn -0.33161 0.75240 0.56915
vt 0 0
v 0.72172 0.90231 0.71769
vn -0.13006 0.98101 0.14392
vt 1 0
v 0.71775 0.90183 0.71643
vn -0.19225 0.97345 0.12421
vt 1 1
f 4684/4684/4684 4685/4685/4685 4686/4686/4686
usemtl green_off
v 0.71775 0.90183 0.71643
vn -0.19219 0.97348 0.12409
vt 0 0
v 0.72172 0.90231 0.71769
vn -0.12997 0.98103 0.14382
vt 1 0
v 0.72198 0.90221 0.71669
vn -0.00017 0.93411 -0.35698
vt 1 1
f 4687/4687/4687 4688/4688/4688 4689/4689/4689
usemtl green_off
v 0.71775 0.90183 0.71643
vn -0.19219 0.97348 0.12409
vt 0 0
v 0.72198 0.90221 0.71669
vn -0.00017 0.93411 -0.35698
vt 1 0
v 0.71814 0.90175 0.71547
vn -0.00025 0.93411 -0.35700
vt 1 1
f 4690/4690/4690 4691/4691/4691 4692/4692/4692
usemtl green_off
v 0.71737 0.86179 0.73276
vn -0.38269 0.32455 0.86500
vt 0 0
v 0.71350 0.86110 0.73097
vn -0.50001 0.30380 0.81098
vt 1 0
v 0.71363 0.86009 0.73111
vn -0.43333 -0.19757 0.87931
vt 1 1
f 4693/4693/4693 4694/4694/4694 4695/4695/4695
usemtl green_off
v 0.71737 0.86179 0.73276
vn -0.38269 0.32455 0.86500
vt 0 0
v 0.71363 0.86009 0.73111
vn -0.43333 -0.19757 0.87931
vt 1 0
v 0.71747 0.86076 0.73288
vn -0.33165 -0.17963 0.92614
vt 1 1
f 4696/4696/4696 4697/4697/4697 4698/4698/4698
usemtl green_off
v 0.71747 0.86076 0.73288
vn -0.33162 -0.17971 0.92614
vt 0 0
v 0.71363 0.86009 0.73111
vn -0.43325 -0.19763 0.87934
vt 1 0
v 0.71400 0.85918 0.73078
vn -0.25116 -0.65183 0.71557
vt 1 1
f 4699/4699/4699 4700/4700/4700 4701/4701/4701
usemtl green_off
v 0.71747 0.86076 0.73288
vn -0.33162 -0.17971 0.92614
vt 0 0
v 0.71400 0.85918 0.73078
vn -0.25116 -0.65183 0.71557
vt 1 0
v 0.71775 0.85984 0.73251
vn -0.19226 -0.64143 0.74270
vt 1 1
f 4702/4702/4702 4703/4703/4703 4704/4704/4704
usemtl green_off
v 0.71775 0.85984 0.73251
vn -0.19220 -0.64152 0.74264
vt 0 0
v 0.71400 0.85918 0.73078
vn -0.25113 -0.65191 0.71550
vt 1 0
v 0.71450 0.85862 0.73007
vn -0.00036 -0.93361 0.35829
vt 1 1
f 4705/4705/4705 4706/4706/4706 4707/4707/4707
usemtl green_off
v 0.71775 0.85984 0.73251
vn -0.19220 -0.64152 0.74264
vt 0 0
v 0.71450 0.85862 0.73007
vn -0.00036 -0.93361 0.35829
vt 1 0
v 0.71814 0.85926 0.73174
vn -0.00028 -0.93360 0.35831
vt 1 1
f 4708/4708/4708 4709/4709/4709 4710/4710/4710
usemtl green_off
v 0.71350 0.89986 0.71613
vn -0.49998 0.31567 0.80645
vt 0 0
v 0.71737 0.90054 0.71791
vn -0.38267 0.33632 0.86050
vt 1 0
v 0.71747 0.90139 0.71732
vn -0.33163 0.75235 0.56920
vt 1 1
f 4711/4711/4711 4712/4712/4712 4713/4713/4713
usemtl green_off
v 0.71350 0.89986 0.71613
vn -0.49998 0.31567 0.80645
vt 0 0
v 0.71747 0.90139 0.71732
vn -0.33163 0.75235 0.56920
vt 1 0
v 0.71363 0.90071 0.71556
vn -0.43329 0.73441 0.52239
vt 1 1
f 4714/4714/4714 4715/4715/4715 4716/4716/4716
usemtl green_off
v 0.71363 0.90071 0.71556
vn -0.43327 0.73447 0.52234
vt 0 0
v 0.71747 0.90139 0.71732
vn -0.33163 0.75239 0.56915
vt 1 0
v 0.71775 0.90183 0.71643
vn -0.19227 0.97345 0.12420
vt 1 1
f 4717/4717/4717 4718/4718/4718 4719/4719/4719
usemtl green_off
v 0.71363 0.90071 0.71556
vn -0.43327 0.73447 0.52234
vt 0 0
v 0.71775 0.90183 0.71643
vn -0.19227 0.97345 0.12420
vt 1 0
v 0.71400 0.90117 0.71470
vn -0.25118 0.96306 0.09708
vt 1 1
f 4720/4720/4720 4721/4721/4721 4722/4722/4722
usemtl green_off
v 0.71400 0.90117 0.71470
vn -0.25115 0.96308 0.09696
vt 0 0
v 0.71775 0.90183 0.71643
vn -0.19222 0.97347 0.12410
vt 1 0
v 0.71814 0.90175 0.71547
vn -0.00030 0.93410 -0.35701
vt 1 1
f 4723/4723/4723 4724/4724/4724 4725/4725/4725
usemtl green_off
v 0.71400 0.90117 0.71470
vn -0.25115 0.96308 0.09696
vt 0 0
v 0.71814 0.90175 0.71547
vn -0.00030 0.93410 -0.35701
vt 1 0
v 0.71450 0.90111 0.71379
vn -0.00037 0.93409 -0.35704
vt 1 1
f 4726/4726/4726 4727/4727/4727 4728/4728/4728
usemtl green_off
v 0.71350 0.86110 0.73097
vn -0.50001 0.30380 0.81098
vt 0 0
v 0.70991 0.86025 0.72873
vn -0.60877 0.27781 0.74312
vt 1 0
v 0.71007 0.85924 0.72889
vn -0.52757 -0.22009 0.82050
vt 1 1
f 4729/4729/4729 4730/4730/4730 4731/4731/4731
usemtl green_off
v 0.71350 0.86110 0.73097
vn -0.50001 0.30380 0.81098
vt 0 0
v 0.71007 0.85924 0.72889
vn -0.52757 -0.22009 0.82050
vt 1 0
v 0.71363 0.86009 0.73111
vn -0.43333 -0.19757 0.87931
vt 1 1
f 4732/4732/4732 4733/4733/4733 4734/4734/4734
usemtl green_off
v 0.71363 0.86009 0.73111
vn -0.43330 -0.19764 0.87931
vt 0 0
v 0.71007 0.85924 0.72889
vn -0.52753 -0.22015 0.82052
vt 1 0
v 0.71052 0.85834 0.72861
vn -0.30582 -0.66488 0.68147
vt 1 1
f 4735/4735/4735 4736/4736/4736 4737/4737/4737
usemtl green_off
v 0.71363 0.86009 0.73111
vn -0.43330 -0.19764 0.87931
vt 0 0
v 0.71052 0.85834 0.72861
vn -0.30582 -0.66488 0.68147
vt 1 0
v 0.71400 0.85918 0.73078
vn -0.25122 -0.65183 0.71554
vt 1 1
f 4738/4738/4738 4739/4739/4739 4740/4740/4740
usemtl green_off
v 0.71400 0.85918 0.73078
vn -0.25113 -0.65192 0.71550
vt 0 0
v 0.71052 0.85834 0.72861
vn -0.30576 -0.66499 0.68140
vt 1 0
v 0.71113 0.85781 0.72796
vn -0.00043 -0.93364 0.35822
vt 1 1
f 4741/4741/4741 4742/4742/4742 4743/4743/4743
usemtl green_off
v 0.71400 0.85918 0.73078
vn -0.25113 -0.65192 0.71550
vt 0 0
v 0.71113 0.85781 0.72796
vn -0.00043 -0.93364 0.35822
vt 1 0
v 0.71450 0.85862 0.73007
vn -0.00037 -0.93362 0.35826
vt 1 1
f 4744/4744/4744 4745/4745/4745 4746/4746/4746
usemtl green_off
v 0.70991 0.89900 0.71389
vn -0.60875 0.28967 0.73859
vt 0 0
v 0.71350 0.89986 0.71613
vn -0.49998 0.31567 0.80645
vt 1 0
v 0.71363 0.90071 0.71556
vn -0.43329 0.73441 0.52239
vt 1 1
f 4747/4747/4747 4748/4748/4748 4749/4749/4749
usemtl green_off
v 0.70991 0.89900 0.71389
vn -0.60875 0.28967 0.73859
vt 0 0
v 0.71363 0.90071 0.71556
vn -0.43329 0.73441 0.52239
vt 1 0
v 0.71007 0.89986 0.71333
vn -0.52756 0.71187 0.46359
vt 1 1
f 4750/4750/4750 4751/4751/4751 4752/4752/4752
usemtl green_off
v 0.71007 0.89986 0.71333
vn -0.52752 0.71195 0.46351
vt 0 0
v 0.71363 0.90071 0.71556
vn -0.43330 0.73447 0.52231
vt 1 0
v 0.71400 0.90117 0.71470
vn -0.25122 0.96306 0.09703
vt 1 1
f 4753/4753/4753 4754/4754/4754 4755/4755/4755
usemtl green_off
v 0.71007 0.89986 0.71333
vn -0.52752 0.71195 0.46351
vt 0 0
v 0.71400 0.90117 0.71470
vn -0.25122 0.96306 0.09703
vt 1 0
v 0.71052 0.90033 0.71253
vn -0.30582 0.95001 0.06296
vt 1 1
f 4756/4756/4756 4757/4757/4757 4758/4758/4758
usemtl green_off
v 0.71052 0.90033 0.71253
vn -0.30578 0.95002 0.06289
vt 0 0
v 0.71400 0.90117 0.71470
vn -0.25114 0.96308 0.09698
vt 1 0
v 0.71450 0.90111 0.71379
vn -0.00039 0.93409 -0.35704
vt 1 1
f 4759/4759/4759 4760/4760/4760 4761/4761/4761
usemtl green_off
v 0.71052 0.90033 0.71253
vn -0.30578 0.95002 0.06289
vt 0 0
v 0.71450 0.90111 0.71379
vn -0.00039 0.93409 -0.35704
vt 1 0
v 0.71113 0.90030 0.71169
vn -0.00045 0.93408 -0.35708
vt 1 1
f 4762/4762/4762 4763/4763/4763 4764/4764/4764
usemtl green_off
v 0.70991 0.86025 0.72873
vn -0.60877 0.27781 0.74312
vt 0 0
v 0.70667 0.85923 0.72608
vn -0.70711 0.24697 0.66257
vt 1 0
v 0.70686 0.85823 0.72626
vn -0.61282 -0.24681 0.75069
vt 1 1
f 4765/4765/4765 4766/4766/4766 4767/4767/4767
usemtl green_off
v 0.70991 0.86025 0.72873
vn -0.60877 0.27781 0.74312
vt 0 0
v 0.70686 0.85823 0.72626
vn -0.61282 -0.24681 0.75069
vt 1 0
v 0.71007 0.85924 0.72889
vn -0.52757 -0.22009 0.82050
vt 1 1
f 4768/4768/4768 4769/4769/4769 4770/4770/4770
usemtl green_off
v 0.71007 0.85924 0.72889
vn -0.52755 -0.22015 0.82050
vt 0 0
v 0.70686 0.85823 0.72626
vn -0.61275 -0.24687 0.75073
vt 1 0
v 0.70737 0.85736 0.72603
vn -0.35524 -0.68037 0.64102
vt 1 1
f 4771/4771/4771 4772/4772/4772 4773/4773/4773
usemtl green_off
v 0.71007 0.85924 0.72889
vn -0.52755 -0.22015 0.82050
vt 0 0
v 0.70737 0.85736 0.72603
vn -0.35524 -0.68037 0.64102
vt 1 0
v 0.71052 0.85834 0.72861
vn -0.30587 -0.66488 0.68146
vt 1 1
f 4774/4774/4774 4775/4775/4775 4776/4776/4776
usemtl green_off
v 0.71052 0.85834 0.72861
vn -0.30577 -0.66494 0.68143
vt 0 0
v 0.70737 0.85736 0.72603
vn -0.35518 -0.68044 0.64097
vt 1 0
v 0.70808 0.85685 0.72547
vn -0.00054 -0.93364 0.35820
vt 1 1
f 4777/4777/4777 4778/4778/4778 4779/4779/4779
usemtl green_off
v 0.71052 0.85834 0.72861
vn -0.30577 -0.66494 0.68143
vt 0 0
v 0.70808 0.85685 0.72547
vn -0.00054 -0.93364 0.35820
vt 1 0
v 0.71113 0.85781 0.72796
vn -0.00047 -0.93363 0.35825
vt 1 1
f 4780/4780/4780 4781/4781/4781 4782/4782/4782
usemtl green_off
v 0.70667 0.89798 0.71123
vn -0.70709 0.25882 0.65805
vt 0 0
v 0.70991 0.89900 0.71389
vn -0.60875 0.28967 0.73859
vt 1 0
v 0.71007 0.89986 0.71333
vn -0.52756 0.71187 0.46359
vt 1 1
f 4783/4783/4783 4784/4784/4784 4785/4785/4785
usemtl green_off
v 0.70667 0.89798 0.71123
vn -0.70709 0.25882 0.65805
vt 0 0
v 0.71007 0.89986 0.71333
vn -0.52756 0.71187 0.46359
vt 1 0
v 0.70686 0.89885 0.71070
vn -0.61278 0.68514 0.39380
vt 1 1
f 4786/4786/4786 4787/4787/4787 4788/4788/4788
usemtl green_off
v 0.70686 0.89885 0.71070
vn -0.61276 0.68520 0.39374
vt 0 0
v 0.71007 0.89986 0.71333
vn -0.52757 0.71192 0.46352
vt 1 0
v 0.71052 0.90033 0.71253
vn -0.30588 0.94999 0.06296
vt 1 1
f 4789/4789/4789 4790/4790/4790 4791/4791/4791
usemtl green_off
v 0.70686 0.89885 0.71070
vn -0.61276 0.68520 0.39374
vt 0 0
v 0.71052 0.90033 0.71253
vn -0.30588 0.94999 0.06296
vt 1 0
v 0.70737 0.89935 0.70995
vn -0.35526 0.93450 0.02252
vt 1 1
f 4792/4792/4792 4793/4793/4793 4794/4794/4794
usemtl green_off
v 0.70737 0.89935 0.70995
vn -0.35517 0.93453 0.02242
vt 0 0
v 0.71052 0.90033 0.71253
vn -0.30577 0.95003 0.06288
vt 1 0
v 0.71113 0.90030 0.71169
vn -0.00046 0.93407 -0.35709
vt 1 1
f 4795/4795/4795 4796/4796/4796 4797/4797/4797
usemtl green_off
v 0.70737 0.89935 0.70995
vn -0.35517 0.93453 0.02242
vt 0 0
v 0.71113 0.90030 0.71169
vn -0.00046 0.93407 -0.35709
vt 1 0
v 0.70808 0.89934 0.70919
vn -0.00052 0.93405 -0.35714
vt 1 1
f 4798/4798/4798 4799/4799/4799 4800/4800/4800
usemtl green_off
v 0.70667 0.85923 0.72608
vn -0.70711 0.24697 0.66257
vt 0 0
v 0.70382 0.85807 0.72304
vn -0.79335 0.21181 0.57073
vt 1 0
v 0.70403 0.85708 0.72325
vn -0.68756 -0.27728 0.67110
vt 1 1
f 4801/4801/4801 4802/4802/4802 4803/4803/4803
usemtl green_off
v 0.70667 0.85923 0.72608
vn -0.70711 0.24697 0.66257
vt 0 0
v 0.70403 0.85708 0.72325
vn -0.68756 -0.27728 0.67110
vt 1 0
v 0.70686 0.85823 0.72626
vn -0.61282 -0.24681 0.75069
vt 1 1
f 4804/4804/4804 4805/4805/4805 4806/4806/4806
usemtl green_off
v 0.70686 0.85823 0.72626
vn -0.61275 -0.24687 0.75073
vt 0 0
v 0.70403 0.85708 0.72325
vn -0.68747 -0.27735 0.67117
vt 1 0
v 0.70461 0.85623 0.72309
vn -0.39855 -0.69804 0.59490
vt 1 1
f 4807/4807/4807 4808/4808/4808 4809/4809/4809
usemtl green_off
v 0.70686 0.85823 0.72626
vn -0.61275 -0.24687 0.75073
vt 0 0
v 0.70461 0.85623 0.72309
vn -0.39855 -0.69804 0.59490
vt 1 0
v 0.70737 0.85736 0.72603
vn -0.35525 -0.68037 0.64101
vt 1 1
f 4810/4810/4810 4811/4811/4811 4812/4812/4812
usemtl green_off
v 0.70737 0.85736 0.72603
vn -0.35515 -0.68047 0.64096
vt 0 0
v 0.70461 0.85623 0.72309
vn -0.39847 -0.69815 0.59482
vt 1 0
v 0.70541 0.85576 0.72262
vn -0.00057 -0.93368 0.35810
vt 1 1
f 4813/4813/4813 4814/4814/4814 4815/4815/4815
usemtl green_off
v 0.70737 0.85736 0.72603
vn -0.35515 -0.68047 0.64096
vt 0 0
v 0.70541 0.85576 0.72262
vn -0.00057 -0.93368 0.35810
vt 1 0
v 0.70808 0.85685 0.72547
vn -0.00051 -0.93366 0.35815
vt 1 1
f 4816/4816/4816 4817/4817/4817 4818/4818/4818
usemtl green_off
v 0.70382 0.89682 0.70820
vn -0.79334 0.22366 0.56621
vt 0 0
v 0.70667 0.89798 0.71123
vn -0.70709 0.25882 0.65805
vt 1 0
v 0.70686 0.89885 0.71070
vn -0.61278 0.68514 0.39380
vt 1 1
f 4819/4819/4819 4820/4820/4820 4821/4821/4821
usemtl green_off
v 0.70382 0.89682 0.70820
vn -0.79334 0.22366 0.56621
vt 0 0
v 0.70686 0.89885 0.71070
vn -0.61278 0.68514 0.39380
vt 1 0
v 0.70403 0.89770 0.70769
vn -0.68752 0.65467 0.31420
vt 1 1
f 4822/4822/4822 4823/4823/4823 4824/4824/4824
usemtl green_off
v 0.70403 0.89770 0.70769
vn -0.68751 0.65471 0.31415
vt 0 0
v 0.70686 0.89885 0.71070
vn -0.61279 0.68518 0.39371
vt 1 0
v 0.70737 0.89935 0.70995
vn -0.35529 0.93448 0.02248
vt 1 1
f 4825/4825/4825 4826/4826/4826 4827/4827/4827
usemtl green_off
v 0.70403 0.89770 0.70769
vn -0.68751 0.65471 0.31415
vt 0 0
v 0.70737 0.89935 0.70995
vn -0.35529 0.93448 0.02248
vt 1 0
v 0.70461 0.89822 0.70701
vn -0.39860 0.91682 -0.02363
vt 1 1
f 4828/4828/4828 4829/4829/4829 4830/4830/4830
usemtl green_off
v 0.70461 0.89822 0.70701
vn -0.39852 0.91685 -0.02373
vt 0 0
v 0.70737 0.89935 0.70995
vn -0.35519 0.93453 0.02240
vt 1 0
v 0.70808 0.89934 0.70919
vn -0.00056 0.93404 -0.35718
vt 1 1
f 4831/4831/4831 4832/4832/4832 4833/4833/4833
usemtl green_off
v 0.70461 0.89822 0.70701
vn -0.39852 0.91685 -0.02373
vt 0 0
v 0.70808 0.89934 0.70919
vn -0.00056 0.93404 -0.35718
vt 1 0
v 0.70541 0.89825 0.70635
vn -0.00061 0.93402 -0.35723
vt 1 1
f 4834/4834/4834 4835/4835/4835 4836/4836/4836
usemtl green_off
v 0.70382 0.85807 0.72304
vn -0.79335 0.21181 0.57073
vt 0 0
v 0.70142 0.85678 0.71969
vn -0.86601 0.17291 0.46918
vt 1 0
v 0.70165 0.85580 0.71993
vn -0.75051 -0.31099 0.58311
vt 1 1
f 4837/4837/4837 4838/4838/4838 4839/4839/4839
usemtl green_off
v 0.70382 0.85807 0.72304
vn -0.79335 0.21181 0.57073
vt 0 0
v 0.70165 0.85580 0.71993
vn -0.75051 -0.31099 0.58311
vt 1 0
v 0.70403 0.85708 0.72325
vn -0.68756 -0.27728 0.67110
vt 1 1
f 4840/4840/4840 4841/4841/4841 4842/4842/4842
usemtl green_off
v 0.70403 0.85708 0.72325
vn -0.68747 -0.27736 0.67116
vt 0 0
v 0.70165 0.85580 0.71993
vn -0.75044 -0.31106 0.58317
vt 1 0
v 0.70229 0.85499 0.71984
vn -0.43505 -0.71758 0.54389
vt 1 1
f 4843/4843/4843 4844/4844/4844 4845/4845/4845
usemtl green_off
v 0.70403 0.85708 0.72325
vn -0.68747 -0.27736 0.67116
vt 0 0
v 0.70229 0.85499 0.71984
vn -0.43505 -0.71758 0.54389
vt 1 0
v 0.70461 0.85623 0.72309
vn -0.39856 -0.69805 0.59487
vt 1 1
f 4846/4846/4846 4847/4847/4847 4848/4848/4848
usemtl green_off
v 0.70461 0.85623 0.72309
vn -0.39849 -0.69813 0.59483
vt 0 0
v 0.70229 0.85499 0.71984
vn -0.43500 -0.71767 0.54381
vt 1 0
v 0.70316 0.85456 0.71947
vn -0.00065 -0.93371 0.35803
vt 1 1
f 4849/4849/4849 4850/4850/4850 4851/4851/4851
usemtl green_off
v 0.70461 0.85623 0.72309
vn -0.39849 -0.69813 0.59483
vt 0 0
v 0.70316 0.85456 0.71947
vn -0.00065 -0.93371 0.35803
vt 1 0
v 0.70541 0.85576 0.72262
vn -0.00060 -0.93369 0.35809
vt 1 1
f 4852/4852/4852 4853/4853/4853 4854/4854/4854
usemtl green_off
v 0.70142 0.89554 0.70485
vn -0.86601 0.18475 0.46465
vt 0 0
v 0.70382 0.89682 0.70820
vn -0.79334 0.22366 0.56621
vt 1 0
v 0.70403 0.89770 0.70769
vn -0.68752 0.65467 0.31420
vt 1 1
f 4855/4855/4855 4856/4856/4856 4857/4857/4857
usemtl green_off
v 0.70142 0.89554 0.70485
vn -0.86601 0.18475 0.46465
vt 0 0
v 0.70403 0.89770 0.70769
vn -0.68752 0.65467 0.31420
vt 1 0
v 0.70165 0.89642 0.70437
vn -0.75051 0.62095 0.22619
vt 1 1
f 4858/4858/4858 4859/4859/4859 4860/4860/4860
usemtl green_off
v 0.70165 0.89642 0.70437
vn -0.75046 0.62103 0.22612
vt 0 0
v 0.70403 0.89770 0.70769
vn -0.68750 0.65473 0.31411
vt 1 0
v 0.70461 0.89822 0.70701
vn -0.39858 0.91683 -0.02368
vt 1 1
f 4861/4861/4861 4862/4862/4862 4863/4863/4863
usemtl green_off
v 0.70165 0.89642 0.70437
vn -0.75046 0.62103 0.22612
vt 0 0
v 0.70461 0.89822 0.70701
vn -0.39858 0.91683 -0.02368
vt 1 0
v 0.70229 0.89698 0.70376
vn -0.43507 0.89729 -0.07466
vt 1 1
f 4864/4864/4864 4865/4865/4865 4866/4866/4866
usemtl green_off
v 0.70229 0.89698 0.70376
vn -0.43494 0.89735 -0.07474
vt 0 0
v 0.70461 0.89822 0.70701
vn -0.39844 0.91689 -0.02371
vt 1 0
v 0.70541 0.89825 0.70635
vn -0.00054 0.93402 -0.35723
vt 1 1
f 4867/4867/4867 4868/4868/4868 4869/4869/4869
usemtl green_off
v 0.70229 0.89698 0.70376
vn -0.43494 0.89735 -0.07474
vt 0 0
v 0.70541 0.89825 0.70635
vn -0.00054 0.93402 -0.35723
vt 1 0
v 0.70316 0.89705 0.70320
vn -0.00059 0.93399 -0.35729
vt 1 1
f 4870/4870/4870 4871/4871/4871 4872/4872/4872
usemtl green_off
v 0.70142 0.85678 0.71969
vn -0.86601 0.17291 0.46918
vt 0 0
v 0.69951 0.85540 0.71608
vn -0.92386 0.13099 0.35961
vt 1 0
v 0.69976 0.85443 0.71634
vn -0.80064 -0.34737 0.48817
vt 1 1
f 4873/4873/4873 4874/4874/4874 4875/4875/4875
usemtl green_off
v 0.70142 0.85678 0.71969
vn -0.86601 0.17291 0.46918
vt 0 0
v 0.69976 0.85443 0.71634
vn -0.80064 -0.34737 0.48817
vt 1 0
v 0.70165 0.85580 0.71993
vn -0.75051 -0.31099 0.58311
vt 1 1
f 4876/4876/4876 4877/4877/4877 4878/4878/4878
usemtl green_off
v 0.70165 0.85580 0.71993
vn -0.75047 -0.31108 0.58312
vt 0 0
v 0.69976 0.85443 0.71634
vn -0.80059 -0.34743 0.48821
vt 1 0
v 0.70044 0.85364 0.71634
vn -0.46414 -0.73867 0.48882
vt 1 1
f 4879/4879/4879 4880/4880/4880 4881/4881/4881
usemtl green_off
v 0.70165 0.85580 0.71993
vn -0.75047 -0.31108 0.58312
vt 0 0
v 0.70044 0.85364 0.71634
vn -0.46414 -0.73867 0.48882
vt 1 0
v 0.70229 0.85499 0.71984
vn -0.43509 -0.71760 0.54383
vt 1 1
f 4882/4882/4882 4883/4883/4883 4884/4884/4884
usemtl green_off
v 0.70229 0.85499 0.71984
vn -0.43499 -0.71765 0.54384
vt 0 0
v 0.70044 0.85364 0.71634
vn -0.46405 -0.73874 0.48880
vt 1 0
v 0.70136 0.85326 0.71608
vn -0.00069 -0.93373 0.35798
vt 1 1
f 4885/4885/4885 4886/4886/4886 4887/4887/4887
usemtl green_off
v 0.70229 0.85499 0.71984
vn -0.43499 -0.71765 0.54384
vt 0 0
v 0.70136 0.85326 0.71608
vn -0.00069 -0.93373 0.35798
vt 1 0
v 0.70316 0.85456 0.71947
vn -0.00065 -0.93371 0.35804
vt 1 1
f 4888/4888/4888 4889/4889/4889 4890/4890/4890
usemtl green_off
v 0.69951 0.89415 0.70123
vn -0.92386 0.14280 0.35510
vt 0 0
v 0.70142 0.89554 0.70485
vn -0.86601 0.18475 0.46465
vt 1 0
v 0.70165 0.89642 0.70437
vn -0.75051 0.62095 0.22619
vt 1 1
f 4891/4891/4891 4892/4892/4892 4893/4893/4893
usemtl green_off
v 0.69951 0.89415 0.70123
vn -0.92386 0.14280 0.35510
vt 0 0
v 0.70165 0.89642 0.70437
vn -0.75051 0.62095 0.22619
vt 1 0
v 0.69976 0.89505 0.70078
vn -0.80064 0.58460 0.13125
vt 1 1
f 4894/4894/4894 4895/4895/4895 4896/4896/4896
usemtl green_off
v 0.69976 0.89505 0.70078
vn -0.80058 0.58469 0.13116
vt 0 0
v 0.70165 0.89642 0.70437
vn -0.75047 0.62104 0.22608
vt 1 0
v 0.70229 0.89698 0.70376
vn -0.43507 0.89729 -0.07473
vt 1 1
f 4897/4897/4897 4898/4898/4898 4899/4899/4899
usemtl green_off
v 0.69976 0.89505 0.70078
vn -0.80058 0.58469 0.13116
vt 0 0
v 0.70229 0.89698 0.70376
vn -0.43507 0.89729 -0.07473
vt 1 0
v 0.70044 0.89563 0.70026
vn -0.46412 0.87622 -0.12973
vt 1 1
f 4900/4900/4900 4901/4901/4901 4902/4902/4902
usemtl green_off
v 0.70044 0.89563 0.70026
vn -0.46410 0.87622 -0.12980
vt 0 0
v 0.70229 0.89698 0.70376
vn -0.43503 0.89731 -0.07476
vt 1 0
v 0.70316 0.89705 0.70320
vn -0.00070 0.93397 -0.35734
vt 1 1
f 4903/4903/4903 4904/4904/4904 4905/4905/4905
usemtl green_off
v 0.70044 0.89563 0.70026
vn -0.46410 0.87622 -0.12980
vt 0 0
v 0.70316 0.89705 0.70320
vn -0.00070 0.93397 -0.35734
vt 1 0
v 0.70136 0.89575 0.69980
vn -0.00073 0.93395 -0.35741
vt 1 1
f 4906/4906/4906 4907/4907/4907 4908/4908/4908
usemtl green_off
v 0.69951 0.85540 0.71608
vn -0.92386 0.13099 0.35961
vt 0 0
v 0.69812 0.85394 0.71226
vn -0.96591 0.08663 0.24397
vt 1 0
v 0.69838 0.85298 0.71255
vn -0.83707 -0.38578 0.38793
vt 1 1
f 4909/4909/4909 4910/4910/4910 4911/4911/4911
usemtl green_off
v 0.69951 0.85540 0.71608
vn -0.92386 0.13099 0.35961
vt 0 0
v 0.69838 0.85298 0.71255
vn -0.83707 -0.38578 0.38793
vt 1 0
v 0.69976 0.85443 0.71634
vn -0.80064 -0.34737 0.48817
vt 1 1
f 4912/4912/4912 4913/4913/4913 4914/4914/4914
usemtl green_off
v 0.69976 0.85443 0.71634
vn -0.80060 -0.34744 0.48818
vt 0 0
v 0.69838 0.85298 0.71255
vn -0.83703 -0.38582 0.38797
vt 1 0
v 0.69909 0.85223 0.71264
vn -0.48527 -0.76092 0.43071
vt 1 1
f 4915/4915/4915 4916/4916/4916 4917/4917/4917
usemtl green_off
v 0.69976 0.85443 0.71634
vn -0.80060 -0.34744 0.48818
vt 0 0
v 0.69909 0.85223 0.71264
vn -0.48527 -0.76092 0.43071
vt 1 0
v 0.70044 0.85364 0.71634
vn -0.46416 -0.73868 0.48878
vt 1 1
f 4918/4918/4918 4919/4919/4919 4920/4920/4920
usemtl green_off
v 0.70044 0.85364 0.71634
vn -0.46408 -0.73874 0.48877
vt 0 0
v 0.69909 0.85223 0.71264
vn -0.48519 -0.76099 0.43067
vt 1 0
v 0.70006 0.85188 0.71249
vn -0.00075 -0.93378 0.35785
vt 1 1
f 4921/4921/4921 4922/4922/4922 4923/4923/4923
usemtl green_off
v 0.70044 0.85364 0.71634
vn -0.46408 -0.73874 0.48877
vt 0 0
v 0.70006 0.85188 0.71249
vn -0.00075 -0.93378 0.35785
vt 1 0
v 0.70136 0.85326 0.71608
vn -0.00073 -0.93375 0.35793
vt 1 1
f 4924/4924/4924 4925/4925/4925 4926/4926/4926
usemtl green_off
v 0.69812 0.89269 0.69742
vn -0.96590 0.09851 0.23942
vt 0 0
v 0.69951 0.89415 0.70123
vn -0.92386 0.14280 0.35510
vt 1 0
v 0.69976 0.89505 0.70078
vn -0.80064 0.58460 0.13125
vt 1 1
f 4927/4927/4927 4928/4928/4928 4929/4929/4929
usemtl green_off
v 0.69812 0.89269 0.69742
vn -0.96590 0.09851 0.23942
vt 0 0
v 0.69976 0.89505 0.70078
vn -0.80064 0.58460 0.13125
vt 1 0
v 0.69838 0.89360 0.69700
vn -0.83707 0.54622 0.03099
vt 1 1
f 4930/4930/4930 4931/4931/4931 4932/4932/4932
usemtl green_off
v 0.69838 0.89360 0.69700
vn -0.83706 0.54623 0.03099
vt 0 0
v 0.69976 0.89505 0.70078
vn -0.80064 0.58460 0.13121
vt 1 0
v 0.70044 0.89563 0.70026
vn -0.46421 0.87617 -0.12971
vt 1 1
f 4933/4933/4933 4934/4934/4934 4935/4935/4935
usemtl green_off
v 0.69838 0.89360 0.69700
vn -0.83706 0.54623 0.03099
vt 0 0
v 0.70044 0.89563 0.70026
vn -0.46421 0.87617 -0.12971
vt 1 0
v 0.69909 0.89422 0.69656
vn -0.48532 0.85393 -0.18778
vt 1 1
f 4936/4936/4936 4937/4937/4937 4938/4938/4938
usemtl green_off
v 0.69909 0.89422 0.69656
vn -0.48515 0.85401 -0.18788
vt 0 0
v 0.70044 0.89563 0.70026
vn -0.46402 0.87627 -0.12977
vt 1 0
v 0.70136 0.89575 0.69980
vn -0.00067 0.93395 -0.35740
vt 1 1
f 4939/4939/4939 4940/4940/4940 4941/4941/4941
usemtl green_off
v 0.69909 0.89422 0.69656
vn -0.48515 0.85401 -0.18788
vt 0 0
v 0.70136 0.89575 0.69980
vn -0.00067 0.93395 -0.35740
vt 1 0
v 0.70006 0.89437 0.69622
vn -0.00069 0.93392 -0.35747
vt 1 1
f 4942/4942/4942 4943/4943/4943 4944/4944/4944
usemtl green_off
v 0.69812 0.85394 0.71226
vn -0.96591 0.08663 0.24397
vt 0 0
v 0.69728 0.85242 0.70831
vn -0.99143 0.04074 0.12416
vt 1 0
v 0.69755 0.85148 0.70863
vn -0.85918 -0.42555 0.28411
vt 1 1
f 4945/4945/4945 4946/4946/4946 4947/4947/4947
usemtl green_off
v 0.69812 0.85394 0.71226
vn -0.96591 0.08663 0.24397
vt 0 0
v 0.69755 0.85148 0.70863
vn -0.85918 -0.42555 0.28411
vt 1 0
v 0.69838 0.85298 0.71255
vn -0.83707 -0.38578 0.38793
vt 1 1
f 4948/4948/4948 4949/4949/4949 4950/4950/4950
usemtl green_off
v 0.69838 0.85298 0.71255
vn -0.83701 -0.38589 0.38795
vt 0 0
v 0.69755 0.85148 0.70863
vn -0.85913 -0.42563 0.28415
vt 1 0
v 0.69828 0.85076 0.70880
vn -0.49804 -0.78401 0.37051
vt 1 1
f 4951/4951/4951 4952/4952/4952 4953/4953/4953
usemtl green_off
v 0.69838 0.85298 0.71255
vn -0.83701 -0.38589 0.38795
vt 0 0
v 0.69828 0.85076 0.70880
vn -0.49804 -0.78401 0.37051
vt 1 0
v 0.69909 0.85223 0.71264
vn -0.48523 -0.76097 0.43066
vt 1 1
f 4954/4954/4954 4955/4955/4955 4956/4956/4956
usemtl green_off
v 0.69909 0.85223 0.71264
vn -0.48527 -0.76096 0.43064
vt 0 0
v 0.69828 0.85076 0.70880
vn -0.49810 -0.78400 0.37045
vt 1 0
v 0.69927 0.85046 0.70878
vn -0.00086 -0.93382 0.35775
vt 1 1
f 4957/4957/4957 4958/4958/4958 4959/4959/4959
usemtl green_off
v 0.69909 0.85223 0.71264
vn -0.48527 -0.76096 0.43064
vt 0 0
v 0.69927 0.85046 0.70878
vn -0.00086 -0.93382 0.35775
vt 1 0
v 0.70006 0.85188 0.71249
vn -0.00085 -0.93379 0.35782
vt 1 1
f 4960/4960/4960 4961/4961/4961 4962/4962/4962
usemtl green_off
v 0.69728 0.89118 0.69346
vn -0.99142 0.05262 0.11962
vt 0 0
v 0.69812 0.89269 0.69742
vn -0.96590 0.09851 0.23942
vt 1 0
v 0.69838 0.89360 0.69700
vn -0.83707 0.54622 0.03099
vt 1 1
f 4963/4963/4963 4964/4964/4964 4965/4965/4965
usemtl green_off
v 0.69728 0.89118 0.69346
vn -0.99142 0.05262 0.11962
vt 0 0
v 0.69838 0.89360 0.69700
vn -0.83707 0.54622 0.03099
vt 1 0
v 0.69755 0.89210 0.69307
vn -0.85919 0.50645 -0.07282
vt 1 1
f 4966/4966/4966 4967/4967/4967 4968/4968/4968
usemtl green_off
v 0.69755 0.89210 0.69307
vn -0.85914 0.50653 -0.07289
vt 0 0
v 0.69838 0.89360 0.69700
vn -0.83703 0.54629 0.03090
vt 1 0
v 0.69909 0.89422 0.69656
vn -0.48525 0.85395 -0.18787
vt 1 1
f 4969/4969/4969 4970/4970/4970 4971/4971/4971
usemtl green_off
v 0.69755 0.89210 0.69307
vn -0.85914 0.50653 -0.07289
vt 0 0
v 0.69909 0.89422 0.69656
vn -0.48525 0.85395 -0.18787
vt 1 0
v 0.69828 0.89275 0.69272
vn -0.49807 0.83091 -0.24802
vt 1 1
f 4972/4972/4972 4973/4973/4973 4974/4974/4974
usemtl green_off
v 0.69828 0.89275 0.69272
vn -0.49804 0.83093 -0.24800
vt 0 0
v 0.69909 0.89422 0.69656
vn -0.48523 0.85398 -0.18782
vt 1 0
v 0.70006 0.89437 0.69622
vn -0.00079 0.93393 -0.35745
vt 1 1
f 4975/4975/4975 4976/4976/4976 4977/4977/4977
usemtl green_off
v 0.69828 0.89275 0.69272
vn -0.49804 0.83093 -0.24800
vt 0 0
v 0.70006 0.89437 0.69622
vn -0.00079 0.93393 -0.35745
vt 1 0
v 0.69927 0.89295 0.69250
vn -0.00081 0.93390 -0.35752
vt 1 1
f 4978/4978/4978 4979/4979/4979 4980/4980/4980
usemtl green_off
v 0.69728 0.85242 0.70831
vn -0.99143 0.04074 0.12416
vt 0 0
v 0.69700 0.85088 0.70428
vn -0.99998 -0.00589 0.00224
vt 1 0
v 0.69727 0.84995 0.70464
vn -0.86660 -0.46600 0.17846
vt 1 1
f 4981/4981/4981 4982/4982/4982 4983/4983/4983
usemtl green_off
v 0.69728 0.85242 0.70831
vn -0.99143 0.04074 0.12416
vt 0 0
v 0.69727 0.84995 0.70464
vn -0.86660 -0.46600 0.17846
vt 1 0
v 0.69755 0.85148 0.70863
vn -0.85918 -0.42555 0.28411
vt 1 1
f 4984/4984/4984 4985/4985/4985 4986/4986/4986
usemtl green_off
v 0.69755 0.85148 0.70863
vn -0.85913 -0.42563 0.28415
vt 0 0
v 0.69727 0.84995 0.70464
vn -0.86654 -0.46608 0.17856
vt 1 0
v 0.69800 0.84927 0.70490
vn -0.50235 -0.80745 0.30931
vt 1 1
f 4987/4987/4987 4988/4988/4988 4989/4989/4989
usemtl green_off
v 0.69755 0.85148 0.70863
vn -0.85913 -0.42563 0.28415
vt 0 0
v 0.69800 0.84927 0.70490
vn -0.50235 -0.80745 0.30931
vt 1 0
v 0.69828 0.85076 0.70880
vn -0.49805 -0.78401 0.37050
vt 1 1
f 4990/4990/4990 4991/4991/4991 4992/4992/4992
usemtl green_off
v 0.69828 0.85076 0.70880
vn -0.49805 -0.78402 0.37047
vt 0 0
v 0.69800 0.84927 0.70490
vn -0.50235 -0.80748 0.30924
vt 1 0
v 0.69900 0.84901 0.70500
vn -0.00082 -0.93385 0.35765
vt 1 1
f 4993/4993/4993 4994/4994/4994 4995/4995/4995
usemtl green_off
v 0.69828 0.85076 0.70880
vn -0.49805 -0.78402 0.37047
vt 0 0
v 0.69900 0.84901 0.70500
vn -0.00082 -0.93385 0.35765
vt 1 0
v 0.69927 0.85046 0.70878
vn -0.00082 -0.93383 0.35773
vt 1 1
f 4996/4996/4996 4997/4997/4997 4998/4998/4998
usemtl green_off
v 0.69700 0.88964 0.68944
vn -0.99998 0.00589 -0.00224
vt 0 0
v 0.69728 0.89118 0.69346
vn -0.99142 0.05262 0.11962
vt 1 0
v 0.69755 0.89210 0.69307
vn -0.85919 0.50645 -0.07282
vt 1 1
f 4999/4999/4999 5000/5000/5000 5001/5001/5001
usemtl green_off
v 0.69700 0.88964 0.68944
vn -0.99998 0.00589 -0.00224
vt 0 0
v 0.69755 0.89210 0.69307
vn -0.85919 0.50645 -0.07282
vt 1 0
v 0.69727 0.89057 0.68908
vn -0.86660 0.46600 -0.17846
vt 1 1
f 5002/5002/5002 5003/5003/5003 5004/5004/5004
usemtl green_off
v 0.69727 0.89057 0.68908
vn -0.86656 0.46606 -0.17851
vt 0 0
v 0.69755 0.89210 0.69307
vn -0.85915 0.50650 -0.07291
vt 1 0
v 0.69828 0.89275 0.69272
vn -0.49809 0.83089 -0.24806
vt 1 1
f 5005/5005/5005 5006/5006/5006 5007/5007/5007
usemtl green_off
v 0.69727 0.89057 0.68908
vn -0.86656 0.46606 -0.17851
vt 0 0
v 0.69828 0.89275 0.69272
vn -0.49809 0.83089 -0.24806
vt 1 0
v 0.69800 0.89125 0.68882
vn -0.50238 0.80745 -0.30926
vt 1 1
f 5008/5008/5008 5009/5009/5009 5010/5010/5010
usemtl green_off
v 0.69800 0.89125 0.68882
vn -0.50235 0.80747 -0.30925
vt 0 0
v 0.69828 0.89275 0.69272
vn -0.49805 0.83093 -0.24801
vt 1 0
v 0.69927 0.89295 0.69250
vn -0.00081 0.93389 -0.35756
vt 1 1
f 5011/5011/5011 5012/5012/5012 5013/5013/5013
usemtl green_off
v 0.69800 0.89125 0.68882
vn -0.50235 0.80747 -0.30925
vt 0 0
v 0.69927 0.89295 0.69250
vn -0.00081 0.93389 -0.35756
vt 1 0
v 0.69900 0.89151 0.68873
vn -0.00082 0.93386 -0.35764
vt 1 1
f 5014/5014/5014 5015/5015/5015 5016/5016/5016
usemtl green_off
v 0.69700 0.85088 0.70428
vn -0.99998 -0.00589 0.00224
vt 0 0
v 0.69728 0.84934 0.70026
vn -0.99142 -0.05258 -0.11965
vt 1 0
v 0.69755 0.84842 0.70065
vn -0.85918 -0.50647 0.07282
vt 1 1
f 5017/5017/5017 5018/5018/5018 5019/5019/5019
usemtl green_off
v 0.69700 0.85088 0.70428
vn -0.99998 -0.00589 0.00224
vt 0 0
v 0.69755 0.84842 0.70065
vn -0.85918 -0.50647 0.07282
vt 1 0
v 0.69727 0.84995 0.70464
vn -0.86660 -0.46600 0.17846
vt 1 1
f 5020/5020/5020 5021/5021/5021 5022/5022/5022
usemtl green_off
v 0.69727 0.84995 0.70464
vn -0.86656 -0.46606 0.17851
vt 0 0
v 0.69755 0.84842 0.70065
vn -0.85915 -0.50650 0.07291
vt 1 0
v 0.69828 0.84777 0.70100
vn -0.49809 -0.83089 0.24806
vt 1 1
f 5023/5023/5023 5024/5024/5024 5025/5025/5025
usemtl green_off
v 0.69727 0.84995 0.70464
vn -0.86656 -0.46606 0.17851
vt 0 0
v 0.69828 0.84777 0.70100
vn -0.49809 -0.83089 0.24806
vt 1 0
v 0.69800 0.84927 0.70490
vn -0.50238 -0.80745 0.30925
vt 1 1
f 5026/5026/5026 5027/5027/5027 5028/5028/5028
usemtl green_off
v 0.69800 0.84927 0.70490
vn -0.50235 -0.80747 0.30925
vt 0 0
v 0.69828 0.84777 0.70100
vn -0.49805 -0.83092 0.24801
vt 1 0
v 0.69927 0.84757 0.70122
vn -0.00082 -0.93389 0.35756
vt 1 1
f 5029/5029/5029 5030/5030/5030 5031/5031/5031
usemtl green_off
v 0.69800 0.84927 0.70490
vn -0.50235 -0.80747 0.30925
vt 0 0
v 0.69927 0.84757 0.70122
vn -0.00082 -0.93389 0.35756
vt 1 0
v 0.69900 0.84901 0.70500
vn -0.00082 -0.93386 0.35764
vt 1 1
f 5032/5032/5032 5033/5033/5033 5034/5034/5034
usemtl green_off
v 0.69728 0.88810 0.68542
vn -0.99142 -0.04074 -0.12417
vt 0 0
v 0.69700 0.88964 0.68944
vn -0.99998 0.00589 -0.00224
vt 1 0
v 0.69727 0.89057 0.68908
vn -0.86660 0.46600 -0.17846
vt 1 1
f 5035/5035/5035 5036/5036/5036 5037/5037/5037
usemtl green_off
v 0.69728 0.88810 0.68542
vn -0.99142 -0.04074 -0.12417
vt 0 0
v 0.69727 0.89057 0.68908
vn -0.86660 0.46600 -0.17846
vt 1 0
v 0.69755 0.88904 0.68509
vn -0.85918 0.42555 -0.28411
vt 1 1
f 5038/5038/5038 5039/5039/5039 5040/5040/5040
usemtl green_off
v 0.69755 0.88904 0.68509
vn -0.85913 0.42564 -0.28413
vt 0 0
v 0.69727 0.89057 0.68908
vn -0.86654 0.46608 -0.17853
vt 1 0
v 0.69800 0.89125 0.68882
vn -0.50235 0.80746 -0.30928
vt 1 1
f 5041/5041/5041 5042/5042/5042 5043/5043/5043
usemtl green_off
v 0.69755 0.88904 0.68509
vn -0.85913 0.42564 -0.28413
vt 0 0
v 0.69800 0.89125 0.68882
vn -0.50235 0.80746 -0.30928
vt 1 0
v 0.69828 0.88976 0.68492
vn -0.49806 0.78402 -0.37048
vt 1 1
f 5044/5044/5044 5045/5045/5045 5046/5046/5046
usemtl green_off
v 0.69828 0.88976 0.68492
vn -0.49806 0.78402 -0.37047
vt 0 0
v 0.69800 0.89125 0.68882
vn -0.50235 0.80748 -0.30924
vt 1 0
v 0.69900 0.89151 0.68873
vn -0.00082 0.93386 -0.35765
vt 1 1
f 5047/5047/5047 5048/5048/5048 5049/5049/5049
usemtl green_off
v 0.69828 0.88976 0.68492
vn -0.49806 0.78402 -0.37047
vt 0 0
v 0.69900 0.89151 0.68873
vn -0.00082 0.93386 -0.35765
vt 1 0
v 0.69927 0.89006 0.68495
vn -0.00083 0.93383 -0.35773
vt 1 1
f 5050/5050/5050 5051/5051/5051 5052/5052/5052
usemtl green_off
v 0.69728 0.84934 0.70026
vn -0.99142 -0.05258 -0.11965
vt 0 0
v 0.69812 0.84783 0.69631
vn -0.96590 -0.09852 -0.23944
vt 1 0
v 0.69838 0.84692 0.69673
vn -0.83706 -0.54624 -0.03100
vt 1 1
f 5053/5053/5053 5054/5054/5054 5055/5055/5055
usemtl green_off
v 0.69728 0.84934 0.70026
vn -0.99142 -0.05258 -0.11965
vt 0 0
v 0.69838 0.84692 0.69673
vn -0.83706 -0.54624 -0.03100
vt 1 0
v 0.69755 0.84842 0.70065
vn -0.85918 -0.50647 0.07282
vt 1 1
f 5056/5056/5056 5057/5057/5057 5058/5058/5058
usemtl green_off
v 0.69755 0.84842 0.70065
vn -0.85916 -0.50649 0.07288
vt 0 0
v 0.69838 0.84692 0.69673
vn -0.83705 -0.54625 -0.03091
vt 1 0
v 0.69909 0.84630 0.69717
vn -0.48529 -0.85393 0.18787
vt 1 1
f 5059/5059/5059 5060/5060/5060 5061/5061/5061
usemtl green_off
v 0.69755 0.84842 0.70065
vn -0.85916 -0.50649 0.07288
vt 0 0
v 0.69909 0.84630 0.69717
vn -0.48529 -0.85393 0.18787
vt 1 0
v 0.69828 0.84777 0.70100
vn -0.49811 -0.83089 0.24802
vt 1 1
f 5062/5062/5062 5063/5063/5063 5064/5064/5064
usemtl green_off
v 0.69828 0.84777 0.70100
vn -0.49800 -0.83096 0.24801
vt 0 0
v 0.69909 0.84630 0.69717
vn -0.48518 -0.85400 0.18782
vt 1 0
v 0.70006 0.84615 0.69751
vn -0.00073 -0.93393 0.35745
vt 1 1
f 5065/5065/5065 5066/5066/5066 5067/5067/5067
usemtl green_off
v 0.69828 0.84777 0.70100
vn -0.49800 -0.83096 0.24801
vt 0 0
v 0.70006 0.84615 0.69751
vn -0.00073 -0.93393 0.35745
vt 1 0
v 0.69927 0.84757 0.70122
vn -0.00076 -0.93390 0.35753
vt 1 1
f 5068/5068/5068 5069/5069/5069 5070/5070/5070
usemtl green_off
v 0.69812 0.88658 0.68147
vn -0.96590 -0.08663 -0.24398
vt 0 0
v 0.69728 0.88810 0.68542
vn -0.99142 -0.04074 -0.12417
vt 1 0
v 0.69755 0.88904 0.68509
vn -0.85918 0.42555 -0.28411
vt 1 1
f 5071/5071/5071 5072/5072/5072 5073/5073/5073
usemtl green_off
v 0.69812 0.88658 0.68147
vn -0.96590 -0.08663 -0.24398
vt 0 0
v 0.69755 0.88904 0.68509
vn -0.85918 0.42555 -0.28411
vt 1 0
v 0.69838 0.88754 0.68117
vn -0.83706 0.38578 -0.38794
vt 1 1
f 5074/5074/5074 5075/5075/5075 5076/5076/5076
usemtl green_off
v 0.69838 0.88754 0.68117
vn -0.83704 0.38581 -0.38796
vt 0 0
v 0.69755 0.88904 0.68509
vn -0.85915 0.42557 -0.28416
vt 1 0
v 0.69828 0.88976 0.68492
vn -0.49810 0.78396 -0.37054
vt 1 1
f 5077/5077/5077 5078/5078/5078 5079/5079/5079
usemtl green_off
v 0.69838 0.88754 0.68117
vn -0.83704 0.38581 -0.38796
vt 0 0
v 0.69828 0.88976 0.68492
vn -0.49810 0.78396 -0.37054
vt 1 0
v 0.69909 0.88829 0.68109
vn -0.48529 0.76092 -0.43069
vt 1 1
f 5080/5080/5080 5081/5081/5081 5082/5082/5082
usemtl green_off
v 0.69909 0.88829 0.68109
vn -0.48523 0.76098 -0.43065
vt 0 0
v 0.69828 0.88976 0.68492
vn -0.49805 0.78403 -0.37046
vt 1 0
v 0.69927 0.89006 0.68495
vn -0.00081 0.93382 -0.35775
vt 1 1
f 5083/5083/5083 5084/5084/5084 5085/5085/5085
usemtl green_off
v 0.69909 0.88829 0.68109
vn -0.48523 0.76098 -0.43065
vt 0 0
v 0.69927 0.89006 0.68495
vn -0.00081 0.93382 -0.35775
vt 1 0
v 0.70006 0.88864 0.68123
vn -0.00079 0.93379 -0.35782
vt 1 1
f 5086/5086/5086 5087/5087/5087 5088/5088/5088
usemtl green_off
v 0.69812 0.84783 0.69631
vn -0.96590 -0.09852 -0.23944
vt 0 0
v 0.69951 0.84637 0.69249
vn -0.92385 -0.14276 -0.35513
vt 1 0
v 0.69976 0.84547 0.69295
vn -0.80063 -0.58461 -0.13126
vt 1 1
f 5089/5089/5089 5090/5090/5090 5091/5091/5091
usemtl green_off
v 0.69812 0.84783 0.69631
vn -0.96590 -0.09852 -0.23944
vt 0 0
v 0.69976 0.84547 0.69295
vn -0.80063 -0.58461 -0.13126
vt 1 0
v 0.69838 0.84692 0.69673
vn -0.83706 -0.54624 -0.03100
vt 1 1
f 5092/5092/5092 5093/5093/5093 5094/5094/5094
usemtl green_off
v 0.69838 0.84692 0.69673
vn -0.83706 -0.54624 -0.03099
vt 0 0
v 0.69976 0.84547 0.69295
vn -0.80064 -0.58461 -0.13121
vt 1 0
v 0.70044 0.84489 0.69347
vn -0.46421 -0.87618 0.12971
vt 1 1
f 5095/5095/5095 5096/5096/5096 5097/5097/5097
usemtl green_off
v 0.69838 0.84692 0.69673
vn -0.83706 -0.54624 -0.03099
vt 0 0
v 0.70044 0.84489 0.69347
vn -0.46421 -0.87618 0.12971
vt 1 0
v 0.69909 0.84630 0.69717
vn -0.48532 -0.85394 0.18778
vt 1 1
f 5098/5098/5098 5099/5099/5099 5100/5100/5100
usemtl green_off
v 0.69909 0.84630 0.69717
vn -0.48519 -0.85399 0.18786
vt 0 0
v 0.70044 0.84489 0.69347
vn -0.46407 -0.87624 0.12976
vt 1 0
v 0.70136 0.84477 0.69392
vn -0.00072 -0.93395 0.35740
vt 1 1
f 5101/5101/5101 5102/5102/5102 5103/5103/5103
usemtl green_off
v 0.69909 0.84630 0.69717
vn -0.48519 -0.85399 0.18786
vt 0 0
v 0.70136 0.84477 0.69392
vn -0.00072 -0.93395 0.35740
vt 1 0
v 0.70006 0.84615 0.69751
vn -0.00074 -0.93393 0.35747
vt 1 1
f 5104/5104/5104 5105/5105/5105 5106/5106/5106
usemtl green_off
v 0.69951 0.88512 0.67765
vn -0.92386 -0.13099 -0.35961
vt 0 0
v 0.69812 0.88658 0.68147
vn -0.96590 -0.08663 -0.24398
vt 1 0
v 0.69838 0.88754 0.68117
vn -0.83706 0.38578 -0.38794
vt 1 1
f 5107/5107/5107 5108/5108/5108 5109/5109/5109
usemtl green_off
v 0.69951 0.88512 0.67765
vn -0.92386 -0.13099 -0.35961
vt 0 0
v 0.69838 0.88754 0.68117
vn -0.83706 0.38578 -0.38794
vt 1 0
v 0.69976 0.88609 0.67739
vn -0.80064 0.34737 -0.48816
vt 1 1
f 5110/5110/5110 5111/5111/5111 5112/5112/5112
usemtl green_off
v 0.69976 0.88609 0.67739
vn -0.80060 0.34744 -0.48818
vt 0 0
v 0.69838 0.88754 0.68117
vn -0.83703 0.38582 -0.38797
vt 1 0
v 0.69909 0.88829 0.68109
vn -0.48527 0.76092 -0.43071
vt 1 1
f 5113/5113/5113 5114/5114/5114 5115/5115/5115
usemtl green_off
v 0.69976 0.88609 0.67739
vn -0.80060 0.34744 -0.48818
vt 0 0
v 0.69909 0.88829 0.68109
vn -0.48527 0.76092 -0.43071
vt 1 0
v 0.70044 0.88688 0.67739
vn -0.46416 0.73868 -0.48878
vt 1 1
f 5116/5116/5116 5117/5117/5117 5118/5118/5118
usemtl green_off
v 0.70044 0.88688 0.67739
vn -0.46403 0.73876 -0.48878
vt 0 0
v 0.69909 0.88829 0.68109
vn -0.48514 0.76102 -0.43068
vt 1 0
v 0.70006 0.88864 0.68123
vn -0.00069 0.93378 -0.35786
vt 1 1
f 5119/5119/5119 5120/5120/5120 5121/5121/5121
usemtl green_off
v 0.70044 0.88688 0.67739
vn -0.46403 0.73876 -0.48878
vt 0 0
v 0.70006 0.88864 0.68123
vn -0.00069 0.93378 -0.35786
vt 1 0
v 0.70136 0.88726 0.67765
vn -0.00067 0.93375 -0.35793
vt 1 1
f 5122/5122/5122 5123/5123/5123 5124/5124/5124
usemtl green_off
v 0.69951 0.84637 0.69249
vn -0.92385 -0.14276 -0.35513
vt 0 0
v 0.70142 0.84498 0.68888
vn -0.86600 -0.18476 -0.46466
vt 1 0
v 0.70165 0.84410 0.68936
vn -0.75049 -0.62097 -0.22620
vt 1 1
f 5125/5125/5125 5126/5126/5126 5127/5127/5127
usemtl green_off
v 0.69951 0.84637 0.69249
vn -0.92385 -0.14276 -0.35513
vt 0 0
v 0.70165 0.84410 0.68936
vn -0.75049 -0.62097 -0.22620
vt 1 0
v 0.69976 0.84547 0.69295
vn -0.80063 -0.58461 -0.13126
vt 1 1
f 5128/5128/5128 5129/5129/5129 5130/5130/5130
usemtl green_off
v 0.69976 0.84547 0.69295
vn -0.80058 -0.58469 -0.13116
vt 0 0
v 0.70165 0.84410 0.68936
vn -0.75046 -0.62104 -0.22608
vt 1 0
v 0.70229 0.84354 0.68996
vn -0.43507 -0.89729 0.07473
vt 1 1
f 5131/5131/5131 5132/5132/5132 5133/5133/5133
usemtl green_off
v 0.69976 0.84547 0.69295
vn -0.80058 -0.58469 -0.13116
vt 0 0
v 0.70229 0.84354 0.68996
vn -0.43507 -0.89729 0.07473
vt 1 0
v 0.70044 0.84489 0.69347
vn -0.46412 -0.87622 0.12973
vt 1 1
f 5134/5134/5134 5135/5135/5135 5136/5136/5136
usemtl green_off
v 0.70044 0.84489 0.69347
vn -0.46404 -0.87625 0.12980
vt 0 0
v 0.70229 0.84354 0.68996
vn -0.43498 -0.89733 0.07477
vt 1 0
v 0.70316 0.84347 0.69053
vn -0.00064 -0.93397 0.35734
vt 1 1
f 5137/5137/5137 5138/5138/5138 5139/5139/5139
usemtl green_off
v 0.70044 0.84489 0.69347
vn -0.46404 -0.87625 0.12980
vt 0 0
v 0.70316 0.84347 0.69053
vn -0.00064 -0.93397 0.35734
vt 1 0
v 0.70136 0.84477 0.69392
vn -0.00067 -0.93395 0.35741
vt 1 1
f 5140/5140/5140 5141/5141/5141 5142/5142/5142
usemtl green_off
v 0.70142 0.88374 0.67403
vn -0.86602 -0.17290 -0.46917
vt 0 0
v 0.69951 0.88512 0.67765
vn -0.92386 -0.13099 -0.35961
vt 1 0
v 0.69976 0.88609 0.67739
vn -0.80064 0.34737 -0.48816
vt 1 1
f 5143/5143/5143 5144/5144/5144 5145/5145/5145
usemtl green_off
v 0.70142 0.88374 0.67403
vn -0.86602 -0.17290 -0.46917
vt 0 0
v 0.69976 0.88609 0.67739
vn -0.80064 0.34737 -0.48816
vt 1 0
v 0.70165 0.88472 0.67380
vn -0.75052 0.31101 -0.58309
vt 1 1
f 5146/5146/5146 5147/5147/5147 5148/5148/5148
usemtl green_off
v 0.70165 0.88472 0.67380
vn -0.75044 0.31110 -0.58314
vt 0 0
v 0.69976 0.88609 0.67739
vn -0.80057 0.34746 -0.48823
vt 1 0
v 0.70044 0.88688 0.67739
vn -0.46410 0.73868 -0.48884
vt 1 1
f 5149/5149/5149 5150/5150/5150 5151/5151/5151
usemtl green_off
v 0.70165 0.88472 0.67380
vn -0.75044 0.31110 -0.58314
vt 0 0
v 0.70044 0.88688 0.67739
vn -0.46410 0.73868 -0.48884
vt 1 0
v 0.70229 0.88553 0.67388
vn -0.43505 0.71761 -0.54384
vt 1 1
f 5152/5152/5152 5153/5153/5153 5154/5154/5154
usemtl green_off
v 0.70229 0.88553 0.67388
vn -0.43504 0.71764 -0.54382
vt 0 0
v 0.70044 0.88688 0.67739
vn -0.46410 0.73872 -0.48879
vt 1 0
v 0.70136 0.88726 0.67765
vn -0.00074 0.93373 -0.35798
vt 1 1
f 5155/5155/5155 5156/5156/5156 5157/5157/5157
usemtl green_off
v 0.70229 0.88553 0.67388
vn -0.43504 0.71764 -0.54382
vt 0 0
v 0.70136 0.88726 0.67765
vn -0.00074 0.93373 -0.35798
vt 1 0
v 0.70316 0.88596 0.67425
vn -0.00070 0.93371 -0.35804
vt 1 1
f 5158/5158/5158 5159/5159/5159 5160/5160/5160
usemtl green_off
v 0.70142 0.84498 0.68888
vn -0.86600 -0.18476 -0.46466
vt 0 0
v 0.70382 0.84370 0.68552
vn -0.79333 -0.22367 -0.56621
vt 1 0
v 0.70403 0.84282 0.68603
vn -0.68751 -0.65469 -0.31418
vt 1 1
f 5161/5161/5161 5162/5162/5162 5163/5163/5163
usemtl green_off
v 0.70142 0.84498 0.68888
vn -0.86600 -0.18476 -0.46466
vt 0 0
v 0.70403 0.84282 0.68603
vn -0.68751 -0.65469 -0.31418
vt 1 0
v 0.70165 0.84410 0.68936
vn -0.75049 -0.62097 -0.22620
vt 1 1
f 5164/5164/5164 5165/5165/5165 5166/5166/5166
usemtl green_off
v 0.70165 0.84410 0.68936
vn -0.75046 -0.62102 -0.22612
vt 0 0
v 0.70403 0.84282 0.68603
vn -0.68751 -0.65473 -0.31411
vt 1 0
v 0.70461 0.84230 0.68671
vn -0.39859 -0.91682 0.02368
vt 1 1
f 5167/5167/5167 5168/5168/5168 5169/5169/5169
usemtl green_off
v 0.70165 0.84410 0.68936
vn -0.75046 -0.62102 -0.22612
vt 0 0
v 0.70461 0.84230 0.68671
vn -0.39859 -0.91682 0.02368
vt 1 0
v 0.70229 0.84354 0.68996
vn -0.43508 -0.89729 0.07466
vt 1 1
f 5170/5170/5170 5171/5171/5171 5172/5172/5172
usemtl green_off
v 0.70229 0.84354 0.68996
vn -0.43499 -0.89733 0.07473
vt 0 0
v 0.70461 0.84230 0.68671
vn -0.39849 -0.91687 0.02370
vt 1 0
v 0.70541 0.84227 0.68738
vn -0.00060 -0.93402 0.35723
vt 1 1
f 5173/5173/5173 5174/5174/5174 5175/5175/5175
usemtl green_off
v 0.70229 0.84354 0.68996
vn -0.43499 -0.89733 0.07473
vt 0 0
v 0.70541 0.84227 0.68738
vn -0.00060 -0.93402 0.35723
vt 1 0
v 0.70316 0.84347 0.69053
vn -0.00065 -0.93399 0.35729
vt 1 1
f 5176/5176/5176 5177/5177/5177 5178/5178/5178
usemtl green_off
v 0.70382 0.88245 0.67068
vn -0.79335 -0.21179 -0.57074
vt 0 0
v 0.70142 0.88374 0.67403
vn -0.86602 -0.17290 -0.46917
vt 1 0
v 0.70165 0.88472 0.67380
vn -0.75052 0.31101 -0.58309
vt 1 1
f 5179/5179/5179 5180/5180/5180 5181/5181/5181
usemtl green_off
v 0.70382 0.88245 0.67068
vn -0.79335 -0.21179 -0.57074
vt 0 0
v 0.70165 0.88472 0.67380
vn -0.75052 0.31101 -0.58309
vt 1 0
v 0.70403 0.88344 0.67048
vn -0.68754 0.27731 -0.67111
vt 1 1
f 5182/5182/5182 5183/5183/5183 5184/5184/5184
usemtl green_off
v 0.70403 0.88344 0.67048
vn -0.68747 0.27735 -0.67116
vt 0 0
v 0.70165 0.88472 0.67380
vn -0.75044 0.31105 -0.58317
vt 1 0
v 0.70229 0.88553 0.67388
vn -0.43506 0.71757 -0.54389
vt 1 1
f 5185/5185/5185 5186/5186/5186 5187/5187/5187
usemtl green_off
v 0.70403 0.88344 0.67048
vn -0.68747 0.27735 -0.67116
vt 0 0
v 0.70229 0.88553 0.67388
vn -0.43506 0.71757 -0.54389
vt 1 0
v 0.70461 0.88429 0.67063
vn -0.39857 0.69804 -0.59488
vt 1 1
f 5188/5188/5188 5189/5189/5189 5190/5190/5190
usemtl green_off
v 0.70461 0.88429 0.67063
vn -0.39849 0.69813 -0.59483
vt 0 0
v 0.70229 0.88553 0.67388
vn -0.43500 0.71767 -0.54380
vt 1 0
v 0.70316 0.88596 0.67425
vn -0.00065 0.93371 -0.35803
vt 1 1
f 5191/5191/5191 5192/5192/5192 5193/5193/5193
usemtl green_off
v 0.70461 0.88429 0.67063
vn -0.39849 0.69813 -0.59483
vt 0 0
v 0.70316 0.88596 0.67425
vn -0.00065 0.93371 -0.35803
vt 1 0
v 0.70541 0.88476 0.67111
vn -0.00060 0.93369 -0.35809
vt 1 1
f 5194/5194/5194 5195/5195/5195 5196/5196/5196
usemtl green_off
v 0.70382 0.84370 0.68552
vn -0.79333 -0.22367 -0.56621
vt 0 0
v 0.70667 0.84254 0.68249
vn -0.70708 -0.25884 -0.65806
vt 1 0
v 0.70686 0.84167 0.68303
vn -0.61277 -0.68516 -0.39379
vt 1 1
f 5197/5197/5197 5198/5198/5198 5199/5199/5199
usemtl green_off
v 0.70382 0.84370 0.68552
vn -0.79333 -0.22367 -0.56621
vt 0 0
v 0.70686 0.84167 0.68303
vn -0.61277 -0.68516 -0.39379
vt 1 0
v 0.70403 0.84282 0.68603
vn -0.68751 -0.65469 -0.31418
vt 1 1
f 5200/5200/5200 5201/5201/5201 5202/5202/5202
usemtl green_off
v 0.70403 0.84282 0.68603
vn -0.68751 -0.65470 -0.31415
vt 0 0
v 0.70686 0.84167 0.68303
vn -0.61280 -0.68518 -0.39371
vt 1 0
v 0.70737 0.84117 0.68377
vn -0.35530 -0.93448 -0.02248
vt 1 1
f 5203/5203/5203 5204/5204/5204 5205/5205/5205
usemtl green_off
v 0.70403 0.84282 0.68603
vn -0.68751 -0.65470 -0.31415
vt 0 0
v 0.70737 0.84117 0.68377
vn -0.35530 -0.93448 -0.02248
vt 1 0
v 0.70461 0.84230 0.68671
vn -0.39860 -0.91682 0.02363
vt 1 1
f 5206/5206/5206 5207/5207/5207 5208/5208/5208
usemtl green_off
v 0.70461 0.84230 0.68671
vn -0.39852 -0.91685 0.02373
vt 0 0
v 0.70737 0.84117 0.68377
vn -0.35519 -0.93453 -0.02240
vt 1 0
v 0.70808 0.84118 0.68453
vn -0.00056 -0.93404 0.35718
vt 1 1
f 5209/5209/5209 5210/5210/5210 5211/5211/5211
usemtl green_off
v 0.70461 0.84230 0.68671
vn -0.39852 -0.91685 0.02373
vt 0 0
v 0.70808 0.84118 0.68453
vn -0.00056 -0.93404 0.35718
vt 1 0
v 0.70541 0.84227 0.68738
vn -0.00061 -0.93402 0.35723
vt 1 1
f 5212/5212/5212 5213/5213/5213 5214/5214/5214
usemtl green_off
v 0.70667 0.88129 0.66765
vn -0.70710 -0.24697 -0.66258
vt 0 0
v 0.70382 0.88245 0.67068
vn -0.79335 -0.21179 -0.57074
vt 1 0
v 0.70403 0.88344 0.67048
vn -0.68754 0.27731 -0.67111
vt 1 1
f 5215/5215/5215 5216/5216/5216 5217/5217/5217
usemtl green_off
v 0.70667 0.88129 0.66765
vn -0.70710 -0.24697 -0.66258
vt 0 0
v 0.70403 0.88344 0.67048
vn -0.68754 0.27731 -0.67111
vt 1 0
v 0.70686 0.88229 0.66747
vn -0.61280 0.24682 -0.75071
vt 1 1
f 5218/5218/5218 5219/5219/5219 5220/5220/5220
usemtl green_off
v 0.70686 0.88229 0.66747
vn -0.61278 0.24688 -0.75070
vt 0 0
v 0.70403 0.88344 0.67048
vn -0.68750 0.27735 -0.67114
vt 1 0
v 0.70461 0.88429 0.67063
vn -0.39858 0.69804 -0.59487
vt 1 1
f 5221/5221/5221 5222/5222/5222 5223/5223/5223
usemtl green_off
v 0.70686 0.88229 0.66747
vn -0.61278 0.24688 -0.75070
vt 0 0
v 0.70461 0.88429 0.67063
vn -0.39858 0.69804 -0.59487
vt 1 0
v 0.70737 0.88316 0.66769
vn -0.35529 0.68038 -0.64098
vt 1 1
f 5224/5224/5224 5225/5225/5225 5226/5226/5226
usemtl green_off
v 0.70737 0.88316 0.66769
vn -0.35520 0.68045 -0.64095
vt 0 0
v 0.70461 0.88429 0.67063
vn -0.39853 0.69812 -0.59482
vt 1 0
v 0.70541 0.88476 0.67111
vn -0.00062 0.93368 -0.35811
vt 1 1
f 5227/5227/5227 5228/5228/5228 5229/5229/5229
usemtl green_off
v 0.70737 0.88316 0.66769
vn -0.35520 0.68045 -0.64095
vt 0 0
v 0.70541 0.88476 0.67111
vn -0.00062 0.93368 -0.35811
vt 1 0
v 0.70808 0.88367 0.66826
vn -0.00058 0.93366 -0.35817
vt 1 1
f 5230/5230/5230 5231/5231/5231 5232/5232/5232
usemtl green_off
v 0.70667 0.84254 0.68249
vn -0.70708 -0.25884 -0.65806
vt 0 0
v 0.70991 0.84152 0.67984
vn -0.60874 -0.28968 -0.73860
vt 1 0
v 0.71007 0.84066 0.68039
vn -0.52753 -0.71189 -0.46360
vt 1 1
f 5233/5233/5233 5234/5234/5234 5235/5235/5235
usemtl green_off
v 0.70667 0.84254 0.68249
vn -0.70708 -0.25884 -0.65806
vt 0 0
v 0.71007 0.84066 0.68039
vn -0.52753 -0.71189 -0.46360
vt 1 0
v 0.70686 0.84167 0.68303
vn -0.61277 -0.68516 -0.39379
vt 1 1
f 5236/5236/5236 5237/5237/5237 5238/5238/5238
usemtl green_off
v 0.70686 0.84167 0.68303
vn -0.61277 -0.68518 -0.39374
vt 0 0
v 0.71007 0.84066 0.68039
vn -0.52758 -0.71191 -0.46352
vt 1 0
v 0.71052 0.84019 0.68120
vn -0.30589 -0.94998 -0.06296
vt 1 1
f 5239/5239/5239 5240/5240/5240 5241/5241/5241
usemtl green_off
v 0.70686 0.84167 0.68303
vn -0.61277 -0.68518 -0.39374
vt 0 0
v 0.71052 0.84019 0.68120
vn -0.30589 -0.94998 -0.06296
vt 1 0
v 0.70737 0.84117 0.68377
vn -0.35527 -0.93449 -0.02252
vt 1 1
f 5242/5242/5242 5243/5243/5243 5244/5244/5244
usemtl green_off
v 0.70737 0.84117 0.68377
vn -0.35511 -0.93455 -0.02242
vt 0 0
v 0.71052 0.84019 0.68120
vn -0.30571 -0.95005 -0.06289
vt 1 0
v 0.71113 0.84022 0.68204
vn -0.00040 -0.93407 0.35709
vt 1 1
f 5245/5245/5245 5246/5246/5246 5247/5247/5247
usemtl green_off
v 0.70737 0.84117 0.68377
vn -0.35511 -0.93455 -0.02242
vt 0 0
v 0.71113 0.84022 0.68204
vn -0.00040 -0.93407 0.35709
vt 1 0
v 0.70808 0.84118 0.68453
vn -0.00047 -0.93405 0.35714
vt 1 1
f 5248/5248/5248 5249/5249/5249 5250/5250/5250
usemtl green_off
v 0.70991 0.88027 0.66499
vn -0.60874 -0.27782 -0.74313
vt 0 0
v 0.70667 0.88129 0.66765
vn -0.70710 -0.24697 -0.66258
vt 1 0
v 0.70686 0.88229 0.66747
vn -0.61280 0.24682 -0.75071
vt 1 1
f 5251/5251/5251 5252/5252/5252 5253/5253/5253
usemtl green_off
v 0.70991 0.88027 0.66499
vn -0.60874 -0.27782 -0.74313
vt 0 0
v 0.70686 0.88229 0.66747
vn -0.61280 0.24682 -0.75071
vt 1 0
v 0.71007 0.88128 0.66483
vn -0.52755 0.22007 -0.82052
vt 1 1
f 5254/5254/5254 5255/5255/5255 5256/5256/5256
usemtl green_off
v 0.71007 0.88128 0.66483
vn -0.52751 0.22015 -0.82053
vt 0 0
v 0.70686 0.88229 0.66747
vn -0.61271 0.24687 -0.75076
vt 1 0
v 0.70737 0.88316 0.66769
vn -0.35520 0.68037 -0.64104
vt 1 1
f 5257/5257/5257 5258/5258/5258 5259/5259/5259
usemtl green_off
v 0.71007 0.88128 0.66483
vn -0.52751 0.22015 -0.82053
vt 0 0
v 0.70737 0.88316 0.66769
vn -0.35520 0.68037 -0.64104
vt 1 0
v 0.71052 0.88218 0.66512
vn -0.30582 0.66488 -0.68147
vt 1 1
f 5260/5260/5260 5261/5261/5261 5262/5262/5262
usemtl green_off
v 0.71052 0.88218 0.66512
vn -0.30582 0.66495 -0.68141
vt 0 0
v 0.70737 0.88316 0.66769
vn -0.35523 0.68044 -0.64095
vt 1 0
v 0.70808 0.88367 0.66826
vn -0.00058 0.93365 -0.35818
vt 1 1
f 5263/5263/5263 5264/5264/5264 5265/5265/5265
usemtl green_off
v 0.71052 0.88218 0.66512
vn -0.30582 0.66495 -0.68141
vt 0 0
v 0.70808 0.88367 0.66826
vn -0.00058 0.93365 -0.35818
vt 1 0
v 0.71113 0.88271 0.66576
vn -0.00052 0.93363 -0.35823
vt 1 1
f 5266/5266/5266 5267/5267/5267 5268/5268/5268
usemtl green_off
v 0.70991 0.84152 0.67984
vn -0.60874 -0.28968 -0.73860
vt 0 0
v 0.71350 0.84066 0.67760
vn -0.49997 -0.31567 -0.80646
vt 1 0
v 0.71363 0.83981 0.67817
vn -0.43328 -0.73441 -0.52240
vt 1 1
f 5269/5269/5269 5270/5270/5270 5271/5271/5271
usemtl green_off
v 0.70991 0.84152 0.67984
vn -0.60874 -0.28968 -0.73860
vt 0 0
v 0.71363 0.83981 0.67817
vn -0.43328 -0.73441 -0.52240
vt 1 0
v 0.71007 0.84066 0.68039
vn -0.52753 -0.71189 -0.46360
vt 1 1
f 5272/5272/5272 5273/5273/5273 5274/5274/5274
usemtl green_off
v 0.71007 0.84066 0.68039
vn -0.52755 -0.71193 -0.46351
vt 0 0
v 0.71363 0.83981 0.67817
vn -0.43333 -0.73445 -0.52231
vt 1 0
v 0.71400 0.83935 0.67903
vn -0.25125 -0.96305 -0.09703
vt 1 1
f 5275/5275/5275 5276/5276/5276 5277/5277/5277
usemtl green_off
v 0.71007 0.84066 0.68039
vn -0.52755 -0.71193 -0.46351
vt 0 0
v 0.71400 0.83935 0.67903
vn -0.25125 -0.96305 -0.09703
vt 1 0
v 0.71052 0.84019 0.68120
vn -0.30585 -0.95000 -0.06296
vt 1 1
f 5278/5278/5278 5279/5279/5279 5280/5280/5280
usemtl green_off
v 0.71052 0.84019 0.68120
vn -0.30575 -0.95003 -0.06287
vt 0 0
v 0.71400 0.83935 0.67903
vn -0.25112 -0.96309 -0.09696
vt 1 0
v 0.71450 0.83941 0.67993
vn -0.00036 -0.93409 0.35705
vt 1 1
f 5281/5281/5281 5282/5282/5282 5283/5283/5283
usemtl green_off
v 0.71052 0.84019 0.68120
vn -0.30575 -0.95003 -0.06287
vt 0 0
v 0.71450 0.83941 0.67993
vn -0.00036 -0.93409 0.35705
vt 1 0
v 0.71113 0.84022 0.68204
vn -0.00043 -0.93407 0.35709
vt 1 1
f 5284/5284/5284 5285/5285/5285 5286/5286/5286
usemtl green_off
v 0.71350 0.87942 0.66275
vn -0.49999 -0.30381 -0.81099
vt 0 0
v 0.70991 0.88027 0.66499
vn -0.60874 -0.27782 -0.74313
vt 1 0
v 0.71007 0.88128 0.66483
vn -0.52755 0.22007 -0.82052
vt 1 1
f 5287/5287/5287 5288/5288/5288 5289/5289/5289
usemtl green_off
v 0.71350 0.87942 0.66275
vn -0.49999 -0.30381 -0.81099
vt 0 0
v 0.71007 0.88128 0.66483
vn -0.52755 0.22007 -0.82052
vt 1 0
v 0.71363 0.88043 0.66261
vn -0.43331 0.19755 -0.87933
vt 1 1
f 5290/5290/5290 5291/5291/5291 5292/5292/5292
usemtl green_off
v 0.71363 0.88043 0.66261
vn -0.43331 0.19764 -0.87931
vt 0 0
v 0.71007 0.88128 0.66483
vn -0.52754 0.22015 -0.82051
vt 1 0
v 0.71052 0.88218 0.66512
vn -0.30583 0.66488 -0.68147
vt 1 1
f 5293/5293/5293 5294/5294/5294 5295/5295/5295
usemtl green_off
v 0.71363 0.88043 0.66261
vn -0.43331 0.19764 -0.87931
vt 0 0
v 0.71052 0.88218 0.66512
vn -0.30583 0.66488 -0.68147
vt 1 0
v 0.71400 0.88134 0.66294
vn -0.25123 0.65183 -0.71554
vt 1 1
f 5296/5296/5296 5297/5297/5297 5298/5298/5298
usemtl green_off
v 0.71400 0.88134 0.66294
vn -0.25115 0.65191 -0.71550
vt 0 0
v 0.71052 0.88218 0.66512
vn -0.30578 0.66497 -0.68141
vt 1 0
v 0.71113 0.88271 0.66576
vn -0.00046 0.93363 -0.35823
vt 1 1
f 5299/5299/5299 5300/5300/5300 5301/5301/5301
usemtl green_off
v 0.71400 0.88134 0.66294
vn -0.25115 0.65191 -0.71550
vt 0 0
v 0.71113 0.88271 0.66576
vn -0.00046 0.93363 -0.35823
vt 1 0
v 0.71450 0.88190 0.66366
vn -0.00039 0.93362 -0.35828
vt 1 1
f 5302/5302/5302 5303/5303/5303 5304/5304/5304
usemtl green_off
v 0.71350 0.84066 0.67760
vn -0.49997 -0.31567 -0.80646
vt 0 0
v 0.71737 0.83998 0.67581
vn -0.38267 -0.33636 -0.86048
vt 1 0
v 0.71747 0.83913 0.67640
vn -0.33163 -0.75234 -0.56922
vt 1 1
f 5305/5305/5305 5306/5306/5306 5307/5307/5307
usemtl green_off
v 0.71350 0.84066 0.67760
vn -0.49997 -0.31567 -0.80646
vt 0 0
v 0.71747 0.83913 0.67640
vn -0.33163 -0.75234 -0.56922
vt 1 0
v 0.71363 0.83981 0.67817
vn -0.43328 -0.73441 -0.52240
vt 1 1
f 5308/5308/5308 5309/5309/5309 5310/5310/5310
usemtl green_off
v 0.71363 0.83981 0.67817
vn -0.43328 -0.73445 -0.52235
vt 0 0
v 0.71747 0.83913 0.67640
vn -0.33165 -0.75238 -0.56916
vt 1 0
v 0.71775 0.83869 0.67730
vn -0.19229 -0.97345 -0.12420
vt 1 1
f 5311/5311/5311 5312/5312/5312 5313/5313/5313
usemtl green_off
v 0.71363 0.83981 0.67817
vn -0.43328 -0.73445 -0.52235
vt 0 0
v 0.71775 0.83869 0.67730
vn -0.19229 -0.97345 -0.12420
vt 1 0
v 0.71400 0.83935 0.67903
vn -0.25120 -0.96305 -0.09709
vt 1 1
f 5314/5314/5314 5315/5315/5315 5316/5316/5316
usemtl green_off
v 0.71400 0.83935 0.67903
vn -0.25118 -0.96307 -0.09696
vt 0 0
v 0.71775 0.83869 0.67730
vn -0.19224 -0.97347 -0.12410
vt 1 0
v 0.71814 0.83877 0.67826
vn -0.00033 -0.93410 0.35701
vt 1 1
f 5317/5317/5317 5318/5318/5318 5319/5319/5319
usemtl green_off
v 0.71400 0.83935 0.67903
vn -0.25118 -0.96307 -0.09696
vt 0 0
v 0.71814 0.83877 0.67826
vn -0.00033 -0.93410 0.35701
vt 1 0
v 0.71450 0.83941 0.67993
vn -0.00039 -0.93409 0.35704
vt 1 1
f 5320/5320/5320 5321/5321/5321 5322/5322/5322
usemtl green_off
v 0.71737 0.87873 0.66097
vn -0.38268 -0.32455 -0.86500
vt 0 0
v 0.71350 0.87942 0.66275
vn -0.49999 -0.30381 -0.81099
vt 1 0
v 0.71363 0.88043 0.66261
vn -0.43331 0.19755 -0.87933
vt 1 1
f 5323/5323/5323 5324/5324/5324 5325/5325/5325
usemtl green_off
v 0.71737 0.87873 0.66097
vn -0.38268 -0.32455 -0.86500
vt 0 0
v 0.71363 0.88043 0.66261
vn -0.43331 0.19755 -0.87933
vt 1 0
v 0.71747 0.87976 0.66084
vn -0.33165 0.17962 -0.92614
vt 1 1
f 5326/5326/5326 5327/5327/5327 5328/5328/5328
usemtl green_off
v 0.71747 0.87976 0.66084
vn -0.33159 0.17970 -0.92615
vt 0 0
v 0.71363 0.88043 0.66261
vn -0.43323 0.19763 -0.87935
vt 1 0
v 0.71400 0.88134 0.66294
vn -0.25114 0.65182 -0.71558
vt 1 1
f 5329/5329/5329 5330/5330/5330 5331/5331/5331
usemtl green_off
v 0.71747 0.87976 0.66084
vn -0.33159 0.17970 -0.92615
vt 0 0
v 0.71400 0.88134 0.66294
vn -0.25114 0.65182 -0.71558
vt 1 0
v 0.71775 0.88068 0.66122
vn -0.19223 0.64143 -0.74270
vt 1 1
f 5332/5332/5332 5333/5333/5333 5334/5334/5334
usemtl green_off
v 0.71775 0.88068 0.66122
vn -0.19222 0.64152 -0.74263
vt 0 0
v 0.71400 0.88134 0.66294
vn -0.25116 0.65191 -0.71549
vt 1 0
v 0.71450 0.88190 0.66366
vn -0.00037 0.93361 -0.35828
vt 1 1
f 5335/5335/5335 5336/5336/5336 5337/5337/5337
usemtl green_off
v 0.71775 0.88068 0.66122
vn -0.19222 0.64152 -0.74263
vt 0 0
v 0.71450 0.88190 0.66366
vn -0.00037 0.93361 -0.35828
vt 1 0
v 0.71814 0.88126 0.66198
vn -0.00031 0.93360 -0.35831
vt 1 1
f 5338/5338/5338 5339/5339/5339 5340/5340/5340
usemtl green_off
v 0.71737 0.83998 0.67581
vn -0.38267 -0.33636 -0.86048
vt 0 0
v 0.72146 0.83948 0.67452
vn -0.25881 -0.35140 -0.89974
vt 1 0
v 0.72153 0.83864 0.67512
vn -0.22430 -0.76537 -0.60324
vt 1 1
f 5341/5341/5341 5342/5342/5342 5343/5343/5343
usemtl green_off
v 0.71737 0.83998 0.67581
vn -0.38267 -0.33636 -0.86048
vt 0 0
v 0.72153 0.83864 0.67512
vn -0.22430 -0.76537 -0.60324
vt 1 0
v 0.71747 0.83913 0.67640
vn -0.33163 -0.75234 -0.56922
vt 1 1
f 5344/5344/5344 5345/5345/5345 5346/5346/5346
usemtl green_off
v 0.71747 0.83913 0.67640
vn -0.33164 -0.75239 -0.56915
vt 0 0
v 0.72153 0.83864 0.67512
vn -0.22433 -0.76542 -0.60317
vt 1 0
v 0.72172 0.83821 0.67604
vn -0.13008 -0.98100 -0.14392
vt 1 1
f 5347/5347/5347 5348/5348/5348 5349/5349/5349
usemtl green_off
v 0.71747 0.83913 0.67640
vn -0.33164 -0.75239 -0.56915
vt 0 0
v 0.72172 0.83821 0.67604
vn -0.13008 -0.98100 -0.14392
vt 1 0
v 0.71775 0.83869 0.67730
vn -0.19227 -0.97345 -0.12420
vt 1 1
f 5350/5350/5350 5351/5351/5351 5352/5352/5352
usemtl green_off
v 0.71775 0.83869 0.67730
vn -0.19216 -0.97349 -0.12409
vt 0 0
v 0.72172 0.83821 0.67604
vn -0.12994 -0.98103 -0.14383
vt 1 0
v 0.72198 0.83831 0.67704
vn -0.00014 -0.93411 0.35698
vt 1 1
f 5353/5353/5353 5354/5354/5354 5355/5355/5355
usemtl green_off
v 0.71775 0.83869 0.67730
vn -0.19216 -0.97349 -0.12409
vt 0 0
v 0.72198 0.83831 0.67704
vn -0.00014 -0.93411 0.35698
vt 1 0
v 0.71814 0.83877 0.67826
vn -0.00022 -0.93411 0.35700
vt 1 1
f 5356/5356/5356 5357/5357/5357 5358/5358/5358
usemtl green_off
v 0.72146 0.87824 0.65967
vn -0.25882 -0.33954 -0.90428
vt 0 0
v 0.71737 0.87873 0.66097
vn -0.38268 -0.32455 -0.86500
vt 1 0
v 0.71747 0.87976 0.66084
vn -0.33165 0.17962 -0.92614
vt 1 1
f 5359/5359/5359 5360/5360/5360 5361/5361/5361
usemtl green_off
v 0.72146 0.87824 0.65967
vn -0.25882 -0.33954 -0.90428
vt 0 0
v 0.71747 0.87976 0.66084
vn -0.33165 0.17962 -0.92614
vt 1 0
v 0.72153 0.87926 0.65956
vn -0.22430 0.16659 -0.96018
vt 1 1
f 5362/5362/5362 5363/5363/5363 5364/5364/5364
usemtl green_off
v 0.72153 0.87926 0.65956
vn -0.22429 0.16670 -0.96016
vt 0 0
v 0.71747 0.87976 0.66084
vn -0.33159 0.17972 -0.92615
vt 1 0
v 0.71775 0.88068 0.66122
vn -0.19222 0.64145 -0.74269
vt 1 1
f 5365/5365/5365 5366/5366/5366 5367/5367/5367
usemtl green_off
v 0.72153 0.87926 0.65956
vn -0.22429 0.16670 -0.96016
vt 0 0
v 0.71775 0.88068 0.66122
vn -0.19222 0.64145 -0.74269
vt 1 0
v 0.72172 0.88020 0.65996
vn -0.13004 0.63389 -0.76241
vt 1 1
f 5368/5368/5368 5369/5369/5369 5370/5370/5370
usemtl green_off
v 0.72172 0.88020 0.65996
vn -0.13001 0.63395 -0.76237
vt 0 0
v 0.71775 0.88068 0.66122
vn -0.19223 0.64151 -0.74264
vt 1 0
v 0.71814 0.88126 0.66198
vn -0.00029 0.93359 -0.35834
vt 1 1
f 5371/5371/5371 5372/5372/5372 5373/5373/5373
usemtl green_off
v 0.72172 0.88020 0.65996
vn -0.13001 0.63395 -0.76237
vt 0 0
v 0.71814 0.88126 0.66198
vn -0.00029 0.93359 -0.35834
vt 1 0
v 0.72198 0.88080 0.66077
vn -0.00021 0.93358 -0.35836
vt 1 1
f 5374/5374/5374 5375/5375/5375 5376/5376/5376
usemtl green_off
v 0.72146 0.83948 0.67452
vn -0.25881 -0.35140 -0.89974
vt 0 0
v 0.72569 0.83918 0.67373
vn -0.13056 -0.36048 -0.92359
vt 1 0
v 0.72573 0.83834 0.67434
vn -0.11310 -0.77328 -0.62389
vt 1 1
f 5377/5377/5377 5378/5378/5378 5379/5379/5379
usemtl green_off
v 0.72146 0.83948 0.67452
vn -0.25881 -0.35140 -0.89974
vt 0 0
v 0.72573 0.83834 0.67434
vn -0.11310 -0.77328 -0.62389
vt 1 0
v 0.72153 0.83864 0.67512
vn -0.22430 -0.76537 -0.60324
vt 1 1
f 5380/5380/5380 5381/5381/5381 5382/5382/5382
usemtl green_off
v 0.72153 0.83864 0.67512
vn -0.22427 -0.76543 -0.60318
vt 0 0
v 0.72573 0.83834 0.67434
vn -0.11313 -0.77333 -0.62383
vt 1 0
v 0.72582 0.83792 0.67528
vn -0.06560 -0.98559 -0.15590
vt 1 1
f 5383/5383/5383 5384/5384/5384 5385/5385/5385
usemtl green_off
v 0.72153 0.83864 0.67512
vn -0.22427 -0.76543 -0.60318
vt 0 0
v 0.72582 0.83792 0.67528
vn -0.06560 -0.98559 -0.15590
vt 1 0
v 0.72172 0.83821 0.67604
vn -0.13001 -0.98101 -0.14394
vt 1 1
f 5386/5386/5386 5387/5387/5387 5388/5388/5388
usemtl green_off
v 0.72172 0.83821 0.67604
vn -0.13002 -0.98102 -0.14383
vt 0 0
v 0.72582 0.83792 0.67528
vn -0.06557 -0.98561 -0.15579
vt 1 0
v 0.72595 0.83802 0.67630
vn -0.00012 -0.93412 0.35695
vt 1 1
f 5389/5389/5389 5390/5390/5390 5391/5391/5391
usemtl green_off
v 0.72172 0.83821 0.67604
vn -0.13002 -0.98102 -0.14383
vt 0 0
v 0.72595 0.83802 0.67630
vn -0.00012 -0.93412 0.35695
vt 1 0
v 0.72198 0.83831 0.67704
vn -0.00019 -0.93412 0.35696
vt 1 1
f 5392/5392/5392 5393/5393/5393 5394/5394/5394
usemtl green_off
v 0.72569 0.87794 0.65889
vn -0.13053 -0.34872 -0.92809
vt 0 0
v 0.72146 0.87824 0.65967
vn -0.25882 -0.33954 -0.90428
vt 1 0
v 0.72153 0.87926 0.65956
vn -0.22430 0.16659 -0.96018
vt 1 1
f 5395/5395/5395 5396/5396/5396 5397/5397/5397
usemtl green_off
v 0.72569 0.87794 0.65889
vn -0.13053 -0.34872 -0.92809
vt 0 0
v 0.72153 0.87926 0.65956
vn -0.22430 0.16659 -0.96018
vt 1 0
v 0.72573 0.87896 0.65878
vn -0.11313 0.15868 -0.98083
vt 1 1
f 5398/5398/5398 5399/5399/5399 5400/5400/5400
usemtl green_off
v 0.72573 0.87896 0.65878
vn -0.11313 0.15877 -0.98081
vt 0 0
v 0.72153 0.87926 0.65956
vn -0.22427 0.16667 -0.96017
vt 1 0
v 0.72172 0.88020 0.65996
vn -0.13000 0.63388 -0.76243
vt 1 1
f 5401/5401/5401 5402/5402/5402 5403/5403/5403
usemtl green_off
v 0.72573 0.87896 0.65878
vn -0.11313 0.15877 -0.98081
vt 0 0
v 0.72172 0.88020 0.65996
vn -0.13000 0.63388 -0.76243
vt 1 0
v 0.72582 0.87991 0.65920
vn -0.06559 0.62930 -0.77439
vt 1 1
f 5404/5404/5404 5405/5405/5405 5406/5406/5406
usemtl green_off
v 0.72582 0.87991 0.65920
vn -0.06556 0.62936 -0.77434
vt 0 0
v 0.72172 0.88020 0.65996
vn -0.13002 0.63395 -0.76237
vt 1 0
v 0.72198 0.88080 0.66077
vn -0.00019 0.93358 -0.35837
vt 1 1
f 5407/5407/5407 5408/5408/5408 5409/5409/5409
usemtl green_off
v 0.72582 0.87991 0.65920
vn -0.06556 0.62936 -0.77434
vt 0 0
v 0.72198 0.88080 0.66077
vn -0.00019 0.93358 -0.35837
vt 1 0
v 0.72595 0.88051 0.66003
vn -0.00012 0.93357 -0.35839
vt 1 1
f 5410/5410/5410 5411/5411/5411 5412/5412/5412
usemtl green_off
v 0.72569 0.83918 0.67373
vn -0.13056 -0.36048 -0.92359
vt 0 0
v 0.73000 0.83908 0.67347
vn 0.00001 -0.36353 -0.93158
vt 1 0
v 0.73000 0.83824 0.67408
vn 0.00002 -0.77593 -0.63082
vt 1 1
f 5413/5413/5413 5414/5414/5414 5415/5415/5415
usemtl green_off
v 0.72569 0.83918 0.67373
vn -0.13056 -0.36048 -0.92359
vt 0 0
v 0.73000 0.83824 0.67408
vn 0.00002 -0.77593 -0.63082
vt 1 0
v 0.72573 0.83834 0.67434
vn -0.11310 -0.77328 -0.62389
vt 1 1
f 5416/5416/5416 5417/5417/5417 5418/5418/5418
usemtl green_off
v 0.72573 0.83834 0.67434
vn -0.11309 -0.77334 -0.62382
vt 0 0
v 0.73000 0.83824 0.67408
vn -0.00001 -0.77599 -0.63075
vt 1 0
v 0.73000 0.83782 0.67502
vn -0.00001 -0.98713 -0.15991
vt 1 1
f 5419/5419/5419 5420/5420/5420 5421/5421/5421
usemtl green_off
v 0.72573 0.83834 0.67434
vn -0.11309 -0.77334 -0.62382
vt 0 0
v 0.73000 0.83782 0.67502
vn -0.00001 -0.98713 -0.15991
vt 1 0
v 0.72582 0.83792 0.67528
vn -0.06554 -0.98560 -0.15590
vt 1 1
f 5422/5422/5422 5423/5423/5423 5424/5424/5424
usemtl green_off
v 0.72582 0.83792 0.67528
vn -0.06554 -0.98561 -0.15581
vt 0 0
v 0.73000 0.83782 0.67502
vn 0.00002 -0.98715 -0.15982
vt 1 0
v 0.73000 0.83793 0.67605
vn 0.00001 -0.93413 0.35693
vt 1 1
f 5425/5425/5425 5426/5426/5426 5427/5427/5427
usemtl green_off
v 0.72582 0.83792 0.67528
vn -0.06554 -0.98561 -0.15581
vt 0 0
v 0.73000 0.83793 0.67605
vn 0.00001 -0.93413 0.35693
vt 1 0
v 0.72595 0.83802 0.67630
vn -0.00007 -0.93413 0.35693
vt 1 1
f 5428/5428/5428 5429/5429/5429 5430/5430/5430
usemtl green_off
v 0.73000 0.87783 0.65862
vn -0.00000 -0.35177 -0.93608
vt 0 0
v 0.72569 0.87794 0.65889
vn -0.13053 -0.34872 -0.92809
vt 1 0
v 0.72573 0.87896 0.65878
vn -0.11313 0.15868 -0.98083
vt 1 1
f 5431/5431/5431 5432/5432/5432 5433/5433/5433
usemtl green_off
v 0.73000 0.87783 0.65862
vn -0.00000 -0.35177 -0.93608
vt 0 0
v 0.72573 0.87896 0.65878
vn -0.11313 0.15868 -0.98083
vt 1 0
v 0.73000 0.87886 0.65852
vn -0.00001 0.15603 -0.98775
vt 1 1
f 5434/5434/5434 5435/5435/5435 5436/5436/5436
usemtl green_off
v 0.73000 0.87886 0.65852
vn -0.00000 0.15611 -0.98774
vt 0 0
v 0.72573 0.87896 0.65878
vn -0.11308 0.15876 -0.98082
vt 1 0
v 0.72582 0.87991 0.65920
vn -0.06554 0.62929 -0.77440
vt 1 1
f 5437/5437/5437 5438/5438/5438 5439/5439/5439
usemtl green_off
v 0.73000 0.87886 0.65852
vn -0.00000 0.15611 -0.98774
vt 0 0
v 0.72582 0.87991 0.65920
vn -0.06554 0.62929 -0.77440
vt 1 0
v 0.73000 0.87981 0.65894
vn -0.00001 0.62775 -0.77841
vt 1 1
f 5440/5440/5440 5441/5441/5441 5442/5442/5442
usemtl green_off
v 0.73000 0.87981 0.65894
vn 0.00000 0.62784 -0.77834
vt 0 0
v 0.72582 0.87991 0.65920
vn -0.06556 0.62938 -0.77433
vt 1 0
v 0.72595 0.88051 0.66003
vn -0.00009 0.93358 -0.35837
vt 1 1
f 5443/5443/5443 5444/5444/5444 5445/5445/5445
usemtl green_off
v 0.73000 0.87981 0.65894
vn 0.00000 0.62784 -0.77834
vt 0 0
v 0.72595 0.88051 0.66003
vn -0.00009 0.93358 -0.35837
vt 1 0
v 0.73000 0.88042 0.65978
vn -0.00001 0.93358 -0.35838
vt 1 1
f 5446/5446/5446 5447/5447/5447 5448/5448/5448
usemtl green_off
v 0.73000 0.83908 0.67347
vn 0.00001 -0.36353 -0.93158
vt 0 0
v 0.73431 0.83918 0.67373
vn 0.13054 -0.36047 -0.92359
vt 1 0
v 0.73427 0.83834 0.67434
vn 0.11313 -0.77328 -0.62389
vt 1 1
f 5449/5449/5449 5450/5450/5450 5451/5451/5451
usemtl green_off
v 0.73000 0.83908 0.67347
vn 0.00001 -0.36353 -0.93158
vt 0 0
v 0.73427 0.83834 0.67434
vn 0.11313 -0.77328 -0.62389
vt 1 0
v 0.73000 0.83824 0.67408
vn 0.00002 -0.77593 -0.63082
vt 1 1
f 5452/5452/5452 5453/5453/5453 5454/5454/5454
usemtl green_off
v 0.73000 0.83824 0.67408
vn -0.00002 -0.77599 -0.63074
vt 0 0
v 0.73427 0.83834 0.67434
vn 0.11305 -0.77334 -0.62383
vt 1 0
v 0.73418 0.83792 0.67528
vn 0.06552 -0.98560 -0.15590
vt 1 1
f 5455/5455/5455 5456/5456/5456 5457/5457/5457
usemtl green_off
v 0.73000 0.83824 0.67408
vn -0.00002 -0.77599 -0.63074
vt 0 0
v 0.73418 0.83792 0.67528
vn 0.06552 -0.98560 -0.15590
vt 1 0
v 0.73000 0.83782 0.67502
vn -0.00001 -0.98713 -0.15991
vt 1 1
f 5458/5458/5458 5459/5459/5459 5460/5460/5460
usemtl green_off
v 0.73000 0.83782 0.67502
vn -0.00003 -0.98715 -0.15983
vt 0 0
v 0.73418 0.83792 0.67528
vn 0.06555 -0.98561 -0.15581
vt 1 0
v 0.73405 0.83802 0.67630
vn 0.00007 -0.93413 0.35693
vt 1 1
f 5461/5461/5461 5462/5462/5462 5463/5463/5463
usemtl green_off
v 0.73000 0.83782 0.67502
vn -0.00003 -0.98715 -0.15983
vt 0 0
v 0.73405 0.83802 0.67630
vn 0.00007 -0.93413 0.35693
vt 1 0
v 0.73000 0.83793 0.67605
vn -0.00001 -0.93413 0.35693
vt 1 1
f 5464/5464/5464 5465/5465/5465 5466/5466/5466
usemtl green_off
v 0.73431 0.87794 0.65889
vn 0.13052 -0.34871 -0.92810
vt 0 0
v 0.73000 0.87783 0.65862
vn -0.00000 -0.35177 -0.93608
vt 1 0
v 0.73000 0.87886 0.65852
vn -0.00001 0.15603 -0.98775
vt 1 1
f 5467/5467/5467 5468/5468/5468 5469/5469/5469
usemtl green_off
v 0.73431 0.87794 0.65889
vn 0.13052 -0.34871 -0.92810
vt 0 0
v 0.73000 0.87886 0.65852
vn -0.00001 0.15603 -0.98775
vt 1 0
v 0.73427 0.87896 0.65878
vn 0.11310 0.15868 -0.98083
vt 1 1
f 5470/5470/5470 5471/5471/5471 5472/5472/5472
usemtl green_off
v 0.73427 0.87896 0.65878
vn 0.11310 0.15876 -0.98082
vt 0 0
v 0.73000 0.87886 0.65852
vn 0.00003 0.15610 -0.98774
vt 1 0
v 0.73000 0.87981 0.65894
vn 0.00004 0.62775 -0.77841
vt 1 1
f 5473/5473/5473 5474/5474/5474 5475/5475/5475
usemtl green_off
v 0.73427 0.87896 0.65878
vn 0.11310 0.15876 -0.98082
vt 0 0
v 0.73000 0.87981 0.65894
vn 0.00004 0.62775 -0.77841
vt 1 0
v 0.73418 0.87991 0.65920
vn 0.06557 0.62928 -0.77440
vt 1 1
f 5476/5476/5476 5477/5477/5477 5478/5478/5478
usemtl green_off
v 0.73418 0.87991 0.65920
vn 0.06556 0.62938 -0.77433
vt 0 0
v 0.73000 0.87981 0.65894
vn -0.00002 0.62784 -0.77834
vt 1 0
v 0.73000 0.88042 0.65978
vn 0.00000 0.93358 -0.35838
vt 1 1
f 5479/5479/5479 5480/5480/5480 5481/5481/5481
usemtl green_off
v 0.73418 0.87991 0.65920
vn 0.06556 0.62938 -0.77433
vt 0 0
v 0.73000 0.88042 0.65978
vn 0.00000 0.93358 -0.35838
vt 1 0
v 0.73405 0.88051 0.66003
vn 0.00008 0.93358 -0.35837
vt 1 1
f 5482/5482/5482 5483/5483/5483 5484/5484/5484
usemtl green_off
v 0.73431 0.83918 0.67373
vn 0.13054 -0.36047 -0.92359
vt 0 0
v 0.73854 0.83948 0.67452
vn 0.25879 -0.35140 -0.89975
vt 1 0
v 0.73847 0.83864 0.67512
vn 0.22432 -0.76538 -0.60322
vt 1 1
f 5485/5485/5485 5486/5486/5486 5487/5487/5487
usemtl green_off
v 0.73431 0.83918 0.67373
vn 0.13054 -0.36047 -0.92359
vt 0 0
v 0.73847 0.83864 0.67512
vn 0.22432 -0.76538 -0.60322
vt 1 0
v 0.73427 0.83834 0.67434
vn 0.11313 -0.77328 -0.62389
vt 1 1
f 5488/5488/5488 5489/5489/5489 5490/5490/5490
usemtl green_off
v 0.73427 0.83834 0.67434
vn 0.11311 -0.77333 -0.62384
vt 0 0
v 0.73847 0.83864 0.67512
vn 0.22426 -0.76542 -0.60320
vt 1 0
v 0.73828 0.83821 0.67604
vn 0.12999 -0.98101 -0.14395
vt 1 1
f 5491/5491/5491 5492/5492/5492 5493/5493/5493
usemtl green_off
v 0.73427 0.83834 0.67434
vn 0.11311 -0.77333 -0.62384
vt 0 0
v 0.73828 0.83821 0.67604
vn 0.12999 -0.98101 -0.14395
vt 1 0
v 0.73418 0.83792 0.67528
vn 0.06559 -0.98559 -0.15592
vt 1 1
f 5494/5494/5494 5495/5495/5495 5496/5496/5496
usemtl green_off
v 0.73418 0.83792 0.67528
vn 0.06558 -0.98561 -0.15579
vt 0 0
v 0.73828 0.83821 0.67604
vn 0.13003 -0.98102 -0.14382
vt 1 0
v 0.73802 0.83831 0.67704
vn 0.00021 -0.93411 0.35697
vt 1 1
f 5497/5497/5497 5498/5498/5498 5499/5499/5499
usemtl green_off
v 0.73418 0.83792 0.67528
vn 0.06558 -0.98561 -0.15579
vt 0 0
v 0.73802 0.83831 0.67704
vn 0.00021 -0.93411 0.35697
vt 1 0
v 0.73405 0.83802 0.67630
vn 0.00013 -0.93412 0.35696
vt 1 1
f 5500/5500/5500 5501/5501/5501 5502/5502/5502
usemtl green_off
v 0.73854 0.87824 0.65967
vn 0.25881 -0.33954 -0.90428
vt 0 0
v 0.73431 0.87794 0.65889
vn 0.13052 -0.34871 -0.92810
vt 1 0
v 0.73427 0.87896 0.65878
vn 0.11310 0.15868 -0.98083
vt 1 1
f 5503/5503/5503 5504/5504/5504 5505/5505/5505
usemtl green_off
v 0.73854 0.87824 0.65967
vn 0.25881 -0.33954 -0.90428
vt 0 0
v 0.73427 0.87896 0.65878
vn 0.11310 0.15868 -0.98083
vt 1 0
v 0.73847 0.87926 0.65956
vn 0.22428 0.16659 -0.96018
vt 1 1
f 5506/5506/5506 5507/5507/5507 5508/5508/5508
usemtl green_off
v 0.73847 0.87926 0.65956
vn 0.22430 0.16668 -0.96016
vt 0 0
v 0.73427 0.87896 0.65878
vn 0.11315 0.15877 -0.98081
vt 1 0
v 0.73418 0.87991 0.65920
vn 0.06562 0.62930 -0.77438
vt 1 1
f 5509/5509/5509 5510/5510/5510 5511/5511/5511
usemtl green_off
v 0.73847 0.87926 0.65956
vn 0.22430 0.16668 -0.96016
vt 0 0
v 0.73418 0.87991 0.65920
vn 0.06562 0.62930 -0.77438
vt 1 0
v 0.73828 0.88020 0.65996
vn 0.13003 0.63388 -0.76242
vt 1 1
f 5512/5512/5512 5513/5513/5513 5514/5514/5514
usemtl green_off
v 0.73828 0.88020 0.65996
vn 0.13001 0.63396 -0.76236
vt 0 0
v 0.73418 0.87991 0.65920
vn 0.06556 0.62937 -0.77433
vt 1 0
v 0.73405 0.88051 0.66003
vn 0.00010 0.93358 -0.35838
vt 1 1
f 5515/5515/5515 5516/5516/5516 5517/5517/5517
usemtl green_off
v 0.73828 0.88020 0.65996
vn 0.13001 0.63396 -0.76236
vt 0 0
v 0.73405 0.88051 0.66003
vn 0.00010 0.93358 -0.35838
vt 1 0
v 0.73802 0.88080 0.66077
vn 0.00018 0.93358 -0.35836
vt 1 1
f 5518/5518/5518 5519/5519/5519 5520/5520/5520
usemtl green_off
v 0.73854 0.83948 0.67452
vn 0.25879 -0.35140 -0.89975
vt 0 0
v 0.74263 0.83998 0.67581
vn 0.38269 -0.33631 -0.86049
vt 1 0
v 0.74253 0.83913 0.67640
vn 0.33165 -0.75234 -0.56920
vt 1 1
f 5521/5521/5521 5522/5522/5522 5523/5523/5523
usemtl green_off
v 0.73854 0.83948 0.67452
vn 0.25879 -0.35140 -0.89975
vt 0 0
v 0.74253 0.83913 0.67640
vn 0.33165 -0.75234 -0.56920
vt 1 0
v 0.73847 0.83864 0.67512
vn 0.22432 -0.76538 -0.60322
vt 1 1
f 5524/5524/5524 5525/5525/5525 5526/5526/5526
usemtl green_off
v 0.73847 0.83864 0.67512
vn 0.22431 -0.76542 -0.60318
vt 0 0
v 0.74253 0.83913 0.67640
vn 0.33161 -0.75239 -0.56916
vt 1 0
v 0.74225 0.83869 0.67730
vn 0.19224 -0.97345 -0.12421
vt 1 1
f 5527/5527/5527 5528/5528/5528 5529/5529/5529
usemtl green_off
v 0.73847 0.83864 0.67512
vn 0.22431 -0.76542 -0.60318
vt 0 0
v 0.74225 0.83869 0.67730
vn 0.19224 -0.97345 -0.12421
vt 1 0
v 0.73828 0.83821 0.67604
vn 0.13006 -0.98100 -0.14394
vt 1 1
f 5530/5530/5530 5531/5531/5531 5532/5532/5532
usemtl green_off
v 0.73828 0.83821 0.67604
vn 0.13001 -0.98103 -0.14381
vt 0 0
v 0.74225 0.83869 0.67730
vn 0.19223 -0.97347 -0.12409
vt 1 0
v 0.74186 0.83877 0.67826
vn 0.00029 -0.93410 0.35701
vt 1 1
f 5533/5533/5533 5534/5534/5534 5535/5535/5535
usemtl green_off
v 0.73828 0.83821 0.67604
vn 0.13001 -0.98103 -0.14381
vt 0 0
v 0.74186 0.83877 0.67826
vn 0.00029 -0.93410 0.35701
vt 1 0
v 0.73802 0.83831 0.67704
vn 0.00021 -0.93411 0.35698
vt 1 1
f 5536/5536/5536 5537/5537/5537 5538/5538/5538
usemtl green_off
v 0.74263 0.87873 0.66097
vn 0.38268 -0.32455 -0.86500
vt 0 0
v 0.73854 0.87824 0.65967
vn 0.25881 -0.33954 -0.90428
vt 1 0
v 0.73847 0.87926 0.65956
vn 0.22428 0.16659 -0.96018
vt 1 1
f 5539/5539/5539 5540/5540/5540 5541/5541/5541
usemtl green_off
v 0.74263 0.87873 0.66097
vn 0.38268 -0.32455 -0.86500
vt 0 0
v 0.73847 0.87926 0.65956
vn 0.22428 0.16659 -0.96018
vt 1 0
v 0.74253 0.87976 0.66084
vn 0.33163 0.17963 -0.92615
vt 1 1
f 5542/5542/5542 5543/5543/5543 5544/5544/5544
usemtl green_off
v 0.74253 0.87976 0.66084
vn 0.33162 0.17972 -0.92614
vt 0 0
v 0.73847 0.87926 0.65956
vn 0.22431 0.16669 -0.96015
vt 1 0
v 0.73828 0.88020 0.65996
vn 0.13006 0.63390 -0.76240
vt 1 1
f 5545/5545/5545 5546/5546/5546 5547/5547/5547
usemtl green_off
v 0.74253 0.87976 0.66084
vn 0.33162 0.17972 -0.92614
vt 0 0
v 0.73828 0.88020 0.65996
vn 0.13006 0.63390 -0.76240
vt 1 0
v 0.74225 0.88068 0.66122
vn 0.19225 0.64144 -0.74269
vt 1 1
f 5548/5548/5548 5549/5549/5549 5550/5550/5550
usemtl green_off
v 0.74225 0.88068 0.66122
vn 0.19222 0.64150 -0.74265
vt 0 0
v 0.73828 0.88020 0.65996
vn 0.12999 0.63394 -0.76238
vt 1 0
v 0.73802 0.88080 0.66077
vn 0.00020 0.93358 -0.35837
vt 1 1
f 5551/5551/5551 5552/5552/5552 5553/5553/5553
usemtl green_off
v 0.74225 0.88068 0.66122
vn 0.19222 0.64150 -0.74265
vt 0 0
v 0.73802 0.88080 0.66077
vn 0.00020 0.93358 -0.35837
vt 1 0
v 0.74186 0.88126 0.66198
vn 0.00028 0.93359 -0.35835
vt 1 1
f 5554/5554/5554 5555/5555/5555 5556/5556/5556
usemtl green_off
v 0.74263 0.83998 0.67581
vn 0.38269 -0.33631 -0.86049
vt 0 0
v 0.74650 0.84066 0.67760
vn 0.50000 -0.31567 -0.80644
vt 1 0
v 0.74637 0.83981 0.67817
vn 0.43330 -0.73442 -0.52238
vt 1 1
f 5557/5557/5557 5558/5558/5558 5559/5559/5559
usemtl green_off
v 0.74263 0.83998 0.67581
vn 0.38269 -0.33631 -0.86049
vt 0 0
v 0.74637 0.83981 0.67817
vn 0.43330 -0.73442 -0.52238
vt 1 0
v 0.74253 0.83913 0.67640
vn 0.33165 -0.75234 -0.56920
vt 1 1
f 5560/5560/5560 5561/5561/5561 5562/5562/5562
usemtl green_off
v 0.74253 0.83913 0.67640
vn 0.33166 -0.75239 -0.56913
vt 0 0
v 0.74637 0.83981 0.67817
vn 0.43329 -0.73446 -0.52233
vt 1 0
v 0.74600 0.83935 0.67903
vn 0.25120 -0.96306 -0.09706
vt 1 1
f 5563/5563/5563 5564/5564/5564 5565/5565/5565
usemtl green_off
v 0.74253 0.83913 0.67640
vn 0.33166 -0.75239 -0.56913
vt 0 0
v 0.74600 0.83935 0.67903
vn 0.25120 -0.96306 -0.09706
vt 1 0
v 0.74225 0.83869 0.67730
vn 0.19230 -0.97345 -0.12419
vt 1 1
f 5566/5566/5566 5567/5567/5567 5568/5568/5568
usemtl green_off
v 0.74225 0.83869 0.67730
vn 0.19223 -0.97347 -0.12409
vt 0 0
v 0.74600 0.83935 0.67903
vn 0.25116 -0.96308 -0.09695
vt 1 0
v 0.74550 0.83941 0.67993
vn 0.00038 -0.93409 0.35705
vt 1 1
f 5569/5569/5569 5570/5570/5570 5571/5571/5571
usemtl green_off
v 0.74225 0.83869 0.67730
vn 0.19223 -0.97347 -0.12409
vt 0 0
v 0.74550 0.83941 0.67993
vn 0.00038 -0.93409 0.35705
vt 1 0
v 0.74186 0.83877 0.67826
vn 0.00031 -0.93410 0.35702
vt 1 1
f 5572/5572/5572 5573/5573/5573 5574/5574/5574
usemtl green_off
v 0.74650 0.87942 0.66275
vn 0.49999 -0.30381 -0.81099
vt 0 0
v 0.74263 0.87873 0.66097
vn 0.38268 -0.32455 -0.86500
vt 1 0
v 0.74253 0.87976 0.66084
vn 0.33163 0.17963 -0.92615
vt 1 1
f 5575/5575/5575 5576/5576/5576 5577/5577/5577
usemtl green_off
v 0.74650 0.87942 0.66275
vn 0.49999 -0.30381 -0.81099
vt 0 0
v 0.74253 0.87976 0.66084
vn 0.33163 0.17963 -0.92615
vt 1 0
v 0.74637 0.88043 0.66261
vn 0.43330 0.19756 -0.87933
vt 1 1
f 5578/5578/5578 5579/5579/5579 5580/5580/5580
usemtl green_off
v 0.74637 0.88043 0.66261
vn 0.43325 0.19762 -0.87934
vt 0 0
v 0.74253 0.87976 0.66084
vn 0.33162 0.17968 -0.92615
vt 1 0
v 0.74225 0.88068 0.66122
vn 0.19226 0.64143 -0.74270
vt 1 1
f 5581/5581/5581 5582/5582/5582 5583/5583/5583
usemtl green_off
v 0.74637 0.88043 0.66261
vn 0.43325 0.19762 -0.87934
vt 0 0
v 0.74225 0.88068 0.66122
vn 0.19226 0.64143 -0.74270
vt 1 0
v 0.74600 0.88134 0.66294
vn 0.25116 0.65181 -0.71559
vt 1 1
f 5584/5584/5584 5585/5585/5585 5586/5586/5586
usemtl green_off
v 0.74600 0.88134 0.66294
vn 0.25118 0.65191 -0.71549
vt 0 0
v 0.74225 0.88068 0.66122
vn 0.19224 0.64153 -0.74262
vt 1 0
v 0.74186 0.88126 0.66198
vn 0.00033 0.93360 -0.35831
vt 1 1
f 5587/5587/5587 5588/5588/5588 5589/5589/5589
usemtl green_off
v 0.74600 0.88134 0.66294
vn 0.25118 0.65191 -0.71549
vt 0 0
v 0.74186 0.88126 0.66198
vn 0.00033 0.93360 -0.35831
vt 1 0
v 0.74550 0.88190 0.66366
vn 0.00040 0.93362 -0.35827
vt 1 1
f 5590/5590/5590 5591/5591/5591 5592/5592/5592
usemtl green_off
v 0.74650 0.84066 0.67760
vn 0.50000 -0.31567 -0.80644
vt 0 0
v 0.75009 0.84152 0.67984
vn 0.60876 -0.28968 -0.73858
vt 1 0
v 0.74993 0.84066 0.68039
vn 0.52756 -0.71189 -0.46356
vt 1 1
f 5593/5593/5593 5594/5594/5594 5595/5595/5595
usemtl green_off
v 0.74650 0.84066 0.67760
vn 0.50000 -0.31567 -0.80644
vt 0 0
v 0.74993 0.84066 0.68039
vn 0.52756 -0.71189 -0.46356
vt 1 0
v 0.74637 0.83981 0.67817
vn 0.43330 -0.73442 -0.52238
vt 1 1
f 5596/5596/5596 5597/5597/5597 5598/5598/5598
usemtl green_off
v 0.74637 0.83981 0.67817
vn 0.43332 -0.73445 -0.52232
vt 0 0
v 0.74993 0.84066 0.68039
vn 0.52754 -0.71192 -0.46353
vt 1 0
v 0.74948 0.84019 0.68120
vn 0.30584 -0.95000 -0.06297
vt 1 1
f 5599/5599/5599 5600/5600/5600 5601/5601/5601
usemtl green_off
v 0.74637 0.83981 0.67817
vn 0.43332 -0.73445 -0.52232
vt 0 0
v 0.74948 0.84019 0.68120
vn 0.30584 -0.95000 -0.06297
vt 1 0
v 0.74600 0.83935 0.67903
vn 0.25124 -0.96305 -0.09705
vt 1 1
f 5602/5602/5602 5603/5603/5603 5604/5604/5604
usemtl green_off
v 0.74600 0.83935 0.67903
vn 0.25115 -0.96308 -0.09697
vt 0 0
v 0.74948 0.84019 0.68120
vn 0.30579 -0.95002 -0.06288
vt 1 0
v 0.74887 0.84022 0.68204
vn 0.00046 -0.93407 0.35708
vt 1 1
f 5605/5605/5605 5606/5606/5606 5607/5607/5607
usemtl green_off
v 0.74600 0.83935 0.67903
vn 0.25115 -0.96308 -0.09697
vt 0 0
v 0.74887 0.84022 0.68204
vn 0.00046 -0.93407 0.35708
vt 1 0
v 0.74550 0.83941 0.67993
vn 0.00040 -0.93409 0.35704
vt 1 1
f 5608/5608/5608 5609/5609/5609 5610/5610/5610
usemtl green_off
v 0.75009 0.88027 0.66499
vn 0.60875 -0.27782 -0.74313
vt 0 0
v 0.74650 0.87942 0.66275
vn 0.49999 -0.30381 -0.81099
vt 1 0
v 0.74637 0.88043 0.66261
vn 0.43330 0.19756 -0.87933
vt 1 1
f 5611/5611/5611 5612/5612/5612 5613/5613/5613
usemtl green_off
v 0.75009 0.88027 0.66499
vn 0.60875 -0.27782 -0.74313
vt 0 0
v 0.74637 0.88043 0.66261
vn 0.43330 0.19756 -0.87933
vt 1 0
v 0.74993 0.88128 0.66483
vn 0.52756 0.22007 -0.82052
vt 1 1
f 5614/5614/5614 5615/5615/5615 5616/5616/5616
usemtl green_off
v 0.74993 0.88128 0.66483
vn 0.52753 0.22019 -0.82050
vt 0 0
v 0.74637 0.88043 0.66261
vn 0.43331 0.19767 -0.87930
vt 1 0
v 0.74600 0.88134 0.66294
vn 0.25122 0.65186 -0.71552
vt 1 1
f 5617/5617/5617 5618/5618/5618 5619/5619/5619
usemtl green_off
v 0.74993 0.88128 0.66483
vn 0.52753 0.22019 -0.82050
vt 0 0
v 0.74600 0.88134 0.66294
vn 0.25122 0.65186 -0.71552
vt 1 0
v 0.74948 0.88218 0.66512
vn 0.30583 0.66491 -0.68144
vt 1 1
f 5620/5620/5620 5621/5621/5621 5622/5622/5622
usemtl green_off
v 0.74948 0.88218 0.66512
vn 0.30575 0.66498 -0.68141
vt 0 0
v 0.74600 0.88134 0.66294
vn 0.25112 0.65192 -0.71550
vt 1 0
v 0.74550 0.88190 0.66366
vn 0.00036 0.93362 -0.35827
vt 1 1
f 5623/5623/5623 5624/5624/5624 5625/5625/5625
usemtl green_off
v 0.74948 0.88218 0.66512
vn 0.30575 0.66498 -0.68141
vt 0 0
v 0.74550 0.88190 0.66366
vn 0.00036 0.93362 -0.35827
vt 1 0
v 0.74887 0.88271 0.66576
vn 0.00043 0.93364 -0.35822
vt 1 1
f 5626/5626/5626 5627/5627/5627 5628/5628/5628
usemtl green_off
v 0.75009 0.84152 0.67984
vn 0.60876 -0.28968 -0.73858
vt 0 0
v 0.75333 0.84254 0.68249
vn 0.70710 -0.25882 -0.65804
vt 1 0
v 0.75314 0.84167 0.68303
vn 0.61280 -0.68514 -0.39377
vt 1 1
f 5629/5629/5629 5630/5630/5630 5631/5631/5631
usemtl green_off
v 0.75009 0.84152 0.67984
vn 0.60876 -0.28968 -0.73858
vt 0 0
v 0.75314 0.84167 0.68303
vn 0.61280 -0.68514 -0.39377
vt 1 0
v 0.74993 0.84066 0.68039
vn 0.52756 -0.71189 -0.46356
vt 1 1
f 5632/5632/5632 5633/5633/5633 5634/5634/5634
usemtl green_off
v 0.74993 0.84066 0.68039
vn 0.52754 -0.71191 -0.46355
vt 0 0
v 0.75314 0.84167 0.68303
vn 0.61275 -0.68519 -0.39377
vt 1 0
v 0.75263 0.84117 0.68377
vn 0.35524 -0.93450 -0.02255
vt 1 1
f 5635/5635/5635 5636/5636/5636 5637/5637/5637
usemtl green_off
v 0.74993 0.84066 0.68039
vn 0.52754 -0.71191 -0.46355
vt 0 0
v 0.75263 0.84117 0.68377
vn 0.35524 -0.93450 -0.02255
vt 1 0
v 0.74948 0.84019 0.68120
vn 0.30587 -0.94999 -0.06299
vt 1 1
f 5638/5638/5638 5639/5639/5639 5640/5640/5640
usemtl green_off
v 0.74948 0.84019 0.68120
vn 0.30577 -0.95003 -0.06287
vt 0 0
v 0.75263 0.84117 0.68377
vn 0.35517 -0.93453 -0.02240
vt 1 0
v 0.75192 0.84118 0.68453
vn 0.00053 -0.93404 0.35716
vt 1 1
f 5641/5641/5641 5642/5642/5642 5643/5643/5643
usemtl green_off
v 0.74948 0.84019 0.68120
vn 0.30577 -0.95003 -0.06287
vt 0 0
v 0.75192 0.84118 0.68453
vn 0.00053 -0.93404 0.35716
vt 1 0
v 0.74887 0.84022 0.68204
vn 0.00047 -0.93406 0.35711
vt 1 1
f 5644/5644/5644 5645/5645/5645 5646/5646/5646
usemtl green_off
v 0.75333 0.88129 0.66765
vn 0.70710 -0.24698 -0.66258
vt 0 0
v 0.75009 0.88027 0.66499
vn 0.60875 -0.27782 -0.74313
vt 1 0
v 0.74993 0.88128 0.66483
vn 0.52756 0.22007 -0.82052
vt 1 1
f 5647/5647/5647 5648/5648/5648 5649/5649/5649
usemtl green_off
v 0.75333 0.88129 0.66765
vn 0.70710 -0.24698 -0.66258
vt 0 0
v 0.74993 0.88128 0.66483
vn 0.52756 0.22007 -0.82052
vt 1 0
v 0.75314 0.88229 0.66747
vn 0.61280 0.24679 -0.75071
vt 1 1
f 5650/5650/5650 5651/5651/5651 5652/5652/5652
usemtl green_off
v 0.75314 0.88229 0.66747
vn 0.61273 0.24689 -0.75074
vt 0 0
v 0.74993 0.88128 0.66483
vn 0.52753 0.22015 -0.82051
vt 1 0
v 0.74948 0.88218 0.66512
vn 0.30584 0.66489 -0.68146
vt 1 1
f 5653/5653/5653 5654/5654/5654 5655/5655/5655
usemtl green_off
v 0.75314 0.88229 0.66747
vn 0.61273 0.24689 -0.75074
vt 0 0
v 0.74948 0.88218 0.66512
vn 0.30584 0.66489 -0.68146
vt 1 0
v 0.75263 0.88316 0.66769
vn 0.35522 0.68037 -0.64102
vt 1 1
f 5656/5656/5656 5657/5657/5657 5658/5658/5658
usemtl green_off
v 0.75263 0.88316 0.66769
vn 0.35517 0.68045 -0.64096
vt 0 0
v 0.74948 0.88218 0.66512
vn 0.30576 0.66496 -0.68142
vt 1 0
v 0.74887 0.88271 0.66576
vn 0.00046 0.93363 -0.35823
vt 1 1
f 5659/5659/5659 5660/5660/5660 5661/5661/5661
usemtl green_off
v 0.75263 0.88316 0.66769
vn 0.35517 0.68045 -0.64096
vt 0 0
v 0.74887 0.88271 0.66576
vn 0.00046 0.93363 -0.35823
vt 1 0
v 0.75192 0.88367 0.66826
vn 0.00052 0.93365 -0.35819
vt 1 1
f 5662/5662/5662 5663/5663/5663 5664/5664/5664
usemtl green_off
v 0.75333 0.84254 0.68249
vn 0.70710 -0.25882 -0.65804
vt 0 0
v 0.75618 0.84370 0.68552
vn 0.79335 -0.22365 -0.56620
vt 1 0
v 0.75597 0.84282 0.68603
vn 0.68754 -0.65466 -0.31417
vt 1 1
f 5665/5665/5665 5666/5666/5666 5667/5667/5667
usemtl green_off
v 0.75333 0.84254 0.68249
vn 0.70710 -0.25882 -0.65804
vt 0 0
v 0.75597 0.84282 0.68603
vn 0.68754 -0.65466 -0.31417
vt 1 0
v 0.75314 0.84167 0.68303
vn 0.61280 -0.68514 -0.39377
vt 1 1
f 5668/5668/5668 5669/5669/5669 5670/5670/5670
usemtl green_off
v 0.75314 0.84167 0.68303
vn 0.61277 -0.68518 -0.39374
vt 0 0
v 0.75597 0.84282 0.68603
vn 0.68749 -0.65471 -0.31418
vt 1 0
v 0.75539 0.84230 0.68671
vn 0.39858 -0.91683 0.02360
vt 1 1
f 5671/5671/5671 5672/5672/5672 5673/5673/5673
usemtl green_off
v 0.75314 0.84167 0.68303
vn 0.61277 -0.68518 -0.39374
vt 0 0
v 0.75539 0.84230 0.68671
vn 0.39858 -0.91683 0.02360
vt 1 0
v 0.75263 0.84117 0.68377
vn 0.35529 -0.93449 -0.02252
vt 1 1
f 5674/5674/5674 5675/5675/5675 5676/5676/5676
usemtl green_off
v 0.75263 0.84117 0.68377
vn 0.35520 -0.93452 -0.02242
vt 0 0
v 0.75539 0.84230 0.68671
vn 0.39852 -0.91685 0.02371
vt 1 0
v 0.75459 0.84227 0.68738
vn 0.00062 -0.93402 0.35721
vt 1 1
f 5677/5677/5677 5678/5678/5678 5679/5679/5679
usemtl green_off
v 0.75263 0.84117 0.68377
vn 0.35520 -0.93452 -0.02242
vt 0 0
v 0.75459 0.84227 0.68738
vn 0.00062 -0.93402 0.35721
vt 1 0
v 0.75192 0.84118 0.68453
vn 0.00057 -0.93404 0.35716
vt 1 1
f 5680/5680/5680 5681/5681/5681 5682/5682/5682
usemtl green_off
v 0.75618 0.88245 0.67068
vn 0.79333 -0.21181 -0.57076
vt 0 0
v 0.75333 0.88129 0.66765
vn 0.70710 -0.24698 -0.66258
vt 1 0
v 0.75314 0.88229 0.66747
vn 0.61280 0.24679 -0.75071
vt 1 1
f 5683/5683/5683 5684/5684/5684 5685/5685/5685
usemtl green_off
v 0.75618 0.88245 0.67068
vn 0.79333 -0.21181 -0.57076
vt 0 0
v 0.75314 0.88229 0.66747
vn 0.61280 0.24679 -0.75071
vt 1 0
v 0.75597 0.88344 0.67048
vn 0.68751 0.27727 -0.67115
vt 1 1
f 5686/5686/5686 5687/5687/5687 5688/5688/5688
usemtl green_off
v 0.75597 0.88344 0.67048
vn 0.68749 0.27738 -0.67113
vt 0 0
v 0.75314 0.88229 0.66747
vn 0.61278 0.24690 -0.75069
vt 1 0
v 0.75263 0.88316 0.66769
vn 0.35527 0.68040 -0.64097
vt 1 1
f 5689/5689/5689 5690/5690/5690 5691/5691/5691
usemtl green_off
v 0.75597 0.88344 0.67048
vn 0.68749 0.27738 -0.67113
vt 0 0
v 0.75263 0.88316 0.66769
vn 0.35527 0.68040 -0.64097
vt 1 0
v 0.75539 0.88429 0.67063
vn 0.39857 0.69806 -0.59486
vt 1 1
f 5692/5692/5692 5693/5693/5693 5694/5694/5694
usemtl green_off
v 0.75539 0.88429 0.67063
vn 0.39852 0.69811 -0.59483
vt 0 0
v 0.75263 0.88316 0.66769
vn 0.35519 0.68044 -0.64096
vt 1 0
v 0.75192 0.88367 0.66826
vn 0.00056 0.93365 -0.35818
vt 1 1
f 5695/5695/5695 5696/5696/5696 5697/5697/5697
usemtl green_off
v 0.75539 0.88429 0.67063
vn 0.39852 0.69811 -0.59483
vt 0 0
v 0.75192 0.88367 0.66826
vn 0.00056 0.93365 -0.35818
vt 1 0
v 0.75459 0.88476 0.67111
vn 0.00061 0.93368 -0.35812
vt 1 1
f 5698/5698/5698 5699/5699/5699 5700/5700/5700
usemtl green_off
v 0.75618 0.84370 0.68552
vn 0.79335 -0.22365 -0.56620
vt 0 0
v 0.75858 0.84498 0.68888
vn 0.86602 -0.18475 -0.46464
vt 1 0
v 0.75835 0.84410 0.68936
vn 0.75052 -0.62095 -0.22615
vt 1 1
f 5701/5701/5701 5702/5702/5702 5703/5703/5703
usemtl green_off
v 0.75618 0.84370 0.68552
vn 0.79335 -0.22365 -0.56620
vt 0 0
v 0.75835 0.84410 0.68936
vn 0.75052 -0.62095 -0.22615
vt 1 0
v 0.75597 0.84282 0.68603
vn 0.68754 -0.65466 -0.31417
vt 1 1
f 5704/5704/5704 5705/5705/5705 5706/5706/5706
usemtl green_off
v 0.75597 0.84282 0.68603
vn 0.68748 -0.65474 -0.31414
vt 0 0
v 0.75835 0.84410 0.68936
vn 0.75044 -0.62104 -0.22616
vt 1 0
v 0.75771 0.84354 0.68996
vn 0.43505 -0.89731 0.07463
vt 1 1
f 5707/5707/5707 5708/5708/5708 5709/5709/5709
usemtl green_off
v 0.75597 0.84282 0.68603
vn 0.68748 -0.65474 -0.31414
vt 0 0
v 0.75771 0.84354 0.68996
vn 0.43505 -0.89731 0.07463
vt 1 0
v 0.75539 0.84230 0.68671
vn 0.39856 -0.91684 0.02364
vt 1 1
f 5710/5710/5710 5711/5711/5711 5712/5712/5712
usemtl green_off
v 0.75539 0.84230 0.68671
vn 0.39854 -0.91684 0.02372
vt 0 0
v 0.75771 0.84354 0.68996
vn 0.43505 -0.89730 0.07474
vt 1 0
v 0.75684 0.84347 0.69053
vn 0.00070 -0.93399 0.35731
vt 1 1
f 5713/5713/5713 5714/5714/5714 5715/5715/5715
usemtl green_off
v 0.75539 0.84230 0.68671
vn 0.39854 -0.91684 0.02372
vt 0 0
v 0.75684 0.84347 0.69053
vn 0.00070 -0.93399 0.35731
vt 1 0
v 0.75459 0.84227 0.68738
vn 0.00066 -0.93401 0.35724
vt 1 1
f 5716/5716/5716 5717/5717/5717 5718/5718/5718
usemtl green_off
v 0.75858 0.88374 0.67403
vn 0.86600 -0.17291 -0.46920
vt 0 0
v 0.75618 0.88245 0.67068
vn 0.79333 -0.21181 -0.57076
vt 1 0
v 0.75597 0.88344 0.67048
vn 0.68751 0.27727 -0.67115
vt 1 1
f 5719/5719/5719 5720/5720/5720 5721/5721/5721
usemtl green_off
v 0.75858 0.88374 0.67403
vn 0.86600 -0.17291 -0.46920
vt 0 0
v 0.75597 0.88344 0.67048
vn 0.68751 0.27727 -0.67115
vt 1 0
v 0.75835 0.88472 0.67380
vn 0.75049 0.31098 -0.58314
vt 1 1
f 5722/5722/5722 5723/5723/5723 5724/5724/5724
usemtl green_off
v 0.75835 0.88472 0.67380
vn 0.75050 0.31106 -0.58309
vt 0 0
v 0.75597 0.88344 0.67048
vn 0.68754 0.27737 -0.67108
vt 1 0
v 0.75539 0.88429 0.67063
vn 0.39864 0.69806 -0.59481
vt 1 1
f 5725/5725/5725 5726/5726/5726 5727/5727/5727
usemtl green_off
v 0.75835 0.88472 0.67380
vn 0.75050 0.31106 -0.58309
vt 0 0
v 0.75539 0.88429 0.67063
vn 0.39864 0.69806 -0.59481
vt 1 0
v 0.75771 0.88553 0.67388
vn 0.43512 0.71759 -0.54382
vt 1 1
f 5728/5728/5728 5729/5729/5729 5730/5730/5730
usemtl green_off
v 0.75771 0.88553 0.67388
vn 0.43499 0.71766 -0.54383
vt 0 0
v 0.75539 0.88429 0.67063
vn 0.39848 0.69812 -0.59485
vt 1 0
v 0.75459 0.88476 0.67111
vn 0.00060 0.93368 -0.35811
vt 1 1
f 5731/5731/5731 5732/5732/5732 5733/5733/5733
usemtl green_off
v 0.75771 0.88553 0.67388
vn 0.43499 0.71766 -0.54383
vt 0 0
v 0.75459 0.88476 0.67111
vn 0.00060 0.93368 -0.35811
vt 1 0
v 0.75684 0.88596 0.67425
vn 0.00064 0.93370 -0.35805
vt 1 1
f 5734/5734/5734 5735/5735/5735 5736/5736/5736
usemtl green_off
v 0.75858 0.84498 0.68888
vn 0.86602 -0.18475 -0.46464
vt 0 0
v 0.76049 0.84637 0.69249
vn 0.92387 -0.14275 -0.35510
vt 1 0
v 0.76024 0.84547 0.69295
vn 0.80065 -0.58459 -0.13121
vt 1 1
f 5737/5737/5737 5738/5738/5738 5739/5739/5739
usemtl green_off
v 0.75858 0.84498 0.68888
vn 0.86602 -0.18475 -0.46464
vt 0 0
v 0.76024 0.84547 0.69295
vn 0.80065 -0.58459 -0.13121
vt 1 0
v 0.75835 0.84410 0.68936
vn 0.75052 -0.62095 -0.22615
vt 1 1
f 5740/5740/5740 5741/5741/5741 5742/5742/5742
usemtl green_off
v 0.75835 0.84410 0.68936
vn 0.75045 -0.62105 -0.22610
vt 0 0
v 0.76024 0.84547 0.69295
vn 0.80057 -0.58470 -0.13119
vt 1 0
v 0.75956 0.84489 0.69347
vn 0.46410 -0.87623 0.12971
vt 1 1
f 5743/5743/5743 5744/5744/5744 5745/5745/5745
usemtl green_off
v 0.75835 0.84410 0.68936
vn 0.75045 -0.62105 -0.22610
vt 0 0
v 0.75956 0.84489 0.69347
vn 0.46410 -0.87623 0.12971
vt 1 0
v 0.75771 0.84354 0.68996
vn 0.43506 -0.89730 0.07470
vt 1 1
f 5746/5746/5746 5747/5747/5747 5748/5748/5748
usemtl green_off
v 0.75771 0.84354 0.68996
vn 0.43499 -0.89733 0.07474
vt 0 0
v 0.75956 0.84489 0.69347
vn 0.46405 -0.87625 0.12978
vt 1 0
v 0.75864 0.84477 0.69392
vn 0.00068 -0.93396 0.35738
vt 1 1
f 5749/5749/5749 5750/5750/5750 5751/5751/5751
usemtl green_off
v 0.75771 0.84354 0.68996
vn 0.43499 -0.89733 0.07474
vt 0 0
v 0.75864 0.84477 0.69392
vn 0.00068 -0.93396 0.35738
vt 1 0
v 0.75684 0.84347 0.69053
vn 0.00065 -0.93398 0.35732
vt 1 1
f 5752/5752/5752 5753/5753/5753 5754/5754/5754
usemtl green_off
v 0.76049 0.88512 0.67765
vn 0.92386 -0.13094 -0.35964
vt 0 0
v 0.75858 0.88374 0.67403
vn 0.86600 -0.17291 -0.46920
vt 1 0
v 0.75835 0.88472 0.67380
vn 0.75049 0.31098 -0.58314
vt 1 1
f 5755/5755/5755 5756/5756/5756 5757/5757/5757
usemtl green_off
v 0.76049 0.88512 0.67765
vn 0.92386 -0.13094 -0.35964
vt 0 0
v 0.75835 0.88472 0.67380
vn 0.75049 0.31098 -0.58314
vt 1 0
v 0.76024 0.88609 0.67739
vn 0.80064 0.34736 -0.48818
vt 1 1
f 5758/5758/5758 5759/5759/5759 5760/5760/5760
usemtl green_off
v 0.76024 0.88609 0.67739
vn 0.80057 0.34747 -0.48821
vt 0 0
v 0.75835 0.88472 0.67380
vn 0.75046 0.31111 -0.58312
vt 1 0
v 0.75771 0.88553 0.67388
vn 0.43506 0.71762 -0.54382
vt 1 1
f 5761/5761/5761 5762/5762/5762 5763/5763/5763
usemtl green_off
v 0.76024 0.88609 0.67739
vn 0.80057 0.34747 -0.48821
vt 0 0
v 0.75771 0.88553 0.67388
vn 0.43506 0.71762 -0.54382
vt 1 0
v 0.75956 0.88688 0.67739
vn 0.46411 0.73869 -0.48881
vt 1 1
f 5764/5764/5764 5765/5765/5765 5766/5766/5766
usemtl green_off
v 0.75956 0.88688 0.67739
vn 0.46409 0.73871 -0.48879
vt 0 0
v 0.75771 0.88553 0.67388
vn 0.43503 0.71763 -0.54383
vt 1 0
v 0.75684 0.88596 0.67425
vn 0.00070 0.93370 -0.35805
vt 1 1
f 5767/5767/5767 5768/5768/5768 5769/5769/5769
usemtl green_off
v 0.75956 0.88688 0.67739
vn 0.46409 0.73871 -0.48879
vt 0 0
v 0.75684 0.88596 0.67425
vn 0.00070 0.93370 -0.35805
vt 1 0
v 0.75864 0.88726 0.67765
vn 0.00074 0.93373 -0.35798
vt 1 1
f 5770/5770/5770 5771/5771/5771 5772/5772/5772
usemtl green_off
v 0.76049 0.84637 0.69249
vn 0.92387 -0.14275 -0.35510
vt 0 0
v 0.76188 0.84783 0.69631
vn 0.96591 -0.09851 -0.23941
vt 1 0
v 0.76162 0.84692 0.69673
vn 0.83707 -0.54622 -0.03096
vt 1 1
f 5773/5773/5773 5774/5774/5774 5775/5775/5775
usemtl green_off
v 0.76049 0.84637 0.69249
vn 0.92387 -0.14275 -0.35510
vt 0 0
v 0.76162 0.84692 0.69673
vn 0.83707 -0.54622 -0.03096
vt 1 0
v 0.76024 0.84547 0.69295
vn 0.80065 -0.58459 -0.13121
vt 1 1
f 5776/5776/5776 5777/5777/5777 5778/5778/5778
usemtl green_off
v 0.76024 0.84547 0.69295
vn 0.80063 -0.58462 -0.13123
vt 0 0
v 0.76162 0.84692 0.69673
vn 0.83705 -0.54624 -0.03102
vt 1 0
v 0.76091 0.84630 0.69717
vn 0.48531 -0.85394 0.18776
vt 1 1
f 5779/5779/5779 5780/5780/5780 5781/5781/5781
usemtl green_off
v 0.76024 0.84547 0.69295
vn 0.80063 -0.58462 -0.13123
vt 0 0
v 0.76091 0.84630 0.69717
vn 0.48531 -0.85394 0.18776
vt 1 0
v 0.75956 0.84489 0.69347
vn 0.46420 -0.87618 0.12968
vt 1 1
f 5782/5782/5782 5783/5783/5783 5784/5784/5784
usemtl green_off
v 0.75956 0.84489 0.69347
vn 0.46408 -0.87624 0.12974
vt 0 0
v 0.76091 0.84630 0.69717
vn 0.48520 -0.85399 0.18785
vt 1 0
v 0.75994 0.84615 0.69751
vn 0.00076 -0.93393 0.35745
vt 1 1
f 5785/5785/5785 5786/5786/5786 5787/5787/5787
usemtl green_off
v 0.75956 0.84489 0.69347
vn 0.46408 -0.87624 0.12974
vt 0 0
v 0.75994 0.84615 0.69751
vn 0.00076 -0.93393 0.35745
vt 1 0
v 0.75864 0.84477 0.69392
vn 0.00073 -0.93396 0.35738
vt 1 1
f 5788/5788/5788 5789/5789/5789 5790/5790/5790
usemtl green_off
v 0.76188 0.88658 0.68147
vn 0.96590 -0.08664 -0.24397
vt 0 0
v 0.76049 0.88512 0.67765
vn 0.92386 -0.13094 -0.35964
vt 1 0
v 0.76024 0.88609 0.67739
vn 0.80064 0.34736 -0.48818
vt 1 1
f 5791/5791/5791 5792/5792/5792 5793/5793/5793
usemtl green_off
v 0.76188 0.88658 0.68147
vn 0.96590 -0.08664 -0.24397
vt 0 0
v 0.76024 0.88609 0.67739
vn 0.80064 0.34736 -0.48818
vt 1 0
v 0.76162 0.88754 0.68117
vn 0.83707 0.38577 -0.38794
vt 1 1
f 5794/5794/5794 5795/5795/5795 5796/5796/5796
usemtl green_off
v 0.76162 0.88754 0.68117
vn 0.83704 0.38583 -0.38794
vt 0 0
v 0.76024 0.88609 0.67739
vn 0.80062 0.34744 -0.48815
vt 1 0
v 0.75956 0.88688 0.67739
vn 0.46417 0.73869 -0.48876
vt 1 1
f 5797/5797/5797 5798/5798/5798 5799/5799/5799
usemtl green_off
v 0.76162 0.88754 0.68117
vn 0.83704 0.38583 -0.38794
vt 0 0
v 0.75956 0.88688 0.67739
vn 0.46417 0.73869 -0.48876
vt 1 0
v 0.76091 0.88829 0.68109
vn 0.48528 0.76093 -0.43068
vt 1 1
f 5800/5800/5800 5801/5801/5801 5802/5802/5802
usemtl green_off
v 0.76091 0.88829 0.68109
vn 0.48515 0.76103 -0.43067
vt 0 0
v 0.75956 0.88688 0.67739
vn 0.46403 0.73877 -0.48877
vt 1 0
v 0.75864 0.88726 0.67765
vn 0.00067 0.93375 -0.35791
vt 1 1
f 5803/5803/5803 5804/5804/5804 5805/5805/5805
usemtl green_off
v 0.76091 0.88829 0.68109
vn 0.48515 0.76103 -0.43067
vt 0 0
v 0.75864 0.88726 0.67765
vn 0.00067 0.93375 -0.35791
vt 1 0
v 0.75994 0.88864 0.68123
vn 0.00069 0.93378 -0.35784
vt 1 1
f 5806/5806/5806 5807/5807/5807 5808/5808/5808
usemtl green_off
v 0.76188 0.84783 0.69631
vn 0.96591 -0.09851 -0.23941
vt 0 0
v 0.76272 0.84934 0.70026
vn 0.99143 -0.05262 -0.11961
vt 1 0
v 0.76245 0.84842 0.70065
vn 0.85918 -0.50645 0.07285
vt 1 1
f 5809/5809/5809 5810/5810/5810 5811/5811/5811
usemtl green_off
v 0.76188 0.84783 0.69631
vn 0.96591 -0.09851 -0.23941
vt 0 0
v 0.76245 0.84842 0.70065
vn 0.85918 -0.50645 0.07285
vt 1 0
v 0.76162 0.84692 0.69673
vn 0.83707 -0.54622 -0.03096
vt 1 1
f 5812/5812/5812 5813/5813/5813 5814/5814/5814
usemtl green_off
v 0.76162 0.84692 0.69673
vn 0.83706 -0.54623 -0.03094
vt 0 0
v 0.76245 0.84842 0.70065
vn 0.85918 -0.50647 0.07285
vt 1 0
v 0.76172 0.84777 0.70100
vn 0.49813 -0.83088 0.24799
vt 1 1
f 5815/5815/5815 5816/5816/5816 5817/5817/5817
usemtl green_off
v 0.76162 0.84692 0.69673
vn 0.83706 -0.54623 -0.03094
vt 0 0
v 0.76172 0.84777 0.70100
vn 0.49813 -0.83088 0.24799
vt 1 0
v 0.76091 0.84630 0.69717
vn 0.48532 -0.85392 0.18784
vt 1 1
f 5818/5818/5818 5819/5819/5819 5820/5820/5820
usemtl green_off
v 0.76091 0.84630 0.69717
vn 0.48518 -0.85400 0.18784
vt 0 0
v 0.76172 0.84777 0.70100
vn 0.49799 -0.83095 0.24803
vt 1 0
v 0.76073 0.84757 0.70122
vn 0.00075 -0.93390 0.35754
vt 1 1
f 5821/5821/5821 5822/5822/5822 5823/5823/5823
usemtl green_off
v 0.76091 0.84630 0.69717
vn 0.48518 -0.85400 0.18784
vt 0 0
v 0.76073 0.84757 0.70122
vn 0.00075 -0.93390 0.35754
vt 1 0
v 0.75994 0.84615 0.69751
vn 0.00074 -0.93393 0.35746
vt 1 1
f 5824/5824/5824 5825/5825/5825 5826/5826/5826
usemtl green_off
v 0.76272 0.88810 0.68542
vn 0.99142 -0.04075 -0.12417
vt 0 0
v 0.76188 0.88658 0.68147
vn 0.96590 -0.08664 -0.24397
vt 1 0
v 0.76162 0.88754 0.68117
vn 0.83707 0.38577 -0.38794
vt 1 1
f 5827/5827/5827 5828/5828/5828 5829/5829/5829
usemtl green_off
v 0.76272 0.88810 0.68542
vn 0.99142 -0.04075 -0.12417
vt 0 0
v 0.76162 0.88754 0.68117
vn 0.83707 0.38577 -0.38794
vt 1 0
v 0.76245 0.88904 0.68509
vn 0.85918 0.42554 -0.28413
vt 1 1
f 5830/5830/5830 5831/5831/5831 5832/5832/5832
usemtl green_off
v 0.76245 0.88904 0.68509
vn 0.85914 0.42561 -0.28413
vt 0 0
v 0.76162 0.88754 0.68117
vn 0.83704 0.38586 -0.38792
vt 1 0
v 0.76091 0.88829 0.68109
vn 0.48526 0.76096 -0.43065
vt 1 1
f 5833/5833/5833 5834/5834/5834 5835/5835/5835
usemtl green_off
v 0.76245 0.88904 0.68509
vn 0.85914 0.42561 -0.28413
vt 0 0
v 0.76091 0.88829 0.68109
vn 0.48526 0.76096 -0.43065
vt 1 0
v 0.76172 0.88976 0.68492
vn 0.49808 0.78399 -0.37050
vt 1 1
f 5836/5836/5836 5837/5837/5837 5838/5838/5838
usemtl green_off
v 0.76172 0.88976 0.68492
vn 0.49810 0.78401 -0.37044
vt 0 0
v 0.76091 0.88829 0.68109
vn 0.48527 0.76097 -0.43063
vt 1 0
v 0.75994 0.88864 0.68123
vn 0.00085 0.93379 -0.35781
vt 1 1
f 5839/5839/5839 5840/5840/5840 5841/5841/5841
usemtl green_off
v 0.76172 0.88976 0.68492
vn 0.49810 0.78401 -0.37044
vt 0 0
v 0.75994 0.88864 0.68123
vn 0.00085 0.93379 -0.35781
vt 1 0
v 0.76073 0.89006 0.68495
vn 0.00086 0.93382 -0.35774
vt 1 1
f 5842/5842/5842 5843/5843/5843 5844/5844/5844
usemtl green_off
v 0.76272 0.84934 0.70026
vn 0.99143 -0.05262 -0.11961
vt 0 0
v 0.76300 0.85088 0.70428
vn 0.99998 -0.00589 0.00226
vt 1 0
v 0.76273 0.84995 0.70464
vn 0.86660 -0.46599 0.17848
vt 1 1
f 5845/5845/5845 5846/5846/5846 5847/5847/5847
usemtl green_off
v 0.76272 0.84934 0.70026
vn 0.99143 -0.05262 -0.11961
vt 0 0
v 0.76273 0.84995 0.70464
vn 0.86660 -0.46599 0.17848
vt 1 0
v 0.76245 0.84842 0.70065
vn 0.85918 -0.50645 0.07285
vt 1 1
f 5848/5848/5848 5849/5849/5849 5850/5850/5850
usemtl green_off
v 0.76245 0.84842 0.70065
vn 0.85915 -0.50651 0.07288
vt 0 0
v 0.76273 0.84995 0.70464
vn 0.86656 -0.46607 0.17848
vt 1 0
v 0.76200 0.84927 0.70490
vn 0.50238 -0.80746 0.30923
vt 1 1
f 5851/5851/5851 5852/5852/5852 5853/5853/5853
usemtl green_off
v 0.76245 0.84842 0.70065
vn 0.85915 -0.50651 0.07288
vt 0 0
v 0.76200 0.84927 0.70490
vn 0.50238 -0.80746 0.30923
vt 1 0
v 0.76172 0.84777 0.70100
vn 0.49809 -0.83089 0.24803
vt 1 1
f 5854/5854/5854 5855/5855/5855 5856/5856/5856
usemtl green_off
v 0.76172 0.84777 0.70100
vn 0.49800 -0.83095 0.24803
vt 0 0
v 0.76200 0.84927 0.70490
vn 0.50229 -0.80750 0.30927
vt 1 0
v 0.76100 0.84901 0.70500
vn 0.00076 -0.93386 0.35764
vt 1 1
f 5857/5857/5857 5858/5858/5858 5859/5859/5859
usemtl green_off
v 0.76172 0.84777 0.70100
vn 0.49800 -0.83095 0.24803
vt 0 0
v 0.76100 0.84901 0.70500
vn 0.00076 -0.93386 0.35764
vt 1 0
v 0.76073 0.84757 0.70122
vn 0.00075 -0.93389 0.35757
vt 1 1
f 5860/5860/5860 5861/5861/5861 5862/5862/5862
usemtl green_off
v 0.76300 0.88964 0.68944
vn 0.99998 0.00589 -0.00226
vt 0 0
v 0.76272 0.88810 0.68542
vn 0.99142 -0.04075 -0.12417
vt 1 0
v 0.76245 0.88904 0.68509
vn 0.85918 0.42554 -0.28413
vt 1 1
f 5863/5863/5863 5864/5864/5864 5865/5865/5865
usemtl green_off
v 0.76300 0.88964 0.68944
vn 0.99998 0.00589 -0.00226
vt 0 0
v 0.76245 0.88904 0.68509
vn 0.85918 0.42554 -0.28413
vt 1 0
v 0.76273 0.89057 0.68908
vn 0.86660 0.46599 -0.17848
vt 1 1
f 5866/5866/5866 5867/5867/5867 5868/5868/5868
usemtl green_off
v 0.76273 0.89057 0.68908
vn 0.86654 0.46610 -0.17850
vt 0 0
v 0.76245 0.88904 0.68509
vn 0.85913 0.42565 -0.28410
vt 1 0
v 0.76172 0.88976 0.68492
vn 0.49806 0.78403 -0.37045
vt 1 1
f 5869/5869/5869 5870/5870/5870 5871/5871/5871
usemtl green_off
v 0.76273 0.89057 0.68908
vn 0.86654 0.46610 -0.17850
vt 0 0
v 0.76172 0.88976 0.68492
vn 0.49806 0.78403 -0.37045
vt 1 0
v 0.76200 0.89125 0.68882
vn 0.50235 0.80747 -0.30926
vt 1 1
f 5872/5872/5872 5873/5873/5873 5874/5874/5874
usemtl green_off
v 0.76200 0.89125 0.68882
vn 0.50230 0.80749 -0.30928
vt 0 0
v 0.76172 0.88976 0.68492
vn 0.49800 0.78404 -0.37051
vt 1 0
v 0.76073 0.89006 0.68495
vn 0.00076 0.93381 -0.35776
vt 1 1
f 5875/5875/5875 5876/5876/5876 5877/5877/5877
usemtl green_off
v 0.76200 0.89125 0.68882
vn 0.50230 0.80749 -0.30928
vt 0 0
v 0.76073 0.89006 0.68495
vn 0.00076 0.93381 -0.35776
vt 1 0
v 0.76100 0.89151 0.68873
vn 0.00077 0.93384 -0.35769
vt 1 1
f 5878/5878/5878 5879/5879/5879 5880/5880/5880
usemtl green_off
v 0.76300 0.85088 0.70428
vn 0.99998 -0.00589 0.00226
vt 0 0
v 0.76272 0.85242 0.70831
vn 0.99142 0.04080 0.12416
vt 1 0
v 0.76245 0.85148 0.70863
vn 0.85918 -0.42554 0.28413
vt 1 1
f 5881/5881/5881 5882/5882/5882 5883/5883/5883
usemtl green_off
v 0.76300 0.85088 0.70428
vn 0.99998 -0.00589 0.00226
vt 0 0
v 0.76245 0.85148 0.70863
vn 0.85918 -0.42554 0.28413
vt 1 0
v 0.76273 0.84995 0.70464
vn 0.86660 -0.46599 0.17848
vt 1 1
f 5884/5884/5884 5885/5885/5885 5886/5886/5886
usemtl green_off
v 0.76273 0.84995 0.70464
vn 0.86656 -0.46606 0.17849
vt 0 0
v 0.76245 0.85148 0.70863
vn 0.85915 -0.42561 0.28409
vt 1 0
v 0.76172 0.85076 0.70880
vn 0.49809 -0.78401 0.37044
vt 1 1
f 5887/5887/5887 5888/5888/5888 5889/5889/5889
usemtl green_off
v 0.76273 0.84995 0.70464
vn 0.86656 -0.46606 0.17849
vt 0 0
v 0.76172 0.85076 0.70880
vn 0.49809 -0.78401 0.37044
vt 1 0
v 0.76200 0.84927 0.70490
vn 0.50239 -0.80745 0.30925
vt 1 1
f 5890/5890/5890 5891/5891/5891 5892/5892/5892
usemtl green_off
v 0.76200 0.84927 0.70490
vn 0.50230 -0.80750 0.30926
vt 0 0
v 0.76172 0.85076 0.70880
vn 0.49801 -0.78405 0.37049
vt 1 0
v 0.76073 0.85046 0.70878
vn 0.00077 -0.93382 0.35774
vt 1 1
f 5893/5893/5893 5894/5894/5894 5895/5895/5895
usemtl green_off
v 0.76200 0.84927 0.70490
vn 0.50230 -0.80750 0.30926
vt 0 0
v 0.76073 0.85046 0.70878
vn 0.00077 -0.93382 0.35774
vt 1 0
v 0.76100 0.84901 0.70500
vn 0.00076 -0.93385 0.35766
vt 1 1
f 5896/5896/5896 5897/5897/5897 5898/5898/5898
usemtl green_off
v 0.76272 0.89118 0.69346
vn 0.99143 0.05262 0.11961
vt 0 0
v 0.76300 0.88964 0.68944
vn 0.99998 0.00589 -0.00226
vt 1 0
v 0.76273 0.89057 0.68908
vn 0.86660 0.46599 -0.17848
vt 1 1
f 5899/5899/5899 5900/5900/5900 5901/5901/5901
usemtl green_off
v 0.76272 0.89118 0.69346
vn 0.99143 0.05262 0.11961
vt 0 0
v 0.76273 0.89057 0.68908
vn 0.86660 0.46599 -0.17848
vt 1 0
v 0.76245 0.89210 0.69307
vn 0.85919 0.50644 -0.07285
vt 1 1
f 5902/5902/5902 5903/5903/5903 5904/5904/5904
usemtl green_off
v 0.76245 0.89210 0.69307
vn 0.85915 0.50651 -0.07288
vt 0 0
v 0.76273 0.89057 0.68908
vn 0.86656 0.46606 -0.17848
vt 1 0
v 0.76200 0.89125 0.68882
vn 0.50238 0.80746 -0.30923
vt 1 1
f 5905/5905/5905 5906/5906/5906 5907/5907/5907
usemtl green_off
v 0.76245 0.89210 0.69307
vn 0.85915 0.50651 -0.07288
vt 0 0
v 0.76200 0.89125 0.68882
vn 0.50238 0.80746 -0.30923
vt 1 0
v 0.76172 0.89275 0.69272
vn 0.49810 0.83089 -0.24803
vt 1 1
f 5908/5908/5908 5909/5909/5909 5910/5910/5910
usemtl green_off
v 0.76172 0.89275 0.69272
vn 0.49806 0.83092 -0.24802
vt 0 0
v 0.76200 0.89125 0.68882
vn 0.50235 0.80747 -0.30926
vt 1 0
v 0.76100 0.89151 0.68873
vn 0.00083 0.93386 -0.35765
vt 1 1
f 5911/5911/5911 5912/5912/5912 5913/5913/5913
usemtl green_off
v 0.76172 0.89275 0.69272
vn 0.49806 0.83092 -0.24802
vt 0 0
v 0.76100 0.89151 0.68873
vn 0.00083 0.93386 -0.35765
vt 1 0
v 0.76073 0.89295 0.69250
vn 0.00082 0.93388 -0.35758
vt 1 1
f 5914/5914/5914 5915/5915/5915 5916/5916/5916
usemtl green_off
v 0.76272 0.85242 0.70831
vn 0.99142 0.04080 0.12416
vt 0 0
v 0.76188 0.85394 0.71226
vn 0.96590 0.08664 0.24398
vt 1 0
v 0.76162 0.85298 0.71255
vn 0.83707 -0.38577 0.38794
vt 1 1
f 5917/5917/5917 5918/5918/5918 5919/5919/5919
usemtl green_off
v 0.76272 0.85242 0.70831
vn 0.99142 0.04080 0.12416
vt 0 0
v 0.76162 0.85298 0.71255
vn 0.83707 -0.38577 0.38794
vt 1 0
v 0.76245 0.85148 0.70863
vn 0.85918 -0.42554 0.28413
vt 1 1
f 5920/5920/5920 5921/5921/5921 5922/5922/5922
usemtl green_off
v 0.76245 0.85148 0.70863
vn 0.85913 -0.42561 0.28416
vt 0 0
v 0.76162 0.85298 0.71255
vn 0.83703 -0.38585 0.38795
vt 1 0
v 0.76091 0.85223 0.71264
vn 0.48525 -0.76096 0.43067
vt 1 1
f 5923/5923/5923 5924/5924/5924 5925/5925/5925
usemtl green_off
v 0.76245 0.85148 0.70863
vn 0.85913 -0.42561 0.28416
vt 0 0
v 0.76091 0.85223 0.71264
vn 0.48525 -0.76096 0.43067
vt 1 0
v 0.76172 0.85076 0.70880
vn 0.49807 -0.78399 0.37052
vt 1 1
f 5926/5926/5926 5927/5927/5927 5928/5928/5928
usemtl green_off
v 0.76172 0.85076 0.70880
vn 0.49800 -0.78404 0.37051
vt 0 0
v 0.76091 0.85223 0.71264
vn 0.48517 -0.76099 0.43069
vt 1 0
v 0.75994 0.85188 0.71249
vn 0.00073 -0.93378 0.35785
vt 1 1
f 5929/5929/5929 5930/5930/5930 5931/5931/5931
usemtl green_off
v 0.76172 0.85076 0.70880
vn 0.49800 -0.78404 0.37051
vt 0 0
v 0.75994 0.85188 0.71249
vn 0.00073 -0.93378 0.35785
vt 1 0
v 0.76073 0.85046 0.70878
vn 0.00075 -0.93380 0.35778
vt 1 1
f 5932/5932/5932 5933/5933/5933 5934/5934/5934
usemtl green_off
v 0.76188 0.89269 0.69742
vn 0.96591 0.09850 0.23941
vt 0 0
v 0.76272 0.89118 0.69346
vn 0.99143 0.05262 0.11961
vt 1 0
v 0.76245 0.89210 0.69307
vn 0.85919 0.50644 -0.07285
vt 1 1
f 5935/5935/5935 5936/5936/5936 5937/5937/5937
usemtl green_off
v 0.76188 0.89269 0.69742
vn 0.96591 0.09850 0.23941
vt 0 0
v 0.76245 0.89210 0.69307
vn 0.85919 0.50644 -0.07285
vt 1 0
v 0.76162 0.89360 0.69700
vn 0.83707 0.54621 0.03095
vt 1 1
f 5938/5938/5938 5939/5939/5939 5940/5940/5940
usemtl green_off
v 0.76162 0.89360 0.69700
vn 0.83704 0.54626 0.03093
vt 0 0
v 0.76245 0.89210 0.69307
vn 0.85916 0.50649 -0.07285
vt 1 0
v 0.76172 0.89275 0.69272
vn 0.49810 0.83090 -0.24799
vt 1 1
f 5941/5941/5941 5942/5942/5942 5943/5943/5943
usemtl green_off
v 0.76162 0.89360 0.69700
vn 0.83704 0.54626 0.03093
vt 0 0
v 0.76172 0.89275 0.69272
vn 0.49810 0.83090 -0.24799
vt 1 0
v 0.76091 0.89422 0.69656
vn 0.48529 0.85394 -0.18784
vt 1 1
f 5944/5944/5944 5945/5945/5945 5946/5946/5946
usemtl green_off
v 0.76091 0.89422 0.69656
vn 0.48513 0.85402 -0.18787
vt 0 0
v 0.76172 0.89275 0.69272
vn 0.49795 0.83098 -0.24805
vt 1 0
v 0.76073 0.89295 0.69250
vn 0.00070 0.93389 -0.35756
vt 1 1
f 5947/5947/5947 5948/5948/5948 5949/5949/5949
usemtl green_off
v 0.76091 0.89422 0.69656
vn 0.48513 0.85402 -0.18787
vt 0 0
v 0.76073 0.89295 0.69250
vn 0.00070 0.93389 -0.35756
vt 1 0
v 0.75994 0.89437 0.69622
vn 0.00068 0.93392 -0.35749
vt 1 1
f 5950/5950/5950 5951/5951/5951 5952/5952/5952
usemtl green_off
v 0.76188 0.85394 0.71226
vn 0.96590 0.08664 0.24398
vt 0 0
v 0.76049 0.85540 0.71608
vn 0.92386 0.13100 0.35963
vt 1 0
v 0.76024 0.85443 0.71634
vn 0.80064 -0.34736 0.48818
vt 1 1
f 5953/5953/5953 5954/5954/5954 5955/5955/5955
usemtl green_off
v 0.76188 0.85394 0.71226
vn 0.96590 0.08664 0.24398
vt 0 0
v 0.76024 0.85443 0.71634
vn 0.80064 -0.34736 0.48818
vt 1 0
v 0.76162 0.85298 0.71255
vn 0.83707 -0.38577 0.38794
vt 1 1
f 5956/5956/5956 5957/5957/5957 5958/5958/5958
usemtl green_off
v 0.76162 0.85298 0.71255
vn 0.83704 -0.38583 0.38794
vt 0 0
v 0.76024 0.85443 0.71634
vn 0.80062 -0.34745 0.48815
vt 1 0
v 0.75956 0.85364 0.71634
vn 0.46417 -0.73869 0.48876
vt 1 1
f 5959/5959/5959 5960/5960/5960 5961/5961/5961
usemtl green_off
v 0.76162 0.85298 0.71255
vn 0.83704 -0.38583 0.38794
vt 0 0
v 0.75956 0.85364 0.71634
vn 0.46417 -0.73869 0.48876
vt 1 0
v 0.76091 0.85223 0.71264
vn 0.48528 -0.76093 0.43068
vt 1 1
f 5962/5962/5962 5963/5963/5963 5964/5964/5964
usemtl green_off
v 0.76091 0.85223 0.71264
vn 0.48520 -0.76100 0.43066
vt 0 0
v 0.75956 0.85364 0.71634
vn 0.46408 -0.73874 0.48876
vt 1 0
v 0.75864 0.85326 0.71608
vn 0.00073 -0.93375 0.35792
vt 1 1
f 5965/5965/5965 5966/5966/5966 5967/5967/5967
usemtl green_off
v 0.76091 0.85223 0.71264
vn 0.48520 -0.76100 0.43066
vt 0 0
v 0.75864 0.85326 0.71608
vn 0.00073 -0.93375 0.35792
vt 1 0
v 0.75994 0.85188 0.71249
vn 0.00075 -0.93378 0.35785
vt 1 1
f 5968/5968/5968 5969/5969/5969 5970/5970/5970
usemtl green_off
v 0.76049 0.89415 0.70123
vn 0.92386 0.14275 0.35511
vt 0 0
v 0.76188 0.89269 0.69742
vn 0.96591 0.09850 0.23941
vt 1 0
v 0.76162 0.89360 0.69700
vn 0.83707 0.54621 0.03095
vt 1 1
f 5971/5971/5971 5972/5972/5972 5973/5973/5973
usemtl green_off
v 0.76049 0.89415 0.70123
vn 0.92386 0.14275 0.35511
vt 0 0
v 0.76162 0.89360 0.69700
vn 0.83707 0.54621 0.03095
vt 1 0
v 0.76024 0.89505 0.70078
vn 0.80064 0.58459 0.13121
vt 1 1
f 5974/5974/5974 5975/5975/5975 5976/5976/5976
usemtl green_off
v 0.76024 0.89505 0.70078
vn 0.80062 0.58462 0.13123
vt 0 0
v 0.76162 0.89360 0.69700
vn 0.83705 0.54624 0.03102
vt 1 0
v 0.76091 0.89422 0.69656
vn 0.48531 0.85395 -0.18776
vt 1 1
f 5977/5977/5977 5978/5978/5978 5979/5979/5979
usemtl green_off
v 0.76024 0.89505 0.70078
vn 0.80062 0.58462 0.13123
vt 0 0
v 0.76091 0.89422 0.69656
vn 0.48531 0.85395 -0.18776
vt 1 0
v 0.75956 0.89563 0.70026
vn 0.46420 0.87619 -0.12968
vt 1 1
f 5980/5980/5980 5981/5981/5981 5982/5982/5982
usemtl green_off
v 0.75956 0.89563 0.70026
vn 0.46403 0.87627 -0.12975
vt 0 0
v 0.76091 0.89422 0.69656
vn 0.48515 0.85401 -0.18786
vt 1 0
v 0.75994 0.89437 0.69622
vn 0.00070 0.93393 -0.35745
vt 1 1
f 5983/5983/5983 5984/5984/5984 5985/5985/5985
usemtl green_off
v 0.75956 0.89563 0.70026
vn 0.46403 0.87627 -0.12975
vt 0 0
v 0.75994 0.89437 0.69622
vn 0.00070 0.93393 -0.35745
vt 1 0
v 0.75864 0.89575 0.69980
vn 0.00067 0.93396 -0.35739
vt 1 1
f 5986/5986/5986 5987/5987/5987 5988/5988/5988
usemtl green_off
v 0.76049 0.85540 0.71608
vn 0.92386 0.13100 0.35963
vt 0 0
v 0.75858 0.85678 0.71969
vn 0.86600 0.17291 0.46920
vt 1 0
v 0.75835 0.85580 0.71993
vn 0.75049 -0.31100 0.58313
vt 1 1
f 5989/5989/5989 5990/5990/5990 5991/5991/5991
usemtl green_off
v 0.76049 0.85540 0.71608
vn 0.92386 0.13100 0.35963
vt 0 0
v 0.75835 0.85580 0.71993
vn 0.75049 -0.31100 0.58313
vt 1 0
v 0.76024 0.85443 0.71634
vn 0.80064 -0.34736 0.48818
vt 1 1
f 5992/5992/5992 5993/5993/5993 5994/5994/5994
usemtl green_off
v 0.76024 0.85443 0.71634
vn 0.80060 -0.34744 0.48818
vt 0 0
v 0.75835 0.85580 0.71993
vn 0.75049 -0.31108 0.58310
vt 1 0
v 0.75771 0.85499 0.71984
vn 0.43511 -0.71761 0.54381
vt 1 1
f 5995/5995/5995 5996/5996/5996 5997/5997/5997
usemtl green_off
v 0.76024 0.85443 0.71634
vn 0.80060 -0.34744 0.48818
vt 0 0
v 0.75771 0.85499 0.71984
vn 0.43511 -0.71761 0.54381
vt 1 0
v 0.75956 0.85364 0.71634
vn 0.46415 -0.73867 0.48880
vt 1 1
f 5998/5998/5998 5999/5999/5999 6000/6000/6000
usemtl green_off
v 0.75956 0.85364 0.71634
vn 0.46410 -0.73871 0.48880
vt 0 0
v 0.75771 0.85499 0.71984
vn 0.43503 -0.71763 0.54383
vt 1 0
v 0.75684 0.85456 0.71947
vn 0.00070 -0.93370 0.35805
vt 1 1
f 6001/6001/6001 6002/6002/6002 6003/6003/6003
usemtl green_off
v 0.75956 0.85364 0.71634
vn 0.46410 -0.73871 0.48880
vt 0 0
v 0.75684 0.85456 0.71947
vn 0.00070 -0.93370 0.35805
vt 1 0
v 0.75864 0.85326 0.71608
vn 0.00074 -0.93373 0.35799
vt 1 1
f 6004/6004/6004 6005/6005/6005 6006/6006/6006
usemtl green_off
v 0.75858 0.89554 0.70485
vn 0.86601 0.18476 0.46464
vt 0 0
v 0.76049 0.89415 0.70123
vn 0.92386 0.14275 0.35511
vt 1 0
v 0.76024 0.89505 0.70078
vn 0.80064 0.58459 0.13121
vt 1 1
f 6007/6007/6007 6008/6008/6008 6009/6009/6009
usemtl green_off
v 0.75858 0.89554 0.70485
vn 0.86601 0.18476 0.46464
vt 0 0
v 0.76024 0.89505 0.70078
vn 0.80064 0.58459 0.13121
vt 1 0
v 0.75835 0.89642 0.70437
vn 0.75050 0.62097 0.22615
vt 1 1
f 6010/6010/6010 6011/6011/6011 6012/6012/6012
usemtl green_off
v 0.75835 0.89642 0.70437
vn 0.75048 0.62102 0.22610
vt 0 0
v 0.76024 0.89505 0.70078
vn 0.80060 0.58465 0.13119
vt 1 0
v 0.75956 0.89563 0.70026
vn 0.46415 0.87621 -0.12971
vt 1 1
f 6013/6013/6013 6014/6014/6014 6015/6015/6015
usemtl green_off
v 0.75835 0.89642 0.70437
vn 0.75048 0.62102 0.22610
vt 0 0
v 0.75956 0.89563 0.70026
vn 0.46415 0.87621 -0.12971
vt 1 0
v 0.75771 0.89698 0.70376
vn 0.43511 0.89728 -0.07470
vt 1 1
f 6016/6016/6016 6017/6017/6017 6018/6018/6018
usemtl green_off
v 0.75771 0.89698 0.70376
vn 0.43504 0.89731 -0.07473
vt 0 0
v 0.75956 0.89563 0.70026
vn 0.46410 0.87623 -0.12977
vt 1 0
v 0.75864 0.89575 0.69980
vn 0.00074 0.93396 -0.35738
vt 1 1
f 6019/6019/6019 6020/6020/6020 6021/6021/6021
usemtl green_off
v 0.75771 0.89698 0.70376
vn 0.43504 0.89731 -0.07473
vt 0 0
v 0.75864 0.89575 0.69980
vn 0.00074 0.93396 -0.35738
vt 1 0
v 0.75684 0.89705 0.70320
vn 0.00071 0.93398 -0.35731
vt 1 1
f 6022/6022/6022 6023/6023/6023 6024/6024/6024
usemtl green_off
v 0.75858 0.85678 0.71969
vn 0.86600 0.17291 0.46920
vt 0 0
v 0.75618 0.85807 0.72304
vn 0.79334 0.21180 0.57076
vt 1 0
v 0.75597 0.85708 0.72325
vn 0.68752 -0.27730 0.67114
vt 1 1
f 6025/6025/6025 6026/6026/6026 6027/6027/6027
usemtl green_off
v 0.75858 0.85678 0.71969
vn 0.86600 0.17291 0.46920
vt 0 0
v 0.75597 0.85708 0.72325
vn 0.68752 -0.27730 0.67114
vt 1 0
v 0.75835 0.85580 0.71993
vn 0.75049 -0.31100 0.58313
vt 1 1
f 6028/6028/6028 6029/6029/6029 6030/6030/6030
usemtl green_off
v 0.75835 0.85580 0.71993
vn 0.75047 -0.31108 0.58312
vt 0 0
v 0.75597 0.85708 0.72325
vn 0.68751 -0.27738 0.67111
vt 1 0
v 0.75539 0.85623 0.72309
vn 0.39860 -0.69807 0.59483
vt 1 1
f 6031/6031/6031 6032/6032/6032 6033/6033/6033
usemtl green_off
v 0.75835 0.85580 0.71993
vn 0.75047 -0.31108 0.58312
vt 0 0
v 0.75539 0.85623 0.72309
vn 0.39860 -0.69807 0.59483
vt 1 0
v 0.75771 0.85499 0.71984
vn 0.43509 -0.71759 0.54384
vt 1 1
f 6034/6034/6034 6035/6035/6035 6036/6036/6036
usemtl green_off
v 0.75771 0.85499 0.71984
vn 0.43499 -0.71766 0.54382
vt 0 0
v 0.75539 0.85623 0.72309
vn 0.39848 -0.69812 0.59485
vt 1 0
v 0.75459 0.85576 0.72262
vn 0.00059 -0.93368 0.35811
vt 1 1
f 6037/6037/6037 6038/6038/6038 6039/6039/6039
usemtl green_off
v 0.75771 0.85499 0.71984
vn 0.43499 -0.71766 0.54382
vt 0 0
v 0.75459 0.85576 0.72262
vn 0.00059 -0.93368 0.35811
vt 1 0
v 0.75684 0.85456 0.71947
vn 0.00064 -0.93370 0.35805
vt 1 1
f 6040/6040/6040 6041/6041/6041 6042/6042/6042
usemtl green_off
v 0.75618 0.89682 0.70820
vn 0.79334 0.22367 0.56620
vt 0 0
v 0.75858 0.89554 0.70485
vn 0.86601 0.18476 0.46464
vt 1 0
v 0.75835 0.89642 0.70437
vn 0.75050 0.62097 0.22615
vt 1 1
f 6043/6043/6043 6044/6044/6044 6045/6045/6045
usemtl green_off
v 0.75618 0.89682 0.70820
vn 0.79334 0.22367 0.56620
vt 0 0
v 0.75835 0.89642 0.70437
vn 0.75050 0.62097 0.22615
vt 1 0
v 0.75597 0.89770 0.70769
vn 0.68752 0.65469 0.31416
vt 1 1
f 6046/6046/6046 6047/6047/6047 6048/6048/6048
usemtl green_off
v 0.75597 0.89770 0.70769
vn 0.68746 0.65476 0.31415
vt 0 0
v 0.75835 0.89642 0.70437
vn 0.75042 0.62106 0.22616
vt 1 0
v 0.75771 0.89698 0.70376
vn 0.43503 0.89732 -0.07463
vt 1 1
f 6049/6049/6049 6050/6050/6050 6051/6051/6051
usemtl green_off
v 0.75597 0.89770 0.70769
vn 0.68746 0.65476 0.31415
vt 0 0
v 0.75771 0.89698 0.70376
vn 0.43503 0.89732 -0.07463
vt 1 0
v 0.75539 0.89822 0.70701
vn 0.39854 0.91685 -0.02364
vt 1 1
f 6052/6052/6052 6053/6053/6053 6054/6054/6054
usemtl green_off
v 0.75539 0.89822 0.70701
vn 0.39844 0.91689 -0.02373
vt 0 0
v 0.75771 0.89698 0.70376
vn 0.43494 0.89735 -0.07476
vt 1 0
v 0.75684 0.89705 0.70320
vn 0.00059 0.93399 -0.35731
vt 1 1
f 6055/6055/6055 6056/6056/6056 6057/6057/6057
usemtl green_off
v 0.75539 0.89822 0.70701
vn 0.39844 0.91689 -0.02373
vt 0 0
v 0.75684 0.89705 0.70320
vn 0.00059 0.93399 -0.35731
vt 1 0
v 0.75459 0.89825 0.70635
vn 0.00054 0.93401 -0.35725
vt 1 1
f 6058/6058/6058 6059/6059/6059 6060/6060/6060
usemtl green_off
v 0.75618 0.85807 0.72304
vn 0.79334 0.21180 0.57076
vt 0 0
v 0.75333 0.85923 0.72608
vn 0.70708 0.24698 0.66260
vt 1 0
v 0.75314 0.85823 0.72626
vn 0.61278 -0.24681 0.75072
vt 1 1
f 6061/6061/6061 6062/6062/6062 6063/6063/6063
usemtl green_off
v 0.75618 0.85807 0.72304
vn 0.79334 0.21180 0.57076
vt 0 0
v 0.75314 0.85823 0.72626
vn 0.61278 -0.24681 0.75072
vt 1 0
v 0.75597 0.85708 0.72325
vn 0.68752 -0.27730 0.67114
vt 1 1
f 6064/6064/6064 6065/6065/6065 6066/6066/6066
usemtl green_off
v 0.75597 0.85708 0.72325
vn 0.68753 -0.27736 0.67110
vt 0 0
v 0.75314 0.85823 0.72626
vn 0.61281 -0.24688 0.75067
vt 1 0
v 0.75263 0.85736 0.72603
vn 0.35532 -0.68039 0.64096
vt 1 1
f 6067/6067/6067 6068/6068/6068 6069/6069/6069
usemtl green_off
v 0.75597 0.85708 0.72325
vn 0.68753 -0.27736 0.67110
vt 0 0
v 0.75263 0.85736 0.72603
vn 0.35532 -0.68039 0.64096
vt 1 0
v 0.75539 0.85623 0.72309
vn 0.39861 -0.69805 0.59484
vt 1 1
f 6070/6070/6070 6071/6071/6071 6072/6072/6072
usemtl green_off
v 0.75539 0.85623 0.72309
vn 0.39846 -0.69813 0.59484
vt 0 0
v 0.75263 0.85736 0.72603
vn 0.35514 -0.68046 0.64098
vt 1 0
v 0.75192 0.85685 0.72547
vn 0.00051 -0.93365 0.35818
vt 1 1
f 6073/6073/6073 6074/6074/6074 6075/6075/6075
usemtl green_off
v 0.75539 0.85623 0.72309
vn 0.39846 -0.69813 0.59484
vt 0 0
v 0.75192 0.85685 0.72547
vn 0.00051 -0.93365 0.35818
vt 1 0
v 0.75459 0.85576 0.72262
vn 0.00056 -0.93367 0.35812
vt 1 1
f 6076/6076/6076 6077/6077/6077 6078/6078/6078
usemtl green_off
v 0.75333 0.89798 0.71123
vn 0.70710 0.25883 0.65804
vt 0 0
v 0.75618 0.89682 0.70820
vn 0.79334 0.22367 0.56620
vt 1 0
v 0.75597 0.89770 0.70769
vn 0.68752 0.65469 0.31416
vt 1 1
f 6079/6079/6079 6080/6080/6080 6081/6081/6081
usemtl green_off
v 0.75333 0.89798 0.71123
vn 0.70710 0.25883 0.65804
vt 0 0
v 0.75597 0.89770 0.70769
vn 0.68752 0.65469 0.31416
vt 1 0
v 0.75314 0.89885 0.71070
vn 0.61281 0.68515 0.39376
vt 1 1
f 6082/6082/6082 6083/6083/6083 6084/6084/6084
usemtl green_off
v 0.75314 0.89885 0.71070
vn 0.61281 0.68515 0.39374
vt 0 0
v 0.75597 0.89770 0.70769
vn 0.68753 0.65467 0.31418
vt 1 0
v 0.75539 0.89822 0.70701
vn 0.39862 0.91681 -0.02360
vt 1 1
f 6085/6085/6085 6086/6086/6086 6087/6087/6087
usemtl green_off
v 0.75314 0.89885 0.71070
vn 0.61281 0.68515 0.39374
vt 0 0
v 0.75539 0.89822 0.70701
vn 0.39862 0.91681 -0.02360
vt 1 0
v 0.75263 0.89935 0.70995
vn 0.35533 0.93447 0.02252
vt 1 1
f 6088/6088/6088 6089/6089/6089 6090/6090/6090
usemtl green_off
v 0.75263 0.89935 0.70995
vn 0.35515 0.93454 0.02242
vt 0 0
v 0.75539 0.89822 0.70701
vn 0.39847 0.91688 -0.02372
vt 1 0
v 0.75459 0.89825 0.70635
vn 0.00057 0.93402 -0.35721
vt 1 1
f 6091/6091/6091 6092/6092/6092 6093/6093/6093
usemtl green_off
v 0.75263 0.89935 0.70995
vn 0.35515 0.93454 0.02242
vt 0 0
v 0.75459 0.89825 0.70635
vn 0.00057 0.93402 -0.35721
vt 1 0
v 0.75192 0.89934 0.70919
vn 0.00051 0.93404 -0.35716
vt 1 1
f 6094/6094/6094 6095/6095/6095 6096/6096/6096
usemtl green_off
v 0.75333 0.85923 0.72608
vn 0.70708 0.24698 0.66260
vt 0 0
v 0.75009 0.86025 0.72873
vn 0.60874 0.27782 0.74314
vt 1 0
v 0.74993 0.85924 0.72889
vn 0.52753 -0.22007 0.82054
vt 1 1
f 6097/6097/6097 6098/6098/6098 6099/6099/6099
usemtl green_off
v 0.75333 0.85923 0.72608
vn 0.70708 0.24698 0.66260
vt 0 0
v 0.74993 0.85924 0.72889
vn 0.52753 -0.22007 0.82054
vt 1 0
v 0.75314 0.85823 0.72626
vn 0.61278 -0.24681 0.75072
vt 1 1
f 6100/6100/6100 6101/6101/6101 6102/6102/6102
usemtl green_off
v 0.75314 0.85823 0.72626
vn 0.61277 -0.24688 0.75071
vt 0 0
v 0.74993 0.85924 0.72889
vn 0.52757 -0.22015 0.82049
vt 1 0
v 0.74948 0.85834 0.72861
vn 0.30588 -0.66489 0.68144
vt 1 1
f 6103/6103/6103 6104/6104/6104 6105/6105/6105
usemtl green_off
v 0.75314 0.85823 0.72626
vn 0.61277 -0.24688 0.75071
vt 0 0
v 0.74948 0.85834 0.72861
vn 0.30588 -0.66489 0.68144
vt 1 0
v 0.75263 0.85736 0.72603
vn 0.35526 -0.68037 0.64100
vt 1 1
f 6106/6106/6106 6107/6107/6107 6108/6108/6108
usemtl green_off
v 0.75263 0.85736 0.72603
vn 0.35522 -0.68044 0.64095
vt 0 0
v 0.74948 0.85834 0.72861
vn 0.30581 -0.66495 0.68141
vt 1 0
v 0.74887 0.85781 0.72796
vn 0.00052 -0.93363 0.35823
vt 1 1
f 6109/6109/6109 6110/6110/6110 6111/6111/6111
usemtl green_off
v 0.75263 0.85736 0.72603
vn 0.35522 -0.68044 0.64095
vt 0 0
v 0.74887 0.85781 0.72796
vn 0.00052 -0.93363 0.35823
vt 1 0
v 0.75192 0.85685 0.72547
vn 0.00057 -0.93365 0.35818
vt 1 1
f 6112/6112/6112 6113/6113/6113 6114/6114/6114
usemtl green_off
v 0.75009 0.89900 0.71389
vn 0.60876 0.28967 0.73858
vt 0 0
v 0.75333 0.89798 0.71123
vn 0.70710 0.25883 0.65804
vt 1 0
v 0.75314 0.89885 0.71070
vn 0.61281 0.68515 0.39376
vt 1 1
f 6115/6115/6115 6116/6116/6116 6117/6117/6117
usemtl green_off
v 0.75009 0.89900 0.71389
vn 0.60876 0.28967 0.73858
vt 0 0
v 0.75314 0.89885 0.71070
vn 0.61281 0.68515 0.39376
vt 1 0
v 0.74993 0.89986 0.71333
vn 0.52758 0.71188 0.46356
vt 1 1
f 6118/6118/6118 6119/6119/6119 6120/6120/6120
usemtl green_off
v 0.74993 0.89986 0.71333
vn 0.52751 0.71194 0.46355
vt 0 0
v 0.75314 0.89885 0.71070
vn 0.61271 0.68522 0.39378
vt 1 0
v 0.75263 0.89935 0.70995
vn 0.35520 0.93452 0.02255
vt 1 1
f 6121/6121/6121 6122/6122/6122 6123/6123/6123
usemtl green_off
v 0.74993 0.89986 0.71333
vn 0.52751 0.71194 0.46355
vt 0 0
v 0.75263 0.89935 0.70995
vn 0.35520 0.93452 0.02255
vt 1 0
v 0.74948 0.90033 0.71253
vn 0.30582 0.95000 0.06299
vt 1 1
f 6124/6124/6124 6125/6125/6125 6126/6126/6126
usemtl green_off
v 0.74948 0.90033 0.71253
vn 0.30577 0.95003 0.06286
vt 0 0
v 0.75263 0.89935 0.70995
vn 0.35518 0.93453 0.02240
vt 1 0
v 0.75192 0.89934 0.70919
vn 0.00053 0.93404 -0.35716
vt 1 1
f 6127/6127/6127 6128/6128/6128 6129/6129/6129
usemtl green_off
v 0.74948 0.90033 0.71253
vn 0.30577 0.95003 0.06286
vt 0 0
v 0.75192 0.89934 0.70919
vn 0.00053 0.93404 -0.35716
vt 1 0
v 0.74887 0.90030 0.71169
vn 0.00047 0.93406 -0.35711
vt 1 1
f 6130/6130/6130 6131/6131/6131 6132/6132/6132
usemtl green_off
v 0.75009 0.86025 0.72873
vn 0.60874 0.27782 0.74314
vt 0 0
v 0.74650 0.86110 0.73097
vn 0.49998 0.30382 0.81100
vt 1 0
v 0.74637 0.86009 0.73111
vn 0.43330 -0.19754 0.87934
vt 1 1
f 6133/6133/6133 6134/6134/6134 6135/6135/6135
usemtl green_off
v 0.75009 0.86025 0.72873
vn 0.60874 0.27782 0.74314
vt 0 0
v 0.74637 0.86009 0.73111
vn 0.43330 -0.19754 0.87934
vt 1 0
v 0.74993 0.85924 0.72889
vn 0.52753 -0.22007 0.82054
vt 1 1
f 6136/6136/6136 6137/6137/6137 6138/6138/6138
usemtl green_off
v 0.74993 0.85924 0.72889
vn 0.52756 -0.22016 0.82049
vt 0 0
v 0.74637 0.86009 0.73111
vn 0.43334 -0.19765 0.87929
vt 1 0
v 0.74600 0.85918 0.73078
vn 0.25126 -0.65184 0.71552
vt 1 1
f 6139/6139/6139 6140/6140/6140 6141/6141/6141
usemtl green_off
v 0.74993 0.85924 0.72889
vn 0.52756 -0.22016 0.82049
vt 0 0
v 0.74600 0.85918 0.73078
vn 0.25126 -0.65184 0.71552
vt 1 0
v 0.74948 0.85834 0.72861
vn 0.30586 -0.66489 0.68145
vt 1 1
f 6142/6142/6142 6143/6143/6143 6144/6144/6144
usemtl green_off
v 0.74948 0.85834 0.72861
vn 0.30578 -0.66497 0.68141
vt 0 0
v 0.74600 0.85918 0.73078
vn 0.25114 -0.65192 0.71549
vt 1 0
v 0.74550 0.85862 0.73007
vn 0.00038 -0.93362 0.35827
vt 1 1
f 6145/6145/6145 6146/6146/6146 6147/6147/6147
usemtl green_off
v 0.74948 0.85834 0.72861
vn 0.30578 -0.66497 0.68141
vt 0 0
v 0.74550 0.85862 0.73007
vn 0.00038 -0.93362 0.35827
vt 1 0
v 0.74887 0.85781 0.72796
vn 0.00045 -0.93363 0.35823
vt 1 1
f 6148/6148/6148 6149/6149/6149 6150/6150/6150
usemtl green_off
v 0.74650 0.89986 0.71613
vn 0.49999 0.31567 0.80645
vt 0 0
v 0.75009 0.89900 0.71389
vn 0.60876 0.28967 0.73858
vt 1 0
v 0.74993 0.89986 0.71333
vn 0.52758 0.71188 0.46356
vt 1 1
f 6151/6151/6151 6152/6152/6152 6153/6153/6153
usemtl green_off
v 0.74650 0.89986 0.71613
vn 0.49999 0.31567 0.80645
vt 0 0
v 0.74993 0.89986 0.71333
vn 0.52758 0.71188 0.46356
vt 1 0
v 0.74637 0.90071 0.71556
vn 0.43330 0.73442 0.52238
vt 1 1
f 6154/6154/6154 6155/6155/6155 6156/6156/6156
usemtl green_off
v 0.74637 0.90071 0.71556
vn 0.43332 0.73444 0.52233
vt 0 0
v 0.74993 0.89986 0.71333
vn 0.52755 0.71191 0.46354
vt 1 0
v 0.74948 0.90033 0.71253
vn 0.30585 0.94999 0.06298
vt 1 1
f 6157/6157/6157 6158/6158/6158 6159/6159/6159
usemtl green_off
v 0.74637 0.90071 0.71556
vn 0.43332 0.73444 0.52233
vt 0 0
v 0.74948 0.90033 0.71253
vn 0.30585 0.94999 0.06298
vt 1 0
v 0.74600 0.90117 0.71470
vn 0.25125 0.96304 0.09706
vt 1 1
f 6160/6160/6160 6161/6161/6161 6162/6162/6162
usemtl green_off
v 0.74600 0.90117 0.71470
vn 0.25115 0.96308 0.09697
vt 0 0
v 0.74948 0.90033 0.71253
vn 0.30579 0.95002 0.06288
vt 1 0
v 0.74887 0.90030 0.71169
vn 0.00046 0.93407 -0.35708
vt 1 1
f 6163/6163/6163 6164/6164/6164 6165/6165/6165
usemtl green_off
v 0.74600 0.90117 0.71470
vn 0.25115 0.96308 0.09697
vt 0 0
v 0.74887 0.90030 0.71169
vn 0.00046 0.93407 -0.35708
vt 1 0
v 0.74550 0.90111 0.71379
vn 0.00040 0.93409 -0.35704
vt 1 1
f 6166/6166/6166 6167/6167/6167 6168/6168/6168
usemtl green_off
v 0.74650 0.86110 0.73097
vn 0.49998 0.30382 0.81100
vt 0 0
v 0.74263 0.86179 0.73276
vn 0.38267 0.32451 0.86502
vt 1 0
v 0.74253 0.86076 0.73288
vn 0.33163 -0.17961 0.92615
vt 1 1
f 6169/6169/6169 6170/6170/6170 6171/6171/6171
usemtl green_off
v 0.74650 0.86110 0.73097
vn 0.49998 0.30382 0.81100
vt 0 0
v 0.74253 0.86076 0.73288
vn 0.33163 -0.17961 0.92615
vt 1 0
v 0.74637 0.86009 0.73111
vn 0.43330 -0.19754 0.87934
vt 1 1
f 6172/6172/6172 6173/6173/6173 6174/6174/6174
usemtl green_off
v 0.74637 0.86009 0.73111
vn 0.43325 -0.19764 0.87934
vt 0 0
v 0.74253 0.86076 0.73288
vn 0.33161 -0.17970 0.92614
vt 1 0
v 0.74225 0.85984 0.73251
vn 0.19225 -0.64144 0.74270
vt 1 1
f 6175/6175/6175 6176/6176/6176 6177/6177/6177
usemtl green_off
v 0.74637 0.86009 0.73111
vn 0.43325 -0.19764 0.87934
vt 0 0
v 0.74225 0.85984 0.73251
vn 0.19225 -0.64144 0.74270
vt 1 0
v 0.74600 0.85918 0.73078
vn 0.25116 -0.65182 0.71558
vt 1 1
f 6178/6178/6178 6179/6179/6179 6180/6180/6180
usemtl green_off
v 0.74600 0.85918 0.73078
vn 0.25118 -0.65190 0.71550
vt 0 0
v 0.74225 0.85984 0.73251
vn 0.19224 -0.64151 0.74264
vt 1 0
v 0.74186 0.85926 0.73174
vn 0.00032 -0.93360 0.35833
vt 1 1
f 6181/6181/6181 6182/6182/6182 6183/6183/6183
usemtl green_off
v 0.74600 0.85918 0.73078
vn 0.25118 -0.65190 0.71550
vt 0 0
v 0.74186 0.85926 0.73174
vn 0.00032 -0.93360 0.35833
vt 1 0
v 0.74550 0.85862 0.73007
vn 0.00039 -0.93361 0.35829
vt 1 1
f 6184/6184/6184 6185/6185/6185 6186/6186/6186
usemtl green_off
v 0.74263 0.90054 0.71791
vn 0.38267 0.33632 0.86050
vt 0 0
v 0.74650 0.89986 0.71613
vn 0.49999 0.31567 0.80645
vt 1 0
v 0.74637 0.90071 0.71556
vn 0.43330 0.73442 0.52238
vt 1 1
f 6187/6187/6187 6188/6188/6188 6189/6189/6189
usemtl green_off
v 0.74263 0.90054 0.71791
vn 0.38267 0.33632 0.86050
vt 0 0
v 0.74637 0.90071 0.71556
vn 0.43330 0.73442 0.52238
vt 1 0
v 0.74253 0.90139 0.71732
vn 0.33163 0.75234 0.56921
vt 1 1
f 6190/6190/6190 6191/6191/6191 6192/6192/6192
usemtl green_off
v 0.74253 0.90139 0.71732
vn 0.33161 0.75240 0.56915
vt 0 0
v 0.74637 0.90071 0.71556
vn 0.43324 0.73447 0.52235
vt 1 0
v 0.74600 0.90117 0.71470
vn 0.25115 0.96307 0.09708
vt 1 1
f 6193/6193/6193 6194/6194/6194 6195/6195/6195
usemtl green_off
v 0.74253 0.90139 0.71732
vn 0.33161 0.75240 0.56915
vt 0 0
v 0.74600 0.90117 0.71470
vn 0.25115 0.96307 0.09708
vt 1 0
v 0.74225 0.90183 0.71643
vn 0.19225 0.97345 0.12420
vt 1 1
f 6196/6196/6196 6197/6197/6197 6198/6198/6198
usemtl green_off
v 0.74225 0.90183 0.71643
vn 0.19222 0.97347 0.12410
vt 0 0
v 0.74600 0.90117 0.71470
vn 0.25116 0.96308 0.09695
vt 1 0
v 0.74550 0.90111 0.71379
vn 0.00038 0.93409 -0.35704
vt 1 1
f 6199/6199/6199 6200/6200/6200 6201/6201/6201
usemtl green_off
v 0.74225 0.90183 0.71643
vn 0.19222 0.97347 0.12410
vt 0 0
v 0.74550 0.90111 0.71379
vn 0.00038 0.93409 -0.35704
vt 1 0
v 0.74186 0.90175 0.71547
vn 0.00031 0.93410 -0.35701
vt 1 1
f 6202/6202/6202 6203/6203/6203 6204/6204/6204
usemtl green_off
v 0.74263 0.86179 0.73276
vn 0.38267 0.32451 0.86502
vt 0 0
v 0.73854 0.86228 0.73405
vn 0.25880 0.33954 0.90429
vt 1 0
v 0.73847 0.86126 0.73417
vn 0.22428 -0.16659 0.96018
vt 1 1
f 6205/6205/6205 6206/6206/6206 6207/6207/6207
usemtl green_off
v 0.74263 0.86179 0.73276
vn 0.38267 0.32451 0.86502
vt 0 0
v 0.73847 0.86126 0.73417
vn 0.22428 -0.16659 0.96018
vt 1 0
v 0.74253 0.86076 0.73288
vn 0.33163 -0.17961 0.92615
vt 1 1
f 6208/6208/6208 6209/6209/6209 6210/6210/6210
usemtl green_off
v 0.74253 0.86076 0.73288
vn 0.33162 -0.17972 0.92614
vt 0 0
v 0.73847 0.86126 0.73417
vn 0.22431 -0.16669 0.96015
vt 1 0
v 0.73828 0.86032 0.73377
vn 0.13006 -0.63390 0.76240
vt 1 1
f 6211/6211/6211 6212/6212/6212 6213/6213/6213
usemtl green_off
v 0.74253 0.86076 0.73288
vn 0.33162 -0.17972 0.92614
vt 0 0
v 0.73828 0.86032 0.73377
vn 0.13006 -0.63390 0.76240
vt 1 0
v 0.74225 0.85984 0.73251
vn 0.19225 -0.64144 0.74269
vt 1 1
f 6214/6214/6214 6215/6215/6215 6216/6216/6216
usemtl green_off
v 0.74225 0.85984 0.73251
vn 0.19224 -0.64149 0.74265
vt 0 0
v 0.73828 0.86032 0.73377
vn 0.13002 -0.63394 0.76237
vt 1 0
v 0.73802 0.85972 0.73296
vn 0.00023 -0.93358 0.35838
vt 1 1
f 6217/6217/6217 6218/6218/6218 6219/6219/6219
usemtl green_off
v 0.74225 0.85984 0.73251
vn 0.19224 -0.64149 0.74265
vt 0 0
v 0.73802 0.85972 0.73296
vn 0.00023 -0.93358 0.35838
vt 1 0
v 0.74186 0.85926 0.73174
vn 0.00030 -0.93359 0.35835
vt 1 1
f 6220/6220/6220 6221/6221/6221 6222/6222/6222
usemtl green_off
v 0.73854 0.90104 0.71921
vn 0.25882 0.35140 0.89974
vt 0 0
v 0.74263 0.90054 0.71791
vn 0.38267 0.33632 0.86050
vt 1 0
v 0.74253 0.90139 0.71732
vn 0.33163 0.75234 0.56921
vt 1 1
f 6223/6223/6223 6224/6224/6224 6225/6225/6225
usemtl green_off
v 0.73854 0.90104 0.71921
vn 0.25882 0.35140 0.89974
vt 0 0
v 0.74253 0.90139 0.71732
vn 0.33163 0.75234 0.56921
vt 1 0
v 0.73847 0.90188 0.71861
vn 0.22430 0.76537 0.60323
vt 1 1
f 6226/6226/6226 6227/6227/6227 6228/6228/6228
usemtl green_off
v 0.73847 0.90188 0.71861
vn 0.22431 0.76542 0.60318
vt 0 0
v 0.74253 0.90139 0.71732
vn 0.33161 0.75239 0.56916
vt 1 0
v 0.74225 0.90183 0.71643
vn 0.19224 0.97345 0.12421
vt 1 1
f 6229/6229/6229 6230/6230/6230 6231/6231/6231
usemtl green_off
v 0.73847 0.90188 0.71861
vn 0.22431 0.76542 0.60318
vt 0 0
v 0.74225 0.90183 0.71643
vn 0.19224 0.97345 0.12421
vt 1 0
v 0.73828 0.90231 0.71769
vn 0.13006 0.98100 0.14394
vt 1 1
f 6232/6232/6232 6233/6233/6233 6234/6234/6234
usemtl green_off
v 0.73828 0.90231 0.71769
vn 0.12998 0.98103 0.14382
vt 0 0
v 0.74225 0.90183 0.71643
vn 0.19220 0.97348 0.12408
vt 1 0
v 0.74186 0.90175 0.71547
vn 0.00026 0.93410 -0.35701
vt 1 1
f 6235/6235/6235 6236/6236/6236 6237/6237/6237
usemtl green_off
v 0.73828 0.90231 0.71769
vn 0.12998 0.98103 0.14382
vt 0 0
v 0.74186 0.90175 0.71547
vn 0.00026 0.93410 -0.35701
vt 1 0
v 0.73802 0.90221 0.71669
vn 0.00018 0.93411 -0.35698
vt 1 1
f 6238/6238/6238 6239/6239/6239 6240/6240/6240
usemtl green_off
v 0.73854 0.86228 0.73405
vn 0.25880 0.33954 0.90429
vt 0 0
v 0.73431 0.86258 0.73484
vn 0.13056 0.34871 0.92809
vt 1 0
v 0.73427 0.86156 0.73495
vn 0.11310 -0.15868 0.98083
vt 1 1
f 6241/6241/6241 6242/6242/6242 6243/6243/6243
usemtl green_off
v 0.73854 0.86228 0.73405
vn 0.25880 0.33954 0.90429
vt 0 0
v 0.73427 0.86156 0.73495
vn 0.11310 -0.15868 0.98083
vt 1 0
v 0.73847 0.86126 0.73417
vn 0.22428 -0.16659 0.96018
vt 1 1
f 6244/6244/6244 6245/6245/6245 6246/6246/6246
usemtl green_off
v 0.73847 0.86126 0.73417
vn 0.22429 -0.16668 0.96016
vt 0 0
v 0.73427 0.86156 0.73495
vn 0.11314 -0.15877 0.98081
vt 1 0
v 0.73418 0.86061 0.73453
vn 0.06561 -0.62930 0.77439
vt 1 1
f 6247/6247/6247 6248/6248/6248 6249/6249/6249
usemtl green_off
v 0.73847 0.86126 0.73417
vn 0.22429 -0.16668 0.96016
vt 0 0
v 0.73418 0.86061 0.73453
vn 0.06561 -0.62930 0.77439
vt 1 0
v 0.73828 0.86032 0.73377
vn 0.13002 -0.63388 0.76242
vt 1 1
f 6250/6250/6250 6251/6251/6251 6252/6252/6252
usemtl green_off
v 0.73828 0.86032 0.73377
vn 0.13001 -0.63395 0.76237
vt 0 0
v 0.73418 0.86061 0.73453
vn 0.06555 -0.62936 0.77434
vt 1 0
v 0.73405 0.86001 0.73370
vn 0.00011 -0.93357 0.35839
vt 1 1
f 6253/6253/6253 6254/6254/6254 6255/6255/6255
usemtl green_off
v 0.73828 0.86032 0.73377
vn 0.13001 -0.63395 0.76237
vt 0 0
v 0.73405 0.86001 0.73370
vn 0.00011 -0.93357 0.35839
vt 1 0
v 0.73802 0.85972 0.73296
vn 0.00018 -0.93358 0.35837
vt 1 1
f 6256/6256/6256 6257/6257/6257 6258/6258/6258
usemtl green_off
v 0.73431 0.90134 0.71999
vn 0.13053 0.36047 0.92359
vt 0 0
v 0.73854 0.90104 0.71921
vn 0.25882 0.35140 0.89974
vt 1 0
v 0.73847 0.90188 0.71861
vn 0.22430 0.76537 0.60323
vt 1 1
f 6259/6259/6259 6260/6260/6260 6261/6261/6261
usemtl green_off
v 0.73431 0.90134 0.71999
vn 0.13053 0.36047 0.92359
vt 0 0
v 0.73847 0.90188 0.71861
vn 0.22430 0.76537 0.60323
vt 1 0
v 0.73427 0.90218 0.71939
vn 0.11312 0.77328 0.62389
vt 1 1
f 6262/6262/6262 6263/6263/6263 6264/6264/6264
usemtl green_off
v 0.73427 0.90218 0.71939
vn 0.11311 0.77334 0.62382
vt 0 0
v 0.73847 0.90188 0.71861
vn 0.22426 0.76543 0.60318
vt 1 0
v 0.73828 0.90231 0.71769
vn 0.12999 0.98101 0.14393
vt 1 1
f 6265/6265/6265 6266/6266/6266 6267/6267/6267
usemtl green_off
v 0.73427 0.90218 0.71939
vn 0.11311 0.77334 0.62382
vt 0 0
v 0.73828 0.90231 0.71769
vn 0.12999 0.98101 0.14393
vt 1 0
v 0.73418 0.90260 0.71845
vn 0.06558 0.98559 0.15589
vt 1 1
f 6268/6268/6268 6269/6269/6269 6270/6270/6270
usemtl green_off
v 0.73418 0.90260 0.71845
vn 0.06556 0.98561 0.15579
vt 0 0
v 0.73828 0.90231 0.71769
vn 0.13002 0.98103 0.14381
vt 1 0
v 0.73802 0.90221 0.71669
vn 0.00019 0.93411 -0.35697
vt 1 1
f 6271/6271/6271 6272/6272/6272 6273/6273/6273
usemtl green_off
v 0.73418 0.90260 0.71845
vn 0.06556 0.98561 0.15579
vt 0 0
v 0.73802 0.90221 0.71669
vn 0.00019 0.93411 -0.35697
vt 1 0
v 0.73405 0.90250 0.71742
vn 0.00012 0.93412 -0.35696
vt 1 1
f 6274/6274/6274 6275/6275/6275 6276/6276/6276
usemtl green_off
v 0.73431 0.86258 0.73484
vn 0.13056 0.34871 0.92809
vt 0 0
v 0.73000 0.86269 0.73510
vn -0.00000 0.35177 0.93609
vt 1 0
v 0.73000 0.86166 0.73521
vn -0.00001 -0.15604 0.98775
vt 1 1
f 6277/6277/6277 6278/6278/6278 6279/6279/6279
usemtl green_off
v 0.73431 0.86258 0.73484
vn 0.13056 0.34871 0.92809
vt 0 0
v 0.73000 0.86166 0.73521
vn -0.00001 -0.15604 0.98775
vt 1 0
v 0.73427 0.86156 0.73495
vn 0.11310 -0.15868 0.98083
vt 1 1
f 6280/6280/6280 6281/6281/6281 6282/6282/6282
usemtl green_off
v 0.73427 0.86156 0.73495
vn 0.11310 -0.15875 0.98082
vt 0 0
v 0.73000 0.86166 0.73521
vn 0.00002 -0.15609 0.98774
vt 1 0
v 0.73000 0.86071 0.73479
vn 0.00003 -0.62775 0.77842
vt 1 1
f 6283/6283/6283 6284/6284/6284 6285/6285/6285
usemtl green_off
v 0.73427 0.86156 0.73495
vn 0.11310 -0.15875 0.98082
vt 0 0
v 0.73000 0.86071 0.73479
vn 0.00003 -0.62775 0.77842
vt 1 0
v 0.73418 0.86061 0.73453
vn 0.06556 -0.62928 0.77441
vt 1 1
f 6286/6286/6286 6287/6287/6287 6288/6288/6288
usemtl green_off
v 0.73418 0.86061 0.73453
vn 0.06556 -0.62938 0.77432
vt 0 0
v 0.73000 0.86071 0.73479
vn -0.00001 -0.62785 0.77834
vt 1 0
v 0.73000 0.86010 0.73395
vn 0.00001 -0.93358 0.35837
vt 1 1
f 6289/6289/6289 6290/6290/6290 6291/6291/6291
usemtl green_off
v 0.73418 0.86061 0.73453
vn 0.06556 -0.62938 0.77432
vt 0 0
v 0.73000 0.86010 0.73395
vn 0.00001 -0.93358 0.35837
vt 1 0
v 0.73405 0.86001 0.73370
vn 0.00009 -0.93358 0.35836
vt 1 1
f 6292/6292/6292 6293/6293/6293 6294/6294/6294
usemtl green_off
v 0.73000 0.90144 0.72026
vn 0.00001 0.36353 0.93158
vt 0 0
v 0.73431 0.90134 0.71999
vn 0.13053 0.36047 0.92359
vt 1 0
v 0.73427 0.90218 0.71939
vn 0.11312 0.77328 0.62389
vt 1 1
f 6295/6295/6295 6296/6296/6296 6297/6297/6297
usemtl green_off
v 0.73000 0.90144 0.72026
vn 0.00001 0.36353 0.93158
vt 0 0
v 0.73427 0.90218 0.71939
vn 0.11312 0.77328 0.62389
vt 1 0
v 0.73000 0.90228 0.71965
vn 0.00001 0.77593 0.63082
vt 1 1
f 6298/6298/6298 6299/6299/6299 6300/6300/6300
usemtl green_off
v 0.73000 0.90228 0.71965
vn -0.00002 0.77599 0.63075
vt 0 0
v 0.73427 0.90218 0.71939
vn 0.11306 0.77334 0.62383
vt 1 0
v 0.73418 0.90260 0.71845
vn 0.06551 0.98560 0.15590
vt 1 1
f 6301/6301/6301 6302/6302/6302 6303/6303/6303
usemtl green_off
v 0.73000 0.90228 0.71965
vn -0.00002 0.77599 0.63075
vt 0 0
v 0.73418 0.90260 0.71845
vn 0.06551 0.98560 0.15590
vt 1 0
v 0.73000 0.90270 0.71870
vn -0.00002 0.98713 0.15991
vt 1 1
f 6304/6304/6304 6305/6305/6305 6306/6306/6306
usemtl green_off
v 0.73000 0.90270 0.71870
vn 0.00000 0.98715 0.15982
vt 0 0
v 0.73418 0.90260 0.71845
vn 0.06557 0.98561 0.15581
vt 1 0
v 0.73405 0.90250 0.71742
vn 0.00010 0.93413 -0.35693
vt 1 1
f 6307/6307/6307 6308/6308/6308 6309/6309/6309
usemtl green_off
v 0.73000 0.90270 0.71870
vn 0.00000 0.98715 0.15982
vt 0 0
v 0.73405 0.90250 0.71742
vn 0.00010 0.93413 -0.35693
vt 1 0
v 0.73000 0.90259 0.71767
vn 0.00002 0.93413 -0.35693
vt 1 1
f 6310/6310/6310 6311/6311/6311 6312/6312/6312
usemtl green_off
v 0.73405 0.86001 0.73370
vn 0.00010 -0.93358 0.35838
vt 0 0
v 0.73000 0.86010 0.73395
vn -0.00000 -0.93358 0.35838
vt 1 0
v 0.72595 0.86001 0.73370
vn -0.00010 -0.93358 0.35838
vt 1 1
f 6313/6313/6313 6314/6314/6314 6315/6315/6315
usemtl green_off
v 0.72595 0.86001 0.73370
vn -0.00010 -0.93358 0.35838
vt 0 0
v 0.72198 0.85972 0.73296
vn -0.00020 -0.93358 0.35836
vt 1 0
v 0.71814 0.85926 0.73174
vn -0.00030 -0.93360 0.35833
vt 1 1
f 6316/6316/6316 6317/6317/6317 6318/6318/6318
usemtl green_off
v 0.71814 0.85926 0.73174
vn -0.00030 -0.93360 0.35833
vt 0 0
v 0.71450 0.85862 0.73007
vn -0.00039 -0.93361 0.35829
vt 1 0
v 0.71113 0.85781 0.72796
vn -0.00047 -0.93363 0.35823
vt 1 1
f 6319/6319/6319 6320/6320/6320 6321/6321/6321
usemtl green_off
v 0.71113 0.85781 0.72796
vn -0.00047 -0.93363 0.35823
vt 0 0
v 0.70808 0.85685 0.72547
vn -0.00054 -0.93366 0.35817
vt 1 0
v 0.70541 0.85576 0.72262
vn -0.00061 -0.93368 0.35810
vt 1 1
f 6322/6322/6322 6323/6323/6323 6324/6324/6324
usemtl green_off
v 0.70541 0.85576 0.72262
vn -0.00061 -0.93368 0.35810
vt 0 0
v 0.70316 0.85456 0.71947
vn -0.00067 -0.93371 0.35802
vt 1 0
v 0.70136 0.85326 0.71608
vn -0.00071 -0.93374 0.35794
vt 1 1
f 6325/6325/6325 6326/6326/6326 6327/6327/6327
usemtl green_off
v 0.70136 0.85326 0.71608
vn -0.00071 -0.93374 0.35794
vt 0 0
v 0.70006 0.85188 0.71249
vn -0.00074 -0.93378 0.35785
vt 1 0
v 0.69927 0.85046 0.70878
vn -0.00076 -0.93381 0.35776
vt 1 1
f 6328/6328/6328 6329/6329/6329 6330/6330/6330
usemtl green_off
v 0.69927 0.85046 0.70878
vn -0.00076 -0.93381 0.35776
vt 0 0
v 0.69900 0.84901 0.70500
vn -0.00077 -0.93385 0.35767
vt 1 0
v 0.69927 0.84757 0.70122
vn -0.00076 -0.93389 0.35757
vt 1 1
f 6331/6331/6331 6332/6332/6332 6333/6333/6333
usemtl green_off
v 0.69927 0.84757 0.70122
vn -0.00076 -0.93389 0.35757
vt 0 0
v 0.70006 0.84615 0.69751
vn -0.00074 -0.93392 0.35748
vt 1 0
v 0.70136 0.84477 0.69392
vn -0.00071 -0.93395 0.35739
vt 1 1
f 6334/6334/6334 6335/6335/6335 6336/6336/6336
usemtl green_off
v 0.70136 0.84477 0.69392
vn -0.00071 -0.93395 0.35739
vt 0 0
v 0.70316 0.84347 0.69053
vn -0.00067 -0.93399 0.35731
vt 1 0
v 0.70541 0.84227 0.68738
vn -0.00061 -0.93402 0.35723
vt 1 1
f 6337/6337/6337 6338/6338/6338 6339/6339/6339
usemtl green_off
v 0.70541 0.84227 0.68738
vn -0.00061 -0.93402 0.35723
vt 0 0
v 0.70808 0.84118 0.68453
vn -0.00054 -0.93404 0.35716
vt 1 0
v 0.71113 0.84022 0.68204
vn -0.00047 -0.93407 0.35710
vt 1 1
f 6340/6340/6340 6341/6341/6341 6342/6342/6342
usemtl green_off
v 0.71113 0.84022 0.68204
vn -0.00047 -0.93407 0.35710
vt 0 0
v 0.71450 0.83941 0.67993
vn -0.00039 -0.93409 0.35704
vt 1 0
v 0.71814 0.83877 0.67826
vn -0.00030 -0.93410 0.35700
vt 1 1
f 6343/6343/6343 6344/6344/6344 6345/6345/6345
usemtl green_off
v 0.71814 0.83877 0.67826
vn -0.00030 -0.93410 0.35700
vt 0 0
v 0.72198 0.83831 0.67704
vn -0.00020 -0.93411 0.35697
vt 1 0
v 0.72595 0.83802 0.67630
vn -0.00010 -0.93412 0.35695
vt 1 1
f 6346/6346/6346 6347/6347/6347 6348/6348/6348
usemtl green_off
v 0.72595 0.83802 0.67630
vn -0.00010 -0.93412 0.35695
vt 0 0
v 0.73000 0.83793 0.67605
vn -0.00000 -0.93412 0.35695
vt 1 0
v 0.73405 0.83802 0.67630
vn 0.00010 -0.93412 0.35696
vt 1 1
f 6349/6349/6349 6350/6350/6350 6351/6351/6351
usemtl green_off
v 0.73405 0.83802 0.67630
vn 0.00010 -0.93412 0.35696
vt 0 0
v 0.73802 0.83831 0.67704
vn 0.00020 -0.93411 0.35697
vt 1 0
v 0.74186 0.83877 0.67826
vn 0.00029 -0.93410 0.35700
vt 1 1
f 6352/6352/6352 6353/6353/6353 6354/6354/6354
usemtl green_off
v 0.74186 0.83877 0.67826
vn 0.00029 -0.93410 0.35700
vt 0 0
v 0.74550 0.83941 0.67993
vn 0.00038 -0.93409 0.35704
vt 1 0
v 0.74887 0.84022 0.68204
vn 0.00047 -0.93407 0.35710
vt 1 1
f 6355/6355/6355 6356/6356/6356 6357/6357/6357
usemtl green_off
v 0.74887 0.84022 0.68204
vn 0.00047 -0.93407 0.35710
vt 0 0
v 0.75192 0.84118 0.68453
vn 0.00054 -0.93404 0.35716
vt 1 0
v 0.75459 0.84227 0.68738
vn 0.00061 -0.93402 0.35723
vt 1 1
f 6358/6358/6358 6359/6359/6359 6360/6360/6360
usemtl green_off
v 0.75459 0.84227 0.68738
vn 0.00061 -0.93402 0.35723
vt 0 0
v 0.75684 0.84347 0.69053
vn 0.00066 -0.93399 0.35731
vt 1 0
v 0.75864 0.84477 0.69392
vn 0.00071 -0.93395 0.35739
vt 1 1
f 6361/6361/6361 6362/6362/6362 6363/6363/6363
usemtl green_off
v 0.75864 0.84477 0.69392
vn 0.00071 -0.93395 0.35739
vt 0 0
v 0.75994 0.84615 0.69751
vn 0.00074 -0.93392 0.35748
vt 1 0
v 0.76073 0.84757 0.70122
vn 0.00076 -0.93389 0.35757
vt 1 1
f 6364/6364/6364 6365/6365/6365 6366/6366/6366
usemtl green_off
v 0.76073 0.84757 0.70122
vn 0.00076 -0.93389 0.35757
vt 0 0
v 0.76100 0.84901 0.70500
vn 0.00077 -0.93385 0.35767
vt 1 0
v 0.76073 0.85046 0.70878
vn 0.00076 -0.93381 0.35776
vt 1 1
f 6367/6367/6367 6368/6368/6368 6369/6369/6369
usemtl green_off
v 0.76073 0.85046 0.70878
vn 0.00076 -0.93381 0.35776
vt 0 0
v 0.75994 0.85188 0.71249
vn 0.00074 -0.93378 0.35785
vt 1 0
v 0.75864 0.85326 0.71608
vn 0.00071 -0.93374 0.35794
vt 1 1
f 6370/6370/6370 6371/6371/6371 6372/6372/6372
usemtl green_off
v 0.75864 0.85326 0.71608
vn 0.00071 -0.93374 0.35794
vt 0 0
v 0.75684 0.85456 0.71947
vn 0.00066 -0.93371 0.35802
vt 1 0
v 0.75459 0.85576 0.72262
vn 0.00061 -0.93368 0.35810
vt 1 1
f 6373/6373/6373 6374/6374/6374 6375/6375/6375
usemtl green_off
v 0.75459 0.85576 0.72262
vn 0.00061 -0.93368 0.35810
vt 0 0
v 0.75192 0.85685 0.72547
vn 0.00054 -0.93366 0.35817
vt 1 0
v 0.74887 0.85781 0.72796
vn 0.00047 -0.93363 0.35823
vt 1 1
f 6376/6376/6376 6377/6377/6377 6378/6378/6378
usemtl green_off
v 0.74887 0.85781 0.72796
vn 0.00047 -0.93363 0.35823
vt 0 0
v 0.74550 0.85862 0.73007
vn 0.00038 -0.93361 0.35829
vt 1 0
v 0.74186 0.85926 0.73174
vn 0.00029 -0.93360 0.35833
vt 1 1
f 6379/6379/6379 6380/6380/6380 6381/6381/6381
usemtl green_off
v 0.74186 0.85926 0.73174
vn 0.00029 -0.93360 0.35833
vt 0 0
v 0.73802 0.85972 0.73296
vn 0.00020 -0.93358 0.35836
vt 1 0
v 0.73405 0.86001 0.73370
vn 0.00010 -0.93358 0.35838
vt 1 1
f 6382/6382/6382 6383/6383/6383 6384/6384/6384
usemtl green_off
v 0.73405 0.86001 0.73370
vn 0.00010 -0.93358 0.35838
vt 0 0
v 0.72595 0.86001 0.73370
vn -0.00010 -0.93358 0.35838
vt 1 0
v 0.71814 0.85926 0.73174
vn -0.00030 -0.93360 0.35833
vt 1 1
f 6385/6385/6385 6386/6386/6386 6387/6387/6387
usemtl green_off
v 0.71814 0.85926 0.73174
vn -0.00030 -0.93360 0.35833
vt 0 0
v 0.71113 0.85781 0.72796
vn -0.00047 -0.93363 0.35823
vt 1 0
v 0.70541 0.85576 0.72262
vn -0.00061 -0.93368 0.35810
vt 1 1
f 6388/6388/6388 6389/6389/6389 6390/6390/6390
usemtl green_off
v 0.70541 0.85576 0.72262
vn -0.00061 -0.93368 0.35810
vt 0 0
v 0.70136 0.85326 0.71608
vn -0.00071 -0.93374 0.35794
vt 1 0
v 0.69927 0.85046 0.70878
vn -0.00076 -0.93381 0.35776
vt 1 1
f 6391/6391/6391 6392/6392/6392 6393/6393/6393
usemtl green_off
v 0.69927 0.85046 0.70878
vn -0.00076 -0.93381 0.35776
vt 0 0
v 0.69927 0.84757 0.70122
vn -0.00076 -0.93389 0.35757
vt 1 0
v 0.70136 0.84477 0.69392
vn -0.00071 -0.93395 0.35739
vt 1 1
f 6394/6394/6394 6395/6395/6395 6396/6396/6396
usemtl green_off
v 0.70136 0.84477 0.69392
vn -0.00071 -0.93395 0.35739
vt 0 0
v 0.70541 0.84227 0.68738
vn -0.00061 -0.93402 0.35723
vt 1 0
v 0.71113 0.84022 0.68204
vn -0.00047 -0.93407 0.35710
vt 1 1
f 6397/6397/6397 6398/6398/6398 6399/6399/6399
usemtl green_off
v 0.71113 0.84022 0.68204
vn -0.00047 -0.93407 0.35710
vt 0 0
v 0.71814 0.83877 0.67826
vn -0.00030 -0.93410 0.35700
vt 1 0
v 0.72595 0.83802 0.67630
vn -0.00010 -0.93412 0.35695
vt 1 1
f 6400/6400/6400 6401/6401/6401 6402/6402/6402
usemtl green_off
v 0.72595 0.83802 0.67630
vn -0.00010 -0.93412 0.35695
vt 0 0
v 0.73405 0.83802 0.67630
vn 0.00010 -0.93412 0.35696
vt 1 0
v 0.74186 0.83877 0.67826
vn 0.00029 -0.93410 0.35700
vt 1 1
f 6403/6403/6403 6404/6404/6404 6405/6405/6405
usemtl green_off
v 0.74186 0.83877 0.67826
vn 0.00029 -0.93410 0.35700
vt 0 0
v 0.74887 0.84022 0.68204
vn 0.00047 -0.93407 0.35710
vt 1 0
v 0.75459 0.84227 0.68738
vn 0.00061 -0.93402 0.35723
vt 1 1
f 6406/6406/6406 6407/6407/6407 6408/6408/6408
usemtl green_off
v 0.75459 0.84227 0.68738
vn 0.00061 -0.93402 0.35723
vt 0 0
v 0.75864 0.84477 0.69392
vn 0.00071 -0.93395 0.35739
vt 1 0
v 0.76073 0.84757 0.70122
vn 0.00076 -0.93389 0.35757
vt 1 1
f 6409/6409/6409 6410/6410/6410 6411/6411/6411
usemtl green_off
v 0.76073 0.84757 0.70122
vn 0.00076 -0.93389 0.35757
vt 0 0
v 0.76073 0.85046 0.70878
vn 0.00076 -0.93381 0.35776
vt 1 0
v 0.75864 0.85326 0.71608
vn 0.00071 -0.93374 0.35794
vt 1 1
f 6412/6412/6412 6413/6413/6413 6414/6414/6414
usemtl green_off
v 0.75864 0.85326 0.71608
vn 0.00071 -0.93374 0.35794
vt 0 0
v 0.75459 0.85576 0.72262
vn 0.00061 -0.93368 0.35810
vt 1 0
v 0.74887 0.85781 0.72796
vn 0.00047 -0.93363 0.35823
vt 1 1
f 6415/6415/6415 6416/6416/6416 6417/6417/6417
usemtl green_off
v 0.74887 0.85781 0.72796
vn 0.00047 -0.93363 0.35823
vt 0 0
v 0.74186 0.85926 0.73174
vn 0.00029 -0.93360 0.35833
vt 1 0
v 0.73405 0.86001 0.73370
vn 0.00010 -0.93358 0.35838
vt 1 1
f 6418/6418/6418 6419/6419/6419 6420/6420/6420
usemtl green_off
v 0.73405 0.86001 0.73370
vn 0.00010 -0.93358 0.35838
vt 0 0
v 0.71814 0.85926 0.73174
vn -0.00030 -0.93360 0.35833
vt 1 0
v 0.70541 0.85576 0.72262
vn -0.00061 -0.93368 0.35810
vt 1 1
f 6421/6421/6421 6422/6422/6422 6423/6423/6423
usemtl green_off
v 0.70541 0.85576 0.72262
vn -0.00061 -0.93368 0.35810
vt 0 0
v 0.69927 0.85046 0.70878
vn -0.00076 -0.93381 0.35776
vt 1 0
v 0.70136 0.84477 0.69392
vn -0.00071 -0.93395 0.35739
vt 1 1
f 6424/6424/6424 6425/6425/6425 6426/6426/6426
usemtl green_off
v 0.70136 0.84477 0.69392
vn -0.00071 -0.93395 0.35739
vt 0 0
v 0.71113 0.84022 0.68204
vn -0.00047 -0.93407 0.35710
vt 1 0
v 0.72595 0.83802 0.67630
vn -0.00010 -0.93412 0.35695
vt 1 1
f 6427/6427/6427 6428/6428/6428 6429/6429/6429
usemtl green_off
v 0.72595 0.83802 0.67630
vn -0.00010 -0.93412 0.35695
vt 0 0
v 0.74186 0.83877 0.67826
vn 0.00029 -0.93410 0.35700
vt 1 0
v 0.75459 0.84227 0.68738
vn 0.00061 -0.93402 0.35723
vt 1 1
f 6430/6430/6430 6431/6431/6431 6432/6432/6432
usemtl green_off
v 0.75459 0.84227 0.68738
vn 0.00061 -0.93402 0.35723
vt 0 0
v 0.76073 0.84757 0.70122
vn 0.00076 -0.93389 0.35757
vt 1 0
v 0.75864 0.85326 0.71608
vn 0.00071 -0.93374 0.35794
vt 1 1
f 6433/6433/6433 6434/6434/6434 6435/6435/6435
usemtl green_off
v 0.75864 0.85326 0.71608
vn 0.00071 -0.93374 0.35794
vt 0 0
v 0.74887 0.85781 0.72796
vn 0.00047 -0.93363 0.35823
vt 1 0
v 0.73405 0.86001 0.73370
vn 0.00010 -0.93358 0.35838
vt 1 1
f 6436/6436/6436 6437/6437/6437 6438/6438/6438
usemtl green_off
v 0.73405 0.86001 0.73370
vn 0.00010 -0.93358 0.35838
vt 0 0
v 0.70541 0.85576 0.72262
vn -0.00061 -0.93368 0.35810
vt 1 0
v 0.70136 0.84477 0.69392
vn -0.00071 -0.93395 0.35739
vt 1 1
f 6439/6439/6439 6440/6440/6440 6441/6441/6441
usemtl green_off
v 0.70136 0.84477 0.69392
vn -0.00071 -0.93395 0.35739
vt 0 0
v 0.72595 0.83802 0.67630
vn -0.00010 -0.93412 0.35695
vt 1 0
v 0.75459 0.84227 0.68738
vn 0.00061 -0.93402 0.35723
vt 1 1
f 6442/6442/6442 6443/6443/6443 6444/6444/6444
usemtl green_off
v 0.75459 0.84227 0.68738
vn 0.00061 -0.93402 0.35723
vt 0 0
v 0.75864 0.85326 0.71608
vn 0.00071 -0.93374 0.35794
vt 1 0
v 0.73405 0.86001 0.73370
vn 0.00010 -0.93358 0.35838
vt 1 1
f 6445/6445/6445 6446/6446/6446 6447/6447/6447
usemtl green_off
v 0.70136 0.84477 0.69392
vn -0.00071 -0.93395 0.35739
vt 0 0
v 0.75459 0.84227 0.68738
vn 0.00061 -0.93402 0.35723
vt 1 0
v 0.73405 0.86001 0.73370
vn 0.00010 -0.93358 0.35838
vt 1 1
f 6448/6448/6448 6449/6449/6449 6450/6450/6450
usemtl green_off
v 0.73000 0.86269 0.73510
vn -0.00000 0.35177 0.93609
vt 0 0
v 0.73000 0.90144 0.72026
vn 0.00001 0.36353 0.93158
vt 1 0
v 0.72569 0.90134 0.71999
vn -0.13052 0.36048 0.92359
vt 1 1
f 6451/6451/6451 6452/6452/6452 6453/6453/6453
usemtl green_off
v 0.73000 0.86269 0.73510
vn -0.00000 0.35177 0.93609
vt 0 0
v 0.72569 0.90134 0.71999
vn -0.13052 0.36048 0.92359
vt 1 0
v 0.72569 0.86258 0.73484
vn -0.13053 0.34871 0.92810
vt 1 1
f 6454/6454/6454 6455/6455/6455 6456/6456/6456
usemtl green_off
v 0.73431 0.86258 0.73484
vn 0.13056 0.34871 0.92809
vt 0 0
v 0.73431 0.90134 0.71999
vn 0.13053 0.36047 0.92359
vt 1 0
v 0.73000 0.90144 0.72026
vn 0.00001 0.36353 0.93158
vt 1 1
f 6457/6457/6457 6458/6458/6458 6459/6459/6459
usemtl green_off
v 0.73431 0.86258 0.73484
vn 0.13056 0.34871 0.92809
vt 0 0
v 0.73000 0.90144 0.72026
vn 0.00001 0.36353 0.93158
vt 1 0
v 0.73000 0.86269 0.73510
vn -0.00000 0.35177 0.93609
vt 1 1
f 6460/6460/6460 6461/6461/6461 6462/6462/6462
usemtl green_off
v 0.72198 0.90221 0.71669
vn -0.00020 0.93411 -0.35697
vt 0 0
v 0.72595 0.90250 0.71742
vn -0.00010 0.93412 -0.35696
vt 1 0
v 0.73000 0.90259 0.71767
vn 0.00000 0.93412 -0.35695
vt 1 1
f 6463/6463/6463 6464/6464/6464 6465/6465/6465
usemtl green_off
v 0.73000 0.90259 0.71767
vn 0.00000 0.93412 -0.35695
vt 0 0
v 0.73405 0.90250 0.71742
vn 0.00010 0.93412 -0.35696
vt 1 0
v 0.73802 0.90221 0.71669
vn 0.00020 0.93411 -0.35697
vt 1 1
f 6466/6466/6466 6467/6467/6467 6468/6468/6468
usemtl green_off
v 0.73802 0.90221 0.71669
vn 0.00020 0.93411 -0.35697
vt 0 0
v 0.74186 0.90175 0.71547
vn 0.00029 0.93410 -0.35700
vt 1 0
v 0.74550 0.90111 0.71379
vn 0.00038 0.93409 -0.35705
vt 1 1
f 6469/6469/6469 6470/6470/6470 6471/6471/6471
usemtl green_off
v 0.74550 0.90111 0.71379
vn 0.00038 0.93409 -0.35705
vt 0 0
v 0.74887 0.90030 0.71169
vn 0.00047 0.93407 -0.35710
vt 1 0
v 0.75192 0.89934 0.70919
vn 0.00054 0.93404 -0.35716
vt 1 1
f 6472/6472/6472 6473/6473/6473 6474/6474/6474
usemtl green_off
v 0.75192 0.89934 0.70919
vn 0.00054 0.93404 -0.35716
vt 0 0
v 0.75459 0.89825 0.70635
vn 0.00061 0.93402 -0.35723
vt 1 0
v 0.75684 0.89705 0.70320
vn 0.00067 0.93399 -0.35731
vt 1 1
f 6475/6475/6475 6476/6476/6476 6477/6477/6477
usemtl green_off
v 0.75684 0.89705 0.70320
vn 0.00067 0.93399 -0.35731
vt 0 0
v 0.75864 0.89575 0.69980
vn 0.00071 0.93395 -0.35739
vt 1 0
v 0.75994 0.89437 0.69622
vn 0.00074 0.93392 -0.35748
vt 1 1
f 6478/6478/6478 6479/6479/6479 6480/6480/6480
usemtl green_off
v 0.75994 0.89437 0.69622
vn 0.00074 0.93392 -0.35748
vt 0 0
v 0.76073 0.89295 0.69250
vn 0.00076 0.93389 -0.35757
vt 1 0
v 0.76100 0.89151 0.68873
vn 0.00077 0.93385 -0.35767
vt 1 1
f 6481/6481/6481 6482/6482/6482 6483/6483/6483
usemtl green_off
v 0.76100 0.89151 0.68873
vn 0.00077 0.93385 -0.35767
vt 0 0
v 0.76073 0.89006 0.68495
vn 0.00076 0.93381 -0.35776
vt 1 0
v 0.75994 0.88864 0.68123
vn 0.00074 0.93378 -0.35785
vt 1 1
f 6484/6484/6484 6485/6485/6485 6486/6486/6486
usemtl green_off
v 0.75994 0.88864 0.68123
vn 0.00074 0.93378 -0.35785
vt 0 0
v 0.75864 0.88726 0.67765
vn 0.00071 0.93374 -0.35794
vt 1 0
v 0.75684 0.88596 0.67425
vn 0.00067 0.93371 -0.35802
vt 1 1
f 6487/6487/6487 6488/6488/6488 6489/6489/6489
usemtl green_off
v 0.75684 0.88596 0.67425
vn 0.00067 0.93371 -0.35802
vt 0 0
v 0.75459 0.88476 0.67111
vn 0.00061 0.93368 -0.35810
vt 1 0
v 0.75192 0.88367 0.66826
vn 0.00054 0.93366 -0.35817
vt 1 1
f 6490/6490/6490 6491/6491/6491 6492/6492/6492
usemtl green_off
v 0.75192 0.88367 0.66826
vn 0.00054 0.93366 -0.35817
vt 0 0
v 0.74887 0.88271 0.66576
vn 0.00047 0.93363 -0.35823
vt 1 0
v 0.74550 0.88190 0.66366
vn 0.00038 0.93361 -0.35829
vt 1 1
f 6493/6493/6493 6494/6494/6494 6495/6495/6495
usemtl green_off
v 0.74550 0.88190 0.66366
vn 0.00038 0.93361 -0.35829
vt 0 0
v 0.74186 0.88126 0.66198
vn 0.00029 0.93360 -0.35833
vt 1 0
v 0.73802 0.88080 0.66077
vn 0.00020 0.93358 -0.35836
vt 1 1
f 6496/6496/6496 6497/6497/6497 6498/6498/6498
usemtl green_off
v 0.73802 0.88080 0.66077
vn 0.00020 0.93358 -0.35836
vt 0 0
v 0.73405 0.88051 0.66003
vn 0.00010 0.93358 -0.35838
vt 1 0
v 0.73000 0.88042 0.65978
vn 0.00000 0.93358 -0.35838
vt 1 1
f 6499/6499/6499 6500/6500/6500 6501/6501/6501
usemtl green_off
v 0.73000 0.88042 0.65978
vn 0.00000 0.93358 -0.35838
vt 0 0
v 0.72595 0.88051 0.66003
vn -0.00010 0.93358 -0.35838
vt 1 0
v 0.72198 0.88080 0.66077
vn -0.00020 0.93358 -0.35836
vt 1 1
f 6502/6502/6502 6503/6503/6503 6504/6504/6504
usemtl green_off
v 0.72198 0.88080 0.66077
vn -0.00020 0.93358 -0.35836
vt 0 0
v 0.71814 0.88126 0.66198
vn -0.00029 0.93360 -0.35833
vt 1 0
v 0.71450 0.88190 0.66366
vn -0.00038 0.93361 -0.35829
vt 1 1
f 6505/6505/6505 6506/6506/6506 6507/6507/6507
usemtl green_off
v 0.71450 0.88190 0.66366
vn -0.00038 0.93361 -0.35829
vt 0 0
v 0.71113 0.88271 0.66576
vn -0.00047 0.93363 -0.35823
vt 1 0
v 0.70808 0.88367 0.66826
vn -0.00054 0.93366 -0.35817
vt 1 1
f 6508/6508/6508 6509/6509/6509 6510/6510/6510
usemtl green_off
v 0.70808 0.88367 0.66826
vn -0.00054 0.93366 -0.35817
vt 0 0
v 0.70541 0.88476 0.67111
vn -0.00061 0.93368 -0.35810
vt 1 0
v 0.70316 0.88596 0.67425
vn -0.00066 0.93371 -0.35802
vt 1 1
f 6511/6511/6511 6512/6512/6512 6513/6513/6513
usemtl green_off
v 0.70316 0.88596 0.67425
vn -0.00066 0.93371 -0.35802
vt 0 0
v 0.70136 0.88726 0.67765
vn -0.00071 0.93374 -0.35794
vt 1 0
v 0.70006 0.88864 0.68123
vn -0.00074 0.93378 -0.35785
vt 1 1
f 6514/6514/6514 6515/6515/6515 6516/6516/6516
usemtl green_off
v 0.70006 0.88864 0.68123
vn -0.00074 0.93378 -0.35785
vt 0 0
v 0.69927 0.89006 0.68495
vn -0.00076 0.93381 -0.35776
vt 1 0
v 0.69900 0.89151 0.68873
vn -0.00077 0.93385 -0.35767
vt 1 1
f 6517/6517/6517 6518/6518/6518 6519/6519/6519
usemtl green_off
v 0.69900 0.89151 0.68873
vn -0.00077 0.93385 -0.35767
vt 0 0
v 0.69927 0.89295 0.69250
vn -0.00076 0.93389 -0.35757
vt 1 0
v 0.70006 0.89437 0.69622
vn -0.00074 0.93392 -0.35748
vt 1 1
f 6520/6520/6520 6521/6521/6521 6522/6522/6522
usemtl green_off
v 0.70006 0.89437 0.69622
vn -0.00074 0.93392 -0.35748
vt 0 0
v 0.70136 0.89575 0.69980
vn -0.00071 0.93395 -0.35739
vt 1 0
v 0.70316 0.89705 0.70320
vn -0.00066 0.93399 -0.35731
vt 1 1
f 6523/6523/6523 6524/6524/6524 6525/6525/6525
usemtl green_off
v 0.70316 0.89705 0.70320
vn -0.00066 0.93399 -0.35731
vt 0 0
v 0.70541 0.89825 0.70635
vn -0.00061 0.93402 -0.35723
vt 1 0
v 0.70808 0.89934 0.70919
vn -0.00054 0.93404 -0.35716
vt 1 1
f 6526/6526/6526 6527/6527/6527 6528/6528/6528
usemtl green_off
v 0.70808 0.89934 0.70919
vn -0.00054 0.93404 -0.35716
vt 0 0
v 0.71113 0.90030 0.71169
vn -0.00047 0.93407 -0.35710
vt 1 0
v 0.71450 0.90111 0.71379
vn -0.00038 0.93409 -0.35705
vt 1 1
f 6529/6529/6529 6530/6530/6530 6531/6531/6531
usemtl green_off
v 0.71450 0.90111 0.71379
vn -0.00038 0.93409 -0.35705
vt 0 0
v 0.71814 0.90175 0.71547
vn -0.00029 0.93410 -0.35700
vt 1 0
v 0.72198 0.90221 0.71669
vn -0.00020 0.93411 -0.35697
vt 1 1
f 6532/6532/6532 6533/6533/6533 6534/6534/6534
usemtl green_off
v 0.72198 0.90221 0.71669
vn -0.00020 0.93411 -0.35697
vt 0 0
v 0.73000 0.90259 0.71767
vn 0.00000 0.93412 -0.35695
vt 1 0
v 0.73802 0.90221 0.71669
vn 0.00020 0.93411 -0.35697
vt 1 1
f 6535/6535/6535 6536/6536/6536 6537/6537/6537
usemtl green_off
v 0.73802 0.90221 0.71669
vn 0.00020 0.93411 -0.35697
vt 0 0
v 0.74550 0.90111 0.71379
vn 0.00038 0.93409 -0.35705
vt 1 0
v 0.75192 0.89934 0.70919
vn 0.00054 0.93404 -0.35716
vt 1 1
f 6538/6538/6538 6539/6539/6539 6540/6540/6540
usemtl green_off
v 0.75192 0.89934 0.70919
vn 0.00054 0.93404 -0.35716
vt 0 0
v 0.75684 0.89705 0.70320
vn 0.00067 0.93399 -0.35731
vt 1 0
v 0.75994 0.89437 0.69622
vn 0.00074 0.93392 -0.35748
vt 1 1
f 6541/6541/6541 6542/6542/6542 6543/6543/6543
usemtl green_off
v 0.75994 0.89437 0.69622
vn 0.00074 0.93392 -0.35748
vt 0 0
v 0.76100 0.89151 0.68873
vn 0.00077 0.93385 -0.35767
vt 1 0
v 0.75994 0.88864 0.68123
vn 0.00074 0.93378 -0.35785
vt 1 1
f 6544/6544/6544 6545/6545/6545 6546/6546/6546
usemtl green_off
v 0.75994 0.88864 0.68123
vn 0.00074 0.93378 -0.35785
vt 0 0
v 0.75684 0.88596 0.67425
vn 0.00067 0.93371 -0.35802
vt 1 0
v 0.75192 0.88367 0.66826
vn 0.00054 0.93366 -0.35817
vt 1 1
f 6547/6547/6547 6548/6548/6548 6549/6549/6549
usemtl green_off
v 0.75192 0.88367 0.66826
vn 0.00054 0.93366 -0.35817
vt 0 0
v 0.74550 0.88190 0.66366
vn 0.00038 0.93361 -0.35829
vt 1 0
v 0.73802 0.88080 0.66077
vn 0.00020 0.93358 -0.35836
vt 1 1
f 6550/6550/6550 6551/6551/6551 6552/6552/6552
usemtl green_off
v 0.73802 0.88080 0.66077
vn 0.00020 0.93358 -0.35836
vt 0 0
v 0.73000 0.88042 0.65978
vn 0.00000 0.93358 -0.35838
vt 1 0
v 0.72198 0.88080 0.66077
vn -0.00020 0.93358 -0.35836
vt 1 1
f 6553/6553/6553 6554/6554/6554 6555/6555/6555
usemtl green_off
v 0.72198 0.88080 0.66077
vn -0.00020 0.93358 -0.35836
vt 0 0
v 0.71450 0.88190 0.66366
vn -0.00038 0.93361 -0.35829
vt 1 0
v 0.70808 0.88367 0.66826
vn -0.00054 0.93366 -0.35817
vt 1 1
f 6556/6556/6556 6557/6557/6557 6558/6558/6558
usemtl green_off
v 0.70808 0.88367 0.66826
vn -0.00054 0.93366 -0.35817
vt 0 0
v 0.70316 0.88596 0.67425
vn -0.00066 0.93371 -0.35802
vt 1 0
v 0.70006 0.88864 0.68123
vn -0.00074 0.93378 -0.35785
vt 1 1
f 6559/6559/6559 6560/6560/6560 6561/6561/6561
usemtl green_off
v 0.70006 0.88864 0.68123
vn -0.00074 0.93378 -0.35785
vt 0 0
v 0.69900 0.89151 0.68873
vn -0.00077 0.93385 -0.35767
vt 1 0
v 0.70006 0.89437 0.69622
vn -0.00074 0.93392 -0.35748
vt 1 1
f 6562/6562/6562 6563/6563/6563 6564/6564/6564
usemtl green_off
v 0.70006 0.89437 0.69622
vn -0.00074 0.93392 -0.35748
vt 0 0
v 0.70316 0.89705 0.70320
vn -0.00066 0.93399 -0.35731
vt 1 0
v 0.70808 0.89934 0.70919
vn -0.00054 0.93404 -0.35716
vt 1 1
f 6565/6565/6565 6566/6566/6566 6567/6567/6567
usemtl green_off
v 0.70808 0.89934 0.70919
vn -0.00054 0.93404 -0.35716
vt 0 0
v 0.71450 0.90111 0.71379
vn -0.00038 0.93409 -0.35705
vt 1 0
v 0.72198 0.90221 0.71669
vn -0.00020 0.93411 -0.35697
vt 1 1
f 6568/6568/6568 6569/6569/6569 6570/6570/6570
usemtl green_off
v 0.72198 0.90221 0.71669
vn -0.00020 0.93411 -0.35697
vt 0 0
v 0.73802 0.90221 0.71669
vn 0.00020 0.93411 -0.35697
vt 1 0
v 0.75192 0.89934 0.70919
vn 0.00054 0.93404 -0.35716
vt 1 1
f 6571/6571/6571 6572/6572/6572 6573/6573/6573
usemtl green_off
v 0.75192 0.89934 0.70919
vn 0.00054 0.93404 -0.35716
vt 0 0
v 0.75994 0.89437 0.69622
vn 0.00074 0.93392 -0.35748
vt 1 0
v 0.75994 0.88864 0.68123
vn 0.00074 0.93378 -0.35785
vt 1 1
f 6574/6574/6574 6575/6575/6575 6576/6576/6576
usemtl green_off
v 0.75994 0.88864 0.68123
vn 0.00074 0.93378 -0.35785
vt 0 0
v 0.75192 0.88367 0.66826
vn 0.00054 0.93366 -0.35817
vt 1 0
v 0.73802 0.88080 0.66077
vn 0.00020 0.93358 -0.35836
vt 1 1
f 6577/6577/6577 6578/6578/6578 6579/6579/6579
usemtl green_off
v 0.73802 0.88080 0.66077
vn 0.00020 0.93358 -0.35836
vt 0 0
v 0.72198 0.88080 0.66077
vn -0.00020 0.93358 -0.35836
vt 1 0
v 0.70808 0.88367 0.66826
vn -0.00054 0.93366 -0.35817
vt 1 1
f 6580/6580/6580 6581/6581/6581 6582/6582/6582
usemtl green_off
v 0.70808 0.88367 0.66826
vn -0.00054 0.93366 -0.35817
vt 0 0
v 0.70006 0.88864 0.68123
vn -0.00074 0.93378 -0.35785
vt 1 0
v 0.70006 0.89437 0.69622
vn -0.00074 0.93392 -0.35748
vt 1 1
f 6583/6583/6583 6584/6584/6584 6585/6585/6585
usemtl green_off
v 0.70006 0.89437 0.69622
vn -0.00074 0.93392 -0.35748
vt 0 0
v 0.70808 0.89934 0.70919
vn -0.00054 0.93404 -0.35716
vt 1 0
v 0.72198 0.90221 0.71669
vn -0.00020 0.93411 -0.35697
vt 1 1
f 6586/6586/6586 6587/6587/6587 6588/6588/6588
usemtl green_off
v 0.72198 0.90221 0.71669
vn -0.00020 0.93411 -0.35697
vt 0 0
v 0.75192 0.89934 0.70919
vn 0.00054 0.93404 -0.35716
vt 1 0
v 0.75994 0.88864 0.68123
vn 0.00074 0.93378 -0.35785
vt 1 1
f 6589/6589/6589 6590/6590/6590 6591/6591/6591
usemtl green_off
v 0.75994 0.88864 0.68123
vn 0.00074 0.93378 -0.35785
vt 0 0
v 0.73802 0.88080 0.66077
vn 0.00020 0.93358 -0.35836
vt 1 0
v 0.70808 0.88367 0.66826
vn -0.00054 0.93366 -0.35817
vt 1 1
f 6592/6592/6592 6593/6593/6593 6594/6594/6594
usemtl green_off
v 0.70808 0.88367 0.66826
vn -0.00054 0.93366 -0.35817
vt 0 0
v 0.70006 0.89437 0.69622
vn -0.00074 0.93392 -0.35748
vt 1 0
v 0.72198 0.90221 0.71669
vn -0.00020 0.93411 -0.35697
vt 1 1
f 6595/6595/6595 6596/6596/6596 6597/6597/6597
usemtl green_off
v 0.75994 0.88864 0.68123
vn 0.00074 0.93378 -0.35785
vt 0 0
v 0.70808 0.88367 0.66826
vn -0.00054 0.93366 -0.35817
vt 1 0
v 0.72198 0.90221 0.71669
vn -0.00020 0.93411 -0.35697
vt 1 1
f 6598/6598/6598 6599/6599/6599 6600/6600/6600
usemtl green_off
v 0.72569 0.86258 0.73484
vn -0.13053 0.34871 0.92810
vt 0 0
v 0.72569 0.90134 0.71999
vn -0.13052 0.36048 0.92359
vt 1 0
v 0.72146 0.90104 0.71921
vn -0.25881 0.35140 0.89974
vt 1 1
f 6601/6601/6601 6602/6602/6602 6603/6603/6603
usemtl green_off
v 0.72569 0.86258 0.73484
vn -0.13053 0.34871 0.92810
vt 0 0
v 0.72146 0.90104 0.71921
vn -0.25881 0.35140 0.89974
vt 1 0
v 0.72146 0.86228 0.73405
vn -0.25878 0.33954 0.90429
vt 1 1
f 6604/6604/6604 6605/6605/6605 6606/6606/6606
usemtl green_off
v 0.72146 0.86228 0.73405
vn -0.25878 0.33954 0.90429
vt 0 0
v 0.72146 0.90104 0.71921
vn -0.25881 0.35140 0.89974
vt 1 0
v 0.71737 0.90054 0.71791
vn -0.38267 0.33632 0.86050
vt 1 1
f 6607/6607/6607 6608/6608/6608 6609/6609/6609
usemtl green_off
v 0.72146 0.86228 0.73405
vn -0.25878 0.33954 0.90429
vt 0 0
v 0.71737 0.90054 0.71791
vn -0.38267 0.33632 0.86050
vt 1 0
v 0.71737 0.86179 0.73276
vn -0.38269 0.32455 0.86500
vt 1 1
f 6610/6610/6610 6611/6611/6611 6612/6612/6612
usemtl green_off
v 0.71737 0.86179 0.73276
vn -0.38269 0.32455 0.86500
vt 0 0
v 0.71737 0.90054 0.71791
vn -0.38267 0.33632 0.86050
vt 1 0
v 0.71350 0.89986 0.71613
vn -0.49998 0.31567 0.80645
vt 1 1
f 6613/6613/6613 6614/6614/6614 6615/6615/6615
usemtl green_off
v 0.71737 0.86179 0.73276
vn -0.38269 0.32455 0.86500
vt 0 0
v 0.71350 0.89986 0.71613
vn -0.49998 0.31567 0.80645
vt 1 0
v 0.71350 0.86110 0.73097
vn -0.50001 0.30380 0.81098
vt 1 1
f 6616/6616/6616 6617/6617/6617 6618/6618/6618
usemtl green_off
v 0.71350 0.86110 0.73097
vn -0.50001 0.30380 0.81098
vt 0 0
v 0.71350 0.89986 0.71613
vn -0.49998 0.31567 0.80645
vt 1 0
v 0.70991 0.89900 0.71389
vn -0.60875 0.28967 0.73859
vt 1 1
f 6619/6619/6619 6620/6620/6620 6621/6621/6621
usemtl green_off
v 0.71350 0.86110 0.73097
vn -0.50001 0.30380 0.81098
vt 0 0
v 0.70991 0.89900 0.71389
vn -0.60875 0.28967 0.73859
vt 1 0
v 0.70991 0.86025 0.72873
vn -0.60877 0.27781 0.74312
vt 1 1
f 6622/6622/6622 6623/6623/6623 6624/6624/6624
usemtl green_off
v 0.70991 0.86025 0.72873
vn -0.60877 0.27781 0.74312
vt 0 0
v 0.70991 0.89900 0.71389
vn -0.60875 0.28967 0.73859
vt 1 0
v 0.70667 0.89798 0.71123
vn -0.70709 0.25882 0.65805
vt 1 1
f 6625/6625/6625 6626/6626/6626 6627/6627/6627
usemtl green_off
v 0.70991 0.86025 0.72873
vn -0.60877 0.27781 0.74312
vt 0 0
v 0.70667 0.89798 0.71123
vn -0.70709 0.25882 0.65805
vt 1 0
v 0.70667 0.85923 0.72608
vn -0.70711 0.24697 0.66257
vt 1 1
f 6628/6628/6628 6629/6629/6629 6630/6630/6630
usemtl green_off
v 0.70667 0.85923 0.72608
vn -0.70711 0.24697 0.66257
vt 0 0
v 0.70667 0.89798 0.71123
vn -0.70709 0.25882 0.65805
vt 1 0
v 0.70382 0.89682 0.70820
vn -0.79334 0.22366 0.56621
vt 1 1
f 6631/6631/6631 6632/6632/6632 6633/6633/6633
usemtl green_off
v 0.70667 0.85923 0.72608
vn -0.70711 0.24697 0.66257
vt 0 0
v 0.70382 0.89682 0.70820
vn -0.79334 0.22366 0.56621
vt 1 0
v 0.70382 0.85807 0.72304
vn -0.79335 0.21181 0.57073
vt 1 1
f 6634/6634/6634 6635/6635/6635 6636/6636/6636
usemtl green_off
v 0.70382 0.85807 0.72304
vn -0.79335 0.21181 0.57073
vt 0 0
v 0.70382 0.89682 0.70820
vn -0.79334 0.22366 0.56621
vt 1 0
v 0.70142 0.89554 0.70485
vn -0.86601 0.18475 0.46465
vt 1 1
f 6637/6637/6637 6638/6638/6638 6639/6639/6639
usemtl green_off
v 0.70382 0.85807 0.72304
vn -0.79335 0.21181 0.57073
vt 0 0
v 0.70142 0.89554 0.70485
vn -0.86601 0.18475 0.46465
vt 1 0
v 0.70142 0.85678 0.71969
vn -0.86601 0.17291 0.46918
vt 1 1
f 6640/6640/6640 6641/6641/6641 6642/6642/6642
usemtl green_off
v 0.70142 0.85678 0.71969
vn -0.86601 0.17291 0.46918
vt 0 0
v 0.70142 0.89554 0.70485
vn -0.86601 0.18475 0.46465
vt 1 0
v 0.69951 0.89415 0.70123
vn -0.92386 0.14280 0.35510
vt 1 1
f 6643/6643/6643 6644/6644/6644 6645/6645/6645
usemtl green_off
v 0.70142 0.85678 0.71969
vn -0.86601 0.17291 0.46918
vt 0 0
v 0.69951 0.89415 0.70123
vn -0.92386 0.14280 0.35510
vt 1 0
v 0.69951 0.85540 0.71608
vn -0.92386 0.13099 0.35961
vt 1 1
f 6646/6646/6646 6647/6647/6647 6648/6648/6648
usemtl green_off
v 0.69951 0.85540 0.71608
vn -0.92386 0.13099 0.35961
vt 0 0
v 0.69951 0.89415 0.70123
vn -0.92386 0.14280 0.35510
vt 1 0
v 0.69812 0.89269 0.69742
vn -0.96590 0.09851 0.23942
vt 1 1
f 6649/6649/6649 6650/6650/6650 6651/6651/6651
usemtl green_off
v 0.69951 0.85540 0.71608
vn -0.92386 0.13099 0.35961
vt 0 0
v 0.69812 0.89269 0.69742
vn -0.96590 0.09851 0.23942
vt 1 0
v 0.69812 0.85394 0.71226
vn -0.96591 0.08663 0.24397
vt 1 1
f 6652/6652/6652 6653/6653/6653 6654/6654/6654
usemtl green_off
v 0.69812 0.85394 0.71226
vn -0.96591 0.08663 0.24397
vt 0 0
v 0.69812 0.89269 0.69742
vn -0.96590 0.09851 0.23942
vt 1 0
v 0.69728 0.89118 0.69346
vn -0.99142 0.05262 0.11962
vt 1 1
f 6655/6655/6655 6656/6656/6656 6657/6657/6657
usemtl green_off
v 0.69812 0.85394 0.71226
vn -0.96591 0.08663 0.24397
vt 0 0
v 0.69728 0.89118 0.69346
vn -0.99142 0.05262 0.11962
vt 1 0
v 0.69728 0.85242 0.70831
vn -0.99143 0.04074 0.12416
vt 1 1
f 6658/6658/6658 6659/6659/6659 6660/6660/6660
usemtl green_off
v 0.69728 0.85242 0.70831
vn -0.99143 0.04074 0.12416
vt 0 0
v 0.69728 0.89118 0.69346
vn -0.99142 0.05262 0.11962
vt 1 0
v 0.69700 0.88964 0.68944
vn -0.99998 0.00589 -0.00224
vt 1 1
f 6661/6661/6661 6662/6662/6662 6663/6663/6663
usemtl green_off
v 0.69728 0.85242 0.70831
vn -0.99143 0.04074 0.12416
vt 0 0
v 0.69700 0.88964 0.68944
vn -0.99998 0.00589 -0.00224
vt 1 0
v 0.69700 0.85088 0.70428
vn -0.99998 -0.00589 0.00224
vt 1 1
f 6664/6664/6664 6665/6665/6665 6666/6666/6666
usemtl green_off
v 0.69700 0.85088 0.70428
vn -0.99998 -0.00589 0.00224
vt 0 0
v 0.69700 0.88964 0.68944
vn -0.99998 0.00589 -0.00224
vt 1 0
v 0.69728 0.88810 0.68542
vn -0.99142 -0.04074 -0.12417
vt 1 1
f 6667/6667/6667 6668/6668/6668 6669/6669/6669
usemtl green_off
v 0.69700 0.85088 0.70428
vn -0.99998 -0.00589 0.00224
vt 0 0
v 0.69728 0.88810 0.68542
vn -0.99142 -0.04074 -0.12417
vt 1 0
v 0.69728 0.84934 0.70026
vn -0.99142 -0.05258 -0.11965
vt 1 1
f 6670/6670/6670 6671/6671/6671 6672/6672/6672
usemtl green_off
v 0.69728 0.84934 0.70026
vn -0.99142 -0.05258 -0.11965
vt 0 0
v 0.69728 0.88810 0.68542
vn -0.99142 -0.04074 -0.12417
vt 1 0
v 0.69812 0.88658 0.68147
vn -0.96590 -0.08663 -0.24398
vt 1 1
f 6673/6673/6673 6674/6674/6674 6675/6675/6675
usemtl green_off
v 0.69728 0.84934 0.70026
vn -0.99142 -0.05258 -0.11965
vt 0 0
v 0.69812 0.88658 0.68147
vn -0.96590 -0.08663 -0.24398
vt 1 0
v 0.69812 0.84783 0.69631
vn -0.96590 -0.09852 -0.23944
vt 1 1
f 6676/6676/6676 6677/6677/6677 6678/6678/6678
usemtl green_off
v 0.69812 0.84783 0.69631
vn -0.96590 -0.09852 -0.23944
vt 0 0
v 0.69812 0.88658 0.68147
vn -0.96590 -0.08663 -0.24398
vt 1 0
v 0.69951 0.88512 0.67765
vn -0.92386 -0.13099 -0.35961
vt 1 1
f 6679/6679/6679 6680/6680/6680 6681/6681/6681
usemtl green_off
v 0.69812 0.84783 0.69631
vn -0.96590 -0.09852 -0.23944
vt 0 0
v 0.69951 0.88512 0.67765
vn -0.92386 -0.13099 -0.35961
vt 1 0
v 0.69951 0.84637 0.69249
vn -0.92385 -0.14276 -0.35513
vt 1 1
f 6682/6682/6682 6683/6683/6683 6684/6684/6684
usemtl green_off
v 0.69951 0.84637 0.69249
vn -0.92385 -0.14276 -0.35513
vt 0 0
v 0.69951 0.88512 0.67765
vn -0.92386 -0.13099 -0.35961
vt 1 0
v 0.70142 0.88374 0.67403
vn -0.86602 -0.17290 -0.46917
vt 1 1
f 6685/6685/6685 6686/6686/6686 6687/6687/6687
usemtl green_off
v 0.69951 0.84637 0.69249
vn -0.92385 -0.14276 -0.35513
vt 0 0
v 0.70142 0.88374 0.67403
vn -0.86602 -0.17290 -0.46917
vt 1 0
v 0.70142 0.84498 0.68888
vn -0.86600 -0.18476 -0.46466
vt 1 1
f 6688/6688/6688 6689/6689/6689 6690/6690/6690
usemtl green_off
v 0.70142 0.84498 0.68888
vn -0.86600 -0.18476 -0.46466
vt 0 0
v 0.70142 0.88374 0.67403
vn -0.86602 -0.17290 -0.46917
vt 1 0
v 0.70382 0.88245 0.67068
vn -0.79335 -0.21179 -0.57074
vt 1 1
f 6691/6691/6691 6692/6692/6692 6693/6693/6693
usemtl green_off
v 0.70142 0.84498 0.68888
vn -0.86600 -0.18476 -0.46466
vt 0 0
v 0.70382 0.88245 0.67068
vn -0.79335 -0.21179 -0.57074
vt 1 0
v 0.70382 0.84370 0.68552
vn -0.79333 -0.22367 -0.56621
vt 1 1
f 6694/6694/6694 6695/6695/6695 6696/6696/6696
usemtl green_off
v 0.70382 0.84370 0.68552
vn -0.79333 -0.22367 -0.56621
vt 0 0
v 0.70382 0.88245 0.67068
vn -0.79335 -0.21179 -0.57074
vt 1 0
v 0.70667 0.88129 0.66765
vn -0.70710 -0.24697 -0.66258
vt 1 1
f 6697/6697/6697 6698/6698/6698 6699/6699/6699
usemtl green_off
v 0.70382 0.84370 0.68552
vn -0.79333 -0.22367 -0.56621
vt 0 0
v 0.70667 0.88129 0.66765
vn -0.70710 -0.24697 -0.66258
vt 1 0
v 0.70667 0.84254 0.68249
vn -0.70708 -0.25884 -0.65806
vt 1 1
f 6700/6700/6700 6701/6701/6701 6702/6702/6702
usemtl green_off
v 0.70667 0.84254 0.68249
vn -0.70708 -0.25884 -0.65806
vt 0 0
v 0.70667 0.88129 0.66765
vn -0.70710 -0.24697 -0.66258
vt 1 0
v 0.70991 0.88027 0.66499
vn -0.60874 -0.27782 -0.74313
vt 1 1
f 6703/6703/6703 6704/6704/6704 6705/6705/6705
usemtl green_off
v 0.70667 0.84254 0.68249
vn -0.70708 -0.25884 -0.65806
vt 0 0
v 0.70991 0.88027 0.66499
vn -0.60874 -0.27782 -0.74313
vt 1 0
v 0.70991 0.84152 0.67984
vn -0.60874 -0.28968 -0.73860
vt 1 1
f 6706/6706/6706 6707/6707/6707 6708/6708/6708
usemtl green_off
v 0.70991 0.84152 0.67984
vn -0.60874 -0.28968 -0.73860
vt 0 0
v 0.70991 0.88027 0.66499
vn -0.60874 -0.27782 -0.74313
vt 1 0
v 0.71350 0.87942 0.66275
vn -0.49999 -0.30381 -0.81099
vt 1 1
f 6709/6709/6709 6710/6710/6710 6711/6711/6711
usemtl green_off
v 0.70991 0.84152 0.67984
vn -0.60874 -0.28968 -0.73860
vt 0 0
v 0.71350 0.87942 0.66275
vn -0.49999 -0.30381 -0.81099
vt 1 0
v 0.71350 0.84066 0.67760
vn -0.49997 -0.31567 -0.80646
vt 1 1
f 6712/6712/6712 6713/6713/6713 6714/6714/6714
usemtl green_off
v 0.71350 0.84066 0.67760
vn -0.49997 -0.31567 -0.80646
vt 0 0
v 0.71350 0.87942 0.66275
vn -0.49999 -0.30381 -0.81099
vt 1 0
v 0.71737 0.87873 0.66097
vn -0.38268 -0.32455 -0.86500
vt 1 1
f 6715/6715/6715 6716/6716/6716 6717/6717/6717
usemtl green_off
v 0.71350 0.84066 0.67760
vn -0.49997 -0.31567 -0.80646
vt 0 0
v 0.71737 0.87873 0.66097
vn -0.38268 -0.32455 -0.86500
vt 1 0
v 0.71737 0.83998 0.67581
vn -0.38267 -0.33636 -0.86048
vt 1 1
f 6718/6718/6718 6719/6719/6719 6720/6720/6720
usemtl green_off
v 0.71737 0.83998 0.67581
vn -0.38267 -0.33636 -0.86048
vt 0 0
v 0.71737 0.87873 0.66097
vn -0.38268 -0.32455 -0.86500
vt 1 0
v 0.72146 0.87824 0.65967
vn -0.25882 -0.33954 -0.90428
vt 1 1
f 6721/6721/6721 6722/6722/6722 6723/6723/6723
usemtl green_off
v 0.71737 0.83998 0.67581
vn -0.38267 -0.33636 -0.86048
vt 0 0
v 0.72146 0.87824 0.65967
vn -0.25882 -0.33954 -0.90428
vt 1 0
v 0.72146 0.83948 0.67452
vn -0.25881 -0.35140 -0.89974
vt 1 1
f 6724/6724/6724 6725/6725/6725 6726/6726/6726
usemtl green_off
v 0.72146 0.83948 0.67452
vn -0.25881 -0.35140 -0.89974
vt 0 0
v 0.72146 0.87824 0.65967
vn -0.25882 -0.33954 -0.90428
vt 1 0
v 0.72569 0.87794 0.65889
vn -0.13053 -0.34872 -0.92809
vt 1 1
f 6727/6727/6727 6728/6728/6728 6729/6729/6729
usemtl green_off
v 0.72146 0.83948 0.67452
vn -0.25881 -0.35140 -0.89974
vt 0 0
v 0.72569 0.87794 0.65889
vn -0.13053 -0.34872 -0.92809
vt 1 0
v 0.72569 0.83918 0.67373
vn -0.13056 -0.36048 -0.92359
vt 1 1
f 6730/6730/6730 6731/6731/6731 6732/6732/6732
usemtl green_off
v 0.72569 0.83918 0.67373
vn -0.13056 -0.36048 -0.92359
vt 0 0
v 0.72569 0.87794 0.65889
vn -0.13053 -0.34872 -0.92809
vt 1 0
v 0.73000 0.87783 0.65862
vn -0.00000 -0.35177 -0.93608
vt 1 1
f 6733/6733/6733 6734/6734/6734 6735/6735/6735
usemtl green_off
v 0.72569 0.83918 0.67373
vn -0.13056 -0.36048 -0.92359
vt 0 0
v 0.73000 0.87783 0.65862
vn -0.00000 -0.35177 -0.93608
vt 1 0
v 0.73000 0.83908 0.67347
vn 0.00001 -0.36353 -0.93158
vt 1 1
f 6736/6736/6736 6737/6737/6737 6738/6738/6738
usemtl green_off
v 0.73000 0.83908 0.67347
vn 0.00001 -0.36353 -0.93158
vt 0 0
v 0.73000 0.87783 0.65862
vn -0.00000 -0.35177 -0.93608
vt 1 0
v 0.73431 0.87794 0.65889
vn 0.13052 -0.34871 -0.92810
vt 1 1
f 6739/6739/6739 6740/6740/6740 6741/6741/6741
usemtl green_off
v 0.73000 0.83908 0.67347
vn 0.00001 -0.36353 -0.93158
vt 0 0
v 0.73431 0.87794 0.65889
vn 0.13052 -0.34871 -0.92810
vt 1 0
v 0.73431 0.83918 0.67373
vn 0.13054 -0.36047 -0.92359
vt 1 1
f 6742/6742/6742 6743/6743/6743 6744/6744/6744
usemtl green_off
v 0.73431 0.83918 0.67373
vn 0.13054 -0.36047 -0.92359
vt 0 0
v 0.73431 0.87794 0.65889
vn 0.13052 -0.34871 -0.92810
vt 1 0
v 0.73854 0.87824 0.65967
vn 0.25881 -0.33954 -0.90428
vt 1 1
f 6745/6745/6745 6746/6746/6746 6747/6747/6747
usemtl green_off
v 0.73431 0.83918 0.67373
vn 0.13054 -0.36047 -0.92359
vt 0 0
v 0.73854 0.87824 0.65967
vn 0.25881 -0.33954 -0.90428
vt 1 0
v 0.73854 0.83948 0.67452
vn 0.25879 -0.35140 -0.89975
vt 1 1
f 6748/6748/6748 6749/6749/6749 6750/6750/6750
usemtl green_off
v 0.73854 0.83948 0.67452
vn 0.25879 -0.35140 -0.89975
vt 0 0
v 0.73854 0.87824 0.65967
vn 0.25881 -0.33954 -0.90428
vt 1 0
v 0.74263 0.87873 0.66097
vn 0.38268 -0.32455 -0.86500
vt 1 1
f 6751/6751/6751 6752/6752/6752 6753/6753/6753
usemtl green_off
v 0.73854 0.83948 0.67452
vn 0.25879 -0.35140 -0.89975
vt 0 0
v 0.74263 0.87873 0.66097
vn 0.38268 -0.32455 -0.86500
vt 1 0
v 0.74263 0.83998 0.67581
vn 0.38269 -0.33631 -0.86049
vt 1 1
f 6754/6754/6754 6755/6755/6755 6756/6756/6756
usemtl green_off
v 0.74263 0.83998 0.67581
vn 0.38269 -0.33631 -0.86049
vt 0 0
v 0.74263 0.87873 0.66097
vn 0.38268 -0.32455 -0.86500
vt 1 0
v 0.74650 0.87942 0.66275
vn 0.49999 -0.30381 -0.81099
vt 1 1
f 6757/6757/6757 6758/6758/6758 6759/6759/6759
usemtl green_off
v 0.74263 0.83998 0.67581
vn 0.38269 -0.33631 -0.86049
vt 0 0
v 0.74650 0.87942 0.66275
vn 0.49999 -0.30381 -0.81099
vt 1 0
v 0.74650 0.84066 0.67760
vn 0.50000 -0.31567 -0.80644
vt 1 1
f 6760/6760/6760 6761/6761/6761 6762/6762/6762
usemtl green_off
v 0.74650 0.84066 0.67760
vn 0.50000 -0.31567 -0.80644
vt 0 0
v 0.74650 0.87942 0.66275
vn 0.49999 -0.30381 -0.81099
vt 1 0
v 0.75009 0.88027 0.66499
vn 0.60875 -0.27782 -0.74313
vt 1 1
f 6763/6763/6763 6764/6764/6764 6765/6765/6765
usemtl green_off
v 0.74650 0.84066 0.67760
vn 0.50000 -0.31567 -0.80644
vt 0 0
v 0.75009 0.88027 0.66499
vn 0.60875 -0.27782 -0.74313
vt 1 0
v 0.75009 0.84152 0.67984
vn 0.60876 -0.28968 -0.73858
vt 1 1
f 6766/6766/6766 6767/6767/6767 6768/6768/6768
usemtl green_off
v 0.75009 0.84152 0.67984
vn 0.60876 -0.28968 -0.73858
vt 0 0
v 0.75009 0.88027 0.66499
vn 0.60875 -0.27782 -0.74313
vt 1 0
v 0.75333 0.88129 0.66765
vn 0.70710 -0.24698 -0.66258
vt 1 1
f 6769/6769/6769 6770/6770/6770 6771/6771/6771
usemtl green_off
v 0.75009 0.84152 0.67984
vn 0.60876 -0.28968 -0.73858
vt 0 0
v 0.75333 0.88129 0.66765
vn 0.70710 -0.24698 -0.66258
vt 1 0
v 0.75333 0.84254 0.68249
vn 0.70710 -0.25882 -0.65804
vt 1 1
f 6772/6772/6772 6773/6773/6773 6774/6774/6774
usemtl green_off
v 0.75333 0.84254 0.68249
vn 0.70710 -0.25882 -0.65804
vt 0 0
v 0.75333 0.88129 0.66765
vn 0.70710 -0.24698 -0.66258
vt 1 0
v 0.75618 0.88245 0.67068
vn 0.79333 -0.21181 -0.57076
vt 1 1
f 6775/6775/6775 6776/6776/6776 6777/6777/6777
usemtl green_off
v 0.75333 0.84254 0.68249
vn 0.70710 -0.25882 -0.65804
vt 0 0
v 0.75618 0.88245 0.67068
vn 0.79333 -0.21181 -0.57076
vt 1 0
v 0.75618 0.84370 0.68552
vn 0.79335 -0.22365 -0.56620
vt 1 1
f 6778/6778/6778 6779/6779/6779 6780/6780/6780
usemtl green_off
v 0.75618 0.84370 0.68552
vn 0.79335 -0.22365 -0.56620
vt 0 0
v 0.75618 0.88245 0.67068
vn 0.79333 -0.21181 -0.57076
vt 1 0
v 0.75858 0.88374 0.67403
vn 0.86600 -0.17291 -0.46920
vt 1 1
f 6781/6781/6781 6782/6782/6782 6783/6783/6783
usemtl green_off
v 0.75618 0.84370 0.68552
vn 0.79335 -0.22365 -0.56620
vt 0 0
v 0.75858 0.88374 0.67403
vn 0.86600 -0.17291 -0.46920
vt 1 0
v 0.75858 0.84498 0.68888
vn 0.86602 -0.18475 -0.46464
vt 1 1
f 6784/6784/6784 6785/6785/6785 6786/6786/6786
usemtl green_off
v 0.75858 0.84498 0.68888
vn 0.86602 -0.18475 -0.46464
vt 0 0
v 0.75858 0.88374 0.67403
vn 0.86600 -0.17291 -0.46920
vt 1 0
v 0.76049 0.88512 0.67765
vn 0.92386 -0.13094 -0.35964
vt 1 1
f 6787/6787/6787 6788/6788/6788 6789/6789/6789
usemtl green_off
v 0.75858 0.84498 0.68888
vn 0.86602 -0.18475 -0.46464
vt 0 0
v 0.76049 0.88512 0.67765
vn 0.92386 -0.13094 -0.35964
vt 1 0
v 0.76049 0.84637 0.69249
vn 0.92387 -0.14275 -0.35510
vt 1 1
f 6790/6790/6790 6791/6791/6791 6792/6792/6792
usemtl green_off
v 0.76049 0.84637 0.69249
vn 0.92387 -0.14275 -0.35510
vt 0 0
v 0.76049 0.88512 0.67765
vn 0.92386 -0.13094 -0.35964
vt 1 0
v 0.76188 0.88658 0.68147
vn 0.96590 -0.08664 -0.24397
vt 1 1
f 6793/6793/6793 6794/6794/6794 6795/6795/6795
usemtl green_off
v 0.76049 0.84637 0.69249
vn 0.92387 -0.14275 -0.35510
vt 0 0
v 0.76188 0.88658 0.68147
vn 0.96590 -0.08664 -0.24397
vt 1 0
v 0.76188 0.84783 0.69631
vn 0.96591 -0.09851 -0.23941
vt 1 1
f 6796/6796/6796 6797/6797/6797 6798/6798/6798
usemtl green_off
v 0.76188 0.84783 0.69631
vn 0.96591 -0.09851 -0.23941
vt 0 0
v 0.76188 0.88658 0.68147
vn 0.96590 -0.08664 -0.24397
vt 1 0
v 0.76272 0.88810 0.68542
vn 0.99142 -0.04075 -0.12417
vt 1 1
f 6799/6799/6799 6800/6800/6800 6801/6801/6801
usemtl green_off
v 0.76188 0.84783 0.69631
vn 0.96591 -0.09851 -0.23941
vt 0 0
v 0.76272 0.88810 0.68542
vn 0.99142 -0.04075 -0.12417
vt 1 0
v 0.76272 0.84934 0.70026
vn 0.99143 -0.05262 -0.11961
vt 1 1
f 6802/6802/6802 6803/6803/6803 6804/6804/6804
usemtl green_off
v 0.76272 0.84934 0.70026
vn 0.99143 -0.05262 -0.11961
vt 0 0
v 0.76272 0.88810 0.68542
vn 0.99142 -0.04075 -0.12417
vt 1 0
v 0.76300 0.88964 0.68944
vn 0.99998 0.00589 -0.00226
vt 1 1
f 6805/6805/6805 6806/6806/6806 6807/6807/6807
usemtl green_off
v 0.76272 0.84934 0.70026
vn 0.99143 -0.05262 -0.11961
vt 0 0
v 0.76300 0.88964 0.68944
vn 0.99998 0.00589 -0.00226
vt 1 0
v 0.76300 0.85088 0.70428
vn 0.99998 -0.00589 0.00226
vt 1 1
f 6808/6808/6808 6809/6809/6809 6810/6810/6810
usemtl green_off
v 0.76300 0.85088 0.70428
vn 0.99998 -0.00589 0.00226
vt 0 0
v 0.76300 0.88964 0.68944
vn 0.99998 0.00589 -0.00226
vt 1 0
v 0.76272 0.89118 0.69346
vn 0.99143 0.05262 0.11961
vt 1 1
f 6811/6811/6811 6812/6812/6812 6813/6813/6813
usemtl green_off
v 0.76300 0.85088 0.70428
vn 0.99998 -0.00589 0.00226
vt 0 0
v 0.76272 0.89118 0.69346
vn 0.99143 0.05262 0.11961
vt 1 0
v 0.76272 0.85242 0.70831
vn 0.99142 0.04080 0.12416
vt 1 1
f 6814/6814/6814 6815/6815/6815 6816/6816/6816
usemtl green_off
v 0.76272 0.85242 0.70831
vn 0.99142 0.04080 0.12416
vt 0 0
v 0.76272 0.89118 0.69346
vn 0.99143 0.05262 0.11961
vt 1 0
v 0.76188 0.89269 0.69742
vn 0.96591 0.09850 0.23941
vt 1 1
f 6817/6817/6817 6818/6818/6818 6819/6819/6819
usemtl green_off
v 0.76272 0.85242 0.70831
vn 0.99142 0.04080 0.12416
vt 0 0
v 0.76188 0.89269 0.69742
vn 0.96591 0.09850 0.23941
vt 1 0
v 0.76188 0.85394 0.71226
vn 0.96590 0.08664 0.24398
vt 1 1
f 6820/6820/6820 6821/6821/6821 6822/6822/6822
usemtl green_off
v 0.76188 0.85394 0.71226
vn 0.96590 0.08664 0.24398
vt 0 0
v 0.76188 0.89269 0.69742
vn 0.96591 0.09850 0.23941
vt 1 0
v 0.76049 0.89415 0.70123
vn 0.92386 0.14275 0.35511
vt 1 1
f 6823/6823/6823 6824/6824/6824 6825/6825/6825
usemtl green_off
v 0.76188 0.85394 0.71226
vn 0.96590 0.08664 0.24398
vt 0 0
v 0.76049 0.89415 0.70123
vn 0.92386 0.14275 0.35511
vt 1 0
v 0.76049 0.85540 0.71608
vn 0.92386 0.13100 0.35963
vt 1 1
f 6826/6826/6826 6827/6827/6827 6828/6828/6828
usemtl green_off
v 0.76049 0.85540 0.71608
vn 0.92386 0.13100 0.35963
vt 0 0
v 0.76049 0.89415 0.70123
vn 0.92386 0.14275 0.35511
vt 1 0
v 0.75858 0.89554 0.70485
vn 0.86601 0.18476 0.46464
vt 1 1
f 6829/6829/6829 6830/6830/6830 6831/6831/6831
usemtl green_off
v 0.76049 0.85540 0.71608
vn 0.92386 0.13100 0.35963
vt 0 0
v 0.75858 0.89554 0.70485
vn 0.86601 0.18476 0.46464
vt 1 0
v 0.75858 0.85678 0.71969
vn 0.86600 0.17291 0.46920
vt 1 1
f 6832/6832/6832 6833/6833/6833 6834/6834/6834
usemtl green_off
v 0.75858 0.85678 0.71969
vn 0.86600 0.17291 0.46920
vt 0 0
v 0.75858 0.89554 0.70485
vn 0.86601 0.18476 0.46464
vt 1 0
v 0.75618 0.89682 0.70820
vn 0.79334 0.22367 0.56620
vt 1 1
f 6835/6835/6835 6836/6836/6836 6837/6837/6837
usemtl green_off
v 0.75858 0.85678 0.71969
vn 0.86600 0.17291 0.46920
vt 0 0
v 0.75618 0.89682 0.70820
vn 0.79334 0.22367 0.56620
vt 1 0
v 0.75618 0.85807 0.72304
vn 0.79334 0.21180 0.57076
vt 1 1
f 6838/6838/6838 6839/6839/6839 6840/6840/6840
usemtl green_off
v 0.75618 0.85807 0.72304
vn 0.79334 0.21180 0.57076
vt 0 0
v 0.75618 0.89682 0.70820
vn 0.79334 0.22367 0.56620
vt 1 0
v 0.75333 0.89798 0.71123
vn 0.70710 0.25883 0.65804
vt 1 1
f 6841/6841/6841 6842/6842/6842 6843/6843/6843
usemtl green_off
v 0.75618 0.85807 0.72304
vn 0.79334 0.21180 0.57076
vt 0 0
v 0.75333 0.89798 0.71123
vn 0.70710 0.25883 0.65804
vt 1 0
v 0.75333 0.85923 0.72608
vn 0.70708 0.24698 0.66260
vt 1 1
f 6844/6844/6844 6845/6845/6845 6846/6846/6846
usemtl green_off
v 0.75333 0.85923 0.72608
vn 0.70708 0.24698 0.66260
vt 0 0
v 0.75333 0.89798 0.71123
vn 0.70710 0.25883 0.65804
vt 1 0
v 0.75009 0.89900 0.71389
vn 0.60876 0.28967 0.73858
vt 1 1
f 6847/6847/6847 6848/6848/6848 6849/6849/6849
usemtl green_off
v 0.75333 0.85923 0.72608
vn 0.70708 0.24698 0.66260
vt 0 0
v 0.75009 0.89900 0.71389
vn 0.60876 0.28967 0.73858
vt 1 0
v 0.75009 0.86025 0.72873
vn 0.60874 0.27782 0.74314
vt 1 1
f 6850/6850/6850 6851/6851/6851 6852/6852/6852
usemtl green_off
v 0.75009 0.86025 0.72873
vn 0.60874 0.27782 0.74314
vt 0 0
v 0.75009 0.89900 0.71389
vn 0.60876 0.28967 0.73858
vt 1 0
v 0.74650 0.89986 0.71613
vn 0.49999 0.31567 0.80645
vt 1 1
f 6853/6853/6853 6854/6854/6854 6855/6855/6855
usemtl green_off
v 0.75009 0.86025 0.72873
vn 0.60874 0.27782 0.74314
vt 0 0
v 0.74650 0.89986 0.71613
vn 0.49999 0.31567 0.80645
vt 1 0
v 0.74650 0.86110 0.73097
vn 0.49998 0.30382 0.81100
vt 1 1
f 6856/6856/6856 6857/6857/6857 6858/6858/6858
usemtl green_off
v 0.74650 0.86110 0.73097
vn 0.49998 0.30382 0.81100
vt 0 0
v 0.74650 0.89986 0.71613
vn 0.49999 0.31567 0.80645
vt 1 0
v 0.74263 0.90054 0.71791
vn 0.38267 0.33632 0.86050
vt 1 1
f 6859/6859/6859 6860/6860/6860 6861/6861/6861
usemtl green_off
v 0.74650 0.86110 0.73097
vn 0.49998 0.30382 0.81100
vt 0 0
v 0.74263 0.90054 0.71791
vn 0.38267 0.33632 0.86050
vt 1 0
v 0.74263 0.86179 0.73276
vn 0.38267 0.32451 0.86502
vt 1 1
f 6862/6862/6862 6863/6863/6863 6864/6864/6864
usemtl green_off
v 0.74263 0.86179 0.73276
vn 0.38267 0.32451 0.86502
vt 0 0
v 0.74263 0.90054 0.71791
vn 0.38267 0.33632 0.86050
vt 1 0
v 0.73854 0.90104 0.71921
vn 0.25882 0.35140 0.89974
vt 1 1
f 6865/6865/6865 6866/6866/6866 6867/6867/6867
usemtl green_off
v 0.74263 0.86179 0.73276
vn 0.38267 0.32451 0.86502
vt 0 0
v 0.73854 0.90104 0.71921
vn 0.25882 0.35140 0.89974
vt 1 0
v 0.73854 0.86228 0.73405
vn 0.25880 0.33954 0.90429
vt 1 1
f 6868/6868/6868 6869/6869/6869 6870/6870/6870
usemtl green_off
v 0.73854 0.86228 0.73405
vn 0.25880 0.33954 0.90429
vt 0 0
v 0.73854 0.90104 0.71921
vn 0.25882 0.35140 0.89974
vt 1 0
v 0.73431 0.90134 0.71999
vn 0.13053 0.36047 0.92359
vt 1 1
f 6871/6871/6871 6872/6872/6872 6873/6873/6873
usemtl green_off
v 0.73854 0.86228 0.73405
vn 0.25880 0.33954 0.90429
vt 0 0
v 0.73431 0.90134 0.71999
vn 0.13053 0.36047 0.92359
vt 1 0
v 0.73431 0.86258 0.73484
vn 0.13056 0.34871 0.92809
vt 1 1
f 6874/6874/6874 6875/6875/6875 6876/6876/6876
usemtl green_off
v 0.73000 0.86054 0.72950
vn -0.00001 0.35182 0.93607
vt 0 0
v 0.72648 0.86046 0.72928
vn -0.13053 0.34876 0.92808
vt 1 0
v 0.72651 0.85943 0.72939
vn -0.11316 -0.15820 0.98090
vt 1 1
f 6877/6877/6877 6878/6878/6878 6879/6879/6879
usemtl green_off
v 0.73000 0.86054 0.72950
vn -0.00001 0.35182 0.93607
vt 0 0
v 0.72651 0.85943 0.72939
vn -0.11316 -0.15820 0.98090
vt 1 0
v 0.73000 0.85951 0.72961
vn -0.00001 -0.15555 0.98783
vt 1 1
f 6880/6880/6880 6881/6881/6881 6882/6882/6882
usemtl green_off
v 0.73000 0.85951 0.72961
vn 0.00001 -0.15562 0.98782
vt 0 0
v 0.72651 0.85943 0.72939
vn -0.11311 -0.15827 0.98090
vt 1 0
v 0.72661 0.85848 0.72897
vn -0.06567 -0.62864 0.77492
vt 1 1
f 6883/6883/6883 6884/6884/6884 6885/6885/6885
usemtl green_off
v 0.73000 0.85951 0.72961
vn 0.00001 -0.15562 0.98782
vt 0 0
v 0.72661 0.85848 0.72897
vn -0.06567 -0.62864 0.77492
vt 1 0
v 0.73000 0.85856 0.72918
vn -0.00001 -0.62710 0.77894
vt 1 1
f 6886/6886/6886 6887/6887/6887 6888/6888/6888
usemtl green_off
v 0.73000 0.85856 0.72918
vn -0.00002 -0.62720 0.77886
vt 0 0
v 0.72661 0.85848 0.72897
vn -0.06563 -0.62874 0.77484
vt 1 0
v 0.72674 0.85788 0.72814
vn -0.00010 -0.93351 0.35856
vt 1 1
f 6889/6889/6889 6890/6890/6890 6891/6891/6891
usemtl green_off
v 0.73000 0.85856 0.72918
vn -0.00002 -0.62720 0.77886
vt 0 0
v 0.72674 0.85788 0.72814
vn -0.00010 -0.93351 0.35856
vt 1 0
v 0.73000 0.85796 0.72834
vn 0.00002 -0.93351 0.35856
vt 1 1
f 6892/6892/6892 6893/6893/6893 6894/6894/6894
usemtl green_off
v 0.72648 0.89968 0.71426
vn -0.13051 0.36043 0.92361
vt 0 0
v 0.73000 0.89976 0.71448
vn 0.00001 0.36348 0.93160
vt 1 0
v 0.73000 0.90060 0.71387
vn 0.00001 0.77562 0.63120
vt 1 1
f 6895/6895/6895 6896/6896/6896 6897/6897/6897
usemtl green_off
v 0.72648 0.89968 0.71426
vn -0.13051 0.36043 0.92361
vt 0 0
v 0.73000 0.90060 0.71387
vn 0.00001 0.77562 0.63120
vt 1 0
v 0.72651 0.90052 0.71365
vn -0.11312 0.77297 0.62427
vt 1 1
f 6898/6898/6898 6899/6899/6899 6900/6900/6900
usemtl green_off
v 0.72651 0.90052 0.71365
vn -0.11313 0.77302 0.62422
vt 0 0
v 0.73000 0.90060 0.71387
vn -0.00001 0.77567 0.63114
vt 1 0
v 0.73000 0.90102 0.71292
vn 0.00001 0.98699 0.16075
vt 1 1
f 6901/6901/6901 6902/6902/6902 6903/6903/6903
usemtl green_off
v 0.72651 0.90052 0.71365
vn -0.11313 0.77302 0.62422
vt 0 0
v 0.73000 0.90102 0.71292
vn 0.00001 0.98699 0.16075
vt 1 0
v 0.72661 0.90094 0.71271
vn -0.06565 0.98546 0.15674
vt 1 1
f 6904/6904/6904 6905/6905/6905 6906/6906/6906
usemtl green_off
v 0.72661 0.90094 0.71271
vn -0.06562 0.98548 0.15658
vt 0 0
v 0.73000 0.90102 0.71292
vn -0.00000 0.98702 0.16060
vt 1 0
v 0.73000 0.90091 0.71189
vn -0.00001 0.93419 -0.35678
vt 1 1
f 6907/6907/6907 6908/6908/6908 6909/6909/6909
usemtl green_off
v 0.72661 0.90094 0.71271
vn -0.06562 0.98548 0.15658
vt 0 0
v 0.73000 0.90091 0.71189
vn -0.00001 0.93419 -0.35678
vt 1 0
v 0.72674 0.90084 0.71169
vn -0.00012 0.93419 -0.35679
vt 1 1
f 6910/6910/6910 6911/6911/6911 6912/6912/6912
usemtl green_off
v 0.72648 0.86046 0.72928
vn -0.13053 0.34876 0.92808
vt 0 0
v 0.72301 0.86021 0.72864
vn -0.25885 0.33963 0.90424
vt 1 0
v 0.72308 0.85918 0.72875
vn -0.22437 -0.16612 0.96024
vt 1 1
f 6913/6913/6913 6914/6914/6914 6915/6915/6915
usemtl green_off
v 0.72648 0.86046 0.72928
vn -0.13053 0.34876 0.92808
vt 0 0
v 0.72308 0.85918 0.72875
vn -0.22437 -0.16612 0.96024
vt 1 0
v 0.72651 0.85943 0.72939
vn -0.11316 -0.15820 0.98090
vt 1 1
f 6916/6916/6916 6917/6917/6917 6918/6918/6918
usemtl green_off
v 0.72651 0.85943 0.72939
vn -0.11314 -0.15827 0.98089
vt 0 0
v 0.72308 0.85918 0.72875
vn -0.22433 -0.16618 0.96024
vt 1 0
v 0.72327 0.85825 0.72836
vn -0.13023 -0.63323 0.76293
vt 1 1
f 6919/6919/6919 6920/6920/6920 6921/6921/6921
usemtl green_off
v 0.72651 0.85943 0.72939
vn -0.11314 -0.15827 0.98089
vt 0 0
v 0.72327 0.85825 0.72836
vn -0.13023 -0.63323 0.76293
vt 1 0
v 0.72661 0.85848 0.72897
vn -0.06569 -0.62864 0.77492
vt 1 1
f 6922/6922/6922 6923/6923/6923 6924/6924/6924
usemtl green_off
v 0.72661 0.85848 0.72897
vn -0.06570 -0.62873 0.77485
vt 0 0
v 0.72327 0.85825 0.72836
vn -0.13019 -0.63331 0.76287
vt 1 0
v 0.72353 0.85765 0.72755
vn -0.00024 -0.93351 0.35855
vt 1 1
f 6925/6925/6925 6926/6926/6926 6927/6927/6927
usemtl green_off
v 0.72661 0.85848 0.72897
vn -0.06570 -0.62873 0.77485
vt 0 0
v 0.72353 0.85765 0.72755
vn -0.00024 -0.93351 0.35855
vt 1 0
v 0.72674 0.85788 0.72814
vn -0.00013 -0.93350 0.35857
vt 1 1
f 6928/6928/6928 6929/6929/6929 6930/6930/6930
usemtl green_off
v 0.72301 0.89943 0.71362
vn -0.25881 0.35130 0.89978
vt 0 0
v 0.72648 0.89968 0.71426
vn -0.13051 0.36043 0.92361
vt 1 0
v 0.72651 0.90052 0.71365
vn -0.11312 0.77297 0.62427
vt 1 1
f 6931/6931/6931 6932/6932/6932 6933/6933/6933
usemtl green_off
v 0.72301 0.89943 0.71362
vn -0.25881 0.35130 0.89978
vt 0 0
v 0.72651 0.90052 0.71365
vn -0.11312 0.77297 0.62427
vt 1 0
v 0.72308 0.90027 0.71302
vn -0.22435 0.76506 0.60361
vt 1 1
f 6934/6934/6934 6935/6935/6935 6936/6936/6936
usemtl green_off
v 0.72308 0.90027 0.71302
vn -0.22431 0.76513 0.60354
vt 0 0
v 0.72651 0.90052 0.71365
vn -0.11312 0.77303 0.62420
vt 1 0
v 0.72661 0.90094 0.71271
vn -0.06563 0.98546 0.15671
vt 1 1
f 6937/6937/6937 6938/6938/6938 6939/6939/6939
usemtl green_off
v 0.72308 0.90027 0.71302
vn -0.22431 0.76513 0.60354
vt 0 0
v 0.72661 0.90094 0.71271
vn -0.06563 0.98546 0.15671
vt 1 0
v 0.72327 0.90070 0.71209
vn -0.13017 0.98087 0.14473
vt 1 1
f 6940/6940/6940 6941/6941/6941 6942/6942/6942
usemtl green_off
v 0.72327 0.90070 0.71209
vn -0.13021 0.98088 0.14461
vt 0 0
v 0.72661 0.90094 0.71271
vn -0.06572 0.98548 0.15658
vt 1 0
v 0.72674 0.90084 0.71169
vn -0.00019 0.93419 -0.35678
vt 1 1
f 6943/6943/6943 6944/6944/6944 6945/6945/6945
usemtl green_off
v 0.72327 0.90070 0.71209
vn -0.13021 0.98088 0.14461
vt 0 0
v 0.72674 0.90084 0.71169
vn -0.00019 0.93419 -0.35678
vt 1 0
v 0.72353 0.90061 0.71109
vn -0.00030 0.93418 -0.35681
vt 1 1
f 6946/6946/6946 6947/6947/6947 6948/6948/6948
usemtl green_off
v 0.72301 0.86021 0.72864
vn -0.25885 0.33963 0.90424
vt 0 0
v 0.71967 0.85980 0.72758
vn -0.38270 0.32460 0.86497
vt 1 0
v 0.71977 0.85878 0.72771
vn -0.33176 -0.17914 0.92620
vt 1 1
f 6949/6949/6949 6950/6950/6950 6951/6951/6951
usemtl green_off
v 0.72301 0.86021 0.72864
vn -0.25885 0.33963 0.90424
vt 0 0
v 0.71977 0.85878 0.72771
vn -0.33176 -0.17914 0.92620
vt 1 0
v 0.72308 0.85918 0.72875
vn -0.22437 -0.16612 0.96024
vt 1 1
f 6952/6952/6952 6953/6953/6953 6954/6954/6954
usemtl green_off
v 0.72308 0.85918 0.72875
vn -0.22433 -0.16619 0.96024
vt 0 0
v 0.71977 0.85878 0.72771
vn -0.33169 -0.17922 0.92621
vt 1 0
v 0.72005 0.85786 0.72733
vn -0.19253 -0.64080 0.74318
vt 1 1
f 6955/6955/6955 6956/6956/6956 6957/6957/6957
usemtl green_off
v 0.72308 0.85918 0.72875
vn -0.22433 -0.16619 0.96024
vt 0 0
v 0.72005 0.85786 0.72733
vn -0.19253 -0.64080 0.74318
vt 1 0
v 0.72327 0.85825 0.72836
vn -0.13022 -0.63324 0.76293
vt 1 1
f 6958/6958/6958 6959/6959/6959 6960/6960/6960
usemtl green_off
v 0.72327 0.85825 0.72836
vn -0.13023 -0.63331 0.76286
vt 0 0
v 0.72005 0.85786 0.72733
vn -0.19250 -0.64087 0.74312
vt 1 0
v 0.72043 0.85727 0.72657
vn -0.00037 -0.93352 0.35852
vt 1 1
f 6961/6961/6961 6962/6962/6962 6963/6963/6963
usemtl green_off
v 0.72327 0.85825 0.72836
vn -0.13023 -0.63331 0.76286
vt 0 0
v 0.72043 0.85727 0.72657
vn -0.00037 -0.93352 0.35852
vt 1 0
v 0.72353 0.85765 0.72755
vn -0.00026 -0.93351 0.35856
vt 1 1
f 6964/6964/6964 6965/6965/6965 6966/6966/6966
usemtl green_off
v 0.71967 0.89903 0.71256
vn -0.38268 0.33626 0.86051
vt 0 0
v 0.72301 0.89943 0.71362
vn -0.25881 0.35130 0.89978
vt 1 0
v 0.72308 0.90027 0.71302
vn -0.22435 0.76506 0.60361
vt 1 1
f 6967/6967/6967 6968/6968/6968 6969/6969/6969
usemtl green_off
v 0.71967 0.89903 0.71256
vn -0.38268 0.33626 0.86051
vt 0 0
v 0.72308 0.90027 0.71302
vn -0.22435 0.76506 0.60361
vt 1 0
v 0.71977 0.89987 0.71197
vn -0.33175 0.75202 0.56957
vt 1 1
f 6970/6970/6970 6971/6971/6971 6972/6972/6972
usemtl green_off
v 0.71977 0.89987 0.71197
vn -0.33174 0.75208 0.56950
vt 0 0
v 0.72308 0.90027 0.71302
vn -0.22439 0.76511 0.60353
vt 1 0
v 0.72327 0.90070 0.71209
vn -0.13024 0.98086 0.14472
vt 1 1
f 6973/6973/6973 6974/6974/6974 6975/6975/6975
usemtl green_off
v 0.71977 0.89987 0.71197
vn -0.33174 0.75208 0.56950
vt 0 0
v 0.72327 0.90070 0.71209
vn -0.13024 0.98086 0.14472
vt 1 0
v 0.72005 0.90031 0.71107
vn -0.19255 0.97330 0.12496
vt 1 1
f 6976/6976/6976 6977/6977/6977 6978/6978/6978
usemtl green_off
v 0.72005 0.90031 0.71107
vn -0.19245 0.97333 0.12488
vt 0 0
v 0.72327 0.90070 0.71209
vn -0.13019 0.98088 0.14462
vt 1 0
v 0.72353 0.90061 0.71109
vn -0.00025 0.93419 -0.35679
vt 1 1
f 6979/6979/6979 6980/6980/6980 6981/6981/6981
usemtl green_off
v 0.72005 0.90031 0.71107
vn -0.19245 0.97333 0.12488
vt 0 0
v 0.72353 0.90061 0.71109
vn -0.00025 0.93419 -0.35679
vt 1 0
v 0.72043 0.90023 0.71011
vn -0.00036 0.93417 -0.35682
vt 1 1
f 6982/6982/6982 6983/6983/6983 6984/6984/6984
usemtl green_off
v 0.71967 0.85980 0.72758
vn -0.38270 0.32460 0.86497
vt 0 0
v 0.71650 0.85925 0.72612
vn -0.50000 0.30390 0.81095
vt 1 0
v 0.71663 0.85823 0.72626
vn -0.43344 -0.19708 0.87937
vt 1 1
f 6985/6985/6985 6986/6986/6986 6987/6987/6987
usemtl green_off
v 0.71967 0.85980 0.72758
vn -0.38270 0.32460 0.86497
vt 0 0
v 0.71663 0.85823 0.72626
vn -0.43344 -0.19708 0.87937
vt 1 0
v 0.71977 0.85878 0.72771
vn -0.33176 -0.17914 0.92620
vt 1 1
f 6988/6988/6988 6989/6989/6989 6990/6990/6990
usemtl green_off
v 0.71977 0.85878 0.72771
vn -0.33172 -0.17923 0.92619
vt 0 0
v 0.71663 0.85823 0.72626
vn -0.43340 -0.19716 0.87937
vt 1 0
v 0.71700 0.85732 0.72593
vn -0.25157 -0.65122 0.71598
vt 1 1
f 6991/6991/6991 6992/6992/6992 6993/6993/6993
usemtl green_off
v 0.71977 0.85878 0.72771
vn -0.33172 -0.17923 0.92619
vt 0 0
v 0.71700 0.85732 0.72593
vn -0.25157 -0.65122 0.71598
vt 1 0
v 0.72005 0.85786 0.72733
vn -0.19256 -0.64081 0.74316
vt 1 1
f 6994/6994/6994 6995/6995/6995 6996/6996/6996
usemtl green_off
v 0.72005 0.85786 0.72733
vn -0.19251 -0.64090 0.74309
vt 0 0
v 0.71700 0.85732 0.72593
vn -0.25149 -0.65131 0.71593
vt 1 0
v 0.71750 0.85676 0.72521
vn -0.00046 -0.93355 0.35844
vt 1 1
f 6997/6997/6997 6998/6998/6998 6999/6999/6999
usemtl green_off
v 0.72005 0.85786 0.72733
vn -0.19251 -0.64090 0.74309
vt 0 0
v 0.71750 0.85676 0.72521
vn -0.00046 -0.93355 0.35844
vt 1 0
v 0.72043 0.85727 0.72657
vn -0.00036 -0.93353 0.35849
vt 1 1
f 7000/7000/7000 7001/7001/7001 7002/7002/7002
usemtl green_off
v 0.71650 0.89847 0.71110
vn -0.49999 0.31558 0.80649
vt 0 0
v 0.71967 0.89903 0.71256
vn -0.38268 0.33626 0.86051
vt 1 0
v 0.71977 0.89987 0.71197
vn -0.33175 0.75202 0.56957
vt 1 1
f 7003/7003/7003 7004/7004/7004 7005/7005/7005
usemtl green_off
v 0.71650 0.89847 0.71110
vn -0.49999 0.31558 0.80649
vt 0 0
v 0.71977 0.89987 0.71197
vn -0.33175 0.75202 0.56957
vt 1 0
v 0.71663 0.89932 0.71052
vn -0.43342 0.73409 0.52274
vt 1 1
f 7006/7006/7006 7007/7007/7007 7008/7008/7008
usemtl green_off
v 0.71663 0.89932 0.71052
vn -0.43343 0.73414 0.52267
vt 0 0
v 0.71977 0.89987 0.71197
vn -0.33175 0.75207 0.56950
vt 1 0
v 0.72005 0.90031 0.71107
vn -0.19255 0.97330 0.12498
vt 1 1
f 7009/7009/7009 7010/7010/7010 7011/7011/7011
usemtl green_off
v 0.71663 0.89932 0.71052
vn -0.43343 0.73414 0.52267
vt 0 0
v 0.72005 0.90031 0.71107
vn -0.19255 0.97330 0.12498
vt 1 0
v 0.71700 0.89977 0.70967
vn -0.25157 0.96289 0.09779
vt 1 1
f 7012/7012/7012 7013/7013/7013 7014/7014/7014
usemtl green_off
v 0.71700 0.89977 0.70967
vn -0.25148 0.96292 0.09771
vt 0 0
v 0.72005 0.90031 0.71107
vn -0.19250 0.97332 0.12487
vt 1 0
v 0.72043 0.90023 0.71011
vn -0.00038 0.93417 -0.35683
vt 1 1
f 7015/7015/7015 7016/7016/7016 7017/7017/7017
usemtl green_off
v 0.71700 0.89977 0.70967
vn -0.25148 0.96292 0.09771
vt 0 0
v 0.72043 0.90023 0.71011
vn -0.00038 0.93417 -0.35683
vt 1 0
v 0.71750 0.89971 0.70876
vn -0.00048 0.93415 -0.35687
vt 1 1
f 7018/7018/7018 7019/7019/7019 7020/7020/7020
usemtl green_off
v 0.71650 0.85925 0.72612
vn -0.50000 0.30390 0.81095
vt 0 0
v 0.71356 0.85854 0.72429
vn -0.60875 0.27791 0.74309
vt 1 0
v 0.71373 0.85753 0.72445
vn -0.52771 -0.21962 0.82054
vt 1 1
f 7021/7021/7021 7022/7022/7022 7023/7023/7023
usemtl green_off
v 0.71650 0.85925 0.72612
vn -0.50000 0.30390 0.81095
vt 0 0
v 0.71373 0.85753 0.72445
vn -0.52771 -0.21962 0.82054
vt 1 0
v 0.71663 0.85823 0.72626
vn -0.43344 -0.19708 0.87937
vt 1 1
f 7024/7024/7024 7025/7025/7025 7026/7026/7026
usemtl green_off
v 0.71663 0.85823 0.72626
vn -0.43342 -0.19715 0.87936
vt 0 0
v 0.71373 0.85753 0.72445
vn -0.52769 -0.21967 0.82054
vt 1 0
v 0.71417 0.85664 0.72417
vn -0.30630 -0.66428 0.68185
vt 1 1
f 7027/7027/7027 7028/7028/7028 7029/7029/7029
usemtl green_off
v 0.71663 0.85823 0.72626
vn -0.43342 -0.19715 0.87936
vt 0 0
v 0.71417 0.85664 0.72417
vn -0.30630 -0.66428 0.68185
vt 1 0
v 0.71700 0.85732 0.72593
vn -0.25159 -0.65120 0.71599
vt 1 1
f 7030/7030/7030 7031/7031/7031 7032/7032/7032
usemtl green_off
v 0.71700 0.85732 0.72593
vn -0.25154 -0.65130 0.71592
vt 0 0
v 0.71417 0.85664 0.72417
vn -0.30621 -0.66436 0.68180
vt 1 0
v 0.71478 0.85611 0.72352
vn -0.00058 -0.93357 0.35840
vt 1 1
f 7033/7033/7033 7034/7034/7034 7035/7035/7035
usemtl green_off
v 0.71700 0.85732 0.72593
vn -0.25154 -0.65130 0.71592
vt 0 0
v 0.71478 0.85611 0.72352
vn -0.00058 -0.93357 0.35840
vt 1 0
v 0.71750 0.85676 0.72521
vn -0.00048 -0.93355 0.35846
vt 1 1
f 7036/7036/7036 7037/7037/7037 7038/7038/7038
usemtl green_off
v 0.71356 0.89777 0.70927
vn -0.60873 0.28959 0.73864
vt 0 0
v 0.71650 0.89847 0.71110
vn -0.49999 0.31558 0.80649
vt 1 0
v 0.71663 0.89932 0.71052
vn -0.43342 0.73409 0.52274
vt 1 1
f 7039/7039/7039 7040/7040/7040 7041/7041/7041
usemtl green_off
v 0.71356 0.89777 0.70927
vn -0.60873 0.28959 0.73864
vt 0 0
v 0.71663 0.89932 0.71052
vn -0.43342 0.73409 0.52274
vt 1 0
v 0.71373 0.89862 0.70871
vn -0.52767 0.71157 0.46393
vt 1 1
f 7042/7042/7042 7043/7043/7043 7044/7044/7044
usemtl green_off
v 0.71373 0.89862 0.70871
vn -0.52766 0.71164 0.46384
vt 0 0
v 0.71663 0.89932 0.71052
vn -0.43340 0.73416 0.52267
vt 1 0
v 0.71700 0.89977 0.70967
vn -0.25152 0.96290 0.09778
vt 1 1
f 7045/7045/7045 7046/7046/7046 7047/7047/7047
usemtl green_off
v 0.71373 0.89862 0.70871
vn -0.52766 0.71164 0.46384
vt 0 0
v 0.71700 0.89977 0.70967
vn -0.25152 0.96290 0.09778
vt 1 0
v 0.71417 0.89910 0.70790
vn -0.30624 0.94983 0.06365
vt 1 1
f 7048/7048/7048 7049/7049/7049 7050/7050/7050
usemtl green_off
v 0.71417 0.89910 0.70790
vn -0.30617 0.94985 0.06355
vt 0 0
v 0.71700 0.89977 0.70967
vn -0.25150 0.96292 0.09767
vt 1 0
v 0.71750 0.89971 0.70876
vn -0.00047 0.93414 -0.35690
vt 1 1
f 7051/7051/7051 7052/7052/7052 7053/7053/7053
usemtl green_off
v 0.71417 0.89910 0.70790
vn -0.30617 0.94985 0.06355
vt 0 0
v 0.71750 0.89971 0.70876
vn -0.00047 0.93414 -0.35690
vt 1 0
v 0.71478 0.89906 0.70707
vn -0.00057 0.93412 -0.35696
vt 1 1
f 7054/7054/7054 7055/7055/7055 7056/7056/7056
usemtl green_off
v 0.71356 0.85854 0.72429
vn -0.60875 0.27791 0.74309
vt 0 0
v 0.71091 0.85771 0.72211
vn -0.70710 0.24706 0.66255
vt 1 0
v 0.71110 0.85671 0.72229
vn -0.61295 -0.24636 0.75073
vt 1 1
f 7057/7057/7057 7058/7058/7058 7059/7059/7059
usemtl green_off
v 0.71356 0.85854 0.72429
vn -0.60875 0.27791 0.74309
vt 0 0
v 0.71110 0.85671 0.72229
vn -0.61295 -0.24636 0.75073
vt 1 0
v 0.71373 0.85753 0.72445
vn -0.52771 -0.21962 0.82054
vt 1 1
f 7060/7060/7060 7061/7061/7061 7062/7062/7062
usemtl green_off
v 0.71373 0.85753 0.72445
vn -0.52765 -0.21968 0.82056
vt 0 0
v 0.71110 0.85671 0.72229
vn -0.61289 -0.24641 0.75077
vt 1 0
v 0.71162 0.85584 0.72207
vn -0.35574 -0.67980 0.64135
vt 1 1
f 7063/7063/7063 7064/7064/7064 7065/7065/7065
usemtl green_off
v 0.71373 0.85753 0.72445
vn -0.52765 -0.21968 0.82056
vt 0 0
v 0.71162 0.85584 0.72207
vn -0.35574 -0.67980 0.64135
vt 1 0
v 0.71417 0.85664 0.72417
vn -0.30626 -0.66428 0.68186
vt 1 1
f 7066/7066/7066 7067/7067/7067 7068/7068/7068
usemtl green_off
v 0.71417 0.85664 0.72417
vn -0.30625 -0.66436 0.68179
vt 0 0
v 0.71162 0.85584 0.72207
vn -0.35569 -0.67987 0.64130
vt 1 0
v 0.71233 0.85534 0.72151
vn -0.00069 -0.93359 0.35833
vt 1 1
f 7069/7069/7069 7070/7070/7070 7071/7071/7071
usemtl green_off
v 0.71417 0.85664 0.72417
vn -0.30625 -0.66436 0.68179
vt 0 0
v 0.71233 0.85534 0.72151
vn -0.00069 -0.93359 0.35833
vt 1 0
v 0.71478 0.85611 0.72352
vn -0.00060 -0.93357 0.35840
vt 1 1
f 7072/7072/7072 7073/7073/7073 7074/7074/7074
usemtl green_off
v 0.71091 0.89693 0.70709
vn -0.70709 0.25874 0.65809
vt 0 0
v 0.71356 0.89777 0.70927
vn -0.60873 0.28959 0.73864
vt 1 0
v 0.71373 0.89862 0.70871
vn -0.52767 0.71157 0.46393
vt 1 1
f 7075/7075/7075 7076/7076/7076 7077/7077/7077
usemtl green_off
v 0.71091 0.89693 0.70709
vn -0.70709 0.25874 0.65809
vt 0 0
v 0.71373 0.89862 0.70871
vn -0.52767 0.71157 0.46393
vt 1 0
v 0.71110 0.89780 0.70656
vn -0.61294 0.68483 0.39410
vt 1 1
f 7078/7078/7078 7079/7079/7079 7080/7080/7080
usemtl green_off
v 0.71110 0.89780 0.70656
vn -0.61293 0.68487 0.39404
vt 0 0
v 0.71373 0.89862 0.70871
vn -0.52770 0.71161 0.46384
vt 1 0
v 0.71417 0.89910 0.70790
vn -0.30630 0.94981 0.06363
vt 1 1
f 7081/7081/7081 7082/7082/7082 7083/7083/7083
usemtl green_off
v 0.71110 0.89780 0.70656
vn -0.61293 0.68487 0.39404
vt 0 0
v 0.71417 0.89910 0.70790
vn -0.30630 0.94981 0.06363
vt 1 0
v 0.71162 0.89830 0.70581
vn -0.35575 0.93429 0.02313
vt 1 1
f 7084/7084/7084 7085/7085/7085 7086/7086/7086
usemtl green_off
v 0.71162 0.89830 0.70581
vn -0.35566 0.93433 0.02303
vt 0 0
v 0.71417 0.89910 0.70790
vn -0.30622 0.94984 0.06352
vt 1 0
v 0.71478 0.89906 0.70707
vn -0.00059 0.93411 -0.35698
vt 1 1
f 7087/7087/7087 7088/7088/7088 7089/7089/7089
usemtl green_off
v 0.71162 0.89830 0.70581
vn -0.35566 0.93433 0.02303
vt 0 0
v 0.71478 0.89906 0.70707
vn -0.00059 0.93411 -0.35698
vt 1 0
v 0.71233 0.89829 0.70505
vn -0.00068 0.93409 -0.35705
vt 1 1
f 7090/7090/7090 7091/7091/7091 7092/7092/7092
usemtl green_off
v 0.71091 0.85771 0.72211
vn -0.70710 0.24706 0.66255
vt 0 0
v 0.70858 0.85676 0.71963
vn -0.79334 0.21190 0.57071
vt 1 0
v 0.70879 0.85577 0.71984
vn -0.68772 -0.27683 0.67112
vt 1 1
f 7093/7093/7093 7094/7094/7094 7095/7095/7095
usemtl green_off
v 0.71091 0.85771 0.72211
vn -0.70710 0.24706 0.66255
vt 0 0
v 0.70879 0.85577 0.71984
vn -0.68772 -0.27683 0.67112
vt 1 0
v 0.71110 0.85671 0.72229
vn -0.61295 -0.24636 0.75073
vt 1 1
f 7096/7096/7096 7097/7097/7097 7098/7098/7098
usemtl green_off
v 0.71110 0.85671 0.72229
vn -0.61295 -0.24644 0.75070
vt 0 0
v 0.70879 0.85577 0.71984
vn -0.68771 -0.27691 0.67110
vt 1 0
v 0.70937 0.85493 0.71968
vn -0.39918 -0.69751 0.59509
vt 1 1
f 7099/7099/7099 7100/7100/7100 7101/7101/7101
usemtl green_off
v 0.71110 0.85671 0.72229
vn -0.61295 -0.24644 0.75070
vt 0 0
v 0.70937 0.85493 0.71968
vn -0.39918 -0.69751 0.59509
vt 1 0
v 0.71162 0.85584 0.72207
vn -0.35579 -0.67982 0.64129
vt 1 1
f 7102/7102/7102 7103/7103/7103 7104/7104/7104
usemtl green_off
v 0.71162 0.85584 0.72207
vn -0.35572 -0.67989 0.64126
vt 0 0
v 0.70937 0.85493 0.71968
vn -0.39908 -0.69757 0.59509
vt 1 0
v 0.71017 0.85446 0.71921
vn -0.00077 -0.93363 0.35823
vt 1 1
f 7105/7105/7105 7106/7106/7106 7107/7107/7107
usemtl green_off
v 0.71162 0.85584 0.72207
vn -0.35572 -0.67989 0.64126
vt 0 0
v 0.71017 0.85446 0.71921
vn -0.00077 -0.93363 0.35823
vt 1 0
v 0.71233 0.85534 0.72151
vn -0.00070 -0.93360 0.35831
vt 1 1
f 7108/7108/7108 7109/7109/7109 7110/7110/7110
usemtl green_off
v 0.70858 0.89598 0.70461
vn -0.79335 0.22355 0.56624
vt 0 0
v 0.71091 0.89693 0.70709
vn -0.70709 0.25874 0.65809
vt 1 0
v 0.71110 0.89780 0.70656
vn -0.61294 0.68483 0.39410
vt 1 1
f 7111/7111/7111 7112/7112/7112 7113/7113/7113
usemtl green_off
v 0.70858 0.89598 0.70461
vn -0.79335 0.22355 0.56624
vt 0 0
v 0.71110 0.89780 0.70656
vn -0.61294 0.68483 0.39410
vt 1 0
v 0.70879 0.89686 0.70410
vn -0.68773 0.65431 0.31448
vt 1 1
f 7114/7114/7114 7115/7115/7115 7116/7116/7116
usemtl green_off
v 0.70879 0.89686 0.70410
vn -0.68768 0.65440 0.31441
vt 0 0
v 0.71110 0.89780 0.70656
vn -0.61293 0.68489 0.39401
vt 1 0
v 0.71162 0.89830 0.70581
vn -0.35574 0.93430 0.02311
vt 1 1
f 7117/7117/7117 7118/7118/7118 7119/7119/7119
usemtl green_off
v 0.70879 0.89686 0.70410
vn -0.68768 0.65440 0.31441
vt 0 0
v 0.71162 0.89830 0.70581
vn -0.35574 0.93430 0.02311
vt 1 0
v 0.70937 0.89738 0.70342
vn -0.39913 0.91661 -0.02309
vt 1 1
f 7120/7120/7120 7121/7121/7121 7122/7122/7122
usemtl green_off
v 0.70937 0.89738 0.70342
vn -0.39907 0.91663 -0.02315
vt 0 0
v 0.71162 0.89830 0.70581
vn -0.35571 0.93431 0.02301
vt 1 0
v 0.71233 0.89829 0.70505
vn -0.00071 0.93409 -0.35705
vt 1 1
f 7123/7123/7123 7124/7124/7124 7125/7125/7125
usemtl green_off
v 0.70937 0.89738 0.70342
vn -0.39907 0.91663 -0.02315
vt 0 0
v 0.71233 0.89829 0.70505
vn -0.00071 0.93409 -0.35705
vt 1 0
v 0.71017 0.89741 0.70276
vn -0.00079 0.93405 -0.35713
vt 1 1
f 7126/7126/7126 7127/7127/7127 7128/7128/7128
usemtl green_off
v 0.70858 0.85676 0.71963
vn -0.79334 0.21190 0.57071
vt 0 0
v 0.70662 0.85571 0.71689
vn -0.86603 0.17300 0.46912
vt 1 0
v 0.70685 0.85473 0.71712
vn -0.75073 -0.31055 0.58306
vt 1 1
f 7129/7129/7129 7130/7130/7130 7131/7131/7131
usemtl green_off
v 0.70858 0.85676 0.71963
vn -0.79334 0.21190 0.57071
vt 0 0
v 0.70685 0.85473 0.71712
vn -0.75073 -0.31055 0.58306
vt 1 0
v 0.70879 0.85577 0.71984
vn -0.68772 -0.27683 0.67112
vt 1 1
f 7132/7132/7132 7133/7133/7133 7134/7134/7134
usemtl green_off
v 0.70879 0.85577 0.71984
vn -0.68768 -0.27691 0.67113
vt 0 0
v 0.70685 0.85473 0.71712
vn -0.75066 -0.31063 0.58311
vt 1 0
v 0.70749 0.85391 0.71704
vn -0.43571 -0.71707 0.54402
vt 1 1
f 7135/7135/7135 7136/7136/7136 7137/7137/7137
usemtl green_off
v 0.70879 0.85577 0.71984
vn -0.68768 -0.27691 0.67113
vt 0 0
v 0.70749 0.85391 0.71704
vn -0.43571 -0.71707 0.54402
vt 1 0
v 0.70937 0.85493 0.71968
vn -0.39915 -0.69751 0.59512
vt 1 1
f 7138/7138/7138 7139/7139/7139 7140/7140/7140
usemtl green_off
v 0.70937 0.85493 0.71968
vn -0.39906 -0.69759 0.59508
vt 0 0
v 0.70749 0.85391 0.71704
vn -0.43559 -0.71715 0.54402
vt 1 0
v 0.70835 0.85348 0.71667
vn -0.00080 -0.93367 0.35815
vt 1 1
f 7141/7141/7141 7142/7142/7142 7143/7143/7143
usemtl green_off
v 0.70937 0.85493 0.71968
vn -0.39906 -0.69759 0.59508
vt 0 0
v 0.70835 0.85348 0.71667
vn -0.00080 -0.93367 0.35815
vt 1 0
v 0.71017 0.85446 0.71921
vn -0.00074 -0.93363 0.35823
vt 1 1
f 7144/7144/7144 7145/7145/7145 7146/7146/7146
usemtl green_off
v 0.70662 0.89493 0.70187
vn -0.86601 0.18465 0.46468
vt 0 0
v 0.70858 0.89598 0.70461
vn -0.79335 0.22355 0.56624
vt 1 0
v 0.70879 0.89686 0.70410
vn -0.68773 0.65431 0.31448
vt 1 1
f 7147/7147/7147 7148/7148/7148 7149/7149/7149
usemtl green_off
v 0.70662 0.89493 0.70187
vn -0.86601 0.18465 0.46468
vt 0 0
v 0.70879 0.89686 0.70410
vn -0.68773 0.65431 0.31448
vt 1 0
v 0.70685 0.89582 0.70139
vn -0.75073 0.62058 0.22645
vt 1 1
f 7150/7150/7150 7151/7151/7151 7152/7152/7152
usemtl green_off
v 0.70685 0.89582 0.70139
vn -0.75065 0.62070 0.22639
vt 0 0
v 0.70879 0.89686 0.70410
vn -0.68767 0.65440 0.31442
vt 1 0
v 0.70937 0.89738 0.70342
vn -0.39911 0.91661 -0.02308
vt 1 1
f 7153/7153/7153 7154/7154/7154 7155/7155/7155
usemtl green_off
v 0.70685 0.89582 0.70139
vn -0.75065 0.62070 0.22639
vt 0 0
v 0.70937 0.89738 0.70342
vn -0.39911 0.91661 -0.02308
vt 1 0
v 0.70749 0.89637 0.70078
vn -0.43567 0.89704 -0.07417
vt 1 1
f 7156/7156/7156 7157/7157/7157 7158/7158/7158
usemtl green_off
v 0.70749 0.89637 0.70078
vn -0.43565 0.89705 -0.07423
vt 0 0
v 0.70937 0.89738 0.70342
vn -0.39911 0.91661 -0.02318
vt 1 0
v 0.71017 0.89741 0.70276
vn -0.00082 0.93405 -0.35714
vt 1 1
f 7159/7159/7159 7160/7160/7160 7161/7161/7161
usemtl green_off
v 0.70749 0.89637 0.70078
vn -0.43565 0.89705 -0.07423
vt 0 0
v 0.71017 0.89741 0.70276
vn -0.00082 0.93405 -0.35714
vt 1 0
v 0.70835 0.89644 0.70022
vn -0.00088 0.93402 -0.35723
vt 1 1
f 7162/7162/7162 7163/7163/7163 7164/7164/7164
usemtl green_off
v 0.70662 0.85571 0.71689
vn -0.86603 0.17300 0.46912
vt 0 0
v 0.70506 0.85458 0.71393
vn -0.92387 0.13103 0.35957
vt 1 0
v 0.70530 0.85361 0.71420
vn -0.80088 -0.34693 0.48808
vt 1 1
f 7165/7165/7165 7166/7166/7166 7167/7167/7167
usemtl green_off
v 0.70662 0.85571 0.71689
vn -0.86603 0.17300 0.46912
vt 0 0
v 0.70530 0.85361 0.71420
vn -0.80088 -0.34693 0.48808
vt 1 0
v 0.70685 0.85473 0.71712
vn -0.75073 -0.31055 0.58306
vt 1 1
f 7168/7168/7168 7169/7169/7169 7170/7170/7170
usemtl green_off
v 0.70685 0.85473 0.71712
vn -0.75071 -0.31061 0.58306
vt 0 0
v 0.70530 0.85361 0.71420
vn -0.80086 -0.34696 0.48810
vt 1 0
v 0.70598 0.85282 0.71419
vn -0.46487 -0.73816 0.48888
vt 1 1
f 7171/7171/7171 7172/7172/7172 7173/7173/7173
usemtl green_off
v 0.70685 0.85473 0.71712
vn -0.75071 -0.31061 0.58306
vt 0 0
v 0.70598 0.85282 0.71419
vn -0.46487 -0.73816 0.48888
vt 1 0
v 0.70749 0.85391 0.71704
vn -0.43577 -0.71706 0.54400
vt 1 1
f 7174/7174/7174 7175/7175/7175 7176/7176/7176
usemtl green_off
v 0.70749 0.85391 0.71704
vn -0.43562 -0.71718 0.54396
vt 0 0
v 0.70598 0.85282 0.71419
vn -0.46470 -0.73827 0.48888
vt 1 0
v 0.70691 0.85244 0.71393
vn -0.00086 -0.93372 0.35800
vt 1 1
f 7177/7177/7177 7178/7178/7178 7179/7179/7179
usemtl green_off
v 0.70749 0.85391 0.71704
vn -0.43562 -0.71718 0.54396
vt 0 0
v 0.70691 0.85244 0.71393
vn -0.00086 -0.93372 0.35800
vt 1 0
v 0.70835 0.85348 0.71667
vn -0.00081 -0.93368 0.35810
vt 1 1
f 7180/7180/7180 7181/7181/7181 7182/7182/7182
usemtl green_off
v 0.70506 0.89380 0.69891
vn -0.92386 0.14269 0.35514
vt 0 0
v 0.70662 0.89493 0.70187
vn -0.86601 0.18465 0.46468
vt 1 0
v 0.70685 0.89582 0.70139
vn -0.75073 0.62058 0.22645
vt 1 1
f 7183/7183/7183 7184/7184/7184 7185/7185/7185
usemtl green_off
v 0.70506 0.89380 0.69891
vn -0.92386 0.14269 0.35514
vt 0 0
v 0.70685 0.89582 0.70139
vn -0.75073 0.62058 0.22645
vt 1 0
v 0.70530 0.89470 0.69846
vn -0.80088 0.58422 0.13148
vt 1 1
f 7186/7186/7186 7187/7187/7187 7188/7188/7188
usemtl green_off
v 0.70530 0.89470 0.69846
vn -0.80081 0.58433 0.13140
vt 0 0
v 0.70685 0.89582 0.70139
vn -0.75067 0.62069 0.22635
vt 1 0
v 0.70749 0.89637 0.70078
vn -0.43567 0.89704 -0.07421
vt 1 1
f 7189/7189/7189 7190/7190/7190 7191/7191/7191
usemtl green_off
v 0.70530 0.89470 0.69846
vn -0.80081 0.58433 0.13140
vt 0 0
v 0.70749 0.89637 0.70078
vn -0.43567 0.89704 -0.07421
vt 1 0
v 0.70598 0.89528 0.69793
vn -0.46478 0.87593 -0.12932
vt 1 1
f 7192/7192/7192 7193/7193/7193 7194/7194/7194
usemtl green_off
v 0.70598 0.89528 0.69793
vn -0.46469 0.87598 -0.12933
vt 0 0
v 0.70749 0.89637 0.70078
vn -0.43562 0.89706 -0.07425
vt 1 0
v 0.70835 0.89644 0.70022
vn -0.00083 0.93402 -0.35722
vt 1 1
f 7195/7195/7195 7196/7196/7196 7197/7197/7197
usemtl green_off
v 0.70598 0.89528 0.69793
vn -0.46469 0.87598 -0.12933
vt 0 0
v 0.70835 0.89644 0.70022
vn -0.00083 0.93402 -0.35722
vt 1 0
v 0.70691 0.89539 0.69748
vn -0.00088 0.93398 -0.35731
vt 1 1
f 7198/7198/7198 7199/7199/7199 7200/7200/7200
usemtl green_off
v 0.70506 0.85458 0.71393
vn -0.92387 0.13103 0.35957
vt 0 0
v 0.70392 0.85338 0.71081
vn -0.96591 0.08672 0.24392
vt 1 0
v 0.70418 0.85242 0.71110
vn -0.83731 -0.38536 0.38783
vt 1 1
f 7201/7201/7201 7202/7202/7202 7203/7203/7203
usemtl green_off
v 0.70506 0.85458 0.71393
vn -0.92387 0.13103 0.35957
vt 0 0
v 0.70418 0.85242 0.71110
vn -0.83731 -0.38536 0.38783
vt 1 0
v 0.70530 0.85361 0.71420
vn -0.80088 -0.34693 0.48808
vt 1 1
f 7204/7204/7204 7205/7205/7205 7206/7206/7206
usemtl green_off
v 0.70530 0.85361 0.71420
vn -0.80078 -0.34708 0.48815
vt 0 0
v 0.70418 0.85242 0.71110
vn -0.83722 -0.38547 0.38790
vt 1 0
v 0.70489 0.85167 0.71119
vn -0.48590 -0.76052 0.43071
vt 1 1
f 7207/7207/7207 7208/7208/7208 7209/7209/7209
usemtl green_off
v 0.70530 0.85361 0.71420
vn -0.80078 -0.34708 0.48815
vt 0 0
v 0.70489 0.85167 0.71119
vn -0.48590 -0.76052 0.43071
vt 1 0
v 0.70598 0.85282 0.71419
vn -0.46475 -0.73823 0.48890
vt 1 1
f 7210/7210/7210 7211/7211/7211 7212/7212/7212
usemtl green_off
v 0.70598 0.85282 0.71419
vn -0.46477 -0.73825 0.48885
vt 0 0
v 0.70489 0.85167 0.71119
vn -0.48591 -0.76052 0.43070
vt 1 0
v 0.70586 0.85133 0.71104
vn -0.00097 -0.93375 0.35791
vt 1 1
f 7213/7213/7213 7214/7214/7214 7215/7215/7215
usemtl green_off
v 0.70598 0.85282 0.71419
vn -0.46477 -0.73825 0.48885
vt 0 0
v 0.70586 0.85133 0.71104
vn -0.00097 -0.93375 0.35791
vt 1 0
v 0.70691 0.85244 0.71393
vn -0.00093 -0.93372 0.35802
vt 1 1
f 7216/7216/7216 7217/7217/7217 7218/7218/7218
usemtl green_off
v 0.70392 0.89260 0.69579
vn -0.96590 0.09841 0.23946
vt 0 0
v 0.70506 0.89380 0.69891
vn -0.92386 0.14269 0.35514
vt 1 0
v 0.70530 0.89470 0.69846
vn -0.80088 0.58422 0.13148
vt 1 1
f 7219/7219/7219 7220/7220/7220 7221/7221/7221
usemtl green_off
v 0.70392 0.89260 0.69579
vn -0.96590 0.09841 0.23946
vt 0 0
v 0.70530 0.89470 0.69846
vn -0.80088 0.58422 0.13148
vt 1 0
v 0.70418 0.89351 0.69537
vn -0.83731 0.54584 0.03121
vt 1 1
f 7222/7222/7222 7223/7223/7223 7224/7224/7224
usemtl green_off
v 0.70418 0.89351 0.69537
vn -0.83726 0.54592 0.03112
vt 0 0
v 0.70530 0.89470 0.69846
vn -0.80082 0.58432 0.13138
vt 1 0
v 0.70598 0.89528 0.69793
vn -0.46479 0.87593 -0.12933
vt 1 1
f 7225/7225/7225 7226/7226/7226 7227/7227/7227
usemtl green_off
v 0.70418 0.89351 0.69537
vn -0.83726 0.54592 0.03112
vt 0 0
v 0.70598 0.89528 0.69793
vn -0.46479 0.87593 -0.12933
vt 1 0
v 0.70489 0.89413 0.69493
vn -0.48594 0.85364 -0.18752
vt 1 1
f 7228/7228/7228 7229/7229/7229 7230/7230/7230
usemtl green_off
v 0.70489 0.89413 0.69493
vn -0.48591 0.85366 -0.18751
vt 0 0
v 0.70598 0.89528 0.69793
vn -0.46477 0.87593 -0.12936
vt 1 0
v 0.70691 0.89539 0.69748
vn -0.00094 0.93398 -0.35733
vt 1 1
f 7231/7231/7231 7232/7232/7232 7233/7233/7233
usemtl green_off
v 0.70489 0.89413 0.69493
vn -0.48591 0.85366 -0.18751
vt 0 0
v 0.70691 0.89539 0.69748
vn -0.00094 0.93398 -0.35733
vt 1 0
v 0.70586 0.89429 0.69459
vn -0.00098 0.93394 -0.35743
vt 1 1
f 7234/7234/7234 7235/7235/7235 7236/7236/7236
usemtl green_off
v 0.70392 0.85338 0.71081
vn -0.96591 0.08672 0.24392
vt 0 0
v 0.70323 0.85214 0.70758
vn -0.99143 0.04084 0.12411
vt 1 0
v 0.70350 0.85120 0.70790
vn -0.85943 -0.42514 0.28397
vt 1 1
f 7237/7237/7237 7238/7238/7238 7239/7239/7239
usemtl green_off
v 0.70392 0.85338 0.71081
vn -0.96591 0.08672 0.24392
vt 0 0
v 0.70350 0.85120 0.70790
vn -0.85943 -0.42514 0.28397
vt 1 0
v 0.70418 0.85242 0.71110
vn -0.83731 -0.38536 0.38783
vt 1 1
f 7240/7240/7240 7241/7241/7241 7242/7242/7242
usemtl green_off
v 0.70418 0.85242 0.71110
vn -0.83730 -0.38538 0.38784
vt 0 0
v 0.70350 0.85120 0.70790
vn -0.85942 -0.42514 0.28400
vt 1 0
v 0.70422 0.85048 0.70807
vn -0.49885 -0.78354 0.37041
vt 1 1
f 7243/7243/7243 7244/7244/7244 7245/7245/7245
usemtl green_off
v 0.70418 0.85242 0.71110
vn -0.83730 -0.38538 0.38784
vt 0 0
v 0.70422 0.85048 0.70807
vn -0.49885 -0.78354 0.37041
vt 1 0
v 0.70489 0.85167 0.71119
vn -0.48602 -0.76046 0.43068
vt 1 1
f 7246/7246/7246 7247/7247/7247 7248/7248/7248
usemtl green_off
v 0.70489 0.85167 0.71119
vn -0.48592 -0.76053 0.43067
vt 0 0
v 0.70422 0.85048 0.70807
vn -0.49875 -0.78360 0.37044
vt 1 0
v 0.70522 0.85018 0.70805
vn -0.00100 -0.93380 0.35780
vt 1 1
f 7249/7249/7249 7250/7250/7250 7251/7251/7251
usemtl green_off
v 0.70489 0.85167 0.71119
vn -0.48592 -0.76053 0.43067
vt 0 0
v 0.70522 0.85018 0.70805
vn -0.00100 -0.93380 0.35780
vt 1 0
v 0.70586 0.85133 0.71104
vn -0.00098 -0.93376 0.35791
vt 1 1
f 7252/7252/7252 7253/7253/7253 7254/7254/7254
usemtl green_off
v 0.70323 0.89136 0.69255
vn -0.99143 0.05253 0.11965
vt 0 0
v 0.70392 0.89260 0.69579
vn -0.96590 0.09841 0.23946
vt 1 0
v 0.70418 0.89351 0.69537
vn -0.83731 0.54584 0.03121
vt 1 1
f 7255/7255/7255 7256/7256/7256 7257/7257/7257
usemtl green_off
v 0.70323 0.89136 0.69255
vn -0.99143 0.05253 0.11965
vt 0 0
v 0.70418 0.89351 0.69537
vn -0.83731 0.54584 0.03121
vt 1 0
v 0.70350 0.89229 0.69216
vn -0.85942 0.50607 -0.07266
vt 1 1
f 7258/7258/7258 7259/7259/7259 7260/7260/7260
usemtl green_off
v 0.70350 0.89229 0.69216
vn -0.85937 0.50617 -0.07270
vt 0 0
v 0.70418 0.89351 0.69537
vn -0.83725 0.54593 0.03113
vt 1 0
v 0.70489 0.89413 0.69493
vn -0.48593 0.85365 -0.18750
vt 1 1
f 7261/7261/7261 7262/7262/7262 7263/7263/7263
usemtl green_off
v 0.70350 0.89229 0.69216
vn -0.85937 0.50617 -0.07270
vt 0 0
v 0.70489 0.89413 0.69493
vn -0.48593 0.85365 -0.18750
vt 1 0
v 0.70422 0.89294 0.69181
vn -0.49876 0.83057 -0.24777
vt 1 1
f 7264/7264/7264 7265/7265/7265 7266/7266/7266
usemtl green_off
v 0.70422 0.89294 0.69181
vn -0.49875 0.83057 -0.24778
vt 0 0
v 0.70489 0.89413 0.69493
vn -0.48592 0.85364 -0.18755
vt 1 0
v 0.70586 0.89429 0.69459
vn -0.00098 0.93393 -0.35745
vt 1 1
f 7267/7267/7267 7268/7268/7268 7269/7269/7269
usemtl green_off
v 0.70422 0.89294 0.69181
vn -0.49875 0.83057 -0.24778
vt 0 0
v 0.70586 0.89429 0.69459
vn -0.00098 0.93393 -0.35745
vt 1 0
v 0.70522 0.89314 0.69159
vn -0.00101 0.93389 -0.35756
vt 1 1
f 7270/7270/7270 7271/7271/7271 7272/7272/7272
usemtl green_off
v 0.70323 0.85214 0.70758
vn -0.99143 0.04084 0.12411
vt 0 0
v 0.70300 0.85088 0.70428
vn -0.99998 -0.00584 0.00221
vt 1 0
v 0.70327 0.84995 0.70464
vn -0.86685 -0.46560 0.17829
vt 1 1
f 7273/7273/7273 7274/7274/7274 7275/7275/7275
usemtl green_off
v 0.70323 0.85214 0.70758
vn -0.99143 0.04084 0.12411
vt 0 0
v 0.70327 0.84995 0.70464
vn -0.86685 -0.46560 0.17829
vt 1 0
v 0.70350 0.85120 0.70790
vn -0.85943 -0.42514 0.28397
vt 1 1
f 7276/7276/7276 7277/7277/7277 7278/7278/7278
usemtl green_off
v 0.70350 0.85120 0.70790
vn -0.85937 -0.42522 0.28403
vt 0 0
v 0.70327 0.84995 0.70464
vn -0.86679 -0.46568 0.17838
vt 1 0
v 0.70400 0.84927 0.70490
vn -0.50308 -0.80707 0.30911
vt 1 1
f 7279/7279/7279 7280/7280/7280 7281/7281/7281
usemtl green_off
v 0.70350 0.85120 0.70790
vn -0.85937 -0.42522 0.28403
vt 0 0
v 0.70400 0.84927 0.70490
vn -0.50308 -0.80707 0.30911
vt 1 0
v 0.70422 0.85048 0.70807
vn -0.49877 -0.78359 0.37043
vt 1 1
f 7282/7282/7282 7283/7283/7283 7284/7284/7284
usemtl green_off
v 0.70422 0.85048 0.70807
vn -0.49878 -0.78360 0.37040
vt 0 0
v 0.70400 0.84927 0.70490
vn -0.50308 -0.80707 0.30912
vt 1 0
v 0.70500 0.84901 0.70500
vn -0.00104 -0.93384 0.35768
vt 1 1
f 7285/7285/7285 7286/7286/7286 7287/7287/7287
usemtl green_off
v 0.70422 0.85048 0.70807
vn -0.49878 -0.78360 0.37040
vt 0 0
v 0.70500 0.84901 0.70500
vn -0.00104 -0.93384 0.35768
vt 1 0
v 0.70522 0.85018 0.70805
vn -0.00103 -0.93380 0.35779
vt 1 1
f 7288/7288/7288 7289/7289/7289 7290/7290/7290
usemtl green_off
v 0.70300 0.89010 0.68926
vn -0.99998 0.00584 -0.00223
vt 0 0
v 0.70323 0.89136 0.69255
vn -0.99143 0.05253 0.11965
vt 1 0
v 0.70350 0.89229 0.69216
vn -0.85942 0.50607 -0.07266
vt 1 1
f 7291/7291/7291 7292/7292/7292 7293/7293/7293
usemtl green_off
v 0.70300 0.89010 0.68926
vn -0.99998 0.00584 -0.00223
vt 0 0
v 0.70350 0.89229 0.69216
vn -0.85942 0.50607 -0.07266
vt 1 0
v 0.70327 0.89104 0.68891
vn -0.86685 0.46560 -0.17830
vt 1 1
f 7294/7294/7294 7295/7295/7295 7296/7296/7296
usemtl green_off
v 0.70327 0.89104 0.68891
vn -0.86681 0.46565 -0.17837
vt 0 0
v 0.70350 0.89229 0.69216
vn -0.85939 0.50611 -0.07273
vt 1 0
v 0.70422 0.89294 0.69181
vn -0.49881 0.83054 -0.24779
vt 1 1
f 7297/7297/7297 7298/7298/7298 7299/7299/7299
usemtl green_off
v 0.70327 0.89104 0.68891
vn -0.86681 0.46565 -0.17837
vt 0 0
v 0.70422 0.89294 0.69181
vn -0.49881 0.83054 -0.24779
vt 1 0
v 0.70400 0.89172 0.68864
vn -0.50311 0.80705 -0.30911
vt 1 1
f 7300/7300/7300 7301/7301/7301 7302/7302/7302
usemtl green_off
v 0.70400 0.89172 0.68864
vn -0.50302 0.80711 -0.30911
vt 0 0
v 0.70422 0.89294 0.69181
vn -0.49871 0.83058 -0.24784
vt 1 0
v 0.70522 0.89314 0.69159
vn -0.00096 0.93388 -0.35758
vt 1 1
f 7303/7303/7303 7304/7304/7304 7305/7305/7305
usemtl green_off
v 0.70400 0.89172 0.68864
vn -0.50302 0.80711 -0.30911
vt 0 0
v 0.70522 0.89314 0.69159
vn -0.00096 0.93388 -0.35758
vt 1 0
v 0.70500 0.89197 0.68855
vn -0.00097 0.93384 -0.35769
vt 1 1
f 7306/7306/7306 7307/7307/7307 7308/7308/7308
usemtl green_off
v 0.70300 0.85088 0.70428
vn -0.99998 -0.00584 0.00221
vt 0 0
v 0.70323 0.84962 0.70099
vn -0.99142 -0.05253 -0.11966
vt 1 0
v 0.70350 0.84870 0.70138
vn -0.85943 -0.50607 0.07266
vt 1 1
f 7309/7309/7309 7310/7310/7310 7311/7311/7311
usemtl green_off
v 0.70300 0.85088 0.70428
vn -0.99998 -0.00584 0.00221
vt 0 0
v 0.70350 0.84870 0.70138
vn -0.85943 -0.50607 0.07266
vt 1 0
v 0.70327 0.84995 0.70464
vn -0.86685 -0.46560 0.17829
vt 1 1
f 7312/7312/7312 7313/7313/7313 7314/7314/7314
usemtl green_off
v 0.70327 0.84995 0.70464
vn -0.86681 -0.46565 0.17837
vt 0 0
v 0.70350 0.84870 0.70138
vn -0.85940 -0.50611 0.07273
vt 1 0
v 0.70422 0.84805 0.70174
vn -0.49881 -0.83053 0.24779
vt 1 1
f 7315/7315/7315 7316/7316/7316 7317/7317/7317
usemtl green_off
v 0.70327 0.84995 0.70464
vn -0.86681 -0.46565 0.17837
vt 0 0
v 0.70422 0.84805 0.70174
vn -0.49881 -0.83053 0.24779
vt 1 0
v 0.70400 0.84927 0.70490
vn -0.50311 -0.80705 0.30911
vt 1 1
f 7318/7318/7318 7319/7319/7319 7320/7320/7320
usemtl green_off
v 0.70400 0.84927 0.70490
vn -0.50295 -0.80714 0.30912
vt 0 0
v 0.70422 0.84805 0.70174
vn -0.49865 -0.83061 0.24785
vt 1 0
v 0.70522 0.84785 0.70195
vn -0.00089 -0.93388 0.35758
vt 1 1
f 7321/7321/7321 7322/7322/7322 7323/7323/7323
usemtl green_off
v 0.70400 0.84927 0.70490
vn -0.50295 -0.80714 0.30912
vt 0 0
v 0.70522 0.84785 0.70195
vn -0.00089 -0.93388 0.35758
vt 1 0
v 0.70500 0.84901 0.70500
vn -0.00089 -0.93384 0.35769
vt 1 1
f 7324/7324/7324 7325/7325/7325 7326/7326/7326
usemtl green_off
v 0.70323 0.88884 0.68597
vn -0.99143 -0.04084 -0.12412
vt 0 0
v 0.70300 0.89010 0.68926
vn -0.99998 0.00584 -0.00223
vt 1 0
v 0.70327 0.89104 0.68891
vn -0.86685 0.46560 -0.17830
vt 1 1
f 7327/7327/7327 7328/7328/7328 7329/7329/7329
usemtl green_off
v 0.70323 0.88884 0.68597
vn -0.99143 -0.04084 -0.12412
vt 0 0
v 0.70327 0.89104 0.68891
vn -0.86685 0.46560 -0.17830
vt 1 0
v 0.70350 0.88979 0.68565
vn -0.85943 0.42514 -0.28397
vt 1 1
f 7330/7330/7330 7331/7331/7331 7332/7332/7332
usemtl green_off
v 0.70350 0.88979 0.68565
vn -0.85939 0.42518 -0.28401
vt 0 0
v 0.70327 0.89104 0.68891
vn -0.86681 0.46564 -0.17837
vt 1 0
v 0.70400 0.89172 0.68864
vn -0.50312 0.80705 -0.30910
vt 1 1
f 7333/7333/7333 7334/7334/7334 7335/7335/7335
usemtl green_off
v 0.70350 0.88979 0.68565
vn -0.85939 0.42518 -0.28401
vt 0 0
v 0.70400 0.89172 0.68864
vn -0.50312 0.80705 -0.30910
vt 1 0
v 0.70422 0.89051 0.68547
vn -0.49882 0.78356 -0.37042
vt 1 1
f 7336/7336/7336 7337/7337/7337 7338/7338/7338
usemtl green_off
v 0.70422 0.89051 0.68547
vn -0.49878 0.78360 -0.37040
vt 0 0
v 0.70400 0.89172 0.68864
vn -0.50308 0.80707 -0.30912
vt 1 0
v 0.70500 0.89197 0.68855
vn -0.00104 0.93384 -0.35768
vt 1 1
f 7339/7339/7339 7340/7340/7340 7341/7341/7341
usemtl green_off
v 0.70422 0.89051 0.68547
vn -0.49878 0.78360 -0.37040
vt 0 0
v 0.70500 0.89197 0.68855
vn -0.00104 0.93384 -0.35768
vt 1 0
v 0.70522 0.89081 0.68550
vn -0.00103 0.93380 -0.35779
vt 1 1
f 7342/7342/7342 7343/7343/7343 7344/7344/7344
usemtl green_off
v 0.70323 0.84962 0.70099
vn -0.99142 -0.05253 -0.11966
vt 0 0
v 0.70392 0.84838 0.69776
vn -0.96591 -0.09841 -0.23946
vt 1 0
v 0.70418 0.84747 0.69818
vn -0.83731 -0.54583 -0.03121
vt 1 1
f 7345/7345/7345 7346/7346/7346 7347/7347/7347
usemtl green_off
v 0.70323 0.84962 0.70099
vn -0.99142 -0.05253 -0.11966
vt 0 0
v 0.70418 0.84747 0.69818
vn -0.83731 -0.54583 -0.03121
vt 1 0
v 0.70350 0.84870 0.70138
vn -0.85943 -0.50607 0.07266
vt 1 1
f 7348/7348/7348 7349/7349/7349 7350/7350/7350
usemtl green_off
v 0.70350 0.84870 0.70138
vn -0.85937 -0.50617 0.07270
vt 0 0
v 0.70418 0.84747 0.69818
vn -0.83725 -0.54593 -0.03114
vt 1 0
v 0.70489 0.84686 0.69862
vn -0.48593 -0.85365 0.18750
vt 1 1
f 7351/7351/7351 7352/7352/7352 7353/7353/7353
usemtl green_off
v 0.70350 0.84870 0.70138
vn -0.85937 -0.50617 0.07270
vt 0 0
v 0.70489 0.84686 0.69862
vn -0.48593 -0.85365 0.18750
vt 1 0
v 0.70422 0.84805 0.70174
vn -0.49876 -0.83057 0.24777
vt 1 1
f 7354/7354/7354 7355/7355/7355 7356/7356/7356
usemtl green_off
v 0.70422 0.84805 0.70174
vn -0.49875 -0.83058 0.24778
vt 0 0
v 0.70489 0.84686 0.69862
vn -0.48592 -0.85364 0.18755
vt 1 0
v 0.70586 0.84670 0.69896
vn -0.00098 -0.93393 0.35745
vt 1 1
f 7357/7357/7357 7358/7358/7358 7359/7359/7359
usemtl green_off
v 0.70422 0.84805 0.70174
vn -0.49875 -0.83058 0.24778
vt 0 0
v 0.70586 0.84670 0.69896
vn -0.00098 -0.93393 0.35745
vt 1 0
v 0.70522 0.84785 0.70195
vn -0.00101 -0.93389 0.35756
vt 1 1
f 7360/7360/7360 7361/7361/7361 7362/7362/7362
usemtl green_off
v 0.70392 0.88761 0.68274
vn -0.96591 -0.08673 -0.24393
vt 0 0
v 0.70323 0.88884 0.68597
vn -0.99143 -0.04084 -0.12412
vt 1 0
v 0.70350 0.88979 0.68565
vn -0.85943 0.42514 -0.28397
vt 1 1
f 7363/7363/7363 7364/7364/7364 7365/7365/7365
usemtl green_off
v 0.70392 0.88761 0.68274
vn -0.96591 -0.08673 -0.24393
vt 0 0
v 0.70350 0.88979 0.68565
vn -0.85943 0.42514 -0.28397
vt 1 0
v 0.70418 0.88856 0.68244
vn -0.83731 0.38535 -0.38783
vt 1 1
f 7366/7366/7366 7367/7367/7367 7368/7368/7368
usemtl green_off
v 0.70418 0.88856 0.68244
vn -0.83729 0.38538 -0.38784
vt 0 0
v 0.70350 0.88979 0.68565
vn -0.85942 0.42515 -0.28400
vt 1 0
v 0.70422 0.89051 0.68547
vn -0.49885 0.78355 -0.37041
vt 1 1
f 7369/7369/7369 7370/7370/7370 7371/7371/7371
usemtl green_off
v 0.70418 0.88856 0.68244
vn -0.83729 0.38538 -0.38784
vt 0 0
v 0.70422 0.89051 0.68547
vn -0.49885 0.78355 -0.37041
vt 1 0
v 0.70489 0.88932 0.68236
vn -0.48601 0.76046 -0.43068
vt 1 1
f 7372/7372/7372 7373/7373/7373 7374/7374/7374
usemtl green_off
v 0.70489 0.88932 0.68236
vn -0.48586 0.76056 -0.43068
vt 0 0
v 0.70422 0.89051 0.68547
vn -0.49869 0.78363 -0.37046
vt 1 0
v 0.70522 0.89081 0.68550
vn -0.00093 0.93380 -0.35780
vt 1 1
f 7375/7375/7375 7376/7376/7376 7377/7377/7377
usemtl green_off
v 0.70489 0.88932 0.68236
vn -0.48586 0.76056 -0.43068
vt 0 0
v 0.70522 0.89081 0.68550
vn -0.00093 0.93380 -0.35780
vt 1 0
v 0.70586 0.88966 0.68251
vn -0.00091 0.93376 -0.35791
vt 1 1
f 7378/7378/7378 7379/7379/7379 7380/7380/7380
usemtl green_off
v 0.70392 0.84838 0.69776
vn -0.96591 -0.09841 -0.23946
vt 0 0
v 0.70506 0.84719 0.69464
vn -0.92388 -0.14268 -0.35509
vt 1 0
v 0.70530 0.84629 0.69509
vn -0.80088 -0.58421 -0.13148
vt 1 1
f 7381/7381/7381 7382/7382/7382 7383/7383/7383
usemtl green_off
v 0.70392 0.84838 0.69776
vn -0.96591 -0.09841 -0.23946
vt 0 0
v 0.70530 0.84629 0.69509
vn -0.80088 -0.58421 -0.13148
vt 1 0
v 0.70418 0.84747 0.69818
vn -0.83731 -0.54583 -0.03121
vt 1 1
f 7384/7384/7384 7385/7385/7385 7386/7386/7386
usemtl green_off
v 0.70418 0.84747 0.69818
vn -0.83726 -0.54592 -0.03113
vt 0 0
v 0.70530 0.84629 0.69509
vn -0.80082 -0.58432 -0.13138
vt 1 0
v 0.70598 0.84571 0.69561
vn -0.46479 -0.87593 0.12933
vt 1 1
f 7387/7387/7387 7388/7388/7388 7389/7389/7389
usemtl green_off
v 0.70418 0.84747 0.69818
vn -0.83726 -0.54592 -0.03113
vt 0 0
v 0.70598 0.84571 0.69561
vn -0.46479 -0.87593 0.12933
vt 1 0
v 0.70489 0.84686 0.69862
vn -0.48594 -0.85364 0.18752
vt 1 1
f 7390/7390/7390 7391/7391/7391 7392/7392/7392
usemtl green_off
v 0.70489 0.84686 0.69862
vn -0.48591 -0.85366 0.18751
vt 0 0
v 0.70598 0.84571 0.69561
vn -0.46477 -0.87593 0.12936
vt 1 0
v 0.70691 0.84559 0.69607
vn -0.00094 -0.93398 0.35733
vt 1 1
f 7393/7393/7393 7394/7394/7394 7395/7395/7395
usemtl green_off
v 0.70489 0.84686 0.69862
vn -0.48591 -0.85366 0.18751
vt 0 0
v 0.70691 0.84559 0.69607
vn -0.00094 -0.93398 0.35733
vt 1 0
v 0.70586 0.84670 0.69896
vn -0.00098 -0.93394 0.35743
vt 1 1
f 7396/7396/7396 7397/7397/7397 7398/7398/7398
usemtl green_off
v 0.70506 0.88641 0.67961
vn -0.92386 -0.13104 -0.35959
vt 0 0
v 0.70392 0.88761 0.68274
vn -0.96591 -0.08673 -0.24393
vt 1 0
v 0.70418 0.88856 0.68244
vn -0.83731 0.38535 -0.38783
vt 1 1
f 7399/7399/7399 7400/7400/7400 7401/7401/7401
usemtl green_off
v 0.70506 0.88641 0.67961
vn -0.92386 -0.13104 -0.35959
vt 0 0
v 0.70418 0.88856 0.68244
vn -0.83731 0.38535 -0.38783
vt 1 0
v 0.70530 0.88738 0.67935
vn -0.80088 0.34693 -0.48809
vt 1 1
f 7402/7402/7402 7403/7403/7403 7404/7404/7404
usemtl green_off
v 0.70530 0.88738 0.67935
vn -0.80081 0.34704 -0.48813
vt 0 0
v 0.70418 0.88856 0.68244
vn -0.83726 0.38543 -0.38788
vt 1 0
v 0.70489 0.88932 0.68236
vn -0.48595 0.76049 -0.43070
vt 1 1
f 7405/7405/7405 7406/7406/7406 7407/7407/7407
usemtl green_off
v 0.70530 0.88738 0.67935
vn -0.80081 0.34704 -0.48813
vt 0 0
v 0.70489 0.88932 0.68236
vn -0.48595 0.76049 -0.43070
vt 1 0
v 0.70598 0.88816 0.67935
vn -0.46480 0.73821 -0.48889
vt 1 1
f 7408/7408/7408 7409/7409/7409 7410/7410/7410
usemtl green_off
v 0.70598 0.88816 0.67935
vn -0.46477 0.73825 -0.48885
vt 0 0
v 0.70489 0.88932 0.68236
vn -0.48591 0.76052 -0.43070
vt 1 0
v 0.70586 0.88966 0.68251
vn -0.00097 0.93376 -0.35791
vt 1 1
f 7411/7411/7411 7412/7412/7412 7413/7413/7413
usemtl green_off
v 0.70598 0.88816 0.67935
vn -0.46477 0.73825 -0.48885
vt 0 0
v 0.70586 0.88966 0.68251
vn -0.00097 0.93376 -0.35791
vt 1 0
v 0.70691 0.88855 0.67961
vn -0.00093 0.93372 -0.35801
vt 1 1
f 7414/7414/7414 7415/7415/7415 7416/7416/7416
usemtl green_off
v 0.70506 0.84719 0.69464
vn -0.92388 -0.14268 -0.35509
vt 0 0
v 0.70662 0.84605 0.69168
vn -0.86601 -0.18464 -0.46469
vt 1 0
v 0.70685 0.84517 0.69216
vn -0.75075 -0.62057 -0.22644
vt 1 1
f 7417/7417/7417 7418/7418/7418 7419/7419/7419
usemtl green_off
v 0.70506 0.84719 0.69464
vn -0.92388 -0.14268 -0.35509
vt 0 0
v 0.70685 0.84517 0.69216
vn -0.75075 -0.62057 -0.22644
vt 1 0
v 0.70530 0.84629 0.69509
vn -0.80088 -0.58421 -0.13148
vt 1 1
f 7420/7420/7420 7421/7421/7421 7422/7422/7422
usemtl green_off
v 0.70530 0.84629 0.69509
vn -0.80080 -0.58434 -0.13140
vt 0 0
v 0.70685 0.84517 0.69216
vn -0.75067 -0.62070 -0.22635
vt 1 0
v 0.70749 0.84462 0.69277
vn -0.43567 -0.89704 0.07421
vt 1 1
f 7423/7423/7423 7424/7424/7424 7425/7425/7425
usemtl green_off
v 0.70530 0.84629 0.69509
vn -0.80080 -0.58434 -0.13140
vt 0 0
v 0.70749 0.84462 0.69277
vn -0.43567 -0.89704 0.07421
vt 1 0
v 0.70598 0.84571 0.69561
vn -0.46477 -0.87593 0.12932
vt 1 1
f 7426/7426/7426 7427/7427/7427 7428/7428/7428
usemtl green_off
v 0.70598 0.84571 0.69561
vn -0.46469 -0.87598 0.12932
vt 0 0
v 0.70749 0.84462 0.69277
vn -0.43562 -0.89707 0.07425
vt 1 0
v 0.70835 0.84454 0.69333
vn -0.00083 -0.93402 0.35721
vt 1 1
f 7429/7429/7429 7430/7430/7430 7431/7431/7431
usemtl green_off
v 0.70598 0.84571 0.69561
vn -0.46469 -0.87598 0.12932
vt 0 0
v 0.70835 0.84454 0.69333
vn -0.00083 -0.93402 0.35721
vt 1 0
v 0.70691 0.84559 0.69607
vn -0.00088 -0.93398 0.35731
vt 1 1
f 7432/7432/7432 7433/7433/7433 7434/7434/7434
usemtl green_off
v 0.70662 0.88528 0.67666
vn -0.86602 -0.17300 -0.46913
vt 0 0
v 0.70506 0.88641 0.67961
vn -0.92386 -0.13104 -0.35959
vt 1 0
v 0.70530 0.88738 0.67935
vn -0.80088 0.34693 -0.48809
vt 1 1
f 7435/7435/7435 7436/7436/7436 7437/7437/7437
usemtl green_off
v 0.70662 0.88528 0.67666
vn -0.86602 -0.17300 -0.46913
vt 0 0
v 0.70530 0.88738 0.67935
vn -0.80088 0.34693 -0.48809
vt 1 0
v 0.70685 0.88626 0.67642
vn -0.75074 0.31055 -0.58304
vt 1 1
f 7438/7438/7438 7439/7439/7439 7440/7440/7440
usemtl green_off
v 0.70685 0.88626 0.67642
vn -0.75065 0.31066 -0.58311
vt 0 0
v 0.70530 0.88738 0.67935
vn -0.80079 0.34703 -0.48816
vt 1 0
v 0.70598 0.88816 0.67935
vn -0.46478 0.73820 -0.48892
vt 1 1
f 7441/7441/7441 7442/7442/7442 7443/7443/7443
usemtl green_off
v 0.70685 0.88626 0.67642
vn -0.75065 0.31066 -0.58311
vt 0 0
v 0.70598 0.88816 0.67935
vn -0.46478 0.73820 -0.48892
vt 1 0
v 0.70749 0.88707 0.67650
vn -0.43567 0.71709 -0.54403
vt 1 1
f 7444/7444/7444 7445/7445/7445 7446/7446/7446
usemtl green_off
v 0.70749 0.88707 0.67650
vn -0.43568 0.71715 -0.54394
vt 0 0
v 0.70598 0.88816 0.67935
vn -0.46477 0.73824 -0.48887
vt 1 0
v 0.70691 0.88855 0.67961
vn -0.00093 0.93372 -0.35801
vt 1 1
f 7447/7447/7447 7448/7448/7448 7449/7449/7449
usemtl green_off
v 0.70749 0.88707 0.67650
vn -0.43568 0.71715 -0.54394
vt 0 0
v 0.70691 0.88855 0.67961
vn -0.00093 0.93372 -0.35801
vt 1 0
v 0.70835 0.88750 0.67688
vn -0.00088 0.93368 -0.35810
vt 1 1
f 7450/7450/7450 7451/7451/7451 7452/7452/7452
usemtl green_off
v 0.70662 0.84605 0.69168
vn -0.86601 -0.18464 -0.46469
vt 0 0
v 0.70858 0.84500 0.68894
vn -0.79334 -0.22355 -0.56624
vt 1 0
v 0.70879 0.84413 0.68945
vn -0.68775 -0.65430 -0.31448
vt 1 1
f 7453/7453/7453 7454/7454/7454 7455/7455/7455
usemtl green_off
v 0.70662 0.84605 0.69168
vn -0.86601 -0.18464 -0.46469
vt 0 0
v 0.70879 0.84413 0.68945
vn -0.68775 -0.65430 -0.31448
vt 1 0
v 0.70685 0.84517 0.69216
vn -0.75075 -0.62057 -0.22644
vt 1 1
f 7456/7456/7456 7457/7457/7457 7458/7458/7458
usemtl green_off
v 0.70685 0.84517 0.69216
vn -0.75065 -0.62070 -0.22639
vt 0 0
v 0.70879 0.84413 0.68945
vn -0.68767 -0.65440 -0.31442
vt 1 0
v 0.70937 0.84360 0.69012
vn -0.39911 -0.91661 0.02308
vt 1 1
f 7459/7459/7459 7460/7460/7460 7461/7461/7461
usemtl green_off
v 0.70685 0.84517 0.69216
vn -0.75065 -0.62070 -0.22639
vt 0 0
v 0.70937 0.84360 0.69012
vn -0.39911 -0.91661 0.02308
vt 1 0
v 0.70749 0.84462 0.69277
vn -0.43567 -0.89704 0.07417
vt 1 1
f 7462/7462/7462 7463/7463/7463 7464/7464/7464
usemtl green_off
v 0.70749 0.84462 0.69277
vn -0.43559 -0.89708 0.07424
vt 0 0
v 0.70937 0.84360 0.69012
vn -0.39905 -0.91664 0.02319
vt 1 0
v 0.71017 0.84357 0.69079
vn -0.00075 -0.93405 0.35714
vt 1 1
f 7465/7465/7465 7466/7466/7466 7467/7467/7467
usemtl green_off
v 0.70749 0.84462 0.69277
vn -0.43559 -0.89708 0.07424
vt 0 0
v 0.71017 0.84357 0.69079
vn -0.00075 -0.93405 0.35714
vt 1 0
v 0.70835 0.84454 0.69333
vn -0.00081 -0.93402 0.35723
vt 1 1
f 7468/7468/7468 7469/7469/7469 7470/7470/7470
usemtl green_off
v 0.70858 0.88423 0.67391
vn -0.79334 -0.21189 -0.57071
vt 0 0
v 0.70662 0.88528 0.67666
vn -0.86602 -0.17300 -0.46913
vt 1 0
v 0.70685 0.88626 0.67642
vn -0.75074 0.31055 -0.58304
vt 1 1
f 7471/7471/7471 7472/7472/7472 7473/7473/7473
usemtl green_off
v 0.70858 0.88423 0.67391
vn -0.79334 -0.21189 -0.57071
vt 0 0
v 0.70685 0.88626 0.67642
vn -0.75074 0.31055 -0.58304
vt 1 0
v 0.70879 0.88522 0.67371
vn -0.68773 0.27685 -0.67110
vt 1 1
f 7474/7474/7474 7475/7475/7475 7476/7476/7476
usemtl green_off
v 0.70879 0.88522 0.67371
vn -0.68764 0.27693 -0.67116
vt 0 0
v 0.70685 0.88626 0.67642
vn -0.75063 0.31065 -0.58314
vt 1 0
v 0.70749 0.88707 0.67650
vn -0.43567 0.71708 -0.54404
vt 1 1
f 7477/7477/7477 7478/7478/7478 7479/7479/7479
usemtl green_off
v 0.70879 0.88522 0.67371
vn -0.68764 0.27693 -0.67116
vt 0 0
v 0.70749 0.88707 0.67650
vn -0.43567 0.71708 -0.54404
vt 1 0
v 0.70937 0.88606 0.67386
vn -0.39910 0.69752 -0.59514
vt 1 1
f 7480/7480/7480 7481/7481/7481 7482/7482/7482
usemtl green_off
v 0.70937 0.88606 0.67386
vn -0.39906 0.69758 -0.59508
vt 0 0
v 0.70749 0.88707 0.67650
vn -0.43559 0.71714 -0.54403
vt 1 0
v 0.70835 0.88750 0.67688
vn -0.00081 0.93366 -0.35815
vt 1 1
f 7483/7483/7483 7484/7484/7484 7485/7485/7485
usemtl green_off
v 0.70937 0.88606 0.67386
vn -0.39906 0.69758 -0.59508
vt 0 0
v 0.70835 0.88750 0.67688
vn -0.00081 0.93366 -0.35815
vt 1 0
v 0.71017 0.88653 0.67434
vn -0.00074 0.93363 -0.35824
vt 1 1
f 7486/7486/7486 7487/7487/7487 7488/7488/7488
usemtl green_off
v 0.70858 0.84500 0.68894
vn -0.79334 -0.22355 -0.56624
vt 0 0
v 0.71091 0.84405 0.68646
vn -0.70709 -0.25874 -0.65809
vt 1 0
v 0.71110 0.84319 0.68699
vn -0.61295 -0.68483 -0.39409
vt 1 1
f 7489/7489/7489 7490/7490/7490 7491/7491/7491
usemtl green_off
v 0.70858 0.84500 0.68894
vn -0.79334 -0.22355 -0.56624
vt 0 0
v 0.71110 0.84319 0.68699
vn -0.61295 -0.68483 -0.39409
vt 1 0
v 0.70879 0.84413 0.68945
vn -0.68775 -0.65430 -0.31448
vt 1 1
f 7492/7492/7492 7493/7493/7493 7494/7494/7494
usemtl green_off
v 0.70879 0.84413 0.68945
vn -0.68768 -0.65440 -0.31441
vt 0 0
v 0.71110 0.84319 0.68699
vn -0.61294 -0.68488 -0.39401
vt 1 0
v 0.71162 0.84269 0.68774
vn -0.35575 -0.93430 -0.02311
vt 1 1
f 7495/7495/7495 7496/7496/7496 7497/7497/7497
usemtl green_off
v 0.70879 0.84413 0.68945
vn -0.68768 -0.65440 -0.31441
vt 0 0
v 0.71162 0.84269 0.68774
vn -0.35575 -0.93430 -0.02311
vt 1 0
v 0.70937 0.84360 0.69012
vn -0.39913 -0.91660 0.02309
vt 1 1
f 7498/7498/7498 7499/7499/7499 7500/7500/7500
usemtl green_off
v 0.70937 0.84360 0.69012
vn -0.39898 -0.91667 0.02317
vt 0 0
v 0.71162 0.84269 0.68774
vn -0.35562 -0.93435 -0.02300
vt 1 0
v 0.71233 0.84269 0.68849
vn -0.00061 -0.93408 0.35706
vt 1 1
f 7501/7501/7501 7502/7502/7502 7503/7503/7503
usemtl green_off
v 0.70937 0.84360 0.69012
vn -0.39898 -0.91667 0.02317
vt 0 0
v 0.71233 0.84269 0.68849
vn -0.00061 -0.93408 0.35706
vt 1 0
v 0.71017 0.84357 0.69079
vn -0.00069 -0.93405 0.35713
vt 1 1
f 7504/7504/7504 7505/7505/7505 7506/7506/7506
usemtl green_off
v 0.71091 0.88328 0.67143
vn -0.70709 -0.24706 -0.66256
vt 0 0
v 0.70858 0.88423 0.67391
vn -0.79334 -0.21189 -0.57071
vt 1 0
v 0.70879 0.88522 0.67371
vn -0.68773 0.27685 -0.67110
vt 1 1
f 7507/7507/7507 7508/7508/7508 7509/7509/7509
usemtl green_off
v 0.71091 0.88328 0.67143
vn -0.70709 -0.24706 -0.66256
vt 0 0
v 0.70879 0.88522 0.67371
vn -0.68773 0.27685 -0.67110
vt 1 0
v 0.71110 0.88428 0.67125
vn -0.61295 0.24637 -0.75073
vt 1 1
f 7510/7510/7510 7511/7511/7511 7512/7512/7512
usemtl green_off
v 0.71110 0.88428 0.67125
vn -0.61295 0.24642 -0.75071
vt 0 0
v 0.70879 0.88522 0.67371
vn -0.68771 0.27689 -0.67111
vt 1 0
v 0.70937 0.88606 0.67386
vn -0.39919 0.69750 -0.59510
vt 1 1
f 7513/7513/7513 7514/7514/7514 7515/7515/7515
usemtl green_off
v 0.71110 0.88428 0.67125
vn -0.61295 0.24642 -0.75071
vt 0 0
v 0.70937 0.88606 0.67386
vn -0.39919 0.69750 -0.59510
vt 1 0
v 0.71162 0.88515 0.67148
vn -0.35581 0.67980 -0.64130
vt 1 1
f 7516/7516/7516 7517/7517/7517 7518/7518/7518
usemtl green_off
v 0.71162 0.88515 0.67148
vn -0.35572 0.67988 -0.64127
vt 0 0
v 0.70937 0.88606 0.67386
vn -0.39908 0.69757 -0.59510
vt 1 0
v 0.71017 0.88653 0.67434
vn -0.00077 0.93363 -0.35824
vt 1 1
f 7519/7519/7519 7520/7520/7520 7521/7521/7521
usemtl green_off
v 0.71162 0.88515 0.67148
vn -0.35572 0.67988 -0.64127
vt 0 0
v 0.71017 0.88653 0.67434
vn -0.00077 0.93363 -0.35824
vt 1 0
v 0.71233 0.88565 0.67204
vn -0.00070 0.93360 -0.35832
vt 1 1
f 7522/7522/7522 7523/7523/7523 7524/7524/7524
usemtl green_off
v 0.71091 0.84405 0.68646
vn -0.70709 -0.25874 -0.65809
vt 0 0
v 0.71356 0.84322 0.68428
vn -0.60874 -0.28959 -0.73863
vt 1 0
v 0.71373 0.84236 0.68484
vn -0.52768 -0.71157 -0.46392
vt 1 1
f 7525/7525/7525 7526/7526/7526 7527/7527/7527
usemtl green_off
v 0.71091 0.84405 0.68646
vn -0.70709 -0.25874 -0.65809
vt 0 0
v 0.71373 0.84236 0.68484
vn -0.52768 -0.71157 -0.46392
vt 1 0
v 0.71110 0.84319 0.68699
vn -0.61295 -0.68483 -0.39409
vt 1 1
f 7528/7528/7528 7529/7529/7529 7530/7530/7530
usemtl green_off
v 0.71110 0.84319 0.68699
vn -0.61292 -0.68488 -0.39404
vt 0 0
v 0.71373 0.84236 0.68484
vn -0.52768 -0.71161 -0.46385
vt 1 0
v 0.71417 0.84189 0.68564
vn -0.30629 -0.94981 -0.06363
vt 1 1
f 7531/7531/7531 7532/7532/7532 7533/7533/7533
usemtl green_off
v 0.71110 0.84319 0.68699
vn -0.61292 -0.68488 -0.39404
vt 0 0
v 0.71417 0.84189 0.68564
vn -0.30629 -0.94981 -0.06363
vt 1 0
v 0.71162 0.84269 0.68774
vn -0.35574 -0.93430 -0.02315
vt 1 1
f 7534/7534/7534 7535/7535/7535 7536/7536/7536
usemtl green_off
v 0.71162 0.84269 0.68774
vn -0.35572 -0.93431 -0.02304
vt 0 0
v 0.71417 0.84189 0.68564
vn -0.30628 -0.94982 -0.06353
vt 1 0
v 0.71478 0.84192 0.68648
vn -0.00066 -0.93412 0.35697
vt 1 1
f 7537/7537/7537 7538/7538/7538 7539/7539/7539
usemtl green_off
v 0.71162 0.84269 0.68774
vn -0.35572 -0.93431 -0.02304
vt 0 0
v 0.71478 0.84192 0.68648
vn -0.00066 -0.93412 0.35697
vt 1 0
v 0.71233 0.84269 0.68849
vn -0.00074 -0.93409 0.35705
vt 1 1
f 7540/7540/7540 7541/7541/7541 7542/7542/7542
usemtl green_off
v 0.71356 0.88244 0.66926
vn -0.60876 -0.27791 -0.74309
vt 0 0
v 0.71091 0.88328 0.67143
vn -0.70709 -0.24706 -0.66256
vt 1 0
v 0.71110 0.88428 0.67125
vn -0.61295 0.24637 -0.75073
vt 1 1
f 7543/7543/7543 7544/7544/7544 7545/7545/7545
usemtl green_off
v 0.71356 0.88244 0.66926
vn -0.60876 -0.27791 -0.74309
vt 0 0
v 0.71110 0.88428 0.67125
vn -0.61295 0.24637 -0.75073
vt 1 0
v 0.71373 0.88345 0.66910
vn -0.52772 0.21963 -0.82053
vt 1 1
f 7546/7546/7546 7547/7547/7547 7548/7548/7548
usemtl green_off
v 0.71373 0.88345 0.66910
vn -0.52767 0.21969 -0.82055
vt 0 0
v 0.71110 0.88428 0.67125
vn -0.61291 0.24642 -0.75074
vt 1 0
v 0.71162 0.88515 0.67148
vn -0.35576 0.67981 -0.64132
vt 1 1
f 7549/7549/7549 7550/7550/7550 7551/7551/7551
usemtl green_off
v 0.71373 0.88345 0.66910
vn -0.52767 0.21969 -0.82055
vt 0 0
v 0.71162 0.88515 0.67148
vn -0.35576 0.67981 -0.64132
vt 1 0
v 0.71417 0.88434 0.66938
vn -0.30629 0.66429 -0.68184
vt 1 1
f 7552/7552/7552 7553/7553/7553 7554/7554/7554
usemtl green_off
v 0.71417 0.88434 0.66938
vn -0.30626 0.66437 -0.68177
vt 0 0
v 0.71162 0.88515 0.67148
vn -0.35570 0.67988 -0.64129
vt 1 0
v 0.71233 0.88565 0.67204
vn -0.00069 0.93360 -0.35832
vt 1 1
f 7555/7555/7555 7556/7556/7556 7557/7557/7557
usemtl green_off
v 0.71417 0.88434 0.66938
vn -0.30626 0.66437 -0.68177
vt 0 0
v 0.71233 0.88565 0.67204
vn -0.00069 0.93360 -0.35832
vt 1 0
v 0.71478 0.88488 0.67003
vn -0.00060 0.93357 -0.35839
vt 1 1
f 7558/7558/7558 7559/7559/7559 7560/7560/7560
usemtl green_off
v 0.71356 0.84322 0.68428
vn -0.60874 -0.28959 -0.73863
vt 0 0
v 0.71650 0.84252 0.68245
vn -0.49998 -0.31557 -0.80649
vt 1 0
v 0.71663 0.84167 0.68302
vn -0.43343 -0.73408 -0.52275
vt 1 1
f 7561/7561/7561 7562/7562/7562 7563/7563/7563
usemtl green_off
v 0.71356 0.84322 0.68428
vn -0.60874 -0.28959 -0.73863
vt 0 0
v 0.71663 0.84167 0.68302
vn -0.43343 -0.73408 -0.52275
vt 1 0
v 0.71373 0.84236 0.68484
vn -0.52768 -0.71157 -0.46392
vt 1 1
f 7564/7564/7564 7565/7565/7565 7566/7566/7566
usemtl green_off
v 0.71373 0.84236 0.68484
vn -0.52763 -0.71164 -0.46388
vt 0 0
v 0.71663 0.84167 0.68302
vn -0.43337 -0.73415 -0.52270
vt 1 0
v 0.71700 0.84121 0.68388
vn -0.25150 -0.96290 -0.09782
vt 1 1
f 7567/7567/7567 7568/7568/7568 7569/7569/7569
usemtl green_off
v 0.71373 0.84236 0.68484
vn -0.52763 -0.71164 -0.46388
vt 0 0
v 0.71700 0.84121 0.68388
vn -0.25150 -0.96290 -0.09782
vt 1 0
v 0.71417 0.84189 0.68564
vn -0.30622 -0.94983 -0.06368
vt 1 1
f 7570/7570/7570 7571/7571/7571 7572/7572/7572
usemtl green_off
v 0.71417 0.84189 0.68564
vn -0.30624 -0.94983 -0.06354
vt 0 0
v 0.71700 0.84121 0.68388
vn -0.25156 -0.96290 -0.09765
vt 1 0
v 0.71750 0.84127 0.68479
vn -0.00054 -0.93414 0.35691
vt 1 1
f 7573/7573/7573 7574/7574/7574 7575/7575/7575
usemtl green_off
v 0.71417 0.84189 0.68564
vn -0.30624 -0.94983 -0.06354
vt 0 0
v 0.71750 0.84127 0.68479
vn -0.00054 -0.93414 0.35691
vt 1 0
v 0.71478 0.84192 0.68648
vn -0.00063 -0.93411 0.35697
vt 1 1
f 7576/7576/7576 7577/7577/7577 7578/7578/7578
usemtl green_off
v 0.71650 0.88174 0.66743
vn -0.50000 -0.30390 -0.81095
vt 0 0
v 0.71356 0.88244 0.66926
vn -0.60876 -0.27791 -0.74309
vt 1 0
v 0.71373 0.88345 0.66910
vn -0.52772 0.21963 -0.82053
vt 1 1
f 7579/7579/7579 7580/7580/7580 7581/7581/7581
usemtl green_off
v 0.71650 0.88174 0.66743
vn -0.50000 -0.30390 -0.81095
vt 0 0
v 0.71373 0.88345 0.66910
vn -0.52772 0.21963 -0.82053
vt 1 0
v 0.71663 0.88276 0.66729
vn -0.43345 0.19709 -0.87936
vt 1 1
f 7582/7582/7582 7583/7583/7583 7584/7584/7584
usemtl green_off
v 0.71663 0.88276 0.66729
vn -0.43339 0.19715 -0.87938
vt 0 0
v 0.71373 0.88345 0.66910
vn -0.52766 0.21967 -0.82056
vt 1 0
v 0.71417 0.88434 0.66938
vn -0.30628 0.66428 -0.68186
vt 1 1
f 7585/7585/7585 7586/7586/7586 7587/7587/7587
usemtl green_off
v 0.71663 0.88276 0.66729
vn -0.43339 0.19715 -0.87938
vt 0 0
v 0.71417 0.88434 0.66938
vn -0.30628 0.66428 -0.68186
vt 1 0
v 0.71700 0.88367 0.66762
vn -0.25156 0.65120 -0.71599
vt 1 1
f 7588/7588/7588 7589/7589/7589 7590/7590/7590
usemtl green_off
v 0.71700 0.88367 0.66762
vn -0.25153 0.65128 -0.71594
vt 0 0
v 0.71417 0.88434 0.66938
vn -0.30621 0.66435 -0.68182
vt 1 0
v 0.71478 0.88488 0.67003
vn -0.00058 0.93356 -0.35842
vt 1 1
f 7591/7591/7591 7592/7592/7592 7593/7593/7593
usemtl green_off
v 0.71700 0.88367 0.66762
vn -0.25153 0.65128 -0.71594
vt 0 0
v 0.71478 0.88488 0.67003
vn -0.00058 0.93356 -0.35842
vt 1 0
v 0.71750 0.88423 0.66833
vn -0.00048 0.93354 -0.35848
vt 1 1
f 7594/7594/7594 7595/7595/7595 7596/7596/7596
usemtl green_off
v 0.71650 0.84252 0.68245
vn -0.49998 -0.31557 -0.80649
vt 0 0
v 0.71967 0.84196 0.68099
vn -0.38267 -0.33626 -0.86052
vt 1 0
v 0.71977 0.84112 0.68158
vn -0.33172 -0.75202 -0.56958
vt 1 1
f 7597/7597/7597 7598/7598/7598 7599/7599/7599
usemtl green_off
v 0.71650 0.84252 0.68245
vn -0.49998 -0.31557 -0.80649
vt 0 0
v 0.71977 0.84112 0.68158
vn -0.33172 -0.75202 -0.56958
vt 1 0
v 0.71663 0.84167 0.68302
vn -0.43343 -0.73408 -0.52275
vt 1 1
f 7600/7600/7600 7601/7601/7601 7602/7602/7602
usemtl green_off
v 0.71663 0.84167 0.68302
vn -0.43343 -0.73414 -0.52267
vt 0 0
v 0.71977 0.84112 0.68158
vn -0.33175 -0.75207 -0.56950
vt 1 0
v 0.72005 0.84067 0.68247
vn -0.19255 -0.97330 -0.12497
vt 1 1
f 7603/7603/7603 7604/7604/7604 7605/7605/7605
usemtl green_off
v 0.71663 0.84167 0.68302
vn -0.43343 -0.73414 -0.52267
vt 0 0
v 0.72005 0.84067 0.68247
vn -0.19255 -0.97330 -0.12497
vt 1 0
v 0.71700 0.84121 0.68388
vn -0.25157 -0.96289 -0.09779
vt 1 1
f 7606/7606/7606 7607/7607/7607 7608/7608/7608
usemtl green_off
v 0.71700 0.84121 0.68388
vn -0.25148 -0.96292 -0.09771
vt 0 0
v 0.72005 0.84067 0.68247
vn -0.19250 -0.97332 -0.12487
vt 1 0
v 0.72043 0.84076 0.68343
vn -0.00038 -0.93417 0.35683
vt 1 1
f 7609/7609/7609 7610/7610/7610 7611/7611/7611
usemtl green_off
v 0.71700 0.84121 0.68388
vn -0.25148 -0.96292 -0.09771
vt 0 0
v 0.72043 0.84076 0.68343
vn -0.00038 -0.93417 0.35683
vt 1 0
v 0.71750 0.84127 0.68479
vn -0.00048 -0.93415 0.35687
vt 1 1
f 7612/7612/7612 7613/7613/7613 7614/7614/7614
usemtl green_off
v 0.71967 0.88118 0.66597
vn -0.38269 -0.32461 -0.86497
vt 0 0
v 0.71650 0.88174 0.66743
vn -0.50000 -0.30390 -0.81095
vt 1 0
v 0.71663 0.88276 0.66729
vn -0.43345 0.19709 -0.87936
vt 1 1
f 7615/7615/7615 7616/7616/7616 7617/7617/7617
usemtl green_off
v 0.71967 0.88118 0.66597
vn -0.38269 -0.32461 -0.86497
vt 0 0
v 0.71663 0.88276 0.66729
vn -0.43345 0.19709 -0.87936
vt 1 0
v 0.71977 0.88221 0.66584
vn -0.33176 0.17913 -0.92620
vt 1 1
f 7618/7618/7618 7619/7619/7619 7620/7620/7620
usemtl green_off
v 0.71977 0.88221 0.66584
vn -0.33172 0.17922 -0.92620
vt 0 0
v 0.71663 0.88276 0.66729
vn -0.43340 0.19714 -0.87937
vt 1 0
v 0.71700 0.88367 0.66762
vn -0.25158 0.65121 -0.71599
vt 1 1
f 7621/7621/7621 7622/7622/7622 7623/7623/7623
usemtl green_off
v 0.71977 0.88221 0.66584
vn -0.33172 0.17922 -0.92620
vt 0 0
v 0.71700 0.88367 0.66762
vn -0.25158 0.65121 -0.71599
vt 1 0
v 0.72005 0.88313 0.66621
vn -0.19256 0.64079 -0.74317
vt 1 1
f 7624/7624/7624 7625/7625/7625 7626/7626/7626
usemtl green_off
v 0.72005 0.88313 0.66621
vn -0.19255 0.64090 -0.74308
vt 0 0
v 0.71700 0.88367 0.66762
vn -0.25152 0.65130 -0.71592
vt 1 0
v 0.71750 0.88423 0.66833
vn -0.00049 0.93355 -0.35844
vt 1 1
f 7627/7627/7627 7628/7628/7628 7629/7629/7629
usemtl green_off
v 0.72005 0.88313 0.66621
vn -0.19255 0.64090 -0.74308
vt 0 0
v 0.71750 0.88423 0.66833
vn -0.00049 0.93355 -0.35844
vt 1 0
v 0.72043 0.88371 0.66698
vn -0.00039 0.93353 -0.35849
vt 1 1
f 7630/7630/7630 7631/7631/7631 7632/7632/7632
usemtl green_off
v 0.71967 0.84196 0.68099
vn -0.38267 -0.33626 -0.86052
vt 0 0
v 0.72301 0.84155 0.67993
vn -0.25880 -0.35130 -0.89978
vt 1 0
v 0.72308 0.84071 0.68053
vn -0.22434 -0.76506 -0.60362
vt 1 1
f 7633/7633/7633 7634/7634/7634 7635/7635/7635
usemtl green_off
v 0.71967 0.84196 0.68099
vn -0.38267 -0.33626 -0.86052
vt 0 0
v 0.72308 0.84071 0.68053
vn -0.22434 -0.76506 -0.60362
vt 1 0
v 0.71977 0.84112 0.68158
vn -0.33172 -0.75202 -0.56958
vt 1 1
f 7636/7636/7636 7637/7637/7637 7638/7638/7638
usemtl green_off
v 0.71977 0.84112 0.68158
vn -0.33173 -0.75208 -0.56950
vt 0 0
v 0.72308 0.84071 0.68053
vn -0.22437 -0.76512 -0.60353
vt 1 0
v 0.72327 0.84028 0.68145
vn -0.13023 -0.98087 -0.14472
vt 1 1
f 7639/7639/7639 7640/7640/7640 7641/7641/7641
usemtl green_off
v 0.71977 0.84112 0.68158
vn -0.33173 -0.75208 -0.56950
vt 0 0
v 0.72327 0.84028 0.68145
vn -0.13023 -0.98087 -0.14472
vt 1 0
v 0.72005 0.84067 0.68247
vn -0.19253 -0.97330 -0.12497
vt 1 1
f 7642/7642/7642 7643/7643/7643 7644/7644/7644
usemtl green_off
v 0.72005 0.84067 0.68247
vn -0.19245 -0.97333 -0.12487
vt 0 0
v 0.72327 0.84028 0.68145
vn -0.13019 -0.98088 -0.14462
vt 1 0
v 0.72353 0.84038 0.68245
vn -0.00025 -0.93419 0.35679
vt 1 1
f 7645/7645/7645 7646/7646/7646 7647/7647/7647
usemtl green_off
v 0.72005 0.84067 0.68247
vn -0.19245 -0.97333 -0.12487
vt 0 0
v 0.72353 0.84038 0.68245
vn -0.00025 -0.93419 0.35679
vt 1 0
v 0.72043 0.84076 0.68343
vn -0.00036 -0.93417 0.35683
vt 1 1
f 7648/7648/7648 7649/7649/7649 7650/7650/7650
usemtl green_off
v 0.72301 0.88078 0.66491
vn -0.25883 -0.33964 -0.90424
vt 0 0
v 0.71967 0.88118 0.66597
vn -0.38269 -0.32461 -0.86497
vt 1 0
v 0.71977 0.88221 0.66584
vn -0.33176 0.17913 -0.92620
vt 1 1
f 7651/7651/7651 7652/7652/7652 7653/7653/7653
usemtl green_off
v 0.72301 0.88078 0.66491
vn -0.25883 -0.33964 -0.90424
vt 0 0
v 0.71977 0.88221 0.66584
vn -0.33176 0.17913 -0.92620
vt 1 0
v 0.72308 0.88180 0.66479
vn -0.22438 0.16611 -0.96024
vt 1 1
f 7654/7654/7654 7655/7655/7655 7656/7656/7656
usemtl green_off
v 0.72308 0.88180 0.66479
vn -0.22431 0.16620 -0.96024
vt 0 0
v 0.71977 0.88221 0.66584
vn -0.33167 0.17923 -0.92621
vt 1 0
v 0.72005 0.88313 0.66621
vn -0.19251 0.64081 -0.74317
vt 1 1
f 7657/7657/7657 7658/7658/7658 7659/7659/7659
usemtl green_off
v 0.72308 0.88180 0.66479
vn -0.22431 0.16620 -0.96024
vt 0 0
v 0.72005 0.88313 0.66621
vn -0.19251 0.64081 -0.74317
vt 1 0
v 0.72327 0.88274 0.66519
vn -0.13020 0.63325 -0.76292
vt 1 1
f 7660/7660/7660 7661/7661/7661 7662/7662/7662
usemtl green_off
v 0.72327 0.88274 0.66519
vn -0.13022 0.63331 -0.76286
vt 0 0
v 0.72005 0.88313 0.66621
vn -0.19248 0.64087 -0.74312
vt 1 0
v 0.72043 0.88371 0.66698
vn -0.00036 0.93352 -0.35852
vt 1 1
f 7663/7663/7663 7664/7664/7664 7665/7665/7665
usemtl green_off
v 0.72327 0.88274 0.66519
vn -0.13022 0.63331 -0.76286
vt 0 0
v 0.72043 0.88371 0.66698
vn -0.00036 0.93352 -0.35852
vt 1 0
v 0.72353 0.88334 0.66600
vn -0.00024 0.93351 -0.35856
vt 1 1
f 7666/7666/7666 7667/7667/7667 7668/7668/7668
usemtl green_off
v 0.72301 0.84155 0.67993
vn -0.25880 -0.35130 -0.89978
vt 0 0
v 0.72648 0.84131 0.67929
vn -0.13051 -0.36043 -0.92361
vt 1 0
v 0.72651 0.84047 0.67989
vn -0.11312 -0.77297 -0.62428
vt 1 1
f 7669/7669/7669 7670/7670/7670 7671/7671/7671
usemtl green_off
v 0.72301 0.84155 0.67993
vn -0.25880 -0.35130 -0.89978
vt 0 0
v 0.72651 0.84047 0.67989
vn -0.11312 -0.77297 -0.62428
vt 1 0
v 0.72308 0.84071 0.68053
vn -0.22434 -0.76506 -0.60362
vt 1 1
f 7672/7672/7672 7673/7673/7673 7674/7674/7674
usemtl green_off
v 0.72308 0.84071 0.68053
vn -0.22434 -0.76512 -0.60354
vt 0 0
v 0.72651 0.84047 0.67989
vn -0.11315 -0.77303 -0.62420
vt 1 0
v 0.72661 0.84005 0.68083
vn -0.06566 -0.98546 -0.15671
vt 1 1
f 7675/7675/7675 7676/7676/7676 7677/7677/7677
usemtl green_off
v 0.72308 0.84071 0.68053
vn -0.22434 -0.76512 -0.60354
vt 0 0
v 0.72661 0.84005 0.68083
vn -0.06566 -0.98546 -0.15671
vt 1 0
v 0.72327 0.84028 0.68145
vn -0.13020 -0.98087 -0.14473
vt 1 1
f 7678/7678/7678 7679/7679/7679 7680/7680/7680
usemtl green_off
v 0.72327 0.84028 0.68145
vn -0.13018 -0.98089 -0.14461
vt 0 0
v 0.72661 0.84005 0.68083
vn -0.06569 -0.98548 -0.15658
vt 1 0
v 0.72674 0.84015 0.68186
vn -0.00015 -0.93419 0.35678
vt 1 1
f 7681/7681/7681 7682/7682/7682 7683/7683/7683
usemtl green_off
v 0.72327 0.84028 0.68145
vn -0.13018 -0.98089 -0.14461
vt 0 0
v 0.72674 0.84015 0.68186
vn -0.00015 -0.93419 0.35678
vt 1 0
v 0.72353 0.84038 0.68245
vn -0.00027 -0.93418 0.35680
vt 1 1
f 7684/7684/7684 7685/7685/7685 7686/7686/7686
usemtl green_off
v 0.72648 0.88053 0.66426
vn -0.13053 -0.34876 -0.92808
vt 0 0
v 0.72301 0.88078 0.66491
vn -0.25883 -0.33964 -0.90424
vt 1 0
v 0.72308 0.88180 0.66479
vn -0.22438 0.16611 -0.96024
vt 1 1
f 7687/7687/7687 7688/7688/7688 7689/7689/7689
usemtl green_off
v 0.72648 0.88053 0.66426
vn -0.13053 -0.34876 -0.92808
vt 0 0
v 0.72308 0.88180 0.66479
vn -0.22438 0.16611 -0.96024
vt 1 0
v 0.72651 0.88156 0.66416
vn -0.11317 0.15821 -0.98090
vt 1 1
f 7690/7690/7690 7691/7691/7691 7692/7692/7692
usemtl green_off
v 0.72651 0.88156 0.66416
vn -0.11312 0.15827 -0.98089
vt 0 0
v 0.72308 0.88180 0.66479
vn -0.22431 0.16618 -0.96024
vt 1 0
v 0.72327 0.88274 0.66519
vn -0.13021 0.63323 -0.76293
vt 1 1
f 7693/7693/7693 7694/7694/7694 7695/7695/7695
usemtl green_off
v 0.72651 0.88156 0.66416
vn -0.11312 0.15827 -0.98089
vt 0 0
v 0.72327 0.88274 0.66519
vn -0.13021 0.63323 -0.76293
vt 1 0
v 0.72661 0.88250 0.66457
vn -0.06567 0.62864 -0.77492
vt 1 1
f 7696/7696/7696 7697/7697/7697 7698/7698/7698
usemtl green_off
v 0.72661 0.88250 0.66457
vn -0.06571 0.62872 -0.77485
vt 0 0
v 0.72327 0.88274 0.66519
vn -0.13021 0.63330 -0.76287
vt 1 0
v 0.72353 0.88334 0.66600
vn -0.00026 0.93351 -0.35856
vt 1 1
f 7699/7699/7699 7700/7700/7700 7701/7701/7701
usemtl green_off
v 0.72661 0.88250 0.66457
vn -0.06571 0.62872 -0.77485
vt 0 0
v 0.72353 0.88334 0.66600
vn -0.00026 0.93351 -0.35856
vt 1 0
v 0.72674 0.88311 0.66540
vn -0.00015 0.93350 -0.35859
vt 1 1
f 7702/7702/7702 7703/7703/7703 7704/7704/7704
usemtl green_off
v 0.72648 0.84131 0.67929
vn -0.13051 -0.36043 -0.92361
vt 0 0
v 0.73000 0.84123 0.67907
vn 0.00001 -0.36348 -0.93160
vt 1 0
v 0.73000 0.84039 0.67968
vn 0.00001 -0.77562 -0.63120
vt 1 1
f 7705/7705/7705 7706/7706/7706 7707/7707/7707
usemtl green_off
v 0.72648 0.84131 0.67929
vn -0.13051 -0.36043 -0.92361
vt 0 0
v 0.73000 0.84039 0.67968
vn 0.00001 -0.77562 -0.63120
vt 1 0
v 0.72651 0.84047 0.67989
vn -0.11312 -0.77297 -0.62428
vt 1 1
f 7708/7708/7708 7709/7709/7709 7710/7710/7710
usemtl green_off
v 0.72651 0.84047 0.67989
vn -0.11314 -0.77301 -0.62422
vt 0 0
v 0.73000 0.84039 0.67968
vn -0.00002 -0.77567 -0.63114
vt 1 0
v 0.73000 0.83997 0.68063
vn 0.00000 -0.98699 -0.16076
vt 1 1
f 7711/7711/7711 7712/7712/7712 7713/7713/7713
usemtl green_off
v 0.72651 0.84047 0.67989
vn -0.11314 -0.77301 -0.62422
vt 0 0
v 0.73000 0.83997 0.68063
vn 0.00000 -0.98699 -0.16076
vt 1 0
v 0.72661 0.84005 0.68083
vn -0.06566 -0.98545 -0.15674
vt 1 1
f 7714/7714/7714 7715/7715/7715 7716/7716/7716
usemtl green_off
v 0.72661 0.84005 0.68083
vn -0.06563 -0.98548 -0.15658
vt 0 0
v 0.73000 0.83997 0.68063
vn -0.00001 -0.98702 -0.16060
vt 1 0
v 0.73000 0.84007 0.68166
vn -0.00001 -0.93419 0.35678
vt 1 1
f 7717/7717/7717 7718/7718/7718 7719/7719/7719
usemtl green_off
v 0.72661 0.84005 0.68083
vn -0.06563 -0.98548 -0.15658
vt 0 0
v 0.73000 0.84007 0.68166
vn -0.00001 -0.93419 0.35678
vt 1 0
v 0.72674 0.84015 0.68186
vn -0.00013 -0.93418 0.35679
vt 1 1
f 7720/7720/7720 7721/7721/7721 7722/7722/7722
usemtl green_off
v 0.73000 0.88045 0.66405
vn -0.00001 -0.35182 -0.93607
vt 0 0
v 0.72648 0.88053 0.66426
vn -0.13053 -0.34876 -0.92808
vt 1 0
v 0.72651 0.88156 0.66416
vn -0.11317 0.15821 -0.98090
vt 1 1
f 7723/7723/7723 7724/7724/7724 7725/7725/7725
usemtl green_off
v 0.73000 0.88045 0.66405
vn -0.00001 -0.35182 -0.93607
vt 0 0
v 0.72651 0.88156 0.66416
vn -0.11317 0.15821 -0.98090
vt 1 0
v 0.73000 0.88148 0.66394
vn -0.00001 0.15555 -0.98783
vt 1 1
f 7726/7726/7726 7727/7727/7727 7728/7728/7728
usemtl green_off
v 0.73000 0.88148 0.66394
vn 0.00001 0.15564 -0.98781
vt 0 0
v 0.72651 0.88156 0.66416
vn -0.11312 0.15829 -0.98089
vt 1 0
v 0.72661 0.88250 0.66457
vn -0.06567 0.62865 -0.77491
vt 1 1
f 7729/7729/7729 7730/7730/7730 7731/7731/7731
usemtl green_off
v 0.73000 0.88148 0.66394
vn 0.00001 0.15564 -0.98781
vt 0 0
v 0.72661 0.88250 0.66457
vn -0.06567 0.62865 -0.77491
vt 1 0
v 0.73000 0.88242 0.66437
vn -0.00001 0.62711 -0.77893
vt 1 1
f 7732/7732/7732 7733/7733/7733 7734/7734/7734
usemtl green_off
v 0.73000 0.88242 0.66437
vn -0.00003 0.62719 -0.77887
vt 0 0
v 0.72661 0.88250 0.66457
vn -0.06565 0.62872 -0.77485
vt 1 0
v 0.72674 0.88311 0.66540
vn -0.00011 0.93350 -0.35857
vt 1 1
f 7735/7735/7735 7736/7736/7736 7737/7737/7737
usemtl green_off
v 0.73000 0.88242 0.66437
vn -0.00003 0.62719 -0.77887
vt 0 0
v 0.72674 0.88311 0.66540
vn -0.00011 0.93350 -0.35857
vt 1 0
v 0.73000 0.88303 0.66521
vn 0.00000 0.93350 -0.35858
vt 1 1
f 7738/7738/7738 7739/7739/7739 7740/7740/7740
usemtl green_off
v 0.73000 0.84123 0.67907
vn 0.00001 -0.36348 -0.93160
vt 0 0
v 0.73352 0.84131 0.67929
vn 0.13053 -0.36042 -0.92361
vt 1 0
v 0.73349 0.84047 0.67989
vn 0.11316 -0.77296 -0.62428
vt 1 1
f 7741/7741/7741 7742/7742/7742 7743/7743/7743
usemtl green_off
v 0.73000 0.84123 0.67907
vn 0.00001 -0.36348 -0.93160
vt 0 0
v 0.73349 0.84047 0.67989
vn 0.11316 -0.77296 -0.62428
vt 1 0
v 0.73000 0.84039 0.67968
vn 0.00001 -0.77562 -0.63120
vt 1 1
f 7744/7744/7744 7745/7745/7745 7746/7746/7746
usemtl green_off
v 0.73000 0.84039 0.67968
vn -0.00001 -0.77567 -0.63114
vt 0 0
v 0.73349 0.84047 0.67989
vn 0.11311 -0.77301 -0.62422
vt 1 0
v 0.73339 0.84005 0.68083
vn 0.06567 -0.98545 -0.15674
vt 1 1
f 7747/7747/7747 7748/7748/7748 7749/7749/7749
usemtl green_off
v 0.73000 0.84039 0.67968
vn -0.00001 -0.77567 -0.63114
vt 0 0
v 0.73339 0.84005 0.68083
vn 0.06567 -0.98545 -0.15674
vt 1 0
v 0.73000 0.83997 0.68063
vn 0.00001 -0.98699 -0.16075
vt 1 1
f 7750/7750/7750 7751/7751/7751 7752/7752/7752
usemtl green_off
v 0.73000 0.83997 0.68063
vn 0.00002 -0.98702 -0.16060
vt 0 0
v 0.73339 0.84005 0.68083
vn 0.06564 -0.98548 -0.15658
vt 1 0
v 0.73326 0.84015 0.68186
vn 0.00010 -0.93419 0.35679
vt 1 1
f 7753/7753/7753 7754/7754/7754 7755/7755/7755
usemtl green_off
v 0.73000 0.83997 0.68063
vn 0.00002 -0.98702 -0.16060
vt 0 0
v 0.73326 0.84015 0.68186
vn 0.00010 -0.93419 0.35679
vt 1 0
v 0.73000 0.84007 0.68166
vn -0.00001 -0.93419 0.35678
vt 1 1
f 7756/7756/7756 7757/7757/7757 7758/7758/7758
usemtl green_off
v 0.73352 0.88053 0.66426
vn 0.13052 -0.34876 -0.92808
vt 0 0
v 0.73000 0.88045 0.66405
vn -0.00001 -0.35182 -0.93607
vt 1 0
v 0.73000 0.88148 0.66394
vn -0.00001 0.15555 -0.98783
vt 1 1
f 7759/7759/7759 7760/7760/7760 7761/7761/7761
usemtl green_off
v 0.73352 0.88053 0.66426
vn 0.13052 -0.34876 -0.92808
vt 0 0
v 0.73000 0.88148 0.66394
vn -0.00001 0.15555 -0.98783
vt 1 0
v 0.73349 0.88156 0.66416
vn 0.11314 0.15820 -0.98090
vt 1 1
f 7762/7762/7762 7763/7763/7763 7764/7764/7764
usemtl green_off
v 0.73349 0.88156 0.66416
vn 0.11314 0.15829 -0.98089
vt 0 0
v 0.73000 0.88148 0.66394
vn 0.00001 0.15563 -0.98782
vt 1 0
v 0.73000 0.88242 0.66437
vn -0.00001 0.62711 -0.77893
vt 1 1
f 7765/7765/7765 7766/7766/7766 7767/7767/7767
usemtl green_off
v 0.73349 0.88156 0.66416
vn 0.11314 0.15829 -0.98089
vt 0 0
v 0.73000 0.88242 0.66437
vn -0.00001 0.62711 -0.77893
vt 1 0
v 0.73339 0.88250 0.66457
vn 0.06565 0.62865 -0.77491
vt 1 1
f 7768/7768/7768 7769/7769/7769 7770/7770/7770
usemtl green_off
v 0.73339 0.88250 0.66457
vn 0.06564 0.62872 -0.77486
vt 0 0
v 0.73000 0.88242 0.66437
vn 0.00002 0.62718 -0.77887
vt 1 0
v 0.73000 0.88303 0.66521
vn 0.00002 0.93350 -0.35858
vt 1 1
f 7771/7771/7771 7772/7772/7772 7773/7773/7773
usemtl green_off
v 0.73339 0.88250 0.66457
vn 0.06564 0.62872 -0.77486
vt 0 0
v 0.73000 0.88303 0.66521
vn 0.00002 0.93350 -0.35858
vt 1 0
v 0.73326 0.88311 0.66540
vn 0.00013 0.93350 -0.35858
vt 1 1
f 7774/7774/7774 7775/7775/7775 7776/7776/7776
usemtl green_off
v 0.73352 0.84131 0.67929
vn 0.13053 -0.36042 -0.92361
vt 0 0
v 0.73699 0.84155 0.67993
vn 0.25885 -0.35130 -0.89977
vt 1 0
v 0.73692 0.84071 0.68053
vn 0.22438 -0.76506 -0.60360
vt 1 1
f 7777/7777/7777 7778/7778/7778 7779/7779/7779
usemtl green_off
v 0.73352 0.84131 0.67929
vn 0.13053 -0.36042 -0.92361
vt 0 0
v 0.73692 0.84071 0.68053
vn 0.22438 -0.76506 -0.60360
vt 1 0
v 0.73349 0.84047 0.67989
vn 0.11316 -0.77296 -0.62428
vt 1 1
f 7780/7780/7780 7781/7781/7781 7782/7782/7782
usemtl green_off
v 0.73349 0.84047 0.67989
vn 0.11311 -0.77304 -0.62419
vt 0 0
v 0.73692 0.84071 0.68053
vn 0.22430 -0.76513 -0.60355
vt 1 0
v 0.73673 0.84028 0.68145
vn 0.13020 -0.98087 -0.14472
vt 1 1
f 7783/7783/7783 7784/7784/7784 7785/7785/7785
usemtl green_off
v 0.73349 0.84047 0.67989
vn 0.11311 -0.77304 -0.62419
vt 0 0
v 0.73673 0.84028 0.68145
vn 0.13020 -0.98087 -0.14472
vt 1 0
v 0.73339 0.84005 0.68083
vn 0.06566 -0.98546 -0.15670
vt 1 1
f 7786/7786/7786 7787/7787/7787 7788/7788/7788
usemtl green_off
v 0.73339 0.84005 0.68083
vn 0.06570 -0.98548 -0.15658
vt 0 0
v 0.73673 0.84028 0.68145
vn 0.13019 -0.98089 -0.14461
vt 1 0
v 0.73647 0.84038 0.68245
vn 0.00024 -0.93418 0.35680
vt 1 1
f 7789/7789/7789 7790/7790/7790 7791/7791/7791
usemtl green_off
v 0.73339 0.84005 0.68083
vn 0.06570 -0.98548 -0.15658
vt 0 0
v 0.73647 0.84038 0.68245
vn 0.00024 -0.93418 0.35680
vt 1 0
v 0.73326 0.84015 0.68186
vn 0.00013 -0.93419 0.35678
vt 1 1
f 7792/7792/7792 7793/7793/7793 7794/7794/7794
usemtl green_off
v 0.73699 0.88078 0.66491
vn 0.25881 -0.33963 -0.90425
vt 0 0
v 0.73352 0.88053 0.66426
vn 0.13052 -0.34876 -0.92808
vt 1 0
v 0.73349 0.88156 0.66416
vn 0.11314 0.15820 -0.98090
vt 1 1
f 7795/7795/7795 7796/7796/7796 7797/7797/7797
usemtl green_off
v 0.73699 0.88078 0.66491
vn 0.25881 -0.33963 -0.90425
vt 0 0
v 0.73349 0.88156 0.66416
vn 0.11314 0.15820 -0.98090
vt 1 0
v 0.73692 0.88180 0.66479
vn 0.22435 0.16611 -0.96025
vt 1 1
f 7798/7798/7798 7799/7799/7799 7800/7800/7800
usemtl green_off
v 0.73692 0.88180 0.66479
vn 0.22434 0.16617 -0.96024
vt 0 0
v 0.73349 0.88156 0.66416
vn 0.11315 0.15826 -0.98089
vt 1 0
v 0.73339 0.88250 0.66457
vn 0.06567 0.62863 -0.77493
vt 1 1
f 7801/7801/7801 7802/7802/7802 7803/7803/7803
usemtl green_off
v 0.73692 0.88180 0.66479
vn 0.22434 0.16617 -0.96024
vt 0 0
v 0.73339 0.88250 0.66457
vn 0.06567 0.62863 -0.77493
vt 1 0
v 0.73673 0.88274 0.66519
vn 0.13020 0.63322 -0.76294
vt 1 1
f 7804/7804/7804 7805/7805/7805 7806/7806/7806
usemtl green_off
v 0.73673 0.88274 0.66519
vn 0.13018 0.63331 -0.76287
vt 0 0
v 0.73339 0.88250 0.66457
vn 0.06569 0.62872 -0.77485
vt 1 0
v 0.73326 0.88311 0.66540
vn 0.00015 0.93350 -0.35857
vt 1 1
f 7807/7807/7807 7808/7808/7808 7809/7809/7809
usemtl green_off
v 0.73673 0.88274 0.66519
vn 0.13018 0.63331 -0.76287
vt 0 0
v 0.73326 0.88311 0.66540
vn 0.00015 0.93350 -0.35857
vt 1 0
v 0.73647 0.88334 0.66600
vn 0.00027 0.93351 -0.35855
vt 1 1
f 7810/7810/7810 7811/7811/7811 7812/7812/7812
usemtl green_off
v 0.73699 0.84155 0.67993
vn 0.25885 -0.35130 -0.89977
vt 0 0
v 0.74033 0.84196 0.68099
vn 0.38270 -0.33626 -0.86051
vt 1 0
v 0.74023 0.84112 0.68158
vn 0.33176 -0.75201 -0.56957
vt 1 1
f 7813/7813/7813 7814/7814/7814 7815/7815/7815
usemtl green_off
v 0.73699 0.84155 0.67993
vn 0.25885 -0.35130 -0.89977
vt 0 0
v 0.74023 0.84112 0.68158
vn 0.33176 -0.75201 -0.56957
vt 1 0
v 0.73692 0.84071 0.68053
vn 0.22438 -0.76506 -0.60360
vt 1 1
f 7816/7816/7816 7817/7817/7817 7818/7818/7818
usemtl green_off
v 0.73692 0.84071 0.68053
vn 0.22436 -0.76512 -0.60354
vt 0 0
v 0.74023 0.84112 0.68158
vn 0.33172 -0.75207 -0.56952
vt 1 0
v 0.73995 0.84067 0.68247
vn 0.19256 -0.97330 -0.12497
vt 1 1
f 7819/7819/7819 7820/7820/7820 7821/7821/7821
usemtl green_off
v 0.73692 0.84071 0.68053
vn 0.22436 -0.76512 -0.60354
vt 0 0
v 0.73995 0.84067 0.68247
vn 0.19256 -0.97330 -0.12497
vt 1 0
v 0.73673 0.84028 0.68145
vn 0.13025 -0.98086 -0.14472
vt 1 1
f 7822/7822/7822 7823/7823/7823 7824/7824/7824
usemtl green_off
v 0.73673 0.84028 0.68145
vn 0.13020 -0.98088 -0.14462
vt 0 0
v 0.73995 0.84067 0.68247
vn 0.19246 -0.97333 -0.12487
vt 1 0
v 0.73957 0.84076 0.68343
vn 0.00034 -0.93417 0.35682
vt 1 1
f 7825/7825/7825 7826/7826/7826 7827/7827/7827
usemtl green_off
v 0.73673 0.84028 0.68145
vn 0.13020 -0.98088 -0.14462
vt 0 0
v 0.73957 0.84076 0.68343
vn 0.00034 -0.93417 0.35682
vt 1 0
v 0.73647 0.84038 0.68245
vn 0.00023 -0.93419 0.35678
vt 1 1
f 7828/7828/7828 7829/7829/7829 7830/7830/7830
usemtl green_off
v 0.74033 0.88118 0.66597
vn 0.38268 -0.32460 -0.86498
vt 0 0
v 0.73699 0.88078 0.66491
vn 0.25881 -0.33963 -0.90425
vt 1 0
v 0.73692 0.88180 0.66479
vn 0.22435 0.16611 -0.96025
vt 1 1
f 7831/7831/7831 7832/7832/7832 7833/7833/7833
usemtl green_off
v 0.74033 0.88118 0.66597
vn 0.38268 -0.32460 -0.86498
vt 0 0
v 0.73692 0.88180 0.66479
vn 0.22435 0.16611 -0.96025
vt 1 0
v 0.74023 0.88221 0.66584
vn 0.33173 0.17913 -0.92621
vt 1 1
f 7834/7834/7834 7835/7835/7835 7836/7836/7836
usemtl green_off
v 0.74023 0.88221 0.66584
vn 0.33169 0.17924 -0.92620
vt 0 0
v 0.73692 0.88180 0.66479
vn 0.22434 0.16620 -0.96023
vt 1 0
v 0.73673 0.88274 0.66519
vn 0.13019 0.63324 -0.76292
vt 1 1
f 7837/7837/7837 7838/7838/7838 7839/7839/7839
usemtl green_off
v 0.74023 0.88221 0.66584
vn 0.33169 0.17924 -0.92620
vt 0 0
v 0.73673 0.88274 0.66519
vn 0.13019 0.63324 -0.76292
vt 1 0
v 0.73995 0.88313 0.66621
vn 0.19250 0.64081 -0.74318
vt 1 1
f 7840/7840/7840 7841/7841/7841 7842/7842/7842
usemtl green_off
v 0.73995 0.88313 0.66621
vn 0.19247 0.64087 -0.74313
vt 0 0
v 0.73673 0.88274 0.66519
vn 0.13021 0.63331 -0.76287
vt 1 0
v 0.73647 0.88334 0.66600
vn 0.00027 0.93351 -0.35855
vt 1 1
f 7843/7843/7843 7844/7844/7844 7845/7845/7845
usemtl green_off
v 0.73995 0.88313 0.66621
vn 0.19247 0.64087 -0.74313
vt 0 0
v 0.73647 0.88334 0.66600
vn 0.00027 0.93351 -0.35855
vt 1 0
v 0.73957 0.88371 0.66698
vn 0.00038 0.93352 -0.35852
vt 1 1
f 7846/7846/7846 7847/7847/7847 7848/7848/7848
usemtl green_off
v 0.74033 0.84196 0.68099
vn 0.38270 -0.33626 -0.86051
vt 0 0
v 0.74350 0.84252 0.68245
vn 0.50001 -0.31557 -0.80648
vt 1 0
v 0.74337 0.84167 0.68302
vn 0.43346 -0.73407 -0.52273
vt 1 1
f 7849/7849/7849 7850/7850/7850 7851/7851/7851
usemtl green_off
v 0.74033 0.84196 0.68099
vn 0.38270 -0.33626 -0.86051
vt 0 0
v 0.74337 0.84167 0.68302
vn 0.43346 -0.73407 -0.52273
vt 1 0
v 0.74023 0.84112 0.68158
vn 0.33176 -0.75201 -0.56957
vt 1 1
f 7852/7852/7852 7853/7853/7853 7854/7854/7854
usemtl green_off
v 0.74023 0.84112 0.68158
vn 0.33173 -0.75209 -0.56949
vt 0 0
v 0.74337 0.84167 0.68302
vn 0.43341 -0.73415 -0.52268
vt 1 0
v 0.74300 0.84121 0.68388
vn 0.25158 -0.96289 -0.09777
vt 1 1
f 7855/7855/7855 7856/7856/7856 7857/7857/7857
usemtl green_off
v 0.74023 0.84112 0.68158
vn 0.33173 -0.75209 -0.56949
vt 0 0
v 0.74300 0.84121 0.68388
vn 0.25158 -0.96289 -0.09777
vt 1 0
v 0.73995 0.84067 0.68247
vn 0.19256 -0.97330 -0.12495
vt 1 1
f 7858/7858/7858 7859/7859/7859 7860/7860/7860
usemtl green_off
v 0.73995 0.84067 0.68247
vn 0.19255 -0.97331 -0.12486
vt 0 0
v 0.74300 0.84121 0.68388
vn 0.25152 -0.96291 -0.09771
vt 1 0
v 0.74250 0.84127 0.68479
vn 0.00049 -0.93416 0.35686
vt 1 1
f 7861/7861/7861 7862/7862/7862 7863/7863/7863
usemtl green_off
v 0.73995 0.84067 0.68247
vn 0.19255 -0.97331 -0.12486
vt 0 0
v 0.74250 0.84127 0.68479
vn 0.00049 -0.93416 0.35686
vt 1 0
v 0.73957 0.84076 0.68343
vn 0.00039 -0.93417 0.35682
vt 1 1
f 7864/7864/7864 7865/7865/7865 7866/7866/7866
usemtl green_off
v 0.74350 0.88174 0.66743
vn 0.49999 -0.30391 -0.81095
vt 0 0
v 0.74033 0.88118 0.66597
vn 0.38268 -0.32460 -0.86498
vt 1 0
v 0.74023 0.88221 0.66584
vn 0.33173 0.17913 -0.92621
vt 1 1
f 7867/7867/7867 7868/7868/7868 7869/7869/7869
usemtl green_off
v 0.74350 0.88174 0.66743
vn 0.49999 -0.30391 -0.81095
vt 0 0
v 0.74023 0.88221 0.66584
vn 0.33173 0.17913 -0.92621
vt 1 0
v 0.74337 0.88276 0.66729
vn 0.43343 0.19707 -0.87938
vt 1 1
f 7870/7870/7870 7871/7871/7871 7872/7872/7872
usemtl green_off
v 0.74337 0.88276 0.66729
vn 0.43343 0.19717 -0.87936
vt 0 0
v 0.74023 0.88221 0.66584
vn 0.33175 0.17923 -0.92618
vt 1 0
v 0.73995 0.88313 0.66621
vn 0.19255 0.64080 -0.74317
vt 1 1
f 7873/7873/7873 7874/7874/7874 7875/7875/7875
usemtl green_off
v 0.74337 0.88276 0.66729
vn 0.43343 0.19717 -0.87936
vt 0 0
v 0.73995 0.88313 0.66621
vn 0.19255 0.64080 -0.74317
vt 1 0
v 0.74300 0.88367 0.66762
vn 0.25156 0.65122 -0.71598
vt 1 1
f 7876/7876/7876 7877/7877/7877 7878/7878/7878
usemtl green_off
v 0.74300 0.88367 0.66762
vn 0.25151 0.65129 -0.71593
vt 0 0
v 0.73995 0.88313 0.66621
vn 0.19253 0.64090 -0.74309
vt 1 0
v 0.73957 0.88371 0.66698
vn 0.00041 0.93354 -0.35848
vt 1 1
f 7879/7879/7879 7880/7880/7880 7881/7881/7881
usemtl green_off
v 0.74300 0.88367 0.66762
vn 0.25151 0.65129 -0.71593
vt 0 0
v 0.73957 0.88371 0.66698
vn 0.00041 0.93354 -0.35848
vt 1 0
v 0.74250 0.88423 0.66833
vn 0.00051 0.93356 -0.35843
vt 1 1
f 7882/7882/7882 7883/7883/7883 7884/7884/7884
usemtl green_off
v 0.74350 0.84252 0.68245
vn 0.50001 -0.31557 -0.80648
vt 0 0
v 0.74644 0.84322 0.68428
vn 0.60876 -0.28959 -0.73862
vt 1 0
v 0.74627 0.84236 0.68484
vn 0.52771 -0.71157 -0.46389
vt 1 1
f 7885/7885/7885 7886/7886/7886 7887/7887/7887
usemtl green_off
v 0.74350 0.84252 0.68245
vn 0.50001 -0.31557 -0.80648
vt 0 0
v 0.74627 0.84236 0.68484
vn 0.52771 -0.71157 -0.46389
vt 1 0
v 0.74337 0.84167 0.68302
vn 0.43346 -0.73407 -0.52273
vt 1 1
f 7888/7888/7888 7889/7889/7889 7890/7890/7890
usemtl green_off
v 0.74337 0.84167 0.68302
vn 0.43337 -0.73416 -0.52269
vt 0 0
v 0.74627 0.84236 0.68484
vn 0.52763 -0.71163 -0.46387
vt 1 0
v 0.74583 0.84189 0.68564
vn 0.30625 -0.94982 -0.06366
vt 1 1
f 7891/7891/7891 7892/7892/7892 7893/7893/7893
usemtl green_off
v 0.74337 0.84167 0.68302
vn 0.43337 -0.73416 -0.52269
vt 0 0
v 0.74583 0.84189 0.68564
vn 0.30625 -0.94982 -0.06366
vt 1 0
v 0.74300 0.84121 0.68388
vn 0.25153 -0.96290 -0.09779
vt 1 1
f 7894/7894/7894 7895/7895/7895 7896/7896/7896
usemtl green_off
v 0.74300 0.84121 0.68388
vn 0.25154 -0.96291 -0.09766
vt 0 0
v 0.74583 0.84189 0.68564
vn 0.30621 -0.94984 -0.06355
vt 1 0
v 0.74522 0.84192 0.68648
vn 0.00058 -0.93412 0.35695
vt 1 1
f 7897/7897/7897 7898/7898/7898 7899/7899/7899
usemtl green_off
v 0.74300 0.84121 0.68388
vn 0.25154 -0.96291 -0.09766
vt 0 0
v 0.74522 0.84192 0.68648
vn 0.00058 -0.93412 0.35695
vt 1 0
v 0.74250 0.84127 0.68479
vn 0.00048 -0.93415 0.35689
vt 1 1
f 7900/7900/7900 7901/7901/7901 7902/7902/7902
usemtl green_off
v 0.74644 0.88244 0.66926
vn 0.60874 -0.27791 -0.74310
vt 0 0
v 0.74350 0.88174 0.66743
vn 0.49999 -0.30391 -0.81095
vt 1 0
v 0.74337 0.88276 0.66729
vn 0.43343 0.19707 -0.87938
vt 1 1
f 7903/7903/7903 7904/7904/7904 7905/7905/7905
usemtl green_off
v 0.74644 0.88244 0.66926
vn 0.60874 -0.27791 -0.74310
vt 0 0
v 0.74337 0.88276 0.66729
vn 0.43343 0.19707 -0.87938
vt 1 0
v 0.74627 0.88345 0.66910
vn 0.52768 0.21962 -0.82056
vt 1 1
f 7906/7906/7906 7907/7907/7907 7908/7908/7908
usemtl green_off
v 0.74627 0.88345 0.66910
vn 0.52769 0.21970 -0.82054
vt 0 0
v 0.74337 0.88276 0.66729
vn 0.43342 0.19716 -0.87936
vt 1 0
v 0.74300 0.88367 0.66762
vn 0.25156 0.65121 -0.71599
vt 1 1
f 7909/7909/7909 7910/7910/7910 7911/7911/7911
usemtl green_off
v 0.74627 0.88345 0.66910
vn 0.52769 0.21970 -0.82054
vt 0 0
v 0.74300 0.88367 0.66762
vn 0.25156 0.65121 -0.71599
vt 1 0
v 0.74583 0.88434 0.66938
vn 0.30627 0.66429 -0.68185
vt 1 1
f 7912/7912/7912 7913/7913/7913 7914/7914/7914
usemtl green_off
v 0.74583 0.88434 0.66938
vn 0.30617 0.66437 -0.68181
vt 0 0
v 0.74300 0.88367 0.66762
vn 0.25150 0.65130 -0.71593
vt 1 0
v 0.74250 0.88423 0.66833
vn 0.00047 0.93355 -0.35844
vt 1 1
f 7915/7915/7915 7916/7916/7916 7917/7917/7917
usemtl green_off
v 0.74583 0.88434 0.66938
vn 0.30617 0.66437 -0.68181
vt 0 0
v 0.74250 0.88423 0.66833
vn 0.00047 0.93355 -0.35844
vt 1 0
v 0.74522 0.88488 0.67003
vn 0.00057 0.93358 -0.35838
vt 1 1
f 7918/7918/7918 7919/7919/7919 7920/7920/7920
usemtl green_off
v 0.74644 0.84322 0.68428
vn 0.60876 -0.28959 -0.73862
vt 0 0
v 0.74909 0.84405 0.68646
vn 0.70710 -0.25874 -0.65807
vt 1 0
v 0.74890 0.84319 0.68699
vn 0.61296 -0.68482 -0.39408
vt 1 1
f 7921/7921/7921 7922/7922/7922 7923/7923/7923
usemtl green_off
v 0.74644 0.84322 0.68428
vn 0.60876 -0.28959 -0.73862
vt 0 0
v 0.74890 0.84319 0.68699
vn 0.61296 -0.68482 -0.39408
vt 1 0
v 0.74627 0.84236 0.68484
vn 0.52771 -0.71157 -0.46389
vt 1 1
f 7924/7924/7924 7925/7925/7925 7926/7926/7926
usemtl green_off
v 0.74627 0.84236 0.68484
vn 0.52766 -0.71163 -0.46385
vt 0 0
v 0.74890 0.84319 0.68699
vn 0.61290 -0.68490 -0.39405
vt 1 0
v 0.74838 0.84269 0.68774
vn 0.35574 -0.93430 -0.02312
vt 1 1
f 7927/7927/7927 7928/7928/7928 7929/7929/7929
usemtl green_off
v 0.74627 0.84236 0.68484
vn 0.52766 -0.71163 -0.46385
vt 0 0
v 0.74838 0.84269 0.68774
vn 0.35574 -0.93430 -0.02312
vt 1 0
v 0.74583 0.84189 0.68564
vn 0.30626 -0.94982 -0.06363
vt 1 1
f 7930/7930/7930 7931/7931/7931 7932/7932/7932
usemtl green_off
v 0.74583 0.84189 0.68564
vn 0.30629 -0.94982 -0.06354
vt 0 0
v 0.74838 0.84269 0.68774
vn 0.35573 -0.93431 -0.02305
vt 1 0
v 0.74767 0.84269 0.68849
vn 0.00072 -0.93410 0.35701
vt 1 1
f 7933/7933/7933 7934/7934/7934 7935/7935/7935
usemtl green_off
v 0.74583 0.84189 0.68564
vn 0.30629 -0.94982 -0.06354
vt 0 0
v 0.74767 0.84269 0.68849
vn 0.00072 -0.93410 0.35701
vt 1 0
v 0.74522 0.84192 0.68648
vn 0.00064 -0.93413 0.35694
vt 1 1
f 7936/7936/7936 7937/7937/7937 7938/7938/7938
usemtl green_off
v 0.74909 0.88328 0.67143
vn 0.70709 -0.24706 -0.66256
vt 0 0
v 0.74644 0.88244 0.66926
vn 0.60874 -0.27791 -0.74310
vt 1 0
v 0.74627 0.88345 0.66910
vn 0.52768 0.21962 -0.82056
vt 1 1
f 7939/7939/7939 7940/7940/7940 7941/7941/7941
usemtl green_off
v 0.74909 0.88328 0.67143
vn 0.70709 -0.24706 -0.66256
vt 0 0
v 0.74627 0.88345 0.66910
vn 0.52768 0.21962 -0.82056
vt 1 0
v 0.74890 0.88428 0.67125
vn 0.61293 0.24636 -0.75075
vt 1 1
f 7942/7942/7942 7943/7943/7943 7944/7944/7944
usemtl green_off
v 0.74890 0.88428 0.67125
vn 0.61292 0.24642 -0.75074
vt 0 0
v 0.74627 0.88345 0.66910
vn 0.52769 0.21967 -0.82054
vt 1 0
v 0.74583 0.88434 0.66938
vn 0.30630 0.66428 -0.68184
vt 1 1
f 7945/7945/7945 7946/7946/7946 7947/7947/7947
usemtl green_off
v 0.74890 0.88428 0.67125
vn 0.61292 0.24642 -0.75074
vt 0 0
v 0.74583 0.88434 0.66938
vn 0.30630 0.66428 -0.68184
vt 1 0
v 0.74838 0.88515 0.67148
vn 0.35575 0.67979 -0.64135
vt 1 1
f 7948/7948/7948 7949/7949/7949 7950/7950/7950
usemtl green_off
v 0.74838 0.88515 0.67148
vn 0.35566 0.67989 -0.64129
vt 0 0
v 0.74583 0.88434 0.66938
vn 0.30622 0.66438 -0.68178
vt 1 0
v 0.74522 0.88488 0.67003
vn 0.00059 0.93358 -0.35836
vt 1 1
f 7951/7951/7951 7952/7952/7952 7953/7953/7953
usemtl green_off
v 0.74838 0.88515 0.67148
vn 0.35566 0.67989 -0.64129
vt 0 0
v 0.74522 0.88488 0.67003
vn 0.00059 0.93358 -0.35836
vt 1 0
v 0.74767 0.88565 0.67204
vn 0.00068 0.93361 -0.35830
vt 1 1
f 7954/7954/7954 7955/7955/7955 7956/7956/7956
usemtl green_off
v 0.74909 0.84405 0.68646
vn 0.70710 -0.25874 -0.65807
vt 0 0
v 0.75142 0.84500 0.68894
vn 0.79335 -0.22354 -0.56623
vt 1 0
v 0.75121 0.84413 0.68945
vn 0.68775 -0.65430 -0.31447
vt 1 1
f 7957/7957/7957 7958/7958/7958 7959/7959/7959
usemtl green_off
v 0.74909 0.84405 0.68646
vn 0.70710 -0.25874 -0.65807
vt 0 0
v 0.75121 0.84413 0.68945
vn 0.68775 -0.65430 -0.31447
vt 1 0
v 0.74890 0.84319 0.68699
vn 0.61296 -0.68482 -0.39408
vt 1 1
f 7960/7960/7960 7961/7961/7961 7962/7962/7962
usemtl green_off
v 0.74890 0.84319 0.68699
vn 0.61292 -0.68491 -0.39399
vt 0 0
v 0.75121 0.84413 0.68945
vn 0.68767 -0.65442 -0.31440
vt 1 0
v 0.75063 0.84360 0.69012
vn 0.39913 -0.91660 0.02313
vt 1 1
f 7963/7963/7963 7964/7964/7964 7965/7965/7965
usemtl green_off
v 0.74890 0.84319 0.68699
vn 0.61292 -0.68491 -0.39399
vt 0 0
v 0.75063 0.84360 0.69012
vn 0.39913 -0.91660 0.02313
vt 1 0
v 0.74838 0.84269 0.68774
vn 0.35575 -0.93430 -0.02307
vt 1 1
f 7966/7966/7966 7967/7967/7967 7968/7968/7968
usemtl green_off
v 0.74838 0.84269 0.68774
vn 0.35566 -0.93433 -0.02300
vt 0 0
v 0.75063 0.84360 0.69012
vn 0.39901 -0.91665 0.02317
vt 1 0
v 0.74983 0.84357 0.69079
vn 0.00071 -0.93406 0.35711
vt 1 1
f 7969/7969/7969 7970/7970/7970 7971/7971/7971
usemtl green_off
v 0.74838 0.84269 0.68774
vn 0.35566 -0.93433 -0.02300
vt 0 0
v 0.74983 0.84357 0.69079
vn 0.00071 -0.93406 0.35711
vt 1 0
v 0.74767 0.84269 0.68849
vn 0.00063 -0.93409 0.35704
vt 1 1
f 7972/7972/7972 7973/7973/7973 7974/7974/7974
usemtl green_off
v 0.75142 0.88423 0.67391
vn 0.79334 -0.21190 -0.57071
vt 0 0
v 0.74909 0.88328 0.67143
vn 0.70709 -0.24706 -0.66256
vt 1 0
v 0.74890 0.88428 0.67125
vn 0.61293 0.24636 -0.75075
vt 1 1
f 7975/7975/7975 7976/7976/7976 7977/7977/7977
usemtl green_off
v 0.75142 0.88423 0.67391
vn 0.79334 -0.21190 -0.57071
vt 0 0
v 0.74890 0.88428 0.67125
vn 0.61293 0.24636 -0.75075
vt 1 0
v 0.75121 0.88522 0.67371
vn 0.68773 0.27683 -0.67111
vt 1 1
f 7978/7978/7978 7979/7979/7979 7980/7980/7980
usemtl green_off
v 0.75121 0.88522 0.67371
vn 0.68768 0.27693 -0.67113
vt 0 0
v 0.74890 0.88428 0.67125
vn 0.61293 0.24644 -0.75072
vt 1 0
v 0.74838 0.88515 0.67148
vn 0.35573 0.67982 -0.64133
vt 1 1
f 7981/7981/7981 7982/7982/7982 7983/7983/7983
usemtl green_off
v 0.75121 0.88522 0.67371
vn 0.68768 0.27693 -0.67113
vt 0 0
v 0.74838 0.88515 0.67148
vn 0.35573 0.67982 -0.64133
vt 1 0
v 0.75063 0.88606 0.67386
vn 0.39912 0.69751 -0.59514
vt 1 1
f 7984/7984/7984 7985/7985/7985 7986/7986/7986
usemtl green_off
v 0.75063 0.88606 0.67386
vn 0.39907 0.69758 -0.59508
vt 0 0
v 0.74838 0.88515 0.67148
vn 0.35572 0.67991 -0.64124
vt 1 0
v 0.74767 0.88565 0.67204
vn 0.00072 0.93362 -0.35827
vt 1 1
f 7987/7987/7987 7988/7988/7988 7989/7989/7989
usemtl green_off
v 0.75063 0.88606 0.67386
vn 0.39907 0.69758 -0.59508
vt 0 0
v 0.74767 0.88565 0.67204
vn 0.00072 0.93362 -0.35827
vt 1 0
v 0.74983 0.88653 0.67434
vn 0.00079 0.93365 -0.35818
vt 1 1
f 7990/7990/7990 7991/7991/7991 7992/7992/7992
usemtl green_off
v 0.75142 0.84500 0.68894
vn 0.79335 -0.22354 -0.56623
vt 0 0
v 0.75338 0.84605 0.69168
vn 0.86603 -0.18463 -0.46465
vt 1 0
v 0.75315 0.84517 0.69216
vn 0.75075 -0.62057 -0.22642
vt 1 1
f 7993/7993/7993 7994/7994/7994 7995/7995/7995
usemtl green_off
v 0.75142 0.84500 0.68894
vn 0.79335 -0.22354 -0.56623
vt 0 0
v 0.75315 0.84517 0.69216
vn 0.75075 -0.62057 -0.22642
vt 1 0
v 0.75121 0.84413 0.68945
vn 0.68775 -0.65430 -0.31447
vt 1 1
f 7996/7996/7996 7997/7997/7997 7998/7998/7998
usemtl green_off
v 0.75121 0.84413 0.68945
vn 0.68766 -0.65441 -0.31444
vt 0 0
v 0.75315 0.84517 0.69216
vn 0.75064 -0.62070 -0.22641
vt 1 0
v 0.75251 0.84462 0.69277
vn 0.43568 -0.89704 0.07418
vt 1 1
f 7999/7999/7999 8000/8000/8000 8001/8001/8001
usemtl green_off
v 0.75121 0.84413 0.68945
vn 0.68766 -0.65441 -0.31444
vt 0 0
v 0.75251 0.84462 0.69277
vn 0.43568 -0.89704 0.07418
vt 1 0
v 0.75063 0.84360 0.69012
vn 0.39912 -0.91661 0.02309
vt 1 1
f 8002/8002/8002 8003/8003/8003 8004/8004/8004
usemtl green_off
v 0.75063 0.84360 0.69012
vn 0.39906 -0.91663 0.02318
vt 0 0
v 0.75251 0.84462 0.69277
vn 0.43559 -0.89708 0.07424
vt 1 0
v 0.75165 0.84454 0.69333
vn 0.00081 -0.93403 0.35720
vt 1 1
f 8005/8005/8005 8006/8006/8006 8007/8007/8007
usemtl green_off
v 0.75063 0.84360 0.69012
vn 0.39906 -0.91663 0.02318
vt 0 0
v 0.75165 0.84454 0.69333
vn 0.00081 -0.93403 0.35720
vt 1 0
v 0.74983 0.84357 0.69079
vn 0.00074 -0.93406 0.35711
vt 1 1
f 8008/8008/8008 8009/8009/8009 8010/8010/8010
usemtl green_off
v 0.75338 0.88528 0.67666
vn 0.86601 -0.17300 -0.46914
vt 0 0
v 0.75142 0.88423 0.67391
vn 0.79334 -0.21190 -0.57071
vt 1 0
v 0.75121 0.88522 0.67371
vn 0.68773 0.27683 -0.67111
vt 1 1
f 8011/8011/8011 8012/8012/8012 8013/8013/8013
usemtl green_off
v 0.75338 0.88528 0.67666
vn 0.86601 -0.17300 -0.46914
vt 0 0
v 0.75121 0.88522 0.67371
vn 0.68773 0.27683 -0.67111
vt 1 0
v 0.75315 0.88626 0.67642
vn 0.75073 0.31055 -0.58306
vt 1 1
f 8014/8014/8014 8015/8015/8015 8016/8016/8016
usemtl green_off
v 0.75315 0.88626 0.67642
vn 0.75064 0.31067 -0.58312
vt 0 0
v 0.75121 0.88522 0.67371
vn 0.68766 0.27694 -0.67114
vt 1 0
v 0.75063 0.88606 0.67386
vn 0.39909 0.69752 -0.59514
vt 1 1
f 8017/8017/8017 8018/8018/8018 8019/8019/8019
usemtl green_off
v 0.75315 0.88626 0.67642
vn 0.75064 0.31067 -0.58312
vt 0 0
v 0.75063 0.88606 0.67386
vn 0.39909 0.69752 -0.59514
vt 1 0
v 0.75251 0.88707 0.67650
vn 0.43566 0.71709 -0.54405
vt 1 1
f 8020/8020/8020 8021/8021/8021 8022/8022/8022
usemtl green_off
v 0.75251 0.88707 0.67650
vn 0.43565 0.71712 -0.54401
vt 0 0
v 0.75063 0.88606 0.67386
vn 0.39911 0.69757 -0.59507
vt 1 0
v 0.74983 0.88653 0.67434
vn 0.00082 0.93364 -0.35820
vt 1 1
f 8023/8023/8023 8024/8024/8024 8025/8025/8025
usemtl green_off
v 0.75251 0.88707 0.67650
vn 0.43565 0.71712 -0.54401
vt 0 0
v 0.74983 0.88653 0.67434
vn 0.00082 0.93364 -0.35820
vt 1 0
v 0.75165 0.88750 0.67688
vn 0.00088 0.93368 -0.35811
vt 1 1
f 8026/8026/8026 8027/8027/8027 8028/8028/8028
usemtl green_off
v 0.75338 0.84605 0.69168
vn 0.86603 -0.18463 -0.46465
vt 0 0
v 0.75494 0.84719 0.69464
vn 0.92388 -0.14269 -0.35509
vt 1 0
v 0.75470 0.84629 0.69509
vn 0.80089 -0.58421 -0.13143
vt 1 1
f 8029/8029/8029 8030/8030/8030 8031/8031/8031
usemtl green_off
v 0.75338 0.84605 0.69168
vn 0.86603 -0.18463 -0.46465
vt 0 0
v 0.75470 0.84629 0.69509
vn 0.80089 -0.58421 -0.13143
vt 1 0
v 0.75315 0.84517 0.69216
vn 0.75075 -0.62057 -0.22642
vt 1 1
f 8032/8032/8032 8033/8033/8033 8034/8034/8034
usemtl green_off
v 0.75315 0.84517 0.69216
vn 0.75068 -0.62067 -0.22638
vt 0 0
v 0.75470 0.84629 0.69509
vn 0.80083 -0.58429 -0.13144
vt 1 0
v 0.75402 0.84571 0.69561
vn 0.46483 -0.87591 0.12931
vt 1 1
f 8035/8035/8035 8036/8036/8036 8037/8037/8037
usemtl green_off
v 0.75315 0.84517 0.69216
vn 0.75068 -0.62067 -0.22638
vt 0 0
v 0.75402 0.84571 0.69561
vn 0.46483 -0.87591 0.12931
vt 1 0
v 0.75251 0.84462 0.69277
vn 0.43572 -0.89702 0.07420
vt 1 1
f 8038/8038/8038 8039/8039/8039 8040/8040/8040
usemtl green_off
v 0.75251 0.84462 0.69277
vn 0.43562 -0.89706 0.07428
vt 0 0
v 0.75402 0.84571 0.69561
vn 0.46470 -0.87597 0.12935
vt 1 0
v 0.75309 0.84559 0.69607
vn 0.00086 -0.93399 0.35731
vt 1 1
f 8041/8041/8041 8042/8042/8042 8043/8043/8043
usemtl green_off
v 0.75251 0.84462 0.69277
vn 0.43562 -0.89706 0.07428
vt 0 0
v 0.75309 0.84559 0.69607
vn 0.00086 -0.93399 0.35731
vt 1 0
v 0.75165 0.84454 0.69333
vn 0.00082 -0.93402 0.35721
vt 1 1
f 8044/8044/8044 8045/8045/8045 8046/8046/8046
usemtl green_off
v 0.75494 0.88641 0.67961
vn 0.92386 -0.13104 -0.35960
vt 0 0
v 0.75338 0.88528 0.67666
vn 0.86601 -0.17300 -0.46914
vt 1 0
v 0.75315 0.88626 0.67642
vn 0.75073 0.31055 -0.58306
vt 1 1
f 8047/8047/8047 8048/8048/8048 8049/8049/8049
usemtl green_off
v 0.75494 0.88641 0.67961
vn 0.92386 -0.13104 -0.35960
vt 0 0
v 0.75315 0.88626 0.67642
vn 0.75073 0.31055 -0.58306
vt 1 0
v 0.75470 0.88738 0.67935
vn 0.80087 0.34693 -0.48811
vt 1 1
f 8050/8050/8050 8051/8051/8051 8052/8052/8052
usemtl green_off
v 0.75470 0.88738 0.67935
vn 0.80081 0.34704 -0.48813
vt 0 0
v 0.75315 0.88626 0.67642
vn 0.75067 0.31067 -0.58308
vt 1 0
v 0.75251 0.88707 0.67650
vn 0.43567 0.71710 -0.54402
vt 1 1
f 8053/8053/8053 8054/8054/8054 8055/8055/8055
usemtl green_off
v 0.75470 0.88738 0.67935
vn 0.80081 0.34704 -0.48813
vt 0 0
v 0.75251 0.88707 0.67650
vn 0.43567 0.71710 -0.54402
vt 1 0
v 0.75402 0.88816 0.67935
vn 0.46478 0.73820 -0.48891
vt 1 1
f 8056/8056/8056 8057/8057/8057 8058/8058/8058
usemtl green_off
v 0.75402 0.88816 0.67935
vn 0.46476 0.73823 -0.48889
vt 0 0
v 0.75251 0.88707 0.67650
vn 0.43567 0.71714 -0.54396
vt 1 0
v 0.75165 0.88750 0.67688
vn 0.00089 0.93368 -0.35810
vt 1 1
f 8059/8059/8059 8060/8060/8060 8061/8061/8061
usemtl green_off
v 0.75402 0.88816 0.67935
vn 0.46476 0.73823 -0.48889
vt 0 0
v 0.75165 0.88750 0.67688
vn 0.00089 0.93368 -0.35810
vt 1 0
v 0.75309 0.88855 0.67961
vn 0.00094 0.93372 -0.35800
vt 1 1
f 8062/8062/8062 8063/8063/8063 8064/8064/8064
usemtl green_off
v 0.75494 0.84719 0.69464
vn 0.92388 -0.14269 -0.35509
vt 0 0
v 0.75608 0.84838 0.69776
vn 0.96591 -0.09840 -0.23944
vt 1 0
v 0.75582 0.84747 0.69818
vn 0.83732 -0.54583 -0.03116
vt 1 1
f 8065/8065/8065 8066/8066/8066 8067/8067/8067
usemtl green_off
v 0.75494 0.84719 0.69464
vn 0.92388 -0.14269 -0.35509
vt 0 0
v 0.75582 0.84747 0.69818
vn 0.83732 -0.54583 -0.03116
vt 1 0
v 0.75470 0.84629 0.69509
vn 0.80089 -0.58421 -0.13143
vt 1 1
f 8068/8068/8068 8069/8069/8069 8070/8070/8070
usemtl green_off
v 0.75470 0.84629 0.69509
vn 0.80081 -0.58432 -0.13142
vt 0 0
v 0.75582 0.84747 0.69818
vn 0.83725 -0.54593 -0.03117
vt 1 0
v 0.75511 0.84686 0.69862
vn 0.48595 -0.85364 0.18751
vt 1 1
f 8071/8071/8071 8072/8072/8072 8073/8073/8073
usemtl green_off
v 0.75470 0.84629 0.69509
vn 0.80081 -0.58432 -0.13142
vt 0 0
v 0.75511 0.84686 0.69862
vn 0.48595 -0.85364 0.18751
vt 1 0
v 0.75402 0.84571 0.69561
vn 0.46480 -0.87592 0.12932
vt 1 1
f 8074/8074/8074 8075/8075/8075 8076/8076/8076
usemtl green_off
v 0.75402 0.84571 0.69561
vn 0.46477 -0.87593 0.12937
vt 0 0
v 0.75511 0.84686 0.69862
vn 0.48591 -0.85366 0.18752
vt 1 0
v 0.75414 0.84670 0.69896
vn 0.00097 -0.93395 0.35741
vt 1 1
f 8077/8077/8077 8078/8078/8078 8079/8079/8079
usemtl green_off
v 0.75402 0.84571 0.69561
vn 0.46477 -0.87593 0.12937
vt 0 0
v 0.75414 0.84670 0.69896
vn 0.00097 -0.93395 0.35741
vt 1 0
v 0.75309 0.84559 0.69607
vn 0.00093 -0.93399 0.35730
vt 1 1
f 8080/8080/8080 8081/8081/8081 8082/8082/8082
usemtl green_off
v 0.75608 0.88761 0.68274
vn 0.96591 -0.08673 -0.24393
vt 0 0
v 0.75494 0.88641 0.67961
vn 0.92386 -0.13104 -0.35960
vt 1 0
v 0.75470 0.88738 0.67935
vn 0.80087 0.34693 -0.48811
vt 1 1
f 8083/8083/8083 8084/8084/8084 8085/8085/8085
usemtl green_off
v 0.75608 0.88761 0.68274
vn 0.96591 -0.08673 -0.24393
vt 0 0
v 0.75470 0.88738 0.67935
vn 0.80087 0.34693 -0.48811
vt 1 0
v 0.75582 0.88856 0.68244
vn 0.83731 0.38534 -0.38784
vt 1 1
f 8086/8086/8086 8087/8087/8087 8088/8088/8088
usemtl green_off
v 0.75582 0.88856 0.68244
vn 0.83725 0.38544 -0.38787
vt 0 0
v 0.75470 0.88738 0.67935
vn 0.80082 0.34704 -0.48812
vt 1 0
v 0.75402 0.88816 0.67935
vn 0.46479 0.73820 -0.48891
vt 1 1
f 8089/8089/8089 8090/8090/8090 8091/8091/8091
usemtl green_off
v 0.75582 0.88856 0.68244
vn 0.83725 0.38544 -0.38787
vt 0 0
v 0.75402 0.88816 0.67935
vn 0.46479 0.73820 -0.48891
vt 1 0
v 0.75511 0.88932 0.68236
vn 0.48594 0.76049 -0.43072
vt 1 1
f 8092/8092/8092 8093/8093/8093 8094/8094/8094
usemtl green_off
v 0.75511 0.88932 0.68236
vn 0.48591 0.76052 -0.43070
vt 0 0
v 0.75402 0.88816 0.67935
vn 0.46477 0.73825 -0.48885
vt 1 0
v 0.75309 0.88855 0.67961
vn 0.00095 0.93373 -0.35798
vt 1 1
f 8095/8095/8095 8096/8096/8096 8097/8097/8097
usemtl green_off
v 0.75511 0.88932 0.68236
vn 0.48591 0.76052 -0.43070
vt 0 0
v 0.75309 0.88855 0.67961
vn 0.00095 0.93373 -0.35798
vt 1 0
v 0.75414 0.88966 0.68251
vn 0.00098 0.93377 -0.35788
vt 1 1
f 8098/8098/8098 8099/8099/8099 8100/8100/8100
usemtl green_off
v 0.75608 0.84838 0.69776
vn 0.96591 -0.09840 -0.23944
vt 0 0
v 0.75677 0.84962 0.70099
vn 0.99143 -0.05252 -0.11964
vt 1 0
v 0.75650 0.84870 0.70138
vn 0.85943 -0.50605 0.07269
vt 1 1
f 8101/8101/8101 8102/8102/8102 8103/8103/8103
usemtl green_off
v 0.75608 0.84838 0.69776
vn 0.96591 -0.09840 -0.23944
vt 0 0
v 0.75650 0.84870 0.70138
vn 0.85943 -0.50605 0.07269
vt 1 0
v 0.75582 0.84747 0.69818
vn 0.83732 -0.54583 -0.03116
vt 1 1
f 8104/8104/8104 8105/8105/8105 8106/8106/8106
usemtl green_off
v 0.75582 0.84747 0.69818
vn 0.83725 -0.54594 -0.03116
vt 0 0
v 0.75650 0.84870 0.70138
vn 0.85937 -0.50617 0.07268
vt 1 0
v 0.75578 0.84805 0.70174
vn 0.49877 -0.83056 0.24778
vt 1 1
f 8107/8107/8107 8108/8108/8108 8109/8109/8109
usemtl green_off
v 0.75582 0.84747 0.69818
vn 0.83725 -0.54594 -0.03116
vt 0 0
v 0.75578 0.84805 0.70174
vn 0.49877 -0.83056 0.24778
vt 1 0
v 0.75511 0.84686 0.69862
vn 0.48593 -0.85365 0.18751
vt 1 1
f 8110/8110/8110 8111/8111/8111 8112/8112/8112
usemtl green_off
v 0.75511 0.84686 0.69862
vn 0.48592 -0.85364 0.18756
vt 0 0
v 0.75578 0.84805 0.70174
vn 0.49875 -0.83057 0.24779
vt 1 0
v 0.75478 0.84785 0.70195
vn 0.00100 -0.93390 0.35753
vt 1 1
f 8113/8113/8113 8114/8114/8114 8115/8115/8115
usemtl green_off
v 0.75511 0.84686 0.69862
vn 0.48592 -0.85364 0.18756
vt 0 0
v 0.75478 0.84785 0.70195
vn 0.00100 -0.93390 0.35753
vt 1 0
v 0.75414 0.84670 0.69896
vn 0.00098 -0.93394 0.35743
vt 1 1
f 8116/8116/8116 8117/8117/8117 8118/8118/8118
usemtl green_off
v 0.75677 0.88884 0.68597
vn 0.99142 -0.04084 -0.12413
vt 0 0
v 0.75608 0.88761 0.68274
vn 0.96591 -0.08673 -0.24393
vt 1 0
v 0.75582 0.88856 0.68244
vn 0.83731 0.38534 -0.38784
vt 1 1
f 8119/8119/8119 8120/8120/8120 8121/8121/8121
usemtl green_off
v 0.75677 0.88884 0.68597
vn 0.99142 -0.04084 -0.12413
vt 0 0
v 0.75582 0.88856 0.68244
vn 0.83731 0.38534 -0.38784
vt 1 0
v 0.75650 0.88979 0.68565
vn 0.85942 0.42513 -0.28400
vt 1 1
f 8122/8122/8122 8123/8123/8123 8124/8124/8124
usemtl green_off
v 0.75650 0.88979 0.68565
vn 0.85942 0.42515 -0.28399
vt 0 0
v 0.75582 0.88856 0.68244
vn 0.83730 0.38538 -0.38783
vt 1 0
v 0.75511 0.88932 0.68236
vn 0.48601 0.76045 -0.43070
vt 1 1
f 8125/8125/8125 8126/8126/8126 8127/8127/8127
usemtl green_off
v 0.75650 0.88979 0.68565
vn 0.85942 0.42515 -0.28399
vt 0 0
v 0.75511 0.88932 0.68236
vn 0.48601 0.76045 -0.43070
vt 1 0
v 0.75578 0.89051 0.68547
vn 0.49885 0.78354 -0.37044
vt 1 1
f 8128/8128/8128 8129/8129/8129 8130/8130/8130
usemtl green_off
v 0.75578 0.89051 0.68547
vn 0.49869 0.78362 -0.37047
vt 0 0
v 0.75511 0.88932 0.68236
vn 0.48586 0.76056 -0.43069
vt 1 0
v 0.75414 0.88966 0.68251
vn 0.00091 0.93377 -0.35788
vt 1 1
f 8131/8131/8131 8132/8132/8132 8133/8133/8133
usemtl green_off
v 0.75578 0.89051 0.68547
vn 0.49869 0.78362 -0.37047
vt 0 0
v 0.75414 0.88966 0.68251
vn 0.00091 0.93377 -0.35788
vt 1 0
v 0.75478 0.89081 0.68550
vn 0.00093 0.93381 -0.35778
vt 1 1
f 8134/8134/8134 8135/8135/8135 8136/8136/8136
usemtl green_off
v 0.75677 0.84962 0.70099
vn 0.99143 -0.05252 -0.11964
vt 0 0
v 0.75700 0.85088 0.70428
vn 0.99998 -0.00584 0.00225
vt 1 0
v 0.75673 0.84995 0.70464
vn 0.86685 -0.46559 0.17834
vt 1 1
f 8137/8137/8137 8138/8138/8138 8139/8139/8139
usemtl green_off
v 0.75677 0.84962 0.70099
vn 0.99143 -0.05252 -0.11964
vt 0 0
v 0.75673 0.84995 0.70464
vn 0.86685 -0.46559 0.17834
vt 1 0
v 0.75650 0.84870 0.70138
vn 0.85943 -0.50605 0.07269
vt 1 1
f 8140/8140/8140 8141/8141/8141 8142/8142/8142
usemtl green_off
v 0.75650 0.84870 0.70138
vn 0.85939 -0.50613 0.07269
vt 0 0
v 0.75673 0.84995 0.70464
vn 0.86681 -0.46566 0.17833
vt 1 0
v 0.75600 0.84927 0.70490
vn 0.50312 -0.80705 0.30911
vt 1 1
f 8143/8143/8143 8144/8144/8144 8145/8145/8145
usemtl green_off
v 0.75650 0.84870 0.70138
vn 0.85939 -0.50613 0.07269
vt 0 0
v 0.75600 0.84927 0.70490
vn 0.50312 -0.80705 0.30911
vt 1 0
v 0.75578 0.84805 0.70174
vn 0.49881 -0.83054 0.24779
vt 1 1
f 8146/8146/8146 8147/8147/8147 8148/8148/8148
usemtl green_off
v 0.75578 0.84805 0.70174
vn 0.49865 -0.83061 0.24786
vt 0 0
v 0.75600 0.84927 0.70490
vn 0.50296 -0.80714 0.30914
vt 1 0
v 0.75500 0.84901 0.70500
vn 0.00090 -0.93385 0.35767
vt 1 1
f 8149/8149/8149 8150/8150/8150 8151/8151/8151
usemtl green_off
v 0.75578 0.84805 0.70174
vn 0.49865 -0.83061 0.24786
vt 0 0
v 0.75500 0.84901 0.70500
vn 0.00090 -0.93385 0.35767
vt 1 0
v 0.75478 0.84785 0.70195
vn 0.00089 -0.93389 0.35756
vt 1 1
f 8152/8152/8152 8153/8153/8153 8154/8154/8154
usemtl green_off
v 0.75700 0.89010 0.68926
vn 0.99998 0.00584 -0.00225
vt 0 0
v 0.75677 0.88884 0.68597
vn 0.99142 -0.04084 -0.12413
vt 1 0
v 0.75650 0.88979 0.68565
vn 0.85942 0.42513 -0.28400
vt 1 1
f 8155/8155/8155 8156/8156/8156 8157/8157/8157
usemtl green_off
v 0.75700 0.89010 0.68926
vn 0.99998 0.00584 -0.00225
vt 0 0
v 0.75650 0.88979 0.68565
vn 0.85942 0.42513 -0.28400
vt 1 0
v 0.75673 0.89104 0.68891
vn 0.86684 0.46559 -0.17834
vt 1 1
f 8158/8158/8158 8159/8159/8159 8160/8160/8160
usemtl green_off
v 0.75673 0.89104 0.68891
vn 0.86681 0.46566 -0.17834
vt 0 0
v 0.75650 0.88979 0.68565
vn 0.85940 0.42519 -0.28399
vt 1 0
v 0.75578 0.89051 0.68547
vn 0.49881 0.78356 -0.37043
vt 1 1
f 8161/8161/8161 8162/8162/8162 8163/8163/8163
usemtl green_off
v 0.75673 0.89104 0.68891
vn 0.86681 0.46566 -0.17834
vt 0 0
v 0.75578 0.89051 0.68547
vn 0.49881 0.78356 -0.37043
vt 1 0
v 0.75600 0.89172 0.68864
vn 0.50312 0.80705 -0.30911
vt 1 1
f 8164/8164/8164 8165/8165/8165 8166/8166/8166
usemtl green_off
v 0.75600 0.89172 0.68864
vn 0.50308 0.80706 -0.30913
vt 0 0
v 0.75578 0.89051 0.68547
vn 0.49877 0.78360 -0.37041
vt 1 0
v 0.75478 0.89081 0.68550
vn 0.00103 0.93381 -0.35777
vt 1 1
f 8167/8167/8167 8168/8168/8168 8169/8169/8169
usemtl green_off
v 0.75600 0.89172 0.68864
vn 0.50308 0.80706 -0.30913
vt 0 0
v 0.75478 0.89081 0.68550
vn 0.00103 0.93381 -0.35777
vt 1 0
v 0.75500 0.89197 0.68855
vn 0.00104 0.93385 -0.35766
vt 1 1
f 8170/8170/8170 8171/8171/8171 8172/8172/8172
usemtl green_off
v 0.75700 0.85088 0.70428
vn 0.99998 -0.00584 0.00225
vt 0 0
v 0.75677 0.85214 0.70758
vn 0.99142 0.04085 0.12414
vt 1 0
v 0.75650 0.85120 0.70790
vn 0.85943 -0.42513 0.28399
vt 1 1
f 8173/8173/8173 8174/8174/8174 8175/8175/8175
usemtl green_off
v 0.75700 0.85088 0.70428
vn 0.99998 -0.00584 0.00225
vt 0 0
v 0.75650 0.85120 0.70790
vn 0.85943 -0.42513 0.28399
vt 1 0
v 0.75673 0.84995 0.70464
vn 0.86685 -0.46559 0.17834
vt 1 1
f 8176/8176/8176 8177/8177/8177 8178/8178/8178
usemtl green_off
v 0.75673 0.84995 0.70464
vn 0.86681 -0.46566 0.17834
vt 0 0
v 0.75650 0.85120 0.70790
vn 0.85940 -0.42519 0.28398
vt 1 0
v 0.75578 0.85048 0.70807
vn 0.49881 -0.78356 0.37043
vt 1 1
f 8179/8179/8179 8180/8180/8180 8181/8181/8181
usemtl green_off
v 0.75673 0.84995 0.70464
vn 0.86681 -0.46566 0.17834
vt 0 0
v 0.75578 0.85048 0.70807
vn 0.49881 -0.78356 0.37043
vt 1 0
v 0.75600 0.84927 0.70490
vn 0.50312 -0.80705 0.30911
vt 1 1
f 8182/8182/8182 8183/8183/8183 8184/8184/8184
usemtl green_off
v 0.75600 0.84927 0.70490
vn 0.50308 -0.80706 0.30913
vt 0 0
v 0.75578 0.85048 0.70807
vn 0.49877 -0.78360 0.37041
vt 1 0
v 0.75478 0.85018 0.70805
vn 0.00103 -0.93381 0.35776
vt 1 1
f 8185/8185/8185 8186/8186/8186 8187/8187/8187
usemtl green_off
v 0.75600 0.84927 0.70490
vn 0.50308 -0.80706 0.30913
vt 0 0
v 0.75478 0.85018 0.70805
vn 0.00103 -0.93381 0.35776
vt 1 0
v 0.75500 0.84901 0.70500
vn 0.00104 -0.93385 0.35766
vt 1 1
f 8188/8188/8188 8189/8189/8189 8190/8190/8190
usemtl green_off
v 0.75677 0.89136 0.69255
vn 0.99143 0.05252 0.11964
vt 0 0
v 0.75700 0.89010 0.68926
vn 0.99998 0.00584 -0.00225
vt 1 0
v 0.75673 0.89104 0.68891
vn 0.86684 0.46559 -0.17834
vt 1 1
f 8191/8191/8191 8192/8192/8192 8193/8193/8193
usemtl green_off
v 0.75677 0.89136 0.69255
vn 0.99143 0.05252 0.11964
vt 0 0
v 0.75673 0.89104 0.68891
vn 0.86684 0.46559 -0.17834
vt 1 0
v 0.75650 0.89229 0.69216
vn 0.85943 0.50607 -0.07269
vt 1 1
f 8194/8194/8194 8195/8195/8195 8196/8196/8196
usemtl green_off
v 0.75650 0.89229 0.69216
vn 0.85939 0.50613 -0.07269
vt 0 0
v 0.75673 0.89104 0.68891
vn 0.86681 0.46566 -0.17833
vt 1 0
v 0.75600 0.89172 0.68864
vn 0.50312 0.80705 -0.30911
vt 1 1
f 8197/8197/8197 8198/8198/8198 8199/8199/8199
usemtl green_off
v 0.75650 0.89229 0.69216
vn 0.85939 0.50613 -0.07269
vt 0 0
v 0.75600 0.89172 0.68864
vn 0.50312 0.80705 -0.30911
vt 1 0
v 0.75578 0.89294 0.69181
vn 0.49881 0.83054 -0.24779
vt 1 1
f 8200/8200/8200 8201/8201/8201 8202/8202/8202
usemtl green_off
v 0.75578 0.89294 0.69181
vn 0.49871 0.83058 -0.24785
vt 0 0
v 0.75600 0.89172 0.68864
vn 0.50301 0.80711 -0.30912
vt 1 0
v 0.75500 0.89197 0.68855
vn 0.00096 0.93385 -0.35766
vt 1 1
f 8203/8203/8203 8204/8204/8204 8205/8205/8205
usemtl green_off
v 0.75578 0.89294 0.69181
vn 0.49871 0.83058 -0.24785
vt 0 0
v 0.75500 0.89197 0.68855
vn 0.00096 0.93385 -0.35766
vt 1 0
v 0.75478 0.89314 0.69159
vn 0.00095 0.93389 -0.35755
vt 1 1
f 8206/8206/8206 8207/8207/8207 8208/8208/8208
usemtl green_off
v 0.75677 0.85214 0.70758
vn 0.99142 0.04085 0.12414
vt 0 0
v 0.75608 0.85338 0.71081
vn 0.96590 0.08673 0.24394
vt 1 0
v 0.75582 0.85242 0.71110
vn 0.83730 -0.38535 0.38785
vt 1 1
f 8209/8209/8209 8210/8210/8210 8211/8211/8211
usemtl green_off
v 0.75677 0.85214 0.70758
vn 0.99142 0.04085 0.12414
vt 0 0
v 0.75582 0.85242 0.71110
vn 0.83730 -0.38535 0.38785
vt 1 0
v 0.75650 0.85120 0.70790
vn 0.85943 -0.42513 0.28399
vt 1 1
f 8212/8212/8212 8213/8213/8213 8214/8214/8214
usemtl green_off
v 0.75650 0.85120 0.70790
vn 0.85939 -0.42519 0.28401
vt 0 0
v 0.75582 0.85242 0.71110
vn 0.83728 -0.38542 0.38784
vt 1 0
v 0.75511 0.85167 0.71119
vn 0.48596 -0.76048 0.43071
vt 1 1
f 8215/8215/8215 8216/8216/8216 8217/8217/8217
usemtl green_off
v 0.75650 0.85120 0.70790
vn 0.85939 -0.42519 0.28401
vt 0 0
v 0.75511 0.85167 0.71119
vn 0.48596 -0.76048 0.43071
vt 1 0
v 0.75578 0.85048 0.70807
vn 0.49880 -0.78356 0.37045
vt 1 1
f 8218/8218/8218 8219/8219/8219 8220/8220/8220
usemtl green_off
v 0.75578 0.85048 0.70807
vn 0.49875 -0.78359 0.37045
vt 0 0
v 0.75511 0.85167 0.71119
vn 0.48592 -0.76052 0.43068
vt 1 0
v 0.75414 0.85133 0.71104
vn 0.00099 -0.93377 0.35789
vt 1 1
f 8221/8221/8221 8222/8222/8222 8223/8223/8223
usemtl green_off
v 0.75578 0.85048 0.70807
vn 0.49875 -0.78359 0.37045
vt 0 0
v 0.75414 0.85133 0.71104
vn 0.00099 -0.93377 0.35789
vt 1 0
v 0.75478 0.85018 0.70805
vn 0.00100 -0.93381 0.35778
vt 1 1
f 8224/8224/8224 8225/8225/8225 8226/8226/8226
usemtl green_off
v 0.75608 0.89260 0.69579
vn 0.96591 0.09841 0.23945
vt 0 0
v 0.75677 0.89136 0.69255
vn 0.99143 0.05252 0.11964
vt 1 0
v 0.75650 0.89229 0.69216
vn 0.85943 0.50607 -0.07269
vt 1 1
f 8227/8227/8227 8228/8228/8228 8229/8229/8229
usemtl green_off
v 0.75608 0.89260 0.69579
vn 0.96591 0.09841 0.23945
vt 0 0
v 0.75650 0.89229 0.69216
vn 0.85943 0.50607 -0.07269
vt 1 0
v 0.75582 0.89351 0.69537
vn 0.83731 0.54583 0.03117
vt 1 1
f 8230/8230/8230 8231/8231/8231 8232/8232/8232
usemtl green_off
v 0.75582 0.89351 0.69537
vn 0.83727 0.54590 0.03117
vt 0 0
v 0.75650 0.89229 0.69216
vn 0.85939 0.50613 -0.07267
vt 1 0
v 0.75578 0.89294 0.69181
vn 0.49881 0.83054 -0.24777
vt 1 1
f 8233/8233/8233 8234/8234/8234 8235/8235/8235
usemtl green_off
v 0.75582 0.89351 0.69537
vn 0.83727 0.54590 0.03117
vt 0 0
v 0.75578 0.89294 0.69181
vn 0.49881 0.83054 -0.24777
vt 1 0
v 0.75511 0.89413 0.69493
vn 0.48597 0.85362 -0.18751
vt 1 1
f 8236/8236/8236 8237/8237/8237 8238/8238/8238
usemtl green_off
v 0.75511 0.89413 0.69493
vn 0.48586 0.85367 -0.18758
vt 0 0
v 0.75578 0.89294 0.69181
vn 0.49869 0.83060 -0.24780
vt 1 0
v 0.75478 0.89314 0.69159
vn 0.00093 0.93390 -0.35754
vt 1 1
f 8239/8239/8239 8240/8240/8240 8241/8241/8241
usemtl green_off
v 0.75511 0.89413 0.69493
vn 0.48586 0.85367 -0.18758
vt 0 0
v 0.75478 0.89314 0.69159
vn 0.00093 0.93390 -0.35754
vt 1 0
v 0.75414 0.89429 0.69459
vn 0.00091 0.93394 -0.35743
vt 1 1
f 8242/8242/8242 8243/8243/8243 8244/8244/8244
usemtl green_off
v 0.75608 0.85338 0.71081
vn 0.96590 0.08673 0.24394
vt 0 0
v 0.75494 0.85458 0.71393
vn 0.92387 0.13103 0.35957
vt 1 0
v 0.75470 0.85361 0.71420
vn 0.80087 -0.34693 0.48812
vt 1 1
f 8245/8245/8245 8246/8246/8246 8247/8247/8247
usemtl green_off
v 0.75608 0.85338 0.71081
vn 0.96590 0.08673 0.24394
vt 0 0
v 0.75470 0.85361 0.71420
vn 0.80087 -0.34693 0.48812
vt 1 0
v 0.75582 0.85242 0.71110
vn 0.83730 -0.38535 0.38785
vt 1 1
f 8248/8248/8248 8249/8249/8249 8250/8250/8250
usemtl green_off
v 0.75582 0.85242 0.71110
vn 0.83725 -0.38544 0.38786
vt 0 0
v 0.75470 0.85361 0.71420
vn 0.80082 -0.34704 0.48811
vt 1 0
v 0.75402 0.85282 0.71419
vn 0.46478 -0.73820 0.48891
vt 1 1
f 8251/8251/8251 8252/8252/8252 8253/8253/8253
usemtl green_off
v 0.75582 0.85242 0.71110
vn 0.83725 -0.38544 0.38786
vt 0 0
v 0.75402 0.85282 0.71419
vn 0.46478 -0.73820 0.48891
vt 1 0
v 0.75511 0.85167 0.71119
vn 0.48594 -0.76049 0.43072
vt 1 1
f 8254/8254/8254 8255/8255/8255 8256/8256/8256
usemtl green_off
v 0.75511 0.85167 0.71119
vn 0.48597 -0.76049 0.43068
vt 0 0
v 0.75402 0.85282 0.71419
vn 0.46483 -0.73823 0.48883
vt 1 0
v 0.75309 0.85244 0.71393
vn 0.00101 -0.93373 0.35798
vt 1 1
f 8257/8257/8257 8258/8258/8258 8259/8259/8259
usemtl green_off
v 0.75511 0.85167 0.71119
vn 0.48597 -0.76049 0.43068
vt 0 0
v 0.75309 0.85244 0.71393
vn 0.00101 -0.93373 0.35798
vt 1 0
v 0.75414 0.85133 0.71104
vn 0.00105 -0.93377 0.35788
vt 1 1
f 8260/8260/8260 8261/8261/8261 8262/8262/8262
usemtl green_off
v 0.75494 0.89380 0.69891
vn 0.92386 0.14270 0.35512
vt 0 0
v 0.75608 0.89260 0.69579
vn 0.96591 0.09841 0.23945
vt 1 0
v 0.75582 0.89351 0.69537
vn 0.83731 0.54583 0.03117
vt 1 1
f 8263/8263/8263 8264/8264/8264 8265/8265/8265
usemtl green_off
v 0.75494 0.89380 0.69891
vn 0.92386 0.14270 0.35512
vt 0 0
v 0.75582 0.89351 0.69537
vn 0.83731 0.54583 0.03117
vt 1 0
v 0.75470 0.89470 0.69846
vn 0.80087 0.58423 0.13145
vt 1 1
f 8266/8266/8266 8267/8267/8267 8268/8268/8268
usemtl green_off
v 0.75470 0.89470 0.69846
vn 0.80078 0.58437 0.13142
vt 0 0
v 0.75582 0.89351 0.69537
vn 0.83722 0.54597 0.03116
vt 1 0
v 0.75511 0.89413 0.69493
vn 0.48590 0.85366 -0.18751
vt 1 1
f 8269/8269/8269 8270/8270/8270 8271/8271/8271
usemtl green_off
v 0.75470 0.89470 0.69846
vn 0.80078 0.58437 0.13142
vt 0 0
v 0.75511 0.89413 0.69493
vn 0.48590 0.85366 -0.18751
vt 1 0
v 0.75402 0.89528 0.69793
vn 0.46475 0.87595 -0.12933
vt 1 1
f 8272/8272/8272 8273/8273/8273 8274/8274/8274
usemtl green_off
v 0.75402 0.89528 0.69793
vn 0.46477 0.87593 -0.12937
vt 0 0
v 0.75511 0.89413 0.69493
vn 0.48591 0.85366 -0.18752
vt 1 0
v 0.75414 0.89429 0.69459
vn 0.00097 0.93395 -0.35741
vt 1 1
f 8275/8275/8275 8276/8276/8276 8277/8277/8277
usemtl green_off
v 0.75402 0.89528 0.69793
vn 0.46477 0.87593 -0.12937
vt 0 0
v 0.75414 0.89429 0.69459
vn 0.00097 0.93395 -0.35741
vt 1 0
v 0.75309 0.89539 0.69748
vn 0.00093 0.93399 -0.35731
vt 1 1
f 8278/8278/8278 8279/8279/8279 8280/8280/8280
usemtl green_off
v 0.75494 0.85458 0.71393
vn 0.92387 0.13103 0.35957
vt 0 0
v 0.75338 0.85571 0.71689
vn 0.86601 0.17301 0.46915
vt 1 0
v 0.75315 0.85473 0.71712
vn 0.75074 -0.31054 0.58306
vt 1 1
f 8281/8281/8281 8282/8282/8282 8283/8283/8283
usemtl green_off
v 0.75494 0.85458 0.71393
vn 0.92387 0.13103 0.35957
vt 0 0
v 0.75315 0.85473 0.71712
vn 0.75074 -0.31054 0.58306
vt 1 0
v 0.75470 0.85361 0.71420
vn 0.80087 -0.34693 0.48812
vt 1 1
f 8284/8284/8284 8285/8285/8285 8286/8286/8286
usemtl green_off
v 0.75470 0.85361 0.71420
vn 0.80084 -0.34701 0.48810
vt 0 0
v 0.75315 0.85473 0.71712
vn 0.75070 -0.31064 0.58305
vt 1 0
v 0.75251 0.85391 0.71704
vn 0.43572 -0.71708 0.54401
vt 1 1
f 8287/8287/8287 8288/8288/8288 8289/8289/8289
usemtl green_off
v 0.75470 0.85361 0.71420
vn 0.80084 -0.34701 0.48810
vt 0 0
v 0.75251 0.85391 0.71704
vn 0.43572 -0.71708 0.54401
vt 1 0
v 0.75402 0.85282 0.71419
vn 0.46482 -0.73818 0.48890
vt 1 1
f 8290/8290/8290 8291/8291/8291 8292/8292/8292
usemtl green_off
v 0.75402 0.85282 0.71419
vn 0.46470 -0.73826 0.48891
vt 0 0
v 0.75251 0.85391 0.71704
vn 0.43561 -0.71717 0.54398
vt 1 0
v 0.75165 0.85348 0.71667
vn 0.00082 -0.93368 0.35810
vt 1 1
f 8293/8293/8293 8294/8294/8294 8295/8295/8295
usemtl green_off
v 0.75402 0.85282 0.71419
vn 0.46470 -0.73826 0.48891
vt 0 0
v 0.75165 0.85348 0.71667
vn 0.00082 -0.93368 0.35810
vt 1 0
v 0.75309 0.85244 0.71393
vn 0.00088 -0.93372 0.35800
vt 1 1
f 8296/8296/8296 8297/8297/8297 8298/8298/8298
usemtl green_off
v 0.75338 0.89493 0.70187
vn 0.86601 0.18465 0.46468
vt 0 0
v 0.75494 0.89380 0.69891
vn 0.92386 0.14270 0.35512
vt 1 0
v 0.75470 0.89470 0.69846
vn 0.80087 0.58423 0.13145
vt 1 1
f 8299/8299/8299 8300/8300/8300 8301/8301/8301
usemtl green_off
v 0.75338 0.89493 0.70187
vn 0.86601 0.18465 0.46468
vt 0 0
v 0.75470 0.89470 0.69846
vn 0.80087 0.58423 0.13145
vt 1 0
v 0.75315 0.89582 0.70139
vn 0.75074 0.62059 0.22643
vt 1 1
f 8302/8302/8302 8303/8303/8303 8304/8304/8304
usemtl green_off
v 0.75315 0.89582 0.70139
vn 0.75068 0.62067 0.22639
vt 0 0
v 0.75470 0.89470 0.69846
vn 0.80083 0.58429 0.13144
vt 1 0
v 0.75402 0.89528 0.69793
vn 0.46483 0.87591 -0.12931
vt 1 1
f 8305/8305/8305 8306/8306/8306 8307/8307/8307
usemtl green_off
v 0.75315 0.89582 0.70139
vn 0.75068 0.62067 0.22639
vt 0 0
v 0.75402 0.89528 0.69793
vn 0.46483 0.87591 -0.12931
vt 1 0
v 0.75251 0.89637 0.70078
vn 0.43572 0.89702 -0.07420
vt 1 1
f 8308/8308/8308 8309/8309/8309 8310/8310/8310
usemtl green_off
v 0.75251 0.89637 0.70078
vn 0.43562 0.89706 -0.07427
vt 0 0
v 0.75402 0.89528 0.69793
vn 0.46470 0.87597 -0.12935
vt 1 0
v 0.75309 0.89539 0.69748
vn 0.00086 0.93399 -0.35731
vt 1 1
f 8311/8311/8311 8312/8312/8312 8313/8313/8313
usemtl green_off
v 0.75251 0.89637 0.70078
vn 0.43562 0.89706 -0.07427
vt 0 0
v 0.75309 0.89539 0.69748
vn 0.00086 0.93399 -0.35731
vt 1 0
v 0.75165 0.89644 0.70022
vn 0.00081 0.93402 -0.35721
vt 1 1
f 8314/8314/8314 8315/8315/8315 8316/8316/8316
usemtl green_off
v 0.75338 0.85571 0.71689
vn 0.86601 0.17301 0.46915
vt 0 0
v 0.75142 0.85676 0.71963
vn 0.79333 0.21190 0.57072
vt 1 0
v 0.75121 0.85577 0.71984
vn 0.68772 -0.27683 0.67112
vt 1 1
f 8317/8317/8317 8318/8318/8318 8319/8319/8319
usemtl green_off
v 0.75338 0.85571 0.71689
vn 0.86601 0.17301 0.46915
vt 0 0
v 0.75121 0.85577 0.71984
vn 0.68772 -0.27683 0.67112
vt 1 0
v 0.75315 0.85473 0.71712
vn 0.75074 -0.31054 0.58306
vt 1 1
f 8320/8320/8320 8321/8321/8321 8322/8322/8322
usemtl green_off
v 0.75315 0.85473 0.71712
vn 0.75067 -0.31064 0.58309
vt 0 0
v 0.75121 0.85577 0.71984
vn 0.68770 -0.27692 0.67111
vt 1 0
v 0.75063 0.85493 0.71968
vn 0.39915 -0.69750 0.59513
vt 1 1
f 8323/8323/8323 8324/8324/8324 8325/8325/8325
usemtl green_off
v 0.75315 0.85473 0.71712
vn 0.75067 -0.31064 0.58309
vt 0 0
v 0.75063 0.85493 0.71968
vn 0.39915 -0.69750 0.59513
vt 1 0
v 0.75251 0.85391 0.71704
vn 0.43570 -0.71707 0.54403
vt 1 1
f 8326/8326/8326 8327/8327/8327 8328/8328/8328
usemtl green_off
v 0.75251 0.85391 0.71704
vn 0.43559 -0.71715 0.54402
vt 0 0
v 0.75063 0.85493 0.71968
vn 0.39905 -0.69759 0.59508
vt 1 0
v 0.74983 0.85446 0.71921
vn 0.00075 -0.93364 0.35820
vt 1 1
f 8329/8329/8329 8330/8330/8330 8331/8331/8331
usemtl green_off
v 0.75251 0.85391 0.71704
vn 0.43559 -0.71715 0.54402
vt 0 0
v 0.74983 0.85446 0.71921
vn 0.00075 -0.93364 0.35820
vt 1 0
v 0.75165 0.85348 0.71667
vn 0.00082 -0.93368 0.35811
vt 1 1
f 8332/8332/8332 8333/8333/8333 8334/8334/8334
usemtl green_off
v 0.75142 0.89598 0.70461
vn 0.79335 0.22355 0.56624
vt 0 0
v 0.75338 0.89493 0.70187
vn 0.86601 0.18465 0.46468
vt 1 0
v 0.75315 0.89582 0.70139
vn 0.75074 0.62059 0.22643
vt 1 1
f 8335/8335/8335 8336/8336/8336 8337/8337/8337
usemtl green_off
v 0.75142 0.89598 0.70461
vn 0.79335 0.22355 0.56624
vt 0 0
v 0.75315 0.89582 0.70139
vn 0.75074 0.62059 0.22643
vt 1 0
v 0.75121 0.89686 0.70410
vn 0.68774 0.65431 0.31447
vt 1 1
f 8338/8338/8338 8339/8339/8339 8340/8340/8340
usemtl green_off
v 0.75121 0.89686 0.70410
vn 0.68766 0.65441 0.31444
vt 0 0
v 0.75315 0.89582 0.70139
vn 0.75064 0.62070 0.22641
vt 1 0
v 0.75251 0.89637 0.70078
vn 0.43568 0.89704 -0.07418
vt 1 1
f 8341/8341/8341 8342/8342/8342 8343/8343/8343
usemtl green_off
v 0.75121 0.89686 0.70410
vn 0.68766 0.65441 0.31444
vt 0 0
v 0.75251 0.89637 0.70078
vn 0.43568 0.89704 -0.07418
vt 1 0
v 0.75063 0.89738 0.70342
vn 0.39912 0.91661 -0.02309
vt 1 1
f 8344/8344/8344 8345/8345/8345 8346/8346/8346
usemtl green_off
v 0.75063 0.89738 0.70342
vn 0.39906 0.91663 -0.02318
vt 0 0
v 0.75251 0.89637 0.70078
vn 0.43559 0.89708 -0.07424
vt 1 0
v 0.75165 0.89644 0.70022
vn 0.00081 0.93403 -0.35720
vt 1 1
f 8347/8347/8347 8348/8348/8348 8349/8349/8349
usemtl green_off
v 0.75063 0.89738 0.70342
vn 0.39906 0.91663 -0.02318
vt 0 0
v 0.75165 0.89644 0.70022
vn 0.00081 0.93403 -0.35720
vt 1 0
v 0.74983 0.89741 0.70276
vn 0.00074 0.93406 -0.35711
vt 1 1
f 8350/8350/8350 8351/8351/8351 8352/8352/8352
usemtl green_off
v 0.75142 0.85676 0.71963
vn 0.79333 0.21190 0.57072
vt 0 0
v 0.74909 0.85771 0.72211
vn 0.70708 0.24706 0.66257
vt 1 0
v 0.74890 0.85671 0.72229
vn 0.61292 -0.24636 0.75076
vt 1 1
f 8353/8353/8353 8354/8354/8354 8355/8355/8355
usemtl green_off
v 0.75142 0.85676 0.71963
vn 0.79333 0.21190 0.57072
vt 0 0
v 0.74890 0.85671 0.72229
vn 0.61292 -0.24636 0.75076
vt 1 0
v 0.75121 0.85577 0.71984
vn 0.68772 -0.27683 0.67112
vt 1 1
f 8356/8356/8356 8357/8357/8357 8358/8358/8358
usemtl green_off
v 0.75121 0.85577 0.71984
vn 0.68772 -0.27691 0.67109
vt 0 0
v 0.74890 0.85671 0.72229
vn 0.61297 -0.24642 0.75070
vt 1 0
v 0.74838 0.85584 0.72207
vn 0.35579 -0.67980 0.64132
vt 1 1
f 8359/8359/8359 8360/8360/8360 8361/8361/8361
usemtl green_off
v 0.75121 0.85577 0.71984
vn 0.68772 -0.27691 0.67109
vt 0 0
v 0.74838 0.85584 0.72207
vn 0.35579 -0.67980 0.64132
vt 1 0
v 0.75063 0.85493 0.71968
vn 0.39917 -0.69749 0.59512
vt 1 1
f 8362/8362/8362 8363/8363/8363 8364/8364/8364
usemtl green_off
v 0.75063 0.85493 0.71968
vn 0.39908 -0.69758 0.59508
vt 0 0
v 0.74838 0.85584 0.72207
vn 0.35572 -0.67990 0.64125
vt 1 0
v 0.74767 0.85534 0.72151
vn 0.00072 -0.93362 0.35827
vt 1 1
f 8365/8365/8365 8366/8366/8366 8367/8367/8367
usemtl green_off
v 0.75063 0.85493 0.71968
vn 0.39908 -0.69758 0.59508
vt 0 0
v 0.74767 0.85534 0.72151
vn 0.00072 -0.93362 0.35827
vt 1 0
v 0.74983 0.85446 0.71921
vn 0.00079 -0.93365 0.35819
vt 1 1
f 8368/8368/8368 8369/8369/8369 8370/8370/8370
usemtl green_off
v 0.74909 0.89693 0.70709
vn 0.70709 0.25874 0.65808
vt 0 0
v 0.75142 0.89598 0.70461
vn 0.79335 0.22355 0.56624
vt 1 0
v 0.75121 0.89686 0.70410
vn 0.68774 0.65431 0.31447
vt 1 1
f 8371/8371/8371 8372/8372/8372 8373/8373/8373
usemtl green_off
v 0.74909 0.89693 0.70709
vn 0.70709 0.25874 0.65808
vt 0 0
v 0.75121 0.89686 0.70410
vn 0.68774 0.65431 0.31447
vt 1 0
v 0.74890 0.89780 0.70656
vn 0.61296 0.68482 0.39409
vt 1 1
f 8374/8374/8374 8375/8375/8375 8376/8376/8376
usemtl green_off
v 0.74890 0.89780 0.70656
vn 0.61292 0.68491 0.39399
vt 0 0
v 0.75121 0.89686 0.70410
vn 0.68767 0.65442 0.31440
vt 1 0
v 0.75063 0.89738 0.70342
vn 0.39913 0.91660 -0.02313
vt 1 1
f 8377/8377/8377 8378/8378/8378 8379/8379/8379
usemtl green_off
v 0.74890 0.89780 0.70656
vn 0.61292 0.68491 0.39399
vt 0 0
v 0.75063 0.89738 0.70342
vn 0.39913 0.91660 -0.02313
vt 1 0
v 0.74838 0.89830 0.70581
vn 0.35575 0.93430 0.02307
vt 1 1
f 8380/8380/8380 8381/8381/8381 8382/8382/8382
usemtl green_off
v 0.74838 0.89830 0.70581
vn 0.35572 0.93431 0.02300
vt 0 0
v 0.75063 0.89738 0.70342
vn 0.39908 0.91662 -0.02316
vt 1 0
v 0.74983 0.89741 0.70276
vn 0.00077 0.93406 -0.35711
vt 1 1
f 8383/8383/8383 8384/8384/8384 8385/8385/8385
usemtl green_off
v 0.74838 0.89830 0.70581
vn 0.35572 0.93431 0.02300
vt 0 0
v 0.74983 0.89741 0.70276
vn 0.00077 0.93406 -0.35711
vt 1 0
v 0.74767 0.89829 0.70505
vn 0.00070 0.93409 -0.35703
vt 1 1
f 8386/8386/8386 8387/8387/8387 8388/8388/8388
usemtl green_off
v 0.74909 0.85771 0.72211
vn 0.70708 0.24706 0.66257
vt 0 0
v 0.74644 0.85854 0.72429
vn 0.60873 0.27791 0.74311
vt 1 0
v 0.74627 0.85753 0.72445
vn 0.52768 -0.21962 0.82056
vt 1 1
f 8389/8389/8389 8390/8390/8390 8391/8391/8391
usemtl green_off
v 0.74909 0.85771 0.72211
vn 0.70708 0.24706 0.66257
vt 0 0
v 0.74627 0.85753 0.72445
vn 0.52768 -0.21962 0.82056
vt 1 0
v 0.74890 0.85671 0.72229
vn 0.61292 -0.24636 0.75076
vt 1 1
f 8392/8392/8392 8393/8393/8393 8394/8394/8394
usemtl green_off
v 0.74890 0.85671 0.72229
vn 0.61293 -0.24641 0.75073
vt 0 0
v 0.74627 0.85753 0.72445
vn 0.52769 -0.21967 0.82054
vt 1 0
v 0.74583 0.85664 0.72417
vn 0.30631 -0.66429 0.68184
vt 1 1
f 8395/8395/8395 8396/8396/8396 8397/8397/8397
usemtl green_off
v 0.74890 0.85671 0.72229
vn 0.61293 -0.24641 0.75073
vt 0 0
v 0.74583 0.85664 0.72417
vn 0.30631 -0.66429 0.68184
vt 1 0
v 0.74838 0.85584 0.72207
vn 0.35576 -0.67979 0.64134
vt 1 1
f 8398/8398/8398 8399/8399/8399 8400/8400/8400
usemtl green_off
v 0.74838 0.85584 0.72207
vn 0.35572 -0.67987 0.64127
vt 0 0
v 0.74583 0.85664 0.72417
vn 0.30628 -0.66438 0.68176
vt 1 0
v 0.74522 0.85611 0.72352
vn 0.00065 -0.93358 0.35836
vt 1 1
f 8401/8401/8401 8402/8402/8402 8403/8403/8403
usemtl green_off
v 0.74838 0.85584 0.72207
vn 0.35572 -0.67987 0.64127
vt 0 0
v 0.74522 0.85611 0.72352
vn 0.00065 -0.93358 0.35836
vt 1 0
v 0.74767 0.85534 0.72151
vn 0.00074 -0.93361 0.35828
vt 1 1
f 8404/8404/8404 8405/8405/8405 8406/8406/8406
usemtl green_off
v 0.74644 0.89777 0.70927
vn 0.60875 0.28958 0.73862
vt 0 0
v 0.74909 0.89693 0.70709
vn 0.70709 0.25874 0.65808
vt 1 0
v 0.74890 0.89780 0.70656
vn 0.61296 0.68482 0.39409
vt 1 1
f 8407/8407/8407 8408/8408/8408 8409/8409/8409
usemtl green_off
v 0.74644 0.89777 0.70927
vn 0.60875 0.28958 0.73862
vt 0 0
v 0.74890 0.89780 0.70656
vn 0.61296 0.68482 0.39409
vt 1 0
v 0.74627 0.89862 0.70871
vn 0.52771 0.71156 0.46390
vt 1 1
f 8410/8410/8410 8411/8411/8411 8412/8412/8412
usemtl green_off
v 0.74627 0.89862 0.70871
vn 0.52766 0.71163 0.46385
vt 0 0
v 0.74890 0.89780 0.70656
vn 0.61290 0.68489 0.39405
vt 1 0
v 0.74838 0.89830 0.70581
vn 0.35574 0.93430 0.02312
vt 1 1
f 8413/8413/8413 8414/8414/8414 8415/8415/8415
usemtl green_off
v 0.74627 0.89862 0.70871
vn 0.52766 0.71163 0.46385
vt 0 0
v 0.74838 0.89830 0.70581
vn 0.35574 0.93430 0.02312
vt 1 0
v 0.74583 0.89910 0.70790
vn 0.30627 0.94982 0.06363
vt 1 1
f 8416/8416/8416 8417/8417/8417 8418/8418/8418
usemtl green_off
v 0.74583 0.89910 0.70790
vn 0.30623 0.94983 0.06353
vt 0 0
v 0.74838 0.89830 0.70581
vn 0.35566 0.93433 0.02304
vt 1 0
v 0.74767 0.89829 0.70505
vn 0.00066 0.93410 -0.35702
vt 1 1
f 8419/8419/8419 8420/8420/8420 8421/8421/8421
usemtl green_off
v 0.74583 0.89910 0.70790
vn 0.30623 0.94983 0.06353
vt 0 0
v 0.74767 0.89829 0.70505
vn 0.00066 0.93410 -0.35702
vt 1 0
v 0.74522 0.89906 0.70707
vn 0.00057 0.93413 -0.35694
vt 1 1
f 8422/8422/8422 8423/8423/8423 8424/8424/8424
usemtl green_off
v 0.74644 0.85854 0.72429
vn 0.60873 0.27791 0.74311
vt 0 0
v 0.74350 0.85925 0.72612
vn 0.49999 0.30391 0.81096
vt 1 0
v 0.74337 0.85823 0.72626
vn 0.43344 -0.19709 0.87937
vt 1 1
f 8425/8425/8425 8426/8426/8426 8427/8427/8427
usemtl green_off
v 0.74644 0.85854 0.72429
vn 0.60873 0.27791 0.74311
vt 0 0
v 0.74337 0.85823 0.72626
vn 0.43344 -0.19709 0.87937
vt 1 0
v 0.74627 0.85753 0.72445
vn 0.52768 -0.21962 0.82056
vt 1 1
f 8428/8428/8428 8429/8429/8429 8430/8430/8430
usemtl green_off
v 0.74627 0.85753 0.72445
vn 0.52767 -0.21968 0.82055
vt 0 0
v 0.74337 0.85823 0.72626
vn 0.43341 -0.19715 0.87937
vt 1 0
v 0.74300 0.85732 0.72593
vn 0.25155 -0.65120 0.71600
vt 1 1
f 8431/8431/8431 8432/8432/8432 8433/8433/8433
usemtl green_off
v 0.74627 0.85753 0.72445
vn 0.52767 -0.21968 0.82055
vt 0 0
v 0.74300 0.85732 0.72593
vn 0.25155 -0.65120 0.71600
vt 1 0
v 0.74583 0.85664 0.72417
vn 0.30626 -0.66428 0.68186
vt 1 1
f 8434/8434/8434 8435/8435/8435 8436/8436/8436
usemtl green_off
v 0.74583 0.85664 0.72417
vn 0.30620 -0.66437 0.68180
vt 0 0
v 0.74300 0.85732 0.72593
vn 0.25153 -0.65130 0.71592
vt 1 0
v 0.74250 0.85676 0.72521
vn 0.00050 -0.93355 0.35844
vt 1 1
f 8437/8437/8437 8438/8438/8438 8439/8439/8439
usemtl green_off
v 0.74583 0.85664 0.72417
vn 0.30620 -0.66437 0.68180
vt 0 0
v 0.74250 0.85676 0.72521
vn 0.00050 -0.93355 0.35844
vt 1 0
v 0.74522 0.85611 0.72352
vn 0.00060 -0.93358 0.35838
vt 1 1
f 8440/8440/8440 8441/8441/8441 8442/8442/8442
usemtl green_off
v 0.74350 0.89847 0.71110
vn 0.50000 0.31557 0.80648
vt 0 0
v 0.74644 0.89777 0.70927
vn 0.60875 0.28958 0.73862
vt 1 0
v 0.74627 0.89862 0.70871
vn 0.52771 0.71156 0.46390
vt 1 1
f 8443/8443/8443 8444/8444/8444 8445/8445/8445
usemtl green_off
v 0.74350 0.89847 0.71110
vn 0.50000 0.31557 0.80648
vt 0 0
v 0.74627 0.89862 0.70871
vn 0.52771 0.71156 0.46390
vt 1 0
v 0.74337 0.89932 0.71052
vn 0.43345 0.73408 0.52273
vt 1 1
f 8446/8446/8446 8447/8447/8447 8448/8448/8448
usemtl green_off
v 0.74337 0.89932 0.71052
vn 0.43337 0.73414 0.52271
vt 0 0
v 0.74627 0.89862 0.70871
vn 0.52763 0.71162 0.46389
vt 1 0
v 0.74583 0.89910 0.70790
vn 0.30626 0.94982 0.06368
vt 1 1
f 8449/8449/8449 8450/8450/8450 8451/8451/8451
usemtl green_off
v 0.74337 0.89932 0.71052
vn 0.43337 0.73414 0.52271
vt 0 0
v 0.74583 0.89910 0.70790
vn 0.30626 0.94982 0.06368
vt 1 0
v 0.74300 0.89977 0.70967
vn 0.25154 0.96289 0.09781
vt 1 1
f 8452/8452/8452 8453/8453/8453 8454/8454/8454
usemtl green_off
v 0.74300 0.89977 0.70967
vn 0.25153 0.96291 0.09767
vt 0 0
v 0.74583 0.89910 0.70790
vn 0.30621 0.94984 0.06355
vt 1 0
v 0.74522 0.89906 0.70707
vn 0.00057 0.93413 -0.35694
vt 1 1
f 8455/8455/8455 8456/8456/8456 8457/8457/8457
usemtl green_off
v 0.74300 0.89977 0.70967
vn 0.25153 0.96291 0.09767
vt 0 0
v 0.74522 0.89906 0.70707
vn 0.00057 0.93413 -0.35694
vt 1 0
v 0.74250 0.89971 0.70876
vn 0.00048 0.93415 -0.35688
vt 1 1
f 8458/8458/8458 8459/8459/8459 8460/8460/8460
usemtl green_off
v 0.74350 0.85925 0.72612
vn 0.49999 0.30391 0.81096
vt 0 0
v 0.74033 0.85980 0.72758
vn 0.38268 0.32460 0.86498
vt 1 0
v 0.74023 0.85878 0.72771
vn 0.33174 -0.17914 0.92621
vt 1 1
f 8461/8461/8461 8462/8462/8462 8463/8463/8463
usemtl green_off
v 0.74350 0.85925 0.72612
vn 0.49999 0.30391 0.81096
vt 0 0
v 0.74023 0.85878 0.72771
vn 0.33174 -0.17914 0.92621
vt 1 0
v 0.74337 0.85823 0.72626
vn 0.43344 -0.19709 0.87937
vt 1 1
f 8464/8464/8464 8465/8465/8465 8466/8466/8466
usemtl green_off
v 0.74337 0.85823 0.72626
vn 0.43337 -0.19717 0.87938
vt 0 0
v 0.74023 0.85878 0.72771
vn 0.33170 -0.17922 0.92621
vt 1 0
v 0.73995 0.85786 0.72733
vn 0.19249 -0.64080 0.74318
vt 1 1
f 8467/8467/8467 8468/8468/8468 8469/8469/8469
usemtl green_off
v 0.74337 0.85823 0.72626
vn 0.43337 -0.19717 0.87938
vt 0 0
v 0.73995 0.85786 0.72733
vn 0.19249 -0.64080 0.74318
vt 1 0
v 0.74300 0.85732 0.72593
vn 0.25151 -0.65121 0.71601
vt 1 1
f 8470/8470/8470 8471/8471/8471 8472/8472/8472
usemtl green_off
v 0.74300 0.85732 0.72593
vn 0.25152 -0.65129 0.71593
vt 0 0
v 0.73995 0.85786 0.72733
vn 0.19254 -0.64090 0.74309
vt 1 0
v 0.73957 0.85727 0.72657
vn 0.00041 -0.93354 0.35848
vt 1 1
f 8473/8473/8473 8474/8474/8474 8475/8475/8475
usemtl green_off
v 0.74300 0.85732 0.72593
vn 0.25152 -0.65129 0.71593
vt 0 0
v 0.73957 0.85727 0.72657
vn 0.00041 -0.93354 0.35848
vt 1 0
v 0.74250 0.85676 0.72521
vn 0.00051 -0.93356 0.35843
vt 1 1
f 8476/8476/8476 8477/8477/8477 8478/8478/8478
usemtl green_off
v 0.74033 0.89903 0.71256
vn 0.38269 0.33626 0.86051
vt 0 0
v 0.74350 0.89847 0.71110
vn 0.50000 0.31557 0.80648
vt 1 0
v 0.74337 0.89932 0.71052
vn 0.43345 0.73408 0.52273
vt 1 1
f 8479/8479/8479 8480/8480/8480 8481/8481/8481
usemtl green_off
v 0.74033 0.89903 0.71256
vn 0.38269 0.33626 0.86051
vt 0 0
v 0.74337 0.89932 0.71052
vn 0.43345 0.73408 0.52273
vt 1 0
v 0.74023 0.89987 0.71197
vn 0.33175 0.75202 0.56956
vt 1 1
f 8482/8482/8482 8483/8483/8483 8484/8484/8484
usemtl green_off
v 0.74023 0.89987 0.71197
vn 0.33173 0.75209 0.56949
vt 0 0
v 0.74337 0.89932 0.71052
vn 0.43341 0.73415 0.52268
vt 1 0
v 0.74300 0.89977 0.70967
vn 0.25158 0.96289 0.09777
vt 1 1
f 8485/8485/8485 8486/8486/8486 8487/8487/8487
usemtl green_off
v 0.74023 0.89987 0.71197
vn 0.33173 0.75209 0.56949
vt 0 0
v 0.74300 0.89977 0.70967
vn 0.25158 0.96289 0.09777
vt 1 0
v 0.73995 0.90031 0.71107
vn 0.19256 0.97330 0.12495
vt 1 1
f 8488/8488/8488 8489/8489/8489 8490/8490/8490
usemtl green_off
v 0.73995 0.90031 0.71107
vn 0.19254 0.97331 0.12486
vt 0 0
v 0.74300 0.89977 0.70967
vn 0.25152 0.96291 0.09771
vt 1 0
v 0.74250 0.89971 0.70876
vn 0.00049 0.93416 -0.35686
vt 1 1
f 8491/8491/8491 8492/8492/8492 8493/8493/8493
usemtl green_off
v 0.73995 0.90031 0.71107
vn 0.19254 0.97331 0.12486
vt 0 0
v 0.74250 0.89971 0.70876
vn 0.00049 0.93416 -0.35686
vt 1 0
v 0.73957 0.90023 0.71011
vn 0.00039 0.93418 -0.35681
vt 1 1
f 8494/8494/8494 8495/8495/8495 8496/8496/8496
usemtl green_off
v 0.74033 0.85980 0.72758
vn 0.38268 0.32460 0.86498
vt 0 0
v 0.73699 0.86021 0.72864
vn 0.25880 0.33964 0.90425
vt 1 0
v 0.73692 0.85918 0.72875
vn 0.22434 -0.16610 0.96025
vt 1 1
f 8497/8497/8497 8498/8498/8498 8499/8499/8499
usemtl green_off
v 0.74033 0.85980 0.72758
vn 0.38268 0.32460 0.86498
vt 0 0
v 0.73692 0.85918 0.72875
vn 0.22434 -0.16610 0.96025
vt 1 0
v 0.74023 0.85878 0.72771
vn 0.33174 -0.17914 0.92621
vt 1 1
f 8500/8500/8500 8501/8501/8501 8502/8502/8502
usemtl green_off
v 0.74023 0.85878 0.72771
vn 0.33169 -0.17922 0.92621
vt 0 0
v 0.73692 0.85918 0.72875
vn 0.22434 -0.16618 0.96024
vt 1 0
v 0.73673 0.85825 0.72835
vn 0.13019 -0.63323 0.76293
vt 1 1
f 8503/8503/8503 8504/8504/8504 8505/8505/8505
usemtl green_off
v 0.74023 0.85878 0.72771
vn 0.33169 -0.17922 0.92621
vt 0 0
v 0.73673 0.85825 0.72835
vn 0.13019 -0.63323 0.76293
vt 1 0
v 0.73995 0.85786 0.72733
vn 0.19250 -0.64079 0.74319
vt 1 1
f 8506/8506/8506 8507/8507/8507 8508/8508/8508
usemtl green_off
v 0.73995 0.85786 0.72733
vn 0.19245 -0.64087 0.74313
vt 0 0
v 0.73673 0.85825 0.72835
vn 0.13019 -0.63331 0.76287
vt 1 0
v 0.73647 0.85765 0.72755
vn 0.00025 -0.93351 0.35855
vt 1 1
f 8509/8509/8509 8510/8510/8510 8511/8511/8511
usemtl green_off
v 0.73995 0.85786 0.72733
vn 0.19245 -0.64087 0.74313
vt 0 0
v 0.73647 0.85765 0.72755
vn 0.00025 -0.93351 0.35855
vt 1 0
v 0.73957 0.85727 0.72657
vn 0.00036 -0.93352 0.35852
vt 1 1
f 8512/8512/8512 8513/8513/8513 8514/8514/8514
usemtl green_off
v 0.73699 0.89943 0.71362
vn 0.25881 0.35131 0.89978
vt 0 0
v 0.74033 0.89903 0.71256
vn 0.38269 0.33626 0.86051
vt 1 0
v 0.74023 0.89987 0.71197
vn 0.33175 0.75202 0.56956
vt 1 1
f 8515/8515/8515 8516/8516/8516 8517/8517/8517
usemtl green_off
v 0.73699 0.89943 0.71362
vn 0.25881 0.35131 0.89978
vt 0 0
v 0.74023 0.89987 0.71197
vn 0.33175 0.75202 0.56956
vt 1 0
v 0.73692 0.90027 0.71302
vn 0.22436 0.76507 0.60360
vt 1 1
f 8518/8518/8518 8519/8519/8519 8520/8520/8520
usemtl green_off
v 0.73692 0.90027 0.71302
vn 0.22436 0.76511 0.60355
vt 0 0
v 0.74023 0.89987 0.71197
vn 0.33172 0.75207 0.56952
vt 1 0
v 0.73995 0.90031 0.71107
vn 0.19256 0.97329 0.12498
vt 1 1
f 8521/8521/8521 8522/8522/8522 8523/8523/8523
usemtl green_off
v 0.73692 0.90027 0.71302
vn 0.22436 0.76511 0.60355
vt 0 0
v 0.73995 0.90031 0.71107
vn 0.19256 0.97329 0.12498
vt 1 0
v 0.73673 0.90070 0.71209
vn 0.13026 0.98086 0.14473
vt 1 1
f 8524/8524/8524 8525/8525/8525 8526/8526/8526
usemtl green_off
v 0.73673 0.90070 0.71209
vn 0.13020 0.98088 0.14462
vt 0 0
v 0.73995 0.90031 0.71107
vn 0.19246 0.97333 0.12487
vt 1 0
v 0.73957 0.90023 0.71011
vn 0.00034 0.93417 -0.35682
vt 1 1
f 8527/8527/8527 8528/8528/8528 8529/8529/8529
usemtl green_off
v 0.73673 0.90070 0.71209
vn 0.13020 0.98088 0.14462
vt 0 0
v 0.73957 0.90023 0.71011
vn 0.00034 0.93417 -0.35682
vt 1 0
v 0.73647 0.90061 0.71109
vn 0.00023 0.93419 -0.35678
vt 1 1
f 8530/8530/8530 8531/8531/8531 8532/8532/8532
usemtl green_off
v 0.73699 0.86021 0.72864
vn 0.25880 0.33964 0.90425
vt 0 0
v 0.73352 0.86046 0.72928
vn 0.13051 0.34876 0.92808
vt 1 0
v 0.73349 0.85943 0.72939
vn 0.11314 -0.15820 0.98090
vt 1 1
f 8533/8533/8533 8534/8534/8534 8535/8535/8535
usemtl green_off
v 0.73699 0.86021 0.72864
vn 0.25880 0.33964 0.90425
vt 0 0
v 0.73349 0.85943 0.72939
vn 0.11314 -0.15820 0.98090
vt 1 0
v 0.73692 0.85918 0.72875
vn 0.22434 -0.16610 0.96025
vt 1 1
f 8536/8536/8536 8537/8537/8537 8538/8538/8538
usemtl green_off
v 0.73692 0.85918 0.72875
vn 0.22437 -0.16620 0.96023
vt 0 0
v 0.73349 0.85943 0.72939
vn 0.11318 -0.15829 0.98088
vt 1 0
v 0.73339 0.85848 0.72897
vn 0.06569 -0.62865 0.77491
vt 1 1
f 8539/8539/8539 8540/8540/8540 8541/8541/8541
usemtl green_off
v 0.73692 0.85918 0.72875
vn 0.22437 -0.16620 0.96023
vt 0 0
v 0.73339 0.85848 0.72897
vn 0.06569 -0.62865 0.77491
vt 1 0
v 0.73673 0.85825 0.72835
vn 0.13023 -0.63324 0.76292
vt 1 1
f 8542/8542/8542 8543/8543/8543 8544/8544/8544
usemtl green_off
v 0.73673 0.85825 0.72835
vn 0.13016 -0.63330 0.76288
vt 0 0
v 0.73339 0.85848 0.72897
vn 0.06567 -0.62871 0.77487
vt 1 0
v 0.73326 0.85788 0.72814
vn 0.00014 -0.93349 0.35859
vt 1 1
f 8545/8545/8545 8546/8546/8546 8547/8547/8547
usemtl green_off
v 0.73673 0.85825 0.72835
vn 0.13016 -0.63330 0.76288
vt 0 0
v 0.73326 0.85788 0.72814
vn 0.00014 -0.93349 0.35859
vt 1 0
v 0.73647 0.85765 0.72755
vn 0.00025 -0.93350 0.35857
vt 1 1
f 8548/8548/8548 8549/8549/8549 8550/8550/8550
usemtl green_off
v 0.73352 0.89968 0.71426
vn 0.13052 0.36043 0.92361
vt 0 0
v 0.73699 0.89943 0.71362
vn 0.25881 0.35131 0.89978
vt 1 0
v 0.73692 0.90027 0.71302
vn 0.22436 0.76507 0.60360
vt 1 1
f 8551/8551/8551 8552/8552/8552 8553/8553/8553
usemtl green_off
v 0.73352 0.89968 0.71426
vn 0.13052 0.36043 0.92361
vt 0 0
v 0.73692 0.90027 0.71302
vn 0.22436 0.76507 0.60360
vt 1 0
v 0.73349 0.90052 0.71365
vn 0.11315 0.77297 0.62427
vt 1 1
f 8554/8554/8554 8555/8555/8555 8556/8556/8556
usemtl green_off
v 0.73349 0.90052 0.71365
vn 0.11311 0.77304 0.62419
vt 0 0
v 0.73692 0.90027 0.71302
vn 0.22430 0.76513 0.60354
vt 1 0
v 0.73673 0.90070 0.71209
vn 0.13019 0.98087 0.14472
vt 1 1
f 8557/8557/8557 8558/8558/8558 8559/8559/8559
usemtl green_off
v 0.73349 0.90052 0.71365
vn 0.11311 0.77304 0.62419
vt 0 0
v 0.73673 0.90070 0.71209
vn 0.13019 0.98087 0.14472
vt 1 0
v 0.73339 0.90094 0.71271
vn 0.06566 0.98546 0.15670
vt 1 1
f 8560/8560/8560 8561/8561/8561 8562/8562/8562
usemtl green_off
v 0.73339 0.90094 0.71271
vn 0.06571 0.98548 0.15658
vt 0 0
v 0.73673 0.90070 0.71209
vn 0.13021 0.98088 0.14461
vt 1 0
v 0.73647 0.90061 0.71109
vn 0.00026 0.93418 -0.35680
vt 1 1
f 8563/8563/8563 8564/8564/8564 8565/8565/8565
usemtl green_off
v 0.73339 0.90094 0.71271
vn 0.06571 0.98548 0.15658
vt 0 0
v 0.73647 0.90061 0.71109
vn 0.00026 0.93418 -0.35680
vt 1 0
v 0.73326 0.90084 0.71169
vn 0.00015 0.93419 -0.35678
vt 1 1
f 8566/8566/8566 8567/8567/8567 8568/8568/8568
usemtl green_off
v 0.73352 0.86046 0.72928
vn 0.13051 0.34876 0.92808
vt 0 0
v 0.73000 0.86054 0.72950
vn -0.00001 0.35182 0.93607
vt 1 0
v 0.73000 0.85951 0.72961
vn -0.00001 -0.15555 0.98783
vt 1 1
f 8569/8569/8569 8570/8570/8570 8571/8571/8571
usemtl green_off
v 0.73352 0.86046 0.72928
vn 0.13051 0.34876 0.92808
vt 0 0
v 0.73000 0.85951 0.72961
vn -0.00001 -0.15555 0.98783
vt 1 0
v 0.73349 0.85943 0.72939
vn 0.11314 -0.15820 0.98090
vt 1 1
f 8572/8572/8572 8573/8573/8573 8574/8574/8574
usemtl green_off
v 0.73349 0.85943 0.72939
vn 0.11315 -0.15827 0.98089
vt 0 0
v 0.73000 0.85951 0.72961
vn 0.00002 -0.15562 0.98782
vt 1 0
v 0.73000 0.85856 0.72918
vn 0.00000 -0.62710 0.77894
vt 1 1
f 8575/8575/8575 8576/8576/8576 8577/8577/8577
usemtl green_off
v 0.73349 0.85943 0.72939
vn 0.11315 -0.15827 0.98089
vt 0 0
v 0.73000 0.85856 0.72918
vn 0.00000 -0.62710 0.77894
vt 1 0
v 0.73339 0.85848 0.72897
vn 0.06566 -0.62864 0.77492
vt 1 1
f 8578/8578/8578 8579/8579/8579 8580/8580/8580
usemtl green_off
v 0.73339 0.85848 0.72897
vn 0.06562 -0.62874 0.77484
vt 0 0
v 0.73000 0.85856 0.72918
vn 0.00001 -0.62720 0.77886
vt 1 0
v 0.73000 0.85796 0.72834
vn 0.00001 -0.93351 0.35856
vt 1 1
f 8581/8581/8581 8582/8582/8582 8583/8583/8583
usemtl green_off
v 0.73339 0.85848 0.72897
vn 0.06562 -0.62874 0.77484
vt 0 0
v 0.73000 0.85796 0.72834
vn 0.00001 -0.93351 0.35856
vt 1 0
v 0.73326 0.85788 0.72814
vn 0.00012 -0.93351 0.35856
vt 1 1
f 8584/8584/8584 8585/8585/8585 8586/8586/8586
usemtl green_off
v 0.73000 0.89976 0.71448
vn 0.00001 0.36348 0.93160
vt 0 0
v 0.73352 0.89968 0.71426
vn 0.13052 0.36043 0.92361
vt 1 0
v 0.73349 0.90052 0.71365
vn 0.11315 0.77297 0.62427
vt 1 1
f 8587/8587/8587 8588/8588/8588 8589/8589/8589
usemtl green_off
v 0.73000 0.89976 0.71448
vn 0.00001 0.36348 0.93160
vt 0 0
v 0.73349 0.90052 0.71365
vn 0.11315 0.77297 0.62427
vt 1 0
v 0.73000 0.90060 0.71387
vn 0.00001 0.77562 0.63120
vt 1 1
f 8590/8590/8590 8591/8591/8591 8592/8592/8592
usemtl green_off
v 0.73000 0.90060 0.71387
vn -0.00000 0.77567 0.63114
vt 0 0
v 0.73349 0.90052 0.71365
vn 0.11312 0.77301 0.62422
vt 1 0
v 0.73339 0.90094 0.71271
vn 0.06568 0.98545 0.15674
vt 1 1
f 8593/8593/8593 8594/8594/8594 8595/8595/8595
usemtl green_off
v 0.73000 0.90060 0.71387
vn -0.00000 0.77567 0.63114
vt 0 0
v 0.73339 0.90094 0.71271
vn 0.06568 0.98545 0.15674
vt 1 0
v 0.73000 0.90102 0.71292
vn 0.00001 0.98699 0.16075
vt 1 1
f 8596/8596/8596 8597/8597/8597 8598/8598/8598
usemtl green_off
v 0.73000 0.90102 0.71292
vn 0.00003 0.98702 0.16060
vt 0 0
v 0.73339 0.90094 0.71271
vn 0.06565 0.98548 0.15658
vt 1 0
v 0.73326 0.90084 0.71169
vn 0.00011 0.93419 -0.35679
vt 1 1
f 8599/8599/8599 8600/8600/8600 8601/8601/8601
usemtl green_off
v 0.73000 0.90102 0.71292
vn 0.00003 0.98702 0.16060
vt 0 0
v 0.73326 0.90084 0.71169
vn 0.00011 0.93419 -0.35679
vt 1 0
v 0.73000 0.90091 0.71189
vn -0.00000 0.93419 -0.35677
vt 1 1
f 8602/8602/8602 8603/8603/8603 8604/8604/8604
usemtl green_off
v 0.73326 0.85788 0.72814
vn 0.00013 -0.93351 0.35855
vt 0 0
v 0.73000 0.85796 0.72834
vn 0.00000 -0.93351 0.35856
vt 1 0
v 0.72674 0.85788 0.72814
vn -0.00012 -0.93351 0.35855
vt 1 1
f 8605/8605/8605 8606/8606/8606 8607/8607/8607
usemtl green_off
v 0.72674 0.85788 0.72814
vn -0.00012 -0.93351 0.35855
vt 0 0
v 0.72353 0.85765 0.72755
vn -0.00025 -0.93352 0.35853
vt 1 0
v 0.72043 0.85727 0.72657
vn -0.00037 -0.93353 0.35849
vt 1 1
f 8608/8608/8608 8609/8609/8609 8610/8610/8610
usemtl green_off
v 0.72043 0.85727 0.72657
vn -0.00037 -0.93353 0.35849
vt 0 0
v 0.71750 0.85676 0.72521
vn -0.00048 -0.93355 0.35844
vt 1 0
v 0.71478 0.85611 0.72352
vn -0.00058 -0.93358 0.35837
vt 1 1
f 8611/8611/8611 8612/8612/8612 8613/8613/8613
usemtl green_off
v 0.71478 0.85611 0.72352
vn -0.00058 -0.93358 0.35837
vt 0 0
v 0.71233 0.85534 0.72151
vn -0.00068 -0.93361 0.35830
vt 1 0
v 0.71017 0.85446 0.71921
vn -0.00076 -0.93364 0.35821
vt 1 1
f 8614/8614/8614 8615/8615/8615 8616/8616/8616
usemtl green_off
v 0.71017 0.85446 0.71921
vn -0.00076 -0.93364 0.35821
vt 0 0
v 0.70835 0.85348 0.71667
vn -0.00083 -0.93368 0.35811
vt 1 0
v 0.70691 0.85244 0.71393
vn -0.00089 -0.93372 0.35801
vt 1 1
f 8617/8617/8617 8618/8618/8618 8619/8619/8619
usemtl green_off
v 0.70691 0.85244 0.71393
vn -0.00089 -0.93372 0.35801
vt 0 0
v 0.70586 0.85133 0.71104
vn -0.00093 -0.93376 0.35789
vt 1 0
v 0.70522 0.85018 0.70805
vn -0.00095 -0.93381 0.35778
vt 1 1
f 8620/8620/8620 8621/8621/8621 8622/8622/8622
usemtl green_off
v 0.70522 0.85018 0.70805
vn -0.00095 -0.93381 0.35778
vt 0 0
v 0.70500 0.84901 0.70500
vn -0.00096 -0.93385 0.35766
vt 1 0
v 0.70522 0.84785 0.70195
vn -0.00095 -0.93389 0.35755
vt 1 1
f 8623/8623/8623 8624/8624/8624 8625/8625/8625
usemtl green_off
v 0.70522 0.84785 0.70195
vn -0.00095 -0.93389 0.35755
vt 0 0
v 0.70586 0.84670 0.69896
vn -0.00093 -0.93394 0.35743
vt 1 0
v 0.70691 0.84559 0.69607
vn -0.00088 -0.93398 0.35732
vt 1 1
f 8626/8626/8626 8627/8627/8627 8628/8628/8628
usemtl green_off
v 0.70691 0.84559 0.69607
vn -0.00088 -0.93398 0.35732
vt 0 0
v 0.70835 0.84454 0.69333
vn -0.00083 -0.93402 0.35722
vt 1 0
v 0.71017 0.84357 0.69079
vn -0.00076 -0.93406 0.35712
vt 1 1
f 8629/8629/8629 8630/8630/8630 8631/8631/8631
usemtl green_off
v 0.71017 0.84357 0.69079
vn -0.00076 -0.93406 0.35712
vt 0 0
v 0.71233 0.84269 0.68849
vn -0.00068 -0.93409 0.35703
vt 1 0
v 0.71478 0.84192 0.68648
vn -0.00058 -0.93412 0.35695
vt 1 1
f 8632/8632/8632 8633/8633/8633 8634/8634/8634
usemtl green_off
v 0.71478 0.84192 0.68648
vn -0.00058 -0.93412 0.35695
vt 0 0
v 0.71750 0.84127 0.68479
vn -0.00048 -0.93415 0.35689
vt 1 0
v 0.72043 0.84076 0.68343
vn -0.00037 -0.93417 0.35684
vt 1 1
f 8635/8635/8635 8636/8636/8636 8637/8637/8637
usemtl green_off
v 0.72043 0.84076 0.68343
vn -0.00037 -0.93417 0.35684
vt 0 0
v 0.72353 0.84038 0.68245
vn -0.00025 -0.93418 0.35680
vt 1 0
v 0.72674 0.84015 0.68186
vn -0.00012 -0.93419 0.35678
vt 1 1
f 8638/8638/8638 8639/8639/8639 8640/8640/8640
usemtl green_off
v 0.72674 0.84015 0.68186
vn -0.00012 -0.93419 0.35678
vt 0 0
v 0.73000 0.84007 0.68166
vn 0.00000 -0.93419 0.35677
vt 1 0
v 0.73326 0.84015 0.68186
vn 0.00013 -0.93419 0.35678
vt 1 1
f 8641/8641/8641 8642/8642/8642 8643/8643/8643
usemtl green_off
v 0.73326 0.84015 0.68186
vn 0.00013 -0.93419 0.35678
vt 0 0
v 0.73647 0.84038 0.68245
vn 0.00025 -0.93418 0.35680
vt 1 0
v 0.73957 0.84076 0.68343
vn 0.00037 -0.93417 0.35684
vt 1 1
f 8644/8644/8644 8645/8645/8645 8646/8646/8646
usemtl green_off
v 0.73957 0.84076 0.68343
vn 0.00037 -0.93417 0.35684
vt 0 0
v 0.74250 0.84127 0.68479
vn 0.00048 -0.93415 0.35689
vt 1 0
v 0.74522 0.84192 0.68648
vn 0.00058 -0.93412 0.35695
vt 1 1
f 8647/8647/8647 8648/8648/8648 8649/8649/8649
usemtl green_off
v 0.74522 0.84192 0.68648
vn 0.00058 -0.93412 0.35695
vt 0 0
v 0.74767 0.84269 0.68849
vn 0.00068 -0.93409 0.35703
vt 1 0
v 0.74983 0.84357 0.69079
vn 0.00076 -0.93406 0.35712
vt 1 1
f 8650/8650/8650 8651/8651/8651 8652/8652/8652
usemtl green_off
v 0.74983 0.84357 0.69079
vn 0.00076 -0.93406 0.35712
vt 0 0
v 0.75165 0.84454 0.69333
vn 0.00083 -0.93402 0.35722
vt 1 0
v 0.75309 0.84559 0.69607
vn 0.00089 -0.93398 0.35732
vt 1 1
f 8653/8653/8653 8654/8654/8654 8655/8655/8655
usemtl green_off
v 0.75309 0.84559 0.69607
vn 0.00089 -0.93398 0.35732
vt 0 0
v 0.75414 0.84670 0.69896
vn 0.00093 -0.93394 0.35743
vt 1 0
v 0.75478 0.84785 0.70195
vn 0.00095 -0.93389 0.35755
vt 1 1
f 8656/8656/8656 8657/8657/8657 8658/8658/8658
usemtl green_off
v 0.75478 0.84785 0.70195
vn 0.00095 -0.93389 0.35755
vt 0 0
v 0.75500 0.84901 0.70500
vn 0.00096 -0.93385 0.35766
vt 1 0
v 0.75478 0.85018 0.70805
vn 0.00095 -0.93381 0.35778
vt 1 1
f 8659/8659/8659 8660/8660/8660 8661/8661/8661
usemtl green_off
v 0.75478 0.85018 0.70805
vn 0.00095 -0.93381 0.35778
vt 0 0
v 0.75414 0.85133 0.71104
vn 0.00093 -0.93376 0.35789
vt 1 0
v 0.75309 0.85244 0.71393
vn 0.00089 -0.93372 0.35801
vt 1 1
f 8662/8662/8662 8663/8663/8663 8664/8664/8664
usemtl green_off
v 0.75309 0.85244 0.71393
vn 0.00089 -0.93372 0.35801
vt 0 0
v 0.75165 0.85348 0.71667
vn 0.00083 -0.93368 0.35811
vt 1 0
v 0.74983 0.85446 0.71921
vn 0.00076 -0.93364 0.35821
vt 1 1
f 8665/8665/8665 8666/8666/8666 8667/8667/8667
usemtl green_off
v 0.74983 0.85446 0.71921
vn 0.00076 -0.93364 0.35821
vt 0 0
v 0.74767 0.85534 0.72151
vn 0.00068 -0.93361 0.35830
vt 1 0
v 0.74522 0.85611 0.72352
vn 0.00058 -0.93358 0.35837
vt 1 1
f 8668/8668/8668 8669/8669/8669 8670/8670/8670
usemtl green_off
v 0.74522 0.85611 0.72352
vn 0.00058 -0.93358 0.35837
vt 0 0
v 0.74250 0.85676 0.72521
vn 0.00048 -0.93355 0.35844
vt 1 0
v 0.73957 0.85727 0.72657
vn 0.00037 -0.93353 0.35849
vt 1 1
f 8671/8671/8671 8672/8672/8672 8673/8673/8673
usemtl green_off
v 0.73957 0.85727 0.72657
vn 0.00037 -0.93353 0.35849
vt 0 0
v 0.73647 0.85765 0.72755
vn 0.00025 -0.93352 0.35853
vt 1 0
v 0.73326 0.85788 0.72814
vn 0.00013 -0.93351 0.35855
vt 1 1
f 8674/8674/8674 8675/8675/8675 8676/8676/8676
usemtl green_off
v 0.73326 0.85788 0.72814
vn 0.00013 -0.93351 0.35855
vt 0 0
v 0.72674 0.85788 0.72814
vn -0.00012 -0.93351 0.35855
vt 1 0
v 0.72043 0.85727 0.72657
vn -0.00037 -0.93353 0.35849
vt 1 1
f 8677/8677/8677 8678/8678/8678 8679/8679/8679
usemtl green_off
v 0.72043 0.85727 0.72657
vn -0.00037 -0.93353 0.35849
vt 0 0
v 0.71478 0.85611 0.72352
vn -0.00058 -0.93358 0.35837
vt 1 0
v 0.71017 0.85446 0.71921
vn -0.00076 -0.93364 0.35821
vt 1 1
f 8680/8680/8680 8681/8681/8681 8682/8682/8682
usemtl green_off
v 0.71017 0.85446 0.71921
vn -0.00076 -0.93364 0.35821
vt 0 0
v 0.70691 0.85244 0.71393
vn -0.00089 -0.93372 0.35801
vt 1 0
v 0.70522 0.85018 0.70805
vn -0.00095 -0.93381 0.35778
vt 1 1
f 8683/8683/8683 8684/8684/8684 8685/8685/8685
usemtl green_off
v 0.70522 0.85018 0.70805
vn -0.00095 -0.93381 0.35778
vt 0 0
v 0.70522 0.84785 0.70195
vn -0.00095 -0.93389 0.35755
vt 1 0
v 0.70691 0.84559 0.69607
vn -0.00088 -0.93398 0.35732
vt 1 1
f 8686/8686/8686 8687/8687/8687 8688/8688/8688
usemtl green_off
v 0.70691 0.84559 0.69607
vn -0.00088 -0.93398 0.35732
vt 0 0
v 0.71017 0.84357 0.69079
vn -0.00076 -0.93406 0.35712
vt 1 0
v 0.71478 0.84192 0.68648
vn -0.00058 -0.93412 0.35695
vt 1 1
f 8689/8689/8689 8690/8690/8690 8691/8691/8691
usemtl green_off
v 0.71478 0.84192 0.68648
vn -0.00058 -0.93412 0.35695
vt 0 0
v 0.72043 0.84076 0.68343
vn -0.00037 -0.93417 0.35684
vt 1 0
v 0.72674 0.84015 0.68186
vn -0.00012 -0.93419 0.35678
vt 1 1
f 8692/8692/8692 8693/8693/8693 8694/8694/8694
usemtl green_off
v 0.72674 0.84015 0.68186
vn -0.00012 -0.93419 0.35678
vt 0 0
v 0.73326 0.84015 0.68186
vn 0.00013 -0.93419 0.35678
vt 1 0
v 0.73957 0.84076 0.68343
vn 0.00037 -0.93417 0.35684
vt 1 1
f 8695/8695/8695 8696/8696/8696 8697/8697/8697
usemtl green_off
v 0.73957 0.84076 0.68343
vn 0.00037 -0.93417 0.35684
vt 0 0
v 0.74522 0.84192 0.68648
vn 0.00058 -0.93412 0.35695
vt 1 0
v 0.74983 0.84357 0.69079
vn 0.00076 -0.93406 0.35712
vt 1 1
f 8698/8698/8698 8699/8699/8699 8700/8700/8700
usemtl green_off
v 0.74983 0.84357 0.69079
vn 0.00076 -0.93406 0.35712
vt 0 0
v 0.75309 0.84559 0.69607
vn 0.00089 -0.93398 0.35732
vt 1 0
v 0.75478 0.84785 0.70195
vn 0.00095 -0.93389 0.35755
vt 1 1
f 8701/8701/8701 8702/8702/8702 8703/8703/8703
usemtl green_off
v 0.75478 0.84785 0.70195
vn 0.00095 -0.93389 0.35755
vt 0 0
v 0.75478 0.85018 0.70805
vn 0.00095 -0.93381 0.35778
vt 1 0
v 0.75309 0.85244 0.71393
vn 0.00089 -0.93372 0.35801
vt 1 1
f 8704/8704/8704 8705/8705/8705 8706/8706/8706
usemtl green_off
v 0.75309 0.85244 0.71393
vn 0.00089 -0.93372 0.35801
vt 0 0
v 0.74983 0.85446 0.71921
vn 0.00076 -0.93364 0.35821
vt 1 0
v 0.74522 0.85611 0.72352
vn 0.00058 -0.93358 0.35837
vt 1 1
f 8707/8707/8707 8708/8708/8708 8709/8709/8709
usemtl green_off
v 0.74522 0.85611 0.72352
vn 0.00058 -0.93358 0.35837
vt 0 0
v 0.73957 0.85727 0.72657
vn 0.00037 -0.93353 0.35849
vt 1 0
v 0.73326 0.85788 0.72814
vn 0.00013 -0.93351 0.35855
vt 1 1
f 8710/8710/8710 8711/8711/8711 8712/8712/8712
usemtl green_off
v 0.73326 0.85788 0.72814
vn 0.00013 -0.93351 0.35855
vt 0 0
v 0.72043 0.85727 0.72657
vn -0.00037 -0.93353 0.35849
vt 1 0
v 0.71017 0.85446 0.71921
vn -0.00076 -0.93364 0.35821
vt 1 1
f 8713/8713/8713 8714/8714/8714 8715/8715/8715
usemtl green_off
v 0.71017 0.85446 0.71921
vn -0.00076 -0.93364 0.35821
vt 0 0
v 0.70522 0.85018 0.70805
vn -0.00095 -0.93381 0.35778
vt 1 0
v 0.70691 0.84559 0.69607
vn -0.00088 -0.93398 0.35732
vt 1 1
f 8716/8716/8716 8717/8717/8717 8718/8718/8718
usemtl green_off
v 0.70691 0.84559 0.69607
vn -0.00088 -0.93398 0.35732
vt 0 0
v 0.71478 0.84192 0.68648
vn -0.00058 -0.93412 0.35695
vt 1 0
v 0.72674 0.84015 0.68186
vn -0.00012 -0.93419 0.35678
vt 1 1
f 8719/8719/8719 8720/8720/8720 8721/8721/8721
usemtl green_off
v 0.72674 0.84015 0.68186
vn -0.00012 -0.93419 0.35678
vt 0 0
v 0.73957 0.84076 0.68343
vn 0.00037 -0.93417 0.35684
vt 1 0
v 0.74983 0.84357 0.69079
vn 0.00076 -0.93406 0.35712
vt 1 1
f 8722/8722/8722 8723/8723/8723 8724/8724/8724
usemtl green_off
v 0.74983 0.84357 0.69079
vn 0.00076 -0.93406 0.35712
vt 0 0
v 0.75478 0.84785 0.70195
vn 0.00095 -0.93389 0.35755
vt 1 0
v 0.75309 0.85244 0.71393
vn 0.00089 -0.93372 0.35801
vt 1 1
f 8725/8725/8725 8726/8726/8726 8727/8727/8727
usemtl green_off
v 0.75309 0.85244 0.71393
vn 0.00089 -0.93372 0.35801
vt 0 0
v 0.74522 0.85611 0.72352
vn 0.00058 -0.93358 0.35837
vt 1 0
v 0.73326 0.85788 0.72814
vn 0.00013 -0.93351 0.35855
vt 1 1
f 8728/8728/8728 8729/8729/8729 8730/8730/8730
usemtl green_off
v 0.73326 0.85788 0.72814
vn 0.00013 -0.93351 0.35855
vt 0 0
v 0.71017 0.85446 0.71921
vn -0.00076 -0.93364 0.35821
vt 1 0
v 0.70691 0.84559 0.69607
vn -0.00088 -0.93398 0.35732
vt 1 1
f 8731/8731/8731 8732/8732/8732 8733/8733/8733
usemtl green_off
v 0.70691 0.84559 0.69607
vn -0.00088 -0.93398 0.35732
vt 0 0
v 0.72674 0.84015 0.68186
vn -0.00012 -0.93419 0.35678
vt 1 0
v 0.74983 0.84357 0.69079
vn 0.00076 -0.93406 0.35712
vt 1 1
f 8734/8734/8734 8735/8735/8735 8736/8736/8736
usemtl green_off
v 0.74983 0.84357 0.69079
vn 0.00076 -0.93406 0.35712
vt 0 0
v 0.75309 0.85244 0.71393
vn 0.00089 -0.93372 0.35801
vt 1 0
v 0.73326 0.85788 0.72814
vn 0.00013 -0.93351 0.35855
vt 1 1
f 8737/8737/8737 8738/8738/8738 8739/8739/8739
usemtl green_off
v 0.70691 0.84559 0.69607
vn -0.00088 -0.93398 0.35732
vt 0 0
v 0.74983 0.84357 0.69079
vn 0.00076 -0.93406 0.35712
vt 1 0
v 0.73326 0.85788 0.72814
vn 0.00013 -0.93351 0.35855
vt 1 1
f 8740/8740/8740 8741/8741/8741 8742/8742/8742
usemtl green_off
v 0.73000 0.86054 0.72950
vn -0.00001 0.35182 0.93607
vt 0 0
v 0.73000 0.89976 0.71448
vn 0.00001 0.36348 0.93160
vt 1 0
v 0.72648 0.89968 0.71426
vn -0.13051 0.36043 0.92361
vt 1 1
f 8743/8743/8743 8744/8744/8744 8745/8745/8745
usemtl green_off
v 0.73000 0.86054 0.72950
vn -0.00001 0.35182 0.93607
vt 0 0
v 0.72648 0.89968 0.71426
vn -0.13051 0.36043 0.92361
vt 1 0
v 0.72648 0.86046 0.72928
vn -0.13053 0.34876 0.92808
vt 1 1
f 8746/8746/8746 8747/8747/8747 8748/8748/8748
usemtl green_off
v 0.73352 0.86046 0.72928
vn 0.13051 0.34876 0.92808
vt 0 0
v 0.73352 0.89968 0.71426
vn 0.13052 0.36043 0.92361
vt 1 0
v 0.73000 0.89976 0.71448
vn 0.00001 0.36348 0.93160
vt 1 1
f 8749/8749/8749 8750/8750/8750 8751/8751/8751
usemtl green_off
v 0.73352 0.86046 0.72928
vn 0.13051 0.34876 0.92808
vt 0 0
v 0.73000 0.89976 0.71448
vn 0.00001 0.36348 0.93160
vt 1 0
v 0.73000 0.86054 0.72950
vn -0.00001 0.35182 0.93607
vt 1 1
f 8752/8752/8752 8753/8753/8753 8754/8754/8754
usemtl green_off
v 0.72353 0.90061 0.71109
vn -0.00025 0.93418 -0.35680
vt 0 0
v 0.72674 0.90084 0.71169
vn -0.00013 0.93419 -0.35678
vt 1 0
v 0.73000 0.90091 0.71189
vn -0.00000 0.93419 -0.35677
vt 1 1
f 8755/8755/8755 8756/8756/8756 8757/8757/8757
usemtl green_off
v 0.73000 0.90091 0.71189
vn -0.00000 0.93419 -0.35677
vt 0 0
v 0.73326 0.90084 0.71169
vn 0.00012 0.93419 -0.35678
vt 1 0
v 0.73647 0.90061 0.71109
vn 0.00025 0.93418 -0.35680
vt 1 1
f 8758/8758/8758 8759/8759/8759 8760/8760/8760
usemtl green_off
v 0.73647 0.90061 0.71109
vn 0.00025 0.93418 -0.35680
vt 0 0
v 0.73957 0.90023 0.71011
vn 0.00037 0.93417 -0.35684
vt 1 0
v 0.74250 0.89971 0.70876
vn 0.00048 0.93415 -0.35689
vt 1 1
f 8761/8761/8761 8762/8762/8762 8763/8763/8763
usemtl green_off
v 0.74250 0.89971 0.70876
vn 0.00048 0.93415 -0.35689
vt 0 0
v 0.74522 0.89906 0.70707
vn 0.00058 0.93412 -0.35695
vt 1 0
v 0.74767 0.89829 0.70505
vn 0.00068 0.93409 -0.35703
vt 1 1
f 8764/8764/8764 8765/8765/8765 8766/8766/8766
usemtl green_off
v 0.74767 0.89829 0.70505
vn 0.00068 0.93409 -0.35703
vt 0 0
v 0.74983 0.89741 0.70276
vn 0.00076 0.93406 -0.35712
vt 1 0
v 0.75165 0.89644 0.70022
vn 0.00083 0.93402 -0.35722
vt 1 1
f 8767/8767/8767 8768/8768/8768 8769/8769/8769
usemtl green_off
v 0.75165 0.89644 0.70022
vn 0.00083 0.93402 -0.35722
vt 0 0
v 0.75309 0.89539 0.69748
vn 0.00089 0.93398 -0.35732
vt 1 0
v 0.75414 0.89429 0.69459
vn 0.00093 0.93394 -0.35743
vt 1 1
f 8770/8770/8770 8771/8771/8771 8772/8772/8772
usemtl green_off
v 0.75414 0.89429 0.69459
vn 0.00093 0.93394 -0.35743
vt 0 0
v 0.75478 0.89314 0.69159
vn 0.00095 0.93389 -0.35755
vt 1 0
v 0.75500 0.89197 0.68855
vn 0.00096 0.93385 -0.35766
vt 1 1
f 8773/8773/8773 8774/8774/8774 8775/8775/8775
usemtl green_off
v 0.75500 0.89197 0.68855
vn 0.00096 0.93385 -0.35766
vt 0 0
v 0.75478 0.89081 0.68550
vn 0.00095 0.93381 -0.35778
vt 1 0
v 0.75414 0.88966 0.68251
vn 0.00093 0.93376 -0.35789
vt 1 1
f 8776/8776/8776 8777/8777/8777 8778/8778/8778
usemtl green_off
v 0.75414 0.88966 0.68251
vn 0.00093 0.93376 -0.35789
vt 0 0
v 0.75309 0.88855 0.67961
vn 0.00089 0.93372 -0.35801
vt 1 0
v 0.75165 0.88750 0.67688
vn 0.00083 0.93368 -0.35811
vt 1 1
f 8779/8779/8779 8780/8780/8780 8781/8781/8781
usemtl green_off
v 0.75165 0.88750 0.67688
vn 0.00083 0.93368 -0.35811
vt 0 0
v 0.74983 0.88653 0.67434
vn 0.00076 0.93364 -0.35821
vt 1 0
v 0.74767 0.88565 0.67204
vn 0.00068 0.93361 -0.35830
vt 1 1
f 8782/8782/8782 8783/8783/8783 8784/8784/8784
usemtl green_off
v 0.74767 0.88565 0.67204
vn 0.00068 0.93361 -0.35830
vt 0 0
v 0.74522 0.88488 0.67003
vn 0.00058 0.93358 -0.35837
vt 1 0
v 0.74250 0.88423 0.66833
vn 0.00048 0.93355 -0.35844
vt 1 1
f 8785/8785/8785 8786/8786/8786 8787/8787/8787
usemtl green_off
v 0.74250 0.88423 0.66833
vn 0.00048 0.93355 -0.35844
vt 0 0
v 0.73957 0.88371 0.66698
vn 0.00037 0.93353 -0.35849
vt 1 0
v 0.73647 0.88334 0.66600
vn 0.00025 0.93352 -0.35853
vt 1 1
f 8788/8788/8788 8789/8789/8789 8790/8790/8790
usemtl green_off
v 0.73647 0.88334 0.66600
vn 0.00025 0.93352 -0.35853
vt 0 0
v 0.73326 0.88311 0.66540
vn 0.00012 0.93351 -0.35855
vt 1 0
v 0.73000 0.88303 0.66521
vn -0.00000 0.93351 -0.35856
vt 1 1
f 8791/8791/8791 8792/8792/8792 8793/8793/8793
usemtl green_off
v 0.73000 0.88303 0.66521
vn -0.00000 0.93351 -0.35856
vt 0 0
v 0.72674 0.88311 0.66540
vn -0.00013 0.93351 -0.35855
vt 1 0
v 0.72353 0.88334 0.66600
vn -0.00025 0.93352 -0.35853
vt 1 1
f 8794/8794/8794 8795/8795/8795 8796/8796/8796
usemtl green_off
v 0.72353 0.88334 0.66600
vn -0.00025 0.93352 -0.35853
vt 0 0
v 0.72043 0.88371 0.66698
vn -0.00037 0.93353 -0.35849
vt 1 0
v 0.71750 0.88423 0.66833
vn -0.00048 0.93355 -0.35844
vt 1 1
f 8797/8797/8797 8798/8798/8798 8799/8799/8799
usemtl green_off
v 0.71750 0.88423 0.66833
vn -0.00048 0.93355 -0.35844
vt 0 0
v 0.71478 0.88488 0.67003
vn -0.00058 0.93358 -0.35837
vt 1 0
v 0.71233 0.88565 0.67204
vn -0.00068 0.93361 -0.35830
vt 1 1
f 8800/8800/8800 8801/8801/8801 8802/8802/8802
usemtl green_off
v 0.71233 0.88565 0.67204
vn -0.00068 0.93361 -0.35830
vt 0 0
v 0.71017 0.88653 0.67434
vn -0.00076 0.93364 -0.35821
vt 1 0
v 0.70835 0.88750 0.67688
vn -0.00083 0.93368 -0.35811
vt 1 1
f 8803/8803/8803 8804/8804/8804 8805/8805/8805
usemtl green_off
v 0.70835 0.88750 0.67688
vn -0.00083 0.93368 -0.35811
vt 0 0
v 0.70691 0.88855 0.67961
vn -0.00089 0.93372 -0.35801
vt 1 0
v 0.70586 0.88966 0.68251
vn -0.00093 0.93376 -0.35789
vt 1 1
f 8806/8806/8806 8807/8807/8807 8808/8808/8808
usemtl green_off
v 0.70586 0.88966 0.68251
vn -0.00093 0.93376 -0.35789
vt 0 0
v 0.70522 0.89081 0.68550
vn -0.00095 0.93381 -0.35778
vt 1 0
v 0.70500 0.89197 0.68855
vn -0.00096 0.93385 -0.35766
vt 1 1
f 8809/8809/8809 8810/8810/8810 8811/8811/8811
usemtl green_off
v 0.70500 0.89197 0.68855
vn -0.00096 0.93385 -0.35766
vt 0 0
v 0.70522 0.89314 0.69159
vn -0.00095 0.93389 -0.35755
vt 1 0
v 0.70586 0.89429 0.69459
vn -0.00093 0.93394 -0.35743
vt 1 1
f 8812/8812/8812 8813/8813/8813 8814/8814/8814
usemtl green_off
v 0.70586 0.89429 0.69459
vn -0.00093 0.93394 -0.35743
vt 0 0
v 0.70691 0.89539 0.69748
vn -0.00089 0.93398 -0.35732
vt 1 0
v 0.70835 0.89644 0.70022
vn -0.00083 0.93402 -0.35722
vt 1 1
f 8815/8815/8815 8816/8816/8816 8817/8817/8817
usemtl green_off
v 0.70835 0.89644 0.70022
vn -0.00083 0.93402 -0.35722
vt 0 0
v 0.71017 0.89741 0.70276
vn -0.00076 0.93406 -0.35712
vt 1 0
v 0.71233 0.89829 0.70505
vn -0.00068 0.93409 -0.35703
vt 1 1
f 8818/8818/8818 8819/8819/8819 8820/8820/8820
usemtl green_off
v 0.71233 0.89829 0.70505
vn -0.00068 0.93409 -0.35703
vt 0 0
v 0.71478 0.89906 0.70707
vn -0.00058 0.93412 -0.35695
vt 1 0
v 0.71750 0.89971 0.70876
vn -0.00048 0.93415 -0.35689
vt 1 1
f 8821/8821/8821 8822/8822/8822 8823/8823/8823
usemtl green_off
v 0.71750 0.89971 0.70876
vn -0.00048 0.93415 -0.35689
vt 0 0
v 0.72043 0.90023 0.71011
vn -0.00037 0.93417 -0.35684
vt 1 0
v 0.72353 0.90061 0.71109
vn -0.00025 0.93418 -0.35680
vt 1 1
f 8824/8824/8824 8825/8825/8825 8826/8826/8826
usemtl green_off
v 0.72353 0.90061 0.71109
vn -0.00025 0.93418 -0.35680
vt 0 0
v 0.73000 0.90091 0.71189
vn -0.00000 0.93419 -0.35677
vt 1 0
v 0.73647 0.90061 0.71109
vn 0.00025 0.93418 -0.35680
vt 1 1
f 8827/8827/8827 8828/8828/8828 8829/8829/8829
usemtl green_off
v 0.73647 0.90061 0.71109
vn 0.00025 0.93418 -0.35680
vt 0 0
v 0.74250 0.89971 0.70876
vn 0.00048 0.93415 -0.35689
vt 1 0
v 0.74767 0.89829 0.70505
vn 0.00068 0.93409 -0.35703
vt 1 1
f 8830/8830/8830 8831/8831/8831 8832/8832/8832
usemtl green_off
v 0.74767 0.89829 0.70505
vn 0.00068 0.93409 -0.35703
vt 0 0
v 0.75165 0.89644 0.70022
vn 0.00083 0.93402 -0.35722
vt 1 0
v 0.75414 0.89429 0.69459
vn 0.00093 0.93394 -0.35743
vt 1 1
f 8833/8833/8833 8834/8834/8834 8835/8835/8835
usemtl green_off
v 0.75414 0.89429 0.69459
vn 0.00093 0.93394 -0.35743
vt 0 0
v 0.75500 0.89197 0.68855
vn 0.00096 0.93385 -0.35766
vt 1 0
v 0.75414 0.88966 0.68251
vn 0.00093 0.93376 -0.35789
vt 1 1
f 8836/8836/8836 8837/8837/8837 8838/8838/8838
usemtl green_off
v 0.75414 0.88966 0.68251
vn 0.00093 0.93376 -0.35789
vt 0 0
v 0.75165 0.88750 0.67688
vn 0.00083 0.93368 -0.35811
vt 1 0
v 0.74767 0.88565 0.67204
vn 0.00068 0.93361 -0.35830
vt 1 1
f 8839/8839/8839 8840/8840/8840 8841/8841/8841
usemtl green_off
v 0.74767 0.88565 0.67204
vn 0.00068 0.93361 -0.35830
vt 0 0
v 0.74250 0.88423 0.66833
vn 0.00048 0.93355 -0.35844
vt 1 0
v 0.73647 0.88334 0.66600
vn 0.00025 0.93352 -0.35853
vt 1 1
f 8842/8842/8842 8843/8843/8843 8844/8844/8844
usemtl green_off
v 0.73647 0.88334 0.66600
vn 0.00025 0.93352 -0.35853
vt 0 0
v 0.73000 0.88303 0.66521
vn -0.00000 0.93351 -0.35856
vt 1 0
v 0.72353 0.88334 0.66600
vn -0.00025 0.93352 -0.35853
vt 1 1
f 8845/8845/8845 8846/8846/8846 8847/8847/8847
usemtl green_off
v 0.72353 0.88334 0.66600
vn -0.00025 0.93352 -0.35853
vt 0 0
v 0.71750 0.88423 0.66833
vn -0.00048 0.93355 -0.35844
vt 1 0
v 0.71233 0.88565 0.67204
vn -0.00068 0.93361 -0.35830
vt 1 1
f 8848/8848/8848 8849/8849/8849 8850/8850/8850
usemtl green_off
v 0.71233 0.88565 0.67204
vn -0.00068 0.93361 -0.35830
vt 0 0
v 0.70835 0.88750 0.67688
vn -0.00083 0.93368 -0.35811
vt 1 0
v 0.70586 0.88966 0.68251
vn -0.00093 0.93376 -0.35789
vt 1 1
f 8851/8851/8851 8852/8852/8852 8853/8853/8853
usemtl green_off
v 0.70586 0.88966 0.68251
vn -0.00093 0.93376 -0.35789
vt 0 0
v 0.70500 0.89197 0.68855
vn -0.00096 0.93385 -0.35766
vt 1 0
v 0.70586 0.89429 0.69459
vn -0.00093 0.93394 -0.35743
vt 1 1
f 8854/8854/8854 8855/8855/8855 8856/8856/8856
usemtl green_off
v 0.70586 0.89429 0.69459
vn -0.00093 0.93394 -0.35743
vt 0 0
v 0.70835 0.89644 0.70022
vn -0.00083 0.93402 -0.35722
vt 1 0
v 0.71233 0.89829 0.70505
vn -0.00068 0.93409 -0.35703
vt 1 1
f 8857/8857/8857 8858/8858/8858 8859/8859/8859
usemtl green_off
v 0.71233 0.89829 0.70505
vn -0.00068 0.93409 -0.35703
vt 0 0
v 0.71750 0.89971 0.70876
vn -0.00048 0.93415 -0.35689
vt 1 0
v 0.72353 0.90061 0.71109
vn -0.00025 0.93418 -0.35680
vt 1 1
f 8860/8860/8860 8861/8861/8861 8862/8862/8862
usemtl green_off
v 0.72353 0.90061 0.71109
vn -0.00025 0.93418 -0.35680
vt 0 0
v 0.73647 0.90061 0.71109
vn 0.00025 0.93418 -0.35680
vt 1 0
v 0.74767 0.89829 0.70505
vn 0.00068 0.93409 -0.35703
vt 1 1
f 8863/8863/8863 8864/8864/8864 8865/8865/8865
usemtl green_off
v 0.74767 0.89829 0.70505
vn 0.00068 0.93409 -0.35703
vt 0 0
v 0.75414 0.89429 0.69459
vn 0.00093 0.93394 -0.35743
vt 1 0
v 0.75414 0.88966 0.68251
vn 0.00093 0.93376 -0.35789
vt 1 1
f 8866/8866/8866 8867/8867/8867 8868/8868/8868
usemtl green_off
v 0.75414 0.88966 0.68251
vn 0.00093 0.93376 -0.35789
vt 0 0
v 0.74767 0.88565 0.67204
vn 0.00068 0.93361 -0.35830
vt 1 0
v 0.73647 0.88334 0.66600
vn 0.00025 0.93352 -0.35853
vt 1 1
f 8869/8869/8869 8870/8870/8870 8871/8871/8871
usemtl green_off
v 0.73647 0.88334 0.66600
vn 0.00025 0.93352 -0.35853
vt 0 0
v 0.72353 0.88334 0.66600
vn -0.00025 0.93352 -0.35853
vt 1 0
v 0.71233 0.88565 0.67204
vn -0.00068 0.93361 -0.35830
vt 1 1
f 8872/8872/8872 8873/8873/8873 8874/8874/8874
usemtl green_off
v 0.71233 0.88565 0.67204
vn -0.00068 0.93361 -0.35830
vt 0 0
v 0.70586 0.88966 0.68251
vn -0.00093 0.93376 -0.35789
vt 1 0
v 0.70586 0.89429 0.69459
vn -0.00093 0.93394 -0.35743
vt 1 1
f 8875/8875/8875 8876/8876/8876 8877/8877/8877
usemtl green_off
v 0.70586 0.89429 0.69459
vn -0.00093 0.93394 -0.35743
vt 0 0
v 0.71233 0.89829 0.70505
vn -0.00068 0.93409 -0.35703
vt 1 0
v 0.72353 0.90061 0.71109
vn -0.00025 0.93418 -0.35680
vt 1 1
f 8878/8878/8878 8879/8879/8879 8880/8880/8880
usemtl green_off
v 0.72353 0.90061 0.71109
vn -0.00025 0.93418 -0.35680
vt 0 0
v 0.74767 0.89829 0.70505
vn 0.00068 0.93409 -0.35703
vt 1 0
v 0.75414 0.88966 0.68251
vn 0.00093 0.93376 -0.35789
vt 1 1
f 8881/8881/8881 8882/8882/8882 8883/8883/8883
usemtl green_off
v 0.75414 0.88966 0.68251
vn 0.00093 0.93376 -0.35789
vt 0 0
v 0.73647 0.88334 0.66600
vn 0.00025 0.93352 -0.35853
vt 1 0
v 0.71233 0.88565 0.67204
vn -0.00068 0.93361 -0.35830
vt 1 1
f 8884/8884/8884 8885/8885/8885 8886/8886/8886
usemtl green_off
v 0.71233 0.88565 0.67204
vn -0.00068 0.93361 -0.35830
vt 0 0
v 0.70586 0.89429 0.69459
vn -0.00093 0.93394 -0.35743
vt 1 0
v 0.72353 0.90061 0.71109
vn -0.00025 0.93418 -0.35680
vt 1 1
f 8887/8887/8887 8888/8888/8888 8889/8889/8889
usemtl green_off
v 0.75414 0.88966 0.68251
vn 0.00093 0.93376 -0.35789
vt 0 0
v 0.71233 0.88565 0.67204
vn -0.00068 0.93361 -0.35830
vt 1 0
v 0.72353 0.90061 0.71109
vn -0.00025 0.93418 -0.35680
vt 1 1
f 8890/8890/8890 8891/8891/8891 8892/8892/8892
usemtl green_off
v 0.72648 0.86046 0.72928
vn -0.13053 0.34876 0.92808
vt 0 0
v 0.72648 0.89968 0.71426
vn -0.13051 0.36043 0.92361
vt 1 0
v 0.72301 0.89943 0.71362
vn -0.25881 0.35130 0.89978
vt 1 1
f 8893/8893/8893 8894/8894/8894 8895/8895/8895
usemtl green_off
v 0.72648 0.86046 0.72928
vn -0.13053 0.34876 0.92808
vt 0 0
v 0.72301 0.89943 0.71362
vn -0.25881 0.35130 0.89978
vt 1 0
v 0.72301 0.86021 0.72864
vn -0.25885 0.33963 0.90424
vt 1 1
f 8896/8896/8896 8897/8897/8897 8898/8898/8898
usemtl green_off
v 0.72301 0.86021 0.72864
vn -0.25885 0.33963 0.90424
vt 0 0
v 0.72301 0.89943 0.71362
vn -0.25881 0.35130 0.89978
vt 1 0
v 0.71967 0.89903 0.71256
vn -0.38268 0.33626 0.86051
vt 1 1
f 8899/8899/8899 8900/8900/8900 8901/8901/8901
usemtl green_off
v 0.72301 0.86021 0.72864
vn -0.25885 0.33963 0.90424
vt 0 0
v 0.71967 0.89903 0.71256
vn -0.38268 0.33626 0.86051
vt 1 0
v 0.71967 0.85980 0.72758
vn -0.38270 0.32460 0.86497
vt 1 1
f 8902/8902/8902 8903/8903/8903 8904/8904/8904
usemtl green_off
v 0.71967 0.85980 0.72758
vn -0.38270 0.32460 0.86497
vt 0 0
v 0.71967 0.89903 0.71256
vn -0.38268 0.33626 0.86051
vt 1 0
v 0.71650 0.89847 0.71110
vn -0.49999 0.31558 0.80649
vt 1 1
f 8905/8905/8905 8906/8906/8906 8907/8907/8907
usemtl green_off
v 0.71967 0.85980 0.72758
vn -0.38270 0.32460 0.86497
vt 0 0
v 0.71650 0.89847 0.71110
vn -0.49999 0.31558 0.80649
vt 1 0
v 0.71650 0.85925 0.72612
vn -0.50000 0.30390 0.81095
vt 1 1
f 8908/8908/8908 8909/8909/8909 8910/8910/8910
usemtl green_off
v 0.71650 0.85925 0.72612
vn -0.50000 0.30390 0.81095
vt 0 0
v 0.71650 0.89847 0.71110
vn -0.49999 0.31558 0.80649
vt 1 0
v 0.71356 0.89777 0.70927
vn -0.60873 0.28959 0.73864
vt 1 1
f 8911/8911/8911 8912/8912/8912 8913/8913/8913
usemtl green_off
v 0.71650 0.85925 0.72612
vn -0.50000 0.30390 0.81095
vt 0 0
v 0.71356 0.89777 0.70927
vn -0.60873 0.28959 0.73864
vt 1 0
v 0.71356 0.85854 0.72429
vn -0.60875 0.27791 0.74309
vt 1 1
f 8914/8914/8914 8915/8915/8915 8916/8916/8916
usemtl green_off
v 0.71356 0.85854 0.72429
vn -0.60875 0.27791 0.74309
vt 0 0
v 0.71356 0.89777 0.70927
vn -0.60873 0.28959 0.73864
vt 1 0
v 0.71091 0.89693 0.70709
vn -0.70709 0.25874 0.65809
vt 1 1
f 8917/8917/8917 8918/8918/8918 8919/8919/8919
usemtl green_off
v 0.71356 0.85854 0.72429
vn -0.60875 0.27791 0.74309
vt 0 0
v 0.71091 0.89693 0.70709
vn -0.70709 0.25874 0.65809
vt 1 0
v 0.71091 0.85771 0.72211
vn -0.70710 0.24706 0.66255
vt 1 1
f 8920/8920/8920 8921/8921/8921 8922/8922/8922
usemtl green_off
v 0.71091 0.85771 0.72211
vn -0.70710 0.24706 0.66255
vt 0 0
v 0.71091 0.89693 0.70709
vn -0.70709 0.25874 0.65809
vt 1 0
v 0.70858 0.89598 0.70461
vn -0.79335 0.22355 0.56624
vt 1 1
f 8923/8923/8923 8924/8924/8924 8925/8925/8925
usemtl green_off
v 0.71091 0.85771 0.72211
vn -0.70710 0.24706 0.66255
vt 0 0
v 0.70858 0.89598 0.70461
vn -0.79335 0.22355 0.56624
vt 1 0
v 0.70858 0.85676 0.71963
vn -0.79334 0.21190 0.57071
vt 1 1
f 8926/8926/8926 8927/8927/8927 8928/8928/8928
usemtl green_off
v 0.70858 0.85676 0.71963
vn -0.79334 0.21190 0.57071
vt 0 0
v 0.70858 0.89598 0.70461
vn -0.79335 0.22355 0.56624
vt 1 0
v 0.70662 0.89493 0.70187
vn -0.86601 0.18465 0.46468
vt 1 1
f 8929/8929/8929 8930/8930/8930 8931/8931/8931
usemtl green_off
v 0.70858 0.85676 0.71963
vn -0.79334 0.21190 0.57071
vt 0 0
v 0.70662 0.89493 0.70187
vn -0.86601 0.18465 0.46468
vt 1 0
v 0.70662 0.85571 0.71689
vn -0.86603 0.17300 0.46912
vt 1 1
f 8932/8932/8932 8933/8933/8933 8934/8934/8934
usemtl green_off
v 0.70662 0.85571 0.71689
vn -0.86603 0.17300 0.46912
vt 0 0
v 0.70662 0.89493 0.70187
vn -0.86601 0.18465 0.46468
vt 1 0
v 0.70506 0.89380 0.69891
vn -0.92386 0.14269 0.35514
vt 1 1
f 8935/8935/8935 8936/8936/8936 8937/8937/8937
usemtl green_off
v 0.70662 0.85571 0.71689
vn -0.86603 0.17300 0.46912
vt 0 0
v 0.70506 0.89380 0.69891
vn -0.92386 0.14269 0.35514
vt 1 0
v 0.70506 0.85458 0.71393
vn -0.92387 0.13103 0.35957
vt 1 1
f 8938/8938/8938 8939/8939/8939 8940/8940/8940
usemtl green_off
v 0.70506 0.85458 0.71393
vn -0.92387 0.13103 0.35957
vt 0 0
v 0.70506 0.89380 0.69891
vn -0.92386 0.14269 0.35514
vt 1 0
v 0.70392 0.89260 0.69579
vn -0.96590 0.09841 0.23946
vt 1 1
f 8941/8941/8941 8942/8942/8942 8943/8943/8943
usemtl green_off
v 0.70506 0.85458 0.71393
vn -0.92387 0.13103 0.35957
vt 0 0
v 0.70392 0.89260 0.69579
vn -0.96590 0.09841 0.23946
vt 1 0
v 0.70392 0.85338 0.71081
vn -0.96591 0.08672 0.24392
vt 1 1
f 8944/8944/8944 8945/8945/8945 8946/8946/8946
usemtl green_off
v 0.70392 0.85338 0.71081
vn -0.96591 0.08672 0.24392
vt 0 0
v 0.70392 0.89260 0.69579
vn -0.96590 0.09841 0.23946
vt 1 0
v 0.70323 0.89136 0.69255
vn -0.99143 0.05253 0.11965
vt 1 1
f 8947/8947/8947 8948/8948/8948 8949/8949/8949
usemtl green_off
v 0.70392 0.85338 0.71081
vn -0.96591 0.08672 0.24392
vt 0 0
v 0.70323 0.89136 0.69255
vn -0.99143 0.05253 0.11965
vt 1 0
v 0.70323 0.85214 0.70758
vn -0.99143 0.04084 0.12411
vt 1 1
f 8950/8950/8950 8951/8951/8951 8952/8952/8952
usemtl green_off
v 0.70323 0.85214 0.70758
vn -0.99143 0.04084 0.12411
vt 0 0
v 0.70323 0.89136 0.69255
vn -0.99143 0.05253 0.11965
vt 1 0
v 0.70300 0.89010 0.68926
vn -0.99998 0.00584 -0.00223
vt 1 1
f 8953/8953/8953 8954/8954/8954 8955/8955/8955
usemtl green_off
v 0.70323 0.85214 0.70758
vn -0.99143 0.04084 0.12411
vt 0 0
v 0.70300 0.89010 0.68926
vn -0.99998 0.00584 -0.00223
vt 1 0
v 0.70300 0.85088 0.70428
vn -0.99998 -0.00584 0.00221
vt 1 1
f 8956/8956/8956 8957/8957/8957 8958/8958/8958
usemtl green_off
v 0.70300 0.85088 0.70428
vn -0.99998 -0.00584 0.00221
vt 0 0
v 0.70300 0.89010 0.68926
vn -0.99998 0.00584 -0.00223
vt 1 0
v 0.70323 0.88884 0.68597
vn -0.99143 -0.04084 -0.12412
vt 1 1
f 8959/8959/8959 8960/8960/8960 8961/8961/8961
usemtl green_off
v 0.70300 0.85088 0.70428
vn -0.99998 -0.00584 0.00221
vt 0 0
v 0.70323 0.88884 0.68597
vn -0.99143 -0.04084 -0.12412
vt 1 0
v 0.70323 0.84962 0.70099
vn -0.99142 -0.05253 -0.11966
vt 1 1
f 8962/8962/8962 8963/8963/8963 8964/8964/8964
usemtl green_off
v 0.70323 0.84962 0.70099
vn -0.99142 -0.05253 -0.11966
vt 0 0
v 0.70323 0.88884 0.68597
vn -0.99143 -0.04084 -0.12412
vt 1 0
v 0.70392 0.88761 0.68274
vn -0.96591 -0.08673 -0.24393
vt 1 1
f 8965/8965/8965 8966/8966/8966 8967/8967/8967
usemtl green_off
v 0.70323 0.84962 0.70099
vn -0.99142 -0.05253 -0.11966
vt 0 0
v 0.70392 0.88761 0.68274
vn -0.96591 -0.08673 -0.24393
vt 1 0
v 0.70392 0.84838 0.69776
vn -0.96591 -0.09841 -0.23946
vt 1 1
f 8968/8968/8968 8969/8969/8969 8970/8970/8970
usemtl green_off
v 0.70392 0.84838 0.69776
vn -0.96591 -0.09841 -0.23946
vt 0 0
v 0.70392 0.88761 0.68274
vn -0.96591 -0.08673 -0.24393
vt 1 0
v 0.70506 0.88641 0.67961
vn -0.92386 -0.13104 -0.35959
vt 1 1
f 8971/8971/8971 8972/8972/8972 8973/8973/8973
usemtl green_off
v 0.70392 0.84838 0.69776
vn -0.96591 -0.09841 -0.23946
vt 0 0
v 0.70506 0.88641 0.67961
vn -0.92386 -0.13104 -0.35959
vt 1 0
v 0.70506 0.84719 0.69464
vn -0.92388 -0.14268 -0.35509
vt 1 1
f 8974/8974/8974 8975/8975/8975 8976/8976/8976
usemtl green_off
v 0.70506 0.84719 0.69464
vn -0.92388 -0.14268 -0.35509
vt 0 0
v 0.70506 0.88641 0.67961
vn -0.92386 -0.13104 -0.35959
vt 1 0
v 0.70662 0.88528 0.67666
vn -0.86602 -0.17300 -0.46913
vt 1 1
f 8977/8977/8977 8978/8978/8978 8979/8979/8979
usemtl green_off
v 0.70506 0.84719 0.69464
vn -0.92388 -0.14268 -0.35509
vt 0 0
v 0.70662 0.88528 0.67666
vn -0.86602 -0.17300 -0.46913
vt 1 0
v 0.70662 0.84605 0.69168
vn -0.86601 -0.18464 -0.46469
vt 1 1
f 8980/8980/8980 8981/8981/8981 8982/8982/8982
usemtl green_off
v 0.70662 0.84605 0.69168
vn -0.86601 -0.18464 -0.46469
vt 0 0
v 0.70662 0.88528 0.67666
vn -0.86602 -0.17300 -0.46913
vt 1 0
v 0.70858 0.88423 0.67391
vn -0.79334 -0.21189 -0.57071
vt 1 1
f 8983/8983/8983 8984/8984/8984 8985/8985/8985
usemtl green_off
v 0.70662 0.84605 0.69168
vn -0.86601 -0.18464 -0.46469
vt 0 0
v 0.70858 0.88423 0.67391
vn -0.79334 -0.21189 -0.57071
vt 1 0
v 0.70858 0.84500 0.68894
vn -0.79334 -0.22355 -0.56624
vt 1 1
f 8986/8986/8986 8987/8987/8987 8988/8988/8988
usemtl green_off
v 0.70858 0.84500 0.68894
vn -0.79334 -0.22355 -0.56624
vt 0 0
v 0.70858 0.88423 0.67391
vn -0.79334 -0.21189 -0.57071
vt 1 0
v 0.71091 0.88328 0.67143
vn -0.70709 -0.24706 -0.66256
vt 1 1
f 8989/8989/8989 8990/8990/8990 8991/8991/8991
usemtl green_off
v 0.70858 0.84500 0.68894
vn -0.79334 -0.22355 -0.56624
vt 0 0
v 0.71091 0.88328 0.67143
vn -0.70709 -0.24706 -0.66256
vt 1 0
v 0.71091 0.84405 0.68646
vn -0.70709 -0.25874 -0.65809
vt 1 1
f 8992/8992/8992 8993/8993/8993 8994/8994/8994
usemtl green_off
v 0.71091 0.84405 0.68646
vn -0.70709 -0.25874 -0.65809
vt 0 0
v 0.71091 0.88328 0.67143
vn -0.70709 -0.24706 -0.66256
vt 1 0
v 0.71356 0.88244 0.66926
vn -0.60876 -0.27791 -0.74309
vt 1 1
f 8995/8995/8995 8996/8996/8996 8997/8997/8997
usemtl green_off
v 0.71091 0.84405 0.68646
vn -0.70709 -0.25874 -0.65809
vt 0 0
v 0.71356 0.88244 0.66926
vn -0.60876 -0.27791 -0.74309
vt 1 0
v 0.71356 0.84322 0.68428
vn -0.60874 -0.28959 -0.73863
vt 1 1
f 8998/8998/8998 8999/8999/8999 9000/9000/9000
usemtl green_off
v 0.71356 0.84322 0.68428
vn -0.60874 -0.28959 -0.73863
vt 0 0
v 0.71356 0.88244 0.66926
vn -0.60876 -0.27791 -0.74309
vt 1 0
v 0.71650 0.88174 0.66743
vn -0.50000 -0.30390 -0.81095
vt 1 1
f 9001/9001/9001 9002/9002/9002 9003/9003/9003
usemtl green_off
v 0.71356 0.84322 0.68428
vn -0.60874 -0.28959 -0.73863
vt 0 0
v 0.71650 0.88174 0.66743
vn -0.50000 -0.30390 -0.81095
vt 1 0
v 0.71650 0.84252 0.68245
vn -0.49998 -0.31557 -0.80649
vt 1 1
f 9004/9004/9004 9005/9005/9005 9006/9006/9006
usemtl green_off
v 0.71650 0.84252 0.68245
vn -0.49998 -0.31557 -0.80649
vt 0 0
v 0.71650 0.88174 0.66743
vn -0.50000 -0.30390 -0.81095
vt 1 0
v 0.71967 0.88118 0.66597
vn -0.38269 -0.32461 -0.86497
vt 1 1
f 9007/9007/9007 9008/9008/9008 9009/9009/9009
usemtl green_off
v 0.71650 0.84252 0.68245
vn -0.49998 -0.31557 -0.80649
vt 0 0
v 0.71967 0.88118 0.66597
vn -0.38269 -0.32461 -0.86497
vt 1 0
v 0.71967 0.84196 0.68099
vn -0.38267 -0.33626 -0.86052
vt 1 1
f 9010/9010/9010 9011/9011/9011 9012/9012/9012
usemtl green_off
v 0.71967 0.84196 0.68099
vn -0.38267 -0.33626 -0.86052
vt 0 0
v 0.71967 0.88118 0.66597
vn -0.38269 -0.32461 -0.86497
vt 1 0
v 0.72301 0.88078 0.66491
vn -0.25883 -0.33964 -0.90424
vt 1 1
f 9013/9013/9013 9014/9014/9014 9015/9015/9015
usemtl green_off
v 0.71967 0.84196 0.68099
vn -0.38267 -0.33626 -0.86052
vt 0 0
v 0.72301 0.88078 0.66491
vn -0.25883 -0.33964 -0.90424
vt 1 0
v 0.72301 0.84155 0.67993
vn -0.25880 -0.35130 -0.89978
vt 1 1
f 9016/9016/9016 9017/9017/9017 9018/9018/9018
usemtl green_off
v 0.72301 0.84155 0.67993
vn -0.25880 -0.35130 -0.89978
vt 0 0
v 0.72301 0.88078 0.66491
vn -0.25883 -0.33964 -0.90424
vt 1 0
v 0.72648 0.88053 0.66426
vn -0.13053 -0.34876 -0.92808
vt 1 1
f 9019/9019/9019 9020/9020/9020 9021/9021/9021
usemtl green_off
v 0.72301 0.84155 0.67993
vn -0.25880 -0.35130 -0.89978
vt 0 0
v 0.72648 0.88053 0.66426
vn -0.13053 -0.34876 -0.92808
vt 1 0
v 0.72648 0.84131 0.67929
vn -0.13051 -0.36043 -0.92361
vt 1 1
f 9022/9022/9022 9023/9023/9023 9024/9024/9024
usemtl green_off
v 0.72648 0.84131 0.67929
vn -0.13051 -0.36043 -0.92361
vt 0 0
v 0.72648 0.88053 0.66426
vn -0.13053 -0.34876 -0.92808
vt 1 0
v 0.73000 0.88045 0.66405
vn -0.00001 -0.35182 -0.93607
vt 1 1
f 9025/9025/9025 9026/9026/9026 9027/9027/9027
usemtl green_off
v 0.72648 0.84131 0.67929
vn -0.13051 -0.36043 -0.92361
vt 0 0
v 0.73000 0.88045 0.66405
vn -0.00001 -0.35182 -0.93607
vt 1 0
v 0.73000 0.84123 0.67907
vn 0.00001 -0.36348 -0.93160
vt 1 1
f 9028/9028/9028 9029/9029/9029 9030/9030/9030
usemtl green_off
v 0.73000 0.84123 0.67907
vn 0.00001 -0.36348 -0.93160
vt 0 0
v 0.73000 0.88045 0.66405
vn -0.00001 -0.35182 -0.93607
vt 1 0
v 0.73352 0.88053 0.66426
vn 0.13052 -0.34876 -0.92808
vt 1 1
f 9031/9031/9031 9032/9032/9032 9033/9033/9033
usemtl green_off
v 0.73000 0.84123 0.67907
vn 0.00001 -0.36348 -0.93160
vt 0 0
v 0.73352 0.88053 0.66426
vn 0.13052 -0.34876 -0.92808
vt 1 0
v 0.73352 0.84131 0.67929
vn 0.13053 -0.36042 -0.92361
vt 1 1
f 9034/9034/9034 9035/9035/9035 9036/9036/9036
usemtl green_off
v 0.73352 0.84131 0.67929
vn 0.13053 -0.36042 -0.92361
vt 0 0
v 0.73352 0.88053 0.66426
vn 0.13052 -0.34876 -0.92808
vt 1 0
v 0.73699 0.88078 0.66491
vn 0.25881 -0.33963 -0.90425
vt 1 1
f 9037/9037/9037 9038/9038/9038 9039/9039/9039
usemtl green_off
v 0.73352 0.84131 0.67929
vn 0.13053 -0.36042 -0.92361
vt 0 0
v 0.73699 0.88078 0.66491
vn 0.25881 -0.33963 -0.90425
vt 1 0
v 0.73699 0.84155 0.67993
vn 0.25885 -0.35130 -0.89977
vt 1 1
f 9040/9040/9040 9041/9041/9041 9042/9042/9042
usemtl green_off
v 0.73699 0.84155 0.67993
vn 0.25885 -0.35130 -0.89977
vt 0 0
v 0.73699 0.88078 0.66491
vn 0.25881 -0.33963 -0.90425
vt 1 0
v 0.74033 0.88118 0.66597
vn 0.38268 -0.32460 -0.86498
vt 1 1
f 9043/9043/9043 9044/9044/9044 9045/9045/9045
usemtl green_off
v 0.73699 0.84155 0.67993
vn 0.25885 -0.35130 -0.89977
vt 0 0
v 0.74033 0.88118 0.66597
vn 0.38268 -0.32460 -0.86498
vt 1 0
v 0.74033 0.84196 0.68099
vn 0.38270 -0.33626 -0.86051
vt 1 1
f 9046/9046/9046 9047/9047/9047 9048/9048/9048
usemtl green_off
v 0.74033 0.84196 0.68099
vn 0.38270 -0.33626 -0.86051
vt 0 0
v 0.74033 0.88118 0.66597
vn 0.38268 -0.32460 -0.86498
vt 1 0
v 0.74350 0.88174 0.66743
vn 0.49999 -0.30391 -0.81095
vt 1 1
f 9049/9049/9049 9050/9050/9050 9051/9051/9051
usemtl green_off
v 0.74033 0.84196 0.68099
vn 0.38270 -0.33626 -0.86051
vt 0 0
v 0.74350 0.88174 0.66743
vn 0.49999 -0.30391 -0.81095
vt 1 0
v 0.74350 0.84252 0.68245
vn 0.50001 -0.31557 -0.80648
vt 1 1
f 9052/9052/9052 9053/9053/9053 9054/9054/9054
usemtl green_off
v 0.74350 0.84252 0.68245
vn 0.50001 -0.31557 -0.80648
vt 0 0
v 0.74350 0.88174 0.66743
vn 0.49999 -0.30391 -0.81095
vt 1 0
v 0.74644 0.88244 0.66926
vn 0.60874 -0.27791 -0.74310
vt 1 1
f 9055/9055/9055 9056/9056/9056 9057/9057/9057
usemtl green_off
v 0.74350 0.84252 0.68245
vn 0.50001 -0.31557 -0.80648
vt 0 0
v 0.74644 0.88244 0.66926
vn 0.60874 -0.27791 -0.74310
vt 1 0
v 0.74644 0.84322 0.68428
vn 0.60876 -0.28959 -0.73862
vt 1 1
f 9058/9058/9058 9059/9059/9059 9060/9060/9060
usemtl green_off
v 0.74644 0.84322 0.68428
vn 0.60876 -0.28959 -0.73862
vt 0 0
v 0.74644 0.88244 0.66926
vn 0.60874 -0.27791 -0.74310
vt 1 0
v 0.74909 0.88328 0.67143
vn 0.70709 -0.24706 -0.66256
vt 1 1
f 9061/9061/9061 9062/9062/9062 9063/9063/9063
usemtl green_off
v 0.74644 0.84322 0.68428
vn 0.60876 -0.28959 -0.73862
vt 0 0
v 0.74909 0.88328 0.67143
vn 0.70709 -0.24706 -0.66256
vt 1 0
v 0.74909 0.84405 0.68646
vn 0.70710 -0.25874 -0.65807
vt 1 1
f 9064/9064/9064 9065/9065/9065 9066/9066/9066
usemtl green_off
v 0.74909 0.84405 0.68646
vn 0.70710 -0.25874 -0.65807
vt 0 0
v 0.74909 0.88328 0.67143
vn 0.70709 -0.24706 -0.66256
vt 1 0
v 0.75142 0.88423 0.67391
vn 0.79334 -0.21190 -0.57071
vt 1 1
f 9067/9067/9067 9068/9068/9068 9069/9069/9069
usemtl green_off
v 0.74909 0.84405 0.68646
vn 0.70710 -0.25874 -0.65807
vt 0 0
v 0.75142 0.88423 0.67391
vn 0.79334 -0.21190 -0.57071
vt 1 0
v 0.75142 0.84500 0.68894
vn 0.79335 -0.22354 -0.56623
vt 1 1
f 9070/9070/9070 9071/9071/9071 9072/9072/9072
usemtl green_off
v 0.75142 0.84500 0.68894
vn 0.79335 -0.22354 -0.56623
vt 0 0
v 0.75142 0.88423 0.67391
vn 0.79334 -0.21190 -0.57071
vt 1 0
v 0.75338 0.88528 0.67666
vn 0.86601 -0.17300 -0.46914
vt 1 1
f 9073/9073/9073 9074/9074/9074 9075/9075/9075
usemtl green_off
v 0.75142 0.84500 0.68894
vn 0.79335 -0.22354 -0.56623
vt 0 0
v 0.75338 0.88528 0.67666
vn 0.86601 -0.17300 -0.46914
vt 1 0
v 0.75338 0.84605 0.69168
vn 0.86603 -0.18463 -0.46465
vt 1 1
f 9076/9076/9076 9077/9077/9077 9078/9078/9078
usemtl green_off
v 0.75338 0.84605 0.69168
vn 0.86603 -0.18463 -0.46465
vt 0 0
v 0.75338 0.88528 0.67666
vn 0.86601 -0.17300 -0.46914
vt 1 0
v 0.75494 0.88641 0.67961
vn 0.92386 -0.13104 -0.35960
vt 1 1
f 9079/9079/9079 9080/9080/9080 9081/9081/9081
usemtl green_off
v 0.75338 0.84605 0.69168
vn 0.86603 -0.18463 -0.46465
vt 0 0
v 0.75494 0.88641 0.67961
vn 0.92386 -0.13104 -0.35960
vt 1 0
v 0.75494 0.84719 0.69464
vn 0.92388 -0.14269 -0.35509
vt 1 1
f 9082/9082/9082 9083/9083/9083 9084/9084/9084
usemtl green_off
v 0.75494 0.84719 0.69464
vn 0.92388 -0.14269 -0.35509
vt 0 0
v 0.75494 0.88641 0.67961
vn 0.92386 -0.13104 -0.35960
vt 1 0
v 0.75608 0.88761 0.68274
vn 0.96591 -0.08673 -0.24393
vt 1 1
f 9085/9085/9085 9086/9086/9086 9087/9087/9087
usemtl green_off
v 0.75494 0.84719 0.69464
vn 0.92388 -0.14269 -0.35509
vt 0 0
v 0.75608 0.88761 0.68274
vn 0.96591 -0.08673 -0.24393
vt 1 0
v 0.75608 0.84838 0.69776
vn 0.96591 -0.09840 -0.23944
vt 1 1
f 9088/9088/9088 9089/9089/9089 9090/9090/9090
usemtl green_off
v 0.75608 0.84838 0.69776
vn 0.96591 -0.09840 -0.23944
vt 0 0
v 0.75608 0.88761 0.68274
vn 0.96591 -0.08673 -0.24393
vt 1 0
v 0.75677 0.88884 0.68597
vn 0.99142 -0.04084 -0.12413
vt 1 1
f 9091/9091/9091 9092/9092/9092 9093/9093/9093
usemtl green_off
v 0.75608 0.84838 0.69776
vn 0.96591 -0.09840 -0.23944
vt 0 0
v 0.75677 0.88884 0.68597
vn 0.99142 -0.04084 -0.12413
vt 1 0
v 0.75677 0.84962 0.70099
vn 0.99143 -0.05252 -0.11964
vt 1 1
f 9094/9094/9094 9095/9095/9095 9096/9096/9096
usemtl green_off
v 0.75677 0.84962 0.70099
vn 0.99143 -0.05252 -0.11964
vt 0 0
v 0.75677 0.88884 0.68597
vn 0.99142 -0.04084 -0.12413
vt 1 0
v 0.75700 0.89010 0.68926
vn 0.99998 0.00584 -0.00225
vt 1 1
f 9097/9097/9097 9098/9098/9098 9099/9099/9099
usemtl green_off
v 0.75677 0.84962 0.70099
vn 0.99143 -0.05252 -0.11964
vt 0 0
v 0.75700 0.89010 0.68926
vn 0.99998 0.00584 -0.00225
vt 1 0
v 0.75700 0.85088 0.70428
vn 0.99998 -0.00584 0.00225
vt 1 1
f 9100/9100/9100 9101/9101/9101 9102/9102/9102
usemtl green_off
v 0.75700 0.85088 0.70428
vn 0.99998 -0.00584 0.00225
vt 0 0
v 0.75700 0.89010 0.68926
vn 0.99998 0.00584 -0.00225
vt 1 0
v 0.75677 0.89136 0.69255
vn 0.99143 0.05252 0.11964
vt 1 1
f 9103/9103/9103 9104/9104/9104 9105/9105/9105
usemtl green_off
v 0.75700 0.85088 0.70428
vn 0.99998 -0.00584 0.00225
vt 0 0
v 0.75677 0.89136 0.69255
vn 0.99143 0.05252 0.11964
vt 1 0
v 0.75677 0.85214 0.70758
vn 0.99142 0.04085 0.12414
vt 1 1
f 9106/9106/9106 9107/9107/9107 9108/9108/9108
usemtl green_off
v 0.75677 0.85214 0.70758
vn 0.99142 0.04085 0.12414
vt 0 0
v 0.75677 0.89136 0.69255
vn 0.99143 0.05252 0.11964
vt 1 0
v 0.75608 0.89260 0.69579
vn 0.96591 0.09841 0.23945
vt 1 1
f 9109/9109/9109 9110/9110/9110 9111/9111/9111
usemtl green_off
v 0.75677 0.85214 0.70758
vn 0.99142 0.04085 0.12414
vt 0 0
v 0.75608 0.89260 0.69579
vn 0.96591 0.09841 0.23945
vt 1 0
v 0.75608 0.85338 0.71081
vn 0.96590 0.08673 0.24394
vt 1 1
f 9112/9112/9112 9113/9113/9113 9114/9114/9114
usemtl green_off
v 0.75608 0.85338 0.71081
vn 0.96590 0.08673 0.24394
vt 0 0
v 0.75608 0.89260 0.69579
vn 0.96591 0.09841 0.23945
vt 1 0
v 0.75494 0.89380 0.69891
vn 0.92386 0.14270 0.35512
vt 1 1
f 9115/9115/9115 9116/9116/9116 9117/9117/9117
usemtl green_off
v 0.75608 0.85338 0.71081
vn 0.96590 0.08673 0.24394
vt 0 0
v 0.75494 0.89380 0.69891
vn 0.92386 0.14270 0.35512
vt 1 0
v 0.75494 0.85458 0.71393
vn 0.92387 0.13103 0.35957
vt 1 1
f 9118/9118/9118 9119/9119/9119 9120/9120/9120
usemtl green_off
v 0.75494 0.85458 0.71393
vn 0.92387 0.13103 0.35957
vt 0 0
v 0.75494 0.89380 0.69891
vn 0.92386 0.14270 0.35512
vt 1 0
v 0.75338 0.89493 0.70187
vn 0.86601 0.18465 0.46468
vt 1 1
f 9121/9121/9121 9122/9122/9122 9123/9123/9123
usemtl green_off
v 0.75494 0.85458 0.71393
vn 0.92387 0.13103 0.35957
vt 0 0
v 0.75338 0.89493 0.70187
vn 0.86601 0.18465 0.46468
vt 1 0
v 0.75338 0.85571 0.71689
vn 0.86601 0.17301 0.46915
vt 1 1
f 9124/9124/9124 9125/9125/9125 9126/9126/9126
usemtl green_off
v 0.75338 0.85571 0.71689
vn 0.86601 0.17301 0.46915
vt 0 0
v 0.75338 0.89493 0.70187
vn 0.86601 0.18465 0.46468
vt 1 0
v 0.75142 0.89598 0.70461
vn 0.79335 0.22355 0.56624
vt 1 1
f 9127/9127/9127 9128/9128/9128 9129/9129/9129
usemtl green_off
v 0.75338 0.85571 0.71689
vn 0.86601 0.17301 0.46915
vt 0 0
v 0.75142 0.89598 0.70461
vn 0.79335 0.22355 0.56624
vt 1 0
v 0.75142 0.85676 0.71963
vn 0.79333 0.21190 0.57072
vt 1 1
f 9130/9130/9130 9131/9131/9131 9132/9132/9132
usemtl green_off
v 0.75142 0.85676 0.71963
vn 0.79333 0.21190 0.57072
vt 0 0
v 0.75142 0.89598 0.70461
vn 0.79335 0.22355 0.56624
vt 1 0
v 0.74909 0.89693 0.70709
vn 0.70709 0.25874 0.65808
vt 1 1
f 9133/9133/9133 9134/9134/9134 9135/9135/9135
usemtl green_off
v 0.75142 0.85676 0.71963
vn 0.79333 0.21190 0.57072
vt 0 0
v 0.74909 0.89693 0.70709
vn 0.70709 0.25874 0.65808
vt 1 0
v 0.74909 0.85771 0.72211
vn 0.70708 0.24706 0.66257
vt 1 1
f 9136/9136/9136 9137/9137/9137 9138/9138/9138
usemtl green_off
v 0.74909 0.85771 0.72211
vn 0.70708 0.24706 0.66257
vt 0 0
v 0.74909 0.89693 0.70709
vn 0.70709 0.25874 0.65808
vt 1 0
v 0.74644 0.89777 0.70927
vn 0.60875 0.28958 0.73862
vt 1 1
f 9139/9139/9139 9140/9140/9140 9141/9141/9141
usemtl green_off
v 0.74909 0.85771 0.72211
vn 0.70708 0.24706 0.66257
vt 0 0
v 0.74644 0.89777 0.70927
vn 0.60875 0.28958 0.73862
vt 1 0
v 0.74644 0.85854 0.72429
vn 0.60873 0.27791 0.74311
vt 1 1
f 9142/9142/9142 9143/9143/9143 9144/9144/9144
usemtl green_off
v 0.74644 0.85854 0.72429
vn 0.60873 0.27791 0.74311
vt 0 0
v 0.74644 0.89777 0.70927
vn 0.60875 0.28958 0.73862
vt 1 0
v 0.74350 0.89847 0.71110
vn 0.50000 0.31557 0.80648
vt 1 1
f 9145/9145/9145 9146/9146/9146 9147/9147/9147
usemtl green_off
v 0.74644 0.85854 0.72429
vn 0.60873 0.27791 0.74311
vt 0 0
v 0.74350 0.89847 0.71110
vn 0.50000 0.31557 0.80648
vt 1 0
v 0.74350 0.85925 0.72612
vn 0.49999 0.30391 0.81096
vt 1 1
f 9148/9148/9148 9149/9149/9149 9150/9150/9150
usemtl green_off
v 0.74350 0.85925 0.72612
vn 0.49999 0.30391 0.81096
vt 0 0
v 0.74350 0.89847 0.71110
vn 0.50000 0.31557 0.80648
vt 1 0
v 0.74033 0.89903 0.71256
vn 0.38269 0.33626 0.86051
vt 1 1
f 9151/9151/9151 9152/9152/9152 9153/9153/9153
usemtl green_off
v 0.74350 0.85925 0.72612
vn 0.49999 0.30391 0.81096
vt 0 0
v 0.74033 0.89903 0.71256
vn 0.38269 0.33626 0.86051
vt 1 0
v 0.74033 0.85980 0.72758
vn 0.38268 0.32460 0.86498
vt 1 1
f 9154/9154/9154 9155/9155/9155 9156/9156/9156
usemtl green_off
v 0.74033 0.85980 0.72758
vn 0.38268 0.32460 0.86498
vt 0 0
v 0.74033 0.89903 0.71256
vn 0.38269 0.33626 0.86051
vt 1 0
v 0.73699 0.89943 0.71362
vn 0.25881 0.35131 0.89978
vt 1 1
f 9157/9157/9157 9158/9158/9158 9159/9159/9159
usemtl green_off
v 0.74033 0.85980 0.72758
vn 0.38268 0.32460 0.86498
vt 0 0
v 0.73699 0.89943 0.71362
vn 0.25881 0.35131 0.89978
vt 1 0
v 0.73699 0.86021 0.72864
vn 0.25880 0.33964 0.90425
vt 1 1
f 9160/9160/9160 9161/9161/9161 9162/9162/9162
usemtl green_off
v 0.73699 0.86021 0.72864
vn 0.25880 0.33964 0.90425
vt 0 0
v 0.73699 0.89943 0.71362
vn 0.25881 0.35131 0.89978
vt 1 0
v 0.73352 0.89968 0.71426
vn 0.13052 0.36043 0.92361
vt 1 1
f 9163/9163/9163 9164/9164/9164 9165/9165/9165
usemtl green_off
v 0.73699 0.86021 0.72864
vn 0.25880 0.33964 0.90425
vt 0 0
v 0.73352 0.89968 0.71426
vn 0.13052 0.36043 0.92361
vt 1 0
v 0.73352 0.86046 0.72928
vn 0.13051 0.34876 0.92808
vt 1 1
f 9166/9166/9166 9167/9167/9167 9168/9168/9168
usemtl green_off
v 0.73000 0.85839 0.72390
vn -0.00000 0.35194 0.93602
vt 0 0
v 0.72726 0.85833 0.72373
vn -0.13053 0.34887 0.92804
vt 1 0
v 0.72729 0.85730 0.72384
vn -0.11320 -0.15744 0.98102
vt 1 1
f 9169/9169/9169 9170/9170/9170 9171/9171/9171
usemtl green_off
v 0.73000 0.85839 0.72390
vn -0.00000 0.35194 0.93602
vt 0 0
v 0.72729 0.85730 0.72384
vn -0.11320 -0.15744 0.98102
vt 1 0
v 0.73000 0.85736 0.72400
vn -0.00001 -0.15477 0.98795
vt 1 1
f 9172/9172/9172 9173/9173/9173 9174/9174/9174
usemtl green_off
v 0.73000 0.85736 0.72400
vn -0.00002 -0.15493 0.98792
vt 0 0
v 0.72729 0.85730 0.72384
vn -0.11318 -0.15759 0.98100
vt 1 0
v 0.72739 0.85636 0.72342
vn -0.06580 -0.62761 0.77574
vt 1 1
f 9175/9175/9175 9176/9176/9176 9177/9177/9177
usemtl green_off
v 0.73000 0.85736 0.72400
vn -0.00002 -0.15493 0.98792
vt 0 0
v 0.72739 0.85636 0.72342
vn -0.06580 -0.62761 0.77574
vt 1 0
v 0.73000 0.85642 0.72358
vn -0.00003 -0.62607 0.77977
vt 1 1
f 9178/9178/9178 9179/9179/9179 9180/9180/9180
usemtl green_off
v 0.73000 0.85642 0.72358
vn -0.00001 -0.62610 0.77974
vt 0 0
v 0.72739 0.85636 0.72342
vn -0.06581 -0.62764 0.77571
vt 1 0
v 0.72752 0.85575 0.72259
vn -0.00016 -0.93340 0.35884
vt 1 1
f 9181/9181/9181 9182/9182/9182 9183/9183/9183
usemtl green_off
v 0.73000 0.85642 0.72358
vn -0.00001 -0.62610 0.77974
vt 0 0
v 0.72752 0.85575 0.72259
vn -0.00016 -0.93340 0.35884
vt 1 0
v 0.73000 0.85581 0.72274
vn -0.00001 -0.93340 0.35885
vt 1 1
f 9184/9184/9184 9185/9185/9185 9186/9186/9186
usemtl green_off
v 0.72726 0.89802 0.70853
vn -0.13050 0.36035 0.92364
vt 0 0
v 0.73000 0.89808 0.70869
vn 0.00001 0.36340 0.93163
vt 1 0
v 0.73000 0.89892 0.70809
vn 0.00002 0.77517 0.63176
vt 1 1
f 9187/9187/9187 9188/9188/9188 9189/9189/9189
usemtl green_off
v 0.72726 0.89802 0.70853
vn -0.13050 0.36035 0.92364
vt 0 0
v 0.73000 0.89892 0.70809
vn 0.00002 0.77517 0.63176
vt 1 0
v 0.72729 0.89886 0.70792
vn -0.11315 0.77252 0.62483
vt 1 1
f 9190/9190/9190 9191/9191/9191 9192/9192/9192
usemtl green_off
v 0.72729 0.89886 0.70792
vn -0.11318 0.77256 0.62477
vt 0 0
v 0.73000 0.89892 0.70809
vn -0.00002 0.77522 0.63169
vt 1 0
v 0.73000 0.89934 0.70714
vn -0.00004 0.98678 0.16209
vt 1 1
f 9193/9193/9193 9194/9194/9194 9195/9195/9195
usemtl green_off
v 0.72729 0.89886 0.70792
vn -0.11318 0.77256 0.62477
vt 0 0
v 0.73000 0.89934 0.70714
vn -0.00004 0.98678 0.16209
vt 1 0
v 0.72739 0.89928 0.70698
vn -0.06581 0.98524 0.15805
vt 1 1
f 9196/9196/9196 9197/9197/9197 9198/9198/9198
usemtl green_off
v 0.72739 0.89928 0.70698
vn -0.06580 0.98525 0.15798
vt 0 0
v 0.73000 0.89934 0.70714
vn 0.00000 0.98679 0.16200
vt 1 0
v 0.73000 0.89923 0.70611
vn 0.00001 0.93430 -0.35648
vt 1 1
f 9199/9199/9199 9200/9200/9200 9201/9201/9201
usemtl green_off
v 0.72739 0.89928 0.70698
vn -0.06580 0.98525 0.15798
vt 0 0
v 0.73000 0.89923 0.70611
vn 0.00001 0.93430 -0.35648
vt 1 0
v 0.72752 0.89917 0.70596
vn -0.00014 0.93430 -0.35649
vt 1 1
f 9202/9202/9202 9203/9203/9203 9204/9204/9204
usemtl green_off
v 0.72726 0.85833 0.72373
vn -0.13053 0.34887 0.92804
vt 0 0
v 0.72456 0.85814 0.72323
vn -0.25882 0.33973 0.90421
vt 1 0
v 0.72463 0.85711 0.72334
vn -0.22445 -0.16538 0.96035
vt 1 1
f 9205/9205/9205 9206/9206/9206 9207/9207/9207
usemtl green_off
v 0.72726 0.85833 0.72373
vn -0.13053 0.34887 0.92804
vt 0 0
v 0.72463 0.85711 0.72334
vn -0.22445 -0.16538 0.96035
vt 1 0
v 0.72729 0.85730 0.72384
vn -0.11320 -0.15744 0.98102
vt 1 1
f 9208/9208/9208 9209/9209/9209 9210/9210/9210
usemtl green_off
v 0.72729 0.85730 0.72384
vn -0.11323 -0.15757 0.98099
vt 0 0
v 0.72463 0.85711 0.72334
vn -0.22445 -0.16548 0.96033
vt 1 0
v 0.72482 0.85617 0.72294
vn -0.13052 -0.63220 0.76373
vt 1 1
f 9211/9211/9211 9212/9212/9212 9213/9213/9213
usemtl green_off
v 0.72729 0.85730 0.72384
vn -0.11323 -0.15757 0.98099
vt 0 0
v 0.72482 0.85617 0.72294
vn -0.13052 -0.63220 0.76373
vt 1 0
v 0.72739 0.85636 0.72342
vn -0.06588 -0.62760 0.77574
vt 1 1
f 9214/9214/9214 9215/9215/9215 9216/9216/9216
usemtl green_off
v 0.72739 0.85636 0.72342
vn -0.06584 -0.62766 0.77570
vt 0 0
v 0.72482 0.85617 0.72294
vn -0.13052 -0.63226 0.76369
vt 1 0
v 0.72508 0.85558 0.72213
vn -0.00034 -0.93342 0.35879
vt 1 1
f 9217/9217/9217 9218/9218/9218 9219/9219/9219
usemtl green_off
v 0.72739 0.85636 0.72342
vn -0.06584 -0.62766 0.77570
vt 0 0
v 0.72508 0.85558 0.72213
vn -0.00034 -0.93342 0.35879
vt 1 0
v 0.72752 0.85575 0.72259
vn -0.00019 -0.93341 0.35882
vt 1 1
f 9220/9220/9220 9221/9221/9221 9222/9222/9222
usemtl green_off
v 0.72456 0.89783 0.70803
vn -0.25880 0.35121 0.89982
vt 0 0
v 0.72726 0.89802 0.70853
vn -0.13050 0.36035 0.92364
vt 1 0
v 0.72729 0.89886 0.70792
vn -0.11315 0.77252 0.62483
vt 1 1
f 9223/9223/9223 9224/9224/9224 9225/9225/9225
usemtl green_off
v 0.72456 0.89783 0.70803
vn -0.25880 0.35121 0.89982
vt 0 0
v 0.72729 0.89886 0.70792
vn -0.11315 0.77252 0.62483
vt 1 0
v 0.72463 0.89867 0.70743
vn -0.22443 0.76459 0.60418
vt 1 1
f 9226/9226/9226 9227/9227/9227 9228/9228/9228
usemtl green_off
v 0.72463 0.89867 0.70743
vn -0.22444 0.76463 0.60413
vt 0 0
v 0.72729 0.89886 0.70792
vn -0.11322 0.77255 0.62478
vt 1 0
v 0.72739 0.89928 0.70698
vn -0.06588 0.98523 0.15808
vt 1 1
f 9229/9229/9229 9230/9230/9230 9231/9231/9231
usemtl green_off
v 0.72463 0.89867 0.70743
vn -0.22444 0.76463 0.60413
vt 0 0
v 0.72739 0.89928 0.70698
vn -0.06588 0.98523 0.15808
vt 1 0
v 0.72482 0.89910 0.70650
vn -0.13052 0.98063 0.14606
vt 1 1
f 9232/9232/9232 9233/9233/9233 9234/9234/9234
usemtl green_off
v 0.72482 0.89910 0.70650
vn -0.13048 0.98065 0.14594
vt 0 0
v 0.72739 0.89928 0.70698
vn -0.06581 0.98525 0.15795
vt 1 0
v 0.72752 0.89917 0.70596
vn -0.00015 0.93429 -0.35652
vt 1 1
f 9235/9235/9235 9236/9236/9236 9237/9237/9237
usemtl green_off
v 0.72482 0.89910 0.70650
vn -0.13048 0.98065 0.14594
vt 0 0
v 0.72752 0.89917 0.70596
vn -0.00015 0.93429 -0.35652
vt 1 0
v 0.72508 0.89900 0.70550
vn -0.00030 0.93428 -0.35654
vt 1 1
f 9238/9238/9238 9239/9239/9239 9240/9240/9240
usemtl green_off
v 0.72456 0.85814 0.72323
vn -0.25882 0.33973 0.90421
vt 0 0
v 0.72196 0.85782 0.72240
vn -0.38270 0.32469 0.86494
vt 1 0
v 0.72207 0.85680 0.72253
vn -0.33187 -0.17843 0.92630
vt 1 1
f 9241/9241/9241 9242/9242/9242 9243/9243/9243
usemtl green_off
v 0.72456 0.85814 0.72323
vn -0.25882 0.33973 0.90421
vt 0 0
v 0.72207 0.85680 0.72253
vn -0.33187 -0.17843 0.92630
vt 1 0
v 0.72463 0.85711 0.72334
vn -0.22445 -0.16538 0.96035
vt 1 1
f 9244/9244/9244 9245/9245/9245 9246/9246/9246
usemtl green_off
v 0.72463 0.85711 0.72334
vn -0.22446 -0.16547 0.96033
vt 0 0
v 0.72207 0.85680 0.72253
vn -0.33185 -0.17851 0.92629
vt 1 0
v 0.72235 0.85587 0.72216
vn -0.19296 -0.63977 0.74395
vt 1 1
f 9247/9247/9247 9248/9248/9248 9249/9249/9249
usemtl green_off
v 0.72463 0.85711 0.72334
vn -0.22446 -0.16547 0.96033
vt 0 0
v 0.72235 0.85587 0.72216
vn -0.19296 -0.63977 0.74395
vt 1 0
v 0.72482 0.85617 0.72294
vn -0.13055 -0.63219 0.76373
vt 1 1
f 9250/9250/9250 9251/9251/9251 9252/9252/9252
usemtl green_off
v 0.72482 0.85617 0.72294
vn -0.13051 -0.63225 0.76370
vt 0 0
v 0.72235 0.85587 0.72216
vn -0.19294 -0.63983 0.74390
vt 1 0
v 0.72273 0.85529 0.72139
vn -0.00047 -0.93343 0.35876
vt 1 1
f 9253/9253/9253 9254/9254/9254 9255/9255/9255
usemtl green_off
v 0.72482 0.85617 0.72294
vn -0.13051 -0.63225 0.76370
vt 0 0
v 0.72273 0.85529 0.72139
vn -0.00047 -0.93343 0.35876
vt 1 0
v 0.72508 0.85558 0.72213
vn -0.00032 -0.93341 0.35881
vt 1 1
f 9256/9256/9256 9257/9257/9257 9258/9258/9258
usemtl green_off
v 0.72196 0.89751 0.70720
vn -0.38267 0.33617 0.86055
vt 0 0
v 0.72456 0.89783 0.70803
vn -0.25880 0.35121 0.89982
vt 1 0
v 0.72463 0.89867 0.70743
vn -0.22443 0.76459 0.60418
vt 1 1
f 9259/9259/9259 9260/9260/9260 9261/9261/9261
usemtl green_off
v 0.72196 0.89751 0.70720
vn -0.38267 0.33617 0.86055
vt 0 0
v 0.72463 0.89867 0.70743
vn -0.22443 0.76459 0.60418
vt 1 0
v 0.72207 0.89836 0.70661
vn -0.33185 0.75155 0.57013
vt 1 1
f 9262/9262/9262 9263/9263/9263 9264/9264/9264
usemtl green_off
v 0.72207 0.89836 0.70661
vn -0.33184 0.75161 0.57006
vt 0 0
v 0.72463 0.89867 0.70743
vn -0.22445 0.76465 0.60410
vt 1 0
v 0.72482 0.89910 0.70650
vn -0.13054 0.98063 0.14602
vt 1 1
f 9265/9265/9265 9266/9266/9266 9267/9267/9267
usemtl green_off
v 0.72207 0.89836 0.70661
vn -0.33184 0.75161 0.57006
vt 0 0
v 0.72482 0.89910 0.70650
vn -0.13054 0.98063 0.14602
vt 1 0
v 0.72235 0.89880 0.70572
vn -0.19295 0.97305 0.12625
vt 1 1
f 9268/9268/9268 9269/9269/9269 9270/9270/9270
usemtl green_off
v 0.72235 0.89880 0.70572
vn -0.19295 0.97307 0.12613
vt 0 0
v 0.72482 0.89910 0.70650
vn -0.13052 0.98065 0.14592
vt 1 0
v 0.72508 0.89900 0.70550
vn -0.00033 0.93428 -0.35655
vt 1 1
f 9271/9271/9271 9272/9272/9272 9273/9273/9273
usemtl green_off
v 0.72235 0.89880 0.70572
vn -0.19295 0.97307 0.12613
vt 0 0
v 0.72508 0.89900 0.70550
vn -0.00033 0.93428 -0.35655
vt 1 0
v 0.72273 0.89872 0.70476
vn -0.00048 0.93426 -0.35660
vt 1 1
f 9274/9274/9274 9275/9275/9275 9276/9276/9276
usemtl green_off
v 0.72196 0.85782 0.72240
vn -0.38270 0.32469 0.86494
vt 0 0
v 0.71950 0.85739 0.72127
vn -0.49999 0.30400 0.81092
vt 1 0
v 0.71963 0.85637 0.72141
vn -0.43359 -0.19637 0.87945
vt 1 1
f 9277/9277/9277 9278/9278/9278 9279/9279/9279
usemtl green_off
v 0.72196 0.85782 0.72240
vn -0.38270 0.32469 0.86494
vt 0 0
v 0.71963 0.85637 0.72141
vn -0.43359 -0.19637 0.87945
vt 1 0
v 0.72207 0.85680 0.72253
vn -0.33187 -0.17843 0.92630
vt 1 1
f 9280/9280/9280 9281/9281/9281 9282/9282/9282
usemtl green_off
v 0.72207 0.85680 0.72253
vn -0.33188 -0.17853 0.92628
vt 0 0
v 0.71963 0.85637 0.72141
vn -0.43358 -0.19647 0.87944
vt 1 0
v 0.72000 0.85546 0.72108
vn -0.25212 -0.65021 0.71670
vt 1 1
f 9283/9283/9283 9284/9284/9284 9285/9285/9285
usemtl green_off
v 0.72207 0.85680 0.72253
vn -0.33188 -0.17853 0.92628
vt 0 0
v 0.72000 0.85546 0.72108
vn -0.25212 -0.65021 0.71670
vt 1 0
v 0.72235 0.85587 0.72216
vn -0.19301 -0.63979 0.74392
vt 1 1
f 9286/9286/9286 9287/9287/9287 9288/9288/9288
usemtl green_off
v 0.72235 0.85587 0.72216
vn -0.19298 -0.63983 0.74389
vt 0 0
v 0.72000 0.85546 0.72108
vn -0.25212 -0.65026 0.71666
vt 1 0
v 0.72050 0.85490 0.72036
vn -0.00064 -0.93346 0.35869
vt 1 1
f 9289/9289/9289 9290/9290/9290 9291/9291/9291
usemtl green_off
v 0.72235 0.85587 0.72216
vn -0.19298 -0.63983 0.74389
vt 0 0
v 0.72050 0.85490 0.72036
vn -0.00064 -0.93346 0.35869
vt 1 0
v 0.72273 0.85529 0.72139
vn -0.00051 -0.93343 0.35875
vt 1 1
f 9292/9292/9292 9293/9293/9293 9294/9294/9294
usemtl green_off
v 0.71950 0.89708 0.70607
vn -0.49999 0.31549 0.80652
vt 0 0
v 0.72196 0.89751 0.70720
vn -0.38267 0.33617 0.86055
vt 1 0
v 0.72207 0.89836 0.70661
vn -0.33185 0.75155 0.57013
vt 1 1
f 9295/9295/9295 9296/9296/9296 9297/9297/9297
usemtl green_off
v 0.71950 0.89708 0.70607
vn -0.49999 0.31549 0.80652
vt 0 0
v 0.72207 0.89836 0.70661
vn -0.33185 0.75155 0.57013
vt 1 0
v 0.71963 0.89793 0.70549
vn -0.43361 0.73361 0.52325
vt 1 1
f 9298/9298/9298 9299/9299/9299 9300/9300/9300
usemtl green_off
v 0.71963 0.89793 0.70549
vn -0.43356 0.73367 0.52321
vt 0 0
v 0.72207 0.89836 0.70661
vn -0.33186 0.75161 0.57005
vt 1 0
v 0.72235 0.89880 0.70572
vn -0.19300 0.97305 0.12623
vt 1 1
f 9301/9301/9301 9302/9302/9302 9303/9303/9303
usemtl green_off
v 0.71963 0.89793 0.70549
vn -0.43356 0.73367 0.52321
vt 0 0
v 0.72235 0.89880 0.70572
vn -0.19300 0.97305 0.12623
vt 1 0
v 0.72000 0.89838 0.70464
vn -0.25211 0.96262 0.09900
vt 1 1
f 9304/9304/9304 9305/9305/9305 9306/9306/9306
usemtl green_off
v 0.72000 0.89838 0.70464
vn -0.25209 0.96264 0.09891
vt 0 0
v 0.72235 0.89880 0.70572
vn -0.19295 0.97307 0.12614
vt 1 0
v 0.72273 0.89872 0.70476
vn -0.00048 0.93426 -0.35659
vt 1 1
f 9307/9307/9307 9308/9308/9308 9309/9309/9309
usemtl green_off
v 0.72000 0.89838 0.70464
vn -0.25209 0.96264 0.09891
vt 0 0
v 0.72273 0.89872 0.70476
vn -0.00048 0.93426 -0.35659
vt 1 0
v 0.72050 0.89832 0.70373
vn -0.00061 0.93424 -0.35666
vt 1 1
f 9310/9310/9310 9311/9311/9311 9312/9312/9312
usemtl green_off
v 0.71950 0.85739 0.72127
vn -0.49999 0.30400 0.81092
vt 0 0
v 0.71722 0.85684 0.71984
vn -0.60875 0.27800 0.74306
vt 1 0
v 0.71738 0.85583 0.72000
vn -0.52793 -0.21892 0.82059
vt 1 1
f 9313/9313/9313 9314/9314/9314 9315/9315/9315
usemtl green_off
v 0.71950 0.85739 0.72127
vn -0.49999 0.30400 0.81092
vt 0 0
v 0.71738 0.85583 0.72000
vn -0.52793 -0.21892 0.82059
vt 1 0
v 0.71963 0.85637 0.72141
vn -0.43359 -0.19637 0.87945
vt 1 1
f 9316/9316/9316 9317/9317/9317 9318/9318/9318
usemtl green_off
v 0.71963 0.85637 0.72141
vn -0.43359 -0.19649 0.87943
vt 0 0
v 0.71738 0.85583 0.72000
vn -0.52788 -0.21903 0.82059
vt 1 0
v 0.71783 0.85494 0.71972
vn -0.30695 -0.66334 0.68247
vt 1 1
f 9319/9319/9319 9320/9320/9320 9321/9321/9321
usemtl green_off
v 0.71963 0.85637 0.72141
vn -0.43359 -0.19649 0.87943
vt 0 0
v 0.71783 0.85494 0.71972
vn -0.30695 -0.66334 0.68247
vt 1 0
v 0.72000 0.85546 0.72108
vn -0.25215 -0.65024 0.71666
vt 1 1
f 9322/9322/9322 9323/9323/9323 9324/9324/9324
usemtl green_off
v 0.72000 0.85546 0.72108
vn -0.25212 -0.65026 0.71666
vt 0 0
v 0.71783 0.85494 0.71972
vn -0.30694 -0.66337 0.68245
vt 1 0
v 0.71844 0.85441 0.71907
vn -0.00076 -0.93349 0.35861
vt 1 1
f 9325/9325/9325 9326/9326/9326 9327/9327/9327
usemtl green_off
v 0.72000 0.85546 0.72108
vn -0.25212 -0.65026 0.71666
vt 0 0
v 0.71844 0.85441 0.71907
vn -0.00076 -0.93349 0.35861
vt 1 0
v 0.72050 0.85490 0.72036
vn -0.00063 -0.93346 0.35869
vt 1 1
f 9328/9328/9328 9329/9329/9329 9330/9330/9330
usemtl green_off
v 0.71722 0.89653 0.70464
vn -0.60875 0.28949 0.73866
vt 0 0
v 0.71950 0.89708 0.70607
vn -0.49999 0.31549 0.80652
vt 1 0
v 0.71963 0.89793 0.70549
vn -0.43361 0.73361 0.52325
vt 1 1
f 9331/9331/9331 9332/9332/9332 9333/9333/9333
usemtl green_off
v 0.71722 0.89653 0.70464
vn -0.60875 0.28949 0.73866
vt 0 0
v 0.71963 0.89793 0.70549
vn -0.43361 0.73361 0.52325
vt 1 0
v 0.71738 0.89739 0.70409
vn -0.52793 0.71107 0.46441
vt 1 1
f 9334/9334/9334 9335/9335/9335 9336/9336/9336
usemtl green_off
v 0.71738 0.89739 0.70409
vn -0.52784 0.71116 0.46438
vt 0 0
v 0.71963 0.89793 0.70549
vn -0.43355 0.73368 0.52322
vt 1 0
v 0.72000 0.89838 0.70464
vn -0.25212 0.96262 0.09899
vt 1 1
f 9337/9337/9337 9338/9338/9338 9339/9339/9339
usemtl green_off
v 0.71738 0.89739 0.70409
vn -0.52784 0.71116 0.46438
vt 0 0
v 0.72000 0.89838 0.70464
vn -0.25212 0.96262 0.09899
vt 1 0
v 0.71783 0.89786 0.70328
vn -0.30692 0.94953 0.06480
vt 1 1
f 9340/9340/9340 9341/9341/9341 9342/9342/9342
usemtl green_off
v 0.71783 0.89786 0.70328
vn -0.30694 0.94953 0.06466
vt 0 0
v 0.72000 0.89838 0.70464
vn -0.25210 0.96264 0.09887
vt 1 0
v 0.72050 0.89832 0.70373
vn -0.00062 0.93423 -0.35668
vt 1 1
f 9343/9343/9343 9344/9344/9344 9345/9345/9345
usemtl green_off
v 0.71783 0.89786 0.70328
vn -0.30694 0.94953 0.06466
vt 0 0
v 0.72050 0.89832 0.70373
vn -0.00062 0.93423 -0.35668
vt 1 0
v 0.71844 0.89783 0.70244
vn -0.00074 0.93420 -0.35676
vt 1 1
f 9346/9346/9346 9347/9347/9347 9348/9348/9348
usemtl green_off
v 0.71722 0.85684 0.71984
vn -0.60875 0.27800 0.74306
vt 0 0
v 0.71515 0.85619 0.71815
vn -0.70713 0.24715 0.66249
vt 1 0
v 0.71534 0.85519 0.71833
vn -0.61324 -0.24566 0.75072
vt 1 1
f 9349/9349/9349 9350/9350/9350 9351/9351/9351
usemtl green_off
v 0.71722 0.85684 0.71984
vn -0.60875 0.27800 0.74306
vt 0 0
v 0.71534 0.85519 0.71833
vn -0.61324 -0.24566 0.75072
vt 1 0
v 0.71738 0.85583 0.72000
vn -0.52793 -0.21892 0.82059
vt 1 1
f 9352/9352/9352 9353/9353/9353 9354/9354/9354
usemtl green_off
v 0.71738 0.85583 0.72000
vn -0.52790 -0.21900 0.82059
vt 0 0
v 0.71534 0.85519 0.71833
vn -0.61315 -0.24575 0.75076
vt 1 0
v 0.71586 0.85432 0.71811
vn -0.35655 -0.67887 0.64188
vt 1 1
f 9355/9355/9355 9356/9356/9356 9357/9357/9357
usemtl green_off
v 0.71738 0.85583 0.72000
vn -0.52790 -0.21900 0.82059
vt 0 0
v 0.71586 0.85432 0.71811
vn -0.35655 -0.67887 0.64188
vt 1 0
v 0.71783 0.85494 0.71972
vn -0.30699 -0.66333 0.68246
vt 1 1
f 9358/9358/9358 9359/9359/9359 9360/9360/9360
usemtl green_off
v 0.71783 0.85494 0.71972
vn -0.30694 -0.66338 0.68244
vt 0 0
v 0.71586 0.85432 0.71811
vn -0.35651 -0.67893 0.64183
vt 1 0
v 0.71657 0.85382 0.71754
vn -0.00087 -0.93353 0.35850
vt 1 1
f 9361/9361/9361 9362/9362/9362 9363/9363/9363
usemtl green_off
v 0.71783 0.85494 0.71972
vn -0.30694 -0.66338 0.68244
vt 0 0
v 0.71657 0.85382 0.71754
vn -0.00087 -0.93353 0.35850
vt 1 0
v 0.71844 0.85441 0.71907
vn -0.00076 -0.93349 0.35859
vt 1 1
f 9364/9364/9364 9365/9365/9365 9366/9366/9366
usemtl green_off
v 0.71515 0.89588 0.70295
vn -0.70709 0.25864 0.65812
vt 0 0
v 0.71722 0.89653 0.70464
vn -0.60875 0.28949 0.73866
vt 1 0
v 0.71738 0.89739 0.70409
vn -0.52793 0.71107 0.46441
vt 1 1
f 9367/9367/9367 9368/9368/9368 9369/9369/9369
usemtl green_off
v 0.71515 0.89588 0.70295
vn -0.70709 0.25864 0.65812
vt 0 0
v 0.71738 0.89739 0.70409
vn -0.52793 0.71107 0.46441
vt 1 0
v 0.71534 0.89675 0.70242
vn -0.61320 0.68432 0.39457
vt 1 1
f 9370/9370/9370 9371/9371/9371 9372/9372/9372
usemtl green_off
v 0.71534 0.89675 0.70242
vn -0.61317 0.68439 0.39451
vt 0 0
v 0.71738 0.89739 0.70409
vn -0.52790 0.71114 0.46433
vt 1 0
v 0.71783 0.89786 0.70328
vn -0.30701 0.94950 0.06473
vt 1 1
f 9373/9373/9373 9374/9374/9374 9375/9375/9375
usemtl green_off
v 0.71534 0.89675 0.70242
vn -0.61317 0.68439 0.39451
vt 0 0
v 0.71783 0.89786 0.70328
vn -0.30701 0.94950 0.06473
vt 1 0
v 0.71586 0.89725 0.70167
vn -0.35656 0.93396 0.02416
vt 1 1
f 9376/9376/9376 9377/9377/9377 9378/9378/9378
usemtl green_off
v 0.71586 0.89725 0.70167
vn -0.35655 0.93396 0.02410
vt 0 0
v 0.71783 0.89786 0.70328
vn -0.30698 0.94951 0.06470
vt 1 0
v 0.71844 0.89783 0.70244
vn -0.00079 0.93421 -0.35672
vt 1 1
f 9379/9379/9379 9380/9380/9380 9381/9381/9381
usemtl green_off
v 0.71586 0.89725 0.70167
vn -0.35655 0.93396 0.02410
vt 0 0
v 0.71844 0.89783 0.70244
vn -0.00079 0.93421 -0.35672
vt 1 0
v 0.71657 0.89724 0.70091
vn -0.00090 0.93417 -0.35682
vt 1 1
f 9382/9382/9382 9383/9383/9383 9384/9384/9384
usemtl green_off
v 0.71515 0.85619 0.71815
vn -0.70713 0.24715 0.66249
vt 0 0
v 0.71334 0.85546 0.71622
vn -0.79335 0.21199 0.57067
vt 1 0
v 0.71355 0.85446 0.71643
vn -0.68803 -0.27615 0.67109
vt 1 1
f 9385/9385/9385 9386/9386/9386 9387/9387/9387
usemtl green_off
v 0.71515 0.85619 0.71815
vn -0.70713 0.24715 0.66249
vt 0 0
v 0.71355 0.85446 0.71643
vn -0.68803 -0.27615 0.67109
vt 1 0
v 0.71534 0.85519 0.71833
vn -0.61324 -0.24566 0.75072
vt 1 1
f 9388/9388/9388 9389/9389/9389 9390/9390/9390
usemtl green_off
v 0.71534 0.85519 0.71833
vn -0.61320 -0.24574 0.75073
vt 0 0
v 0.71355 0.85446 0.71643
vn -0.68797 -0.27624 0.67112
vt 1 0
v 0.71413 0.85362 0.71627
vn -0.40007 -0.69660 0.59557
vt 1 1
f 9391/9391/9391 9392/9392/9392 9393/9393/9393
usemtl green_off
v 0.71534 0.85519 0.71833
vn -0.61320 -0.24574 0.75073
vt 0 0
v 0.71413 0.85362 0.71627
vn -0.40007 -0.69660 0.59557
vt 1 0
v 0.71586 0.85432 0.71811
vn -0.35661 -0.67887 0.64184
vt 1 1
f 9394/9394/9394 9395/9395/9395 9396/9396/9396
usemtl green_off
v 0.71586 0.85432 0.71811
vn -0.35657 -0.67893 0.64180
vt 0 0
v 0.71413 0.85362 0.71627
vn -0.40005 -0.69665 0.59551
vt 1 0
v 0.71493 0.85315 0.71580
vn -0.00102 -0.93358 0.35838
vt 1 1
f 9397/9397/9397 9398/9398/9398 9399/9399/9399
usemtl green_off
v 0.71586 0.85432 0.71811
vn -0.35657 -0.67893 0.64180
vt 0 0
v 0.71493 0.85315 0.71580
vn -0.00102 -0.93358 0.35838
vt 1 0
v 0.71657 0.85382 0.71754
vn -0.00092 -0.93354 0.35848
vt 1 1
f 9400/9400/9400 9401/9401/9401 9402/9402/9402
usemtl green_off
v 0.71334 0.89514 0.70102
vn -0.79334 0.22346 0.56628
vt 0 0
v 0.71515 0.89588 0.70295
vn -0.70709 0.25864 0.65812
vt 1 0
v 0.71534 0.89675 0.70242
vn -0.61320 0.68432 0.39457
vt 1 1
f 9403/9403/9403 9404/9404/9404 9405/9405/9405
usemtl green_off
v 0.71334 0.89514 0.70102
vn -0.79334 0.22346 0.56628
vt 0 0
v 0.71534 0.89675 0.70242
vn -0.61320 0.68432 0.39457
vt 1 0
v 0.71355 0.89602 0.70051
vn -0.68802 0.65380 0.31492
vt 1 1
f 9406/9406/9406 9407/9407/9407 9408/9408/9408
usemtl green_off
v 0.71355 0.89602 0.70051
vn -0.68794 0.65392 0.31485
vt 0 0
v 0.71534 0.89675 0.70242
vn -0.61317 0.68441 0.39447
vt 1 0
v 0.71586 0.89725 0.70167
vn -0.35657 0.93396 0.02409
vt 1 1
f 9409/9409/9409 9410/9410/9410 9411/9411/9411
usemtl green_off
v 0.71355 0.89602 0.70051
vn -0.68794 0.65392 0.31485
vt 0 0
v 0.71586 0.89725 0.70167
vn -0.35657 0.93396 0.02409
vt 1 0
v 0.71413 0.89654 0.69983
vn -0.40003 0.91624 -0.02219
vt 1 1
f 9412/9412/9412 9413/9413/9413 9414/9414/9414
usemtl green_off
v 0.71413 0.89654 0.69983
vn -0.40000 0.91625 -0.02221
vt 0 0
v 0.71586 0.89725 0.70167
vn -0.35652 0.93398 0.02408
vt 1 0
v 0.71657 0.89724 0.70091
vn -0.00087 0.93417 -0.35683
vt 1 1
f 9415/9415/9415 9416/9416/9416 9417/9417/9417
usemtl green_off
v 0.71413 0.89654 0.69983
vn -0.40000 0.91625 -0.02221
vt 0 0
v 0.71657 0.89724 0.70091
vn -0.00087 0.93417 -0.35683
vt 1 0
v 0.71493 0.89657 0.69917
vn -0.00098 0.93413 -0.35694
vt 1 1
f 9418/9418/9418 9419/9419/9419 9420/9420/9420
usemtl green_off
v 0.71334 0.85546 0.71622
vn -0.79335 0.21199 0.57067
vt 0 0
v 0.71181 0.85464 0.71409
vn -0.86602 0.17309 0.46909
vt 1 0
v 0.71205 0.85366 0.71432
vn -0.75106 -0.30990 0.58299
vt 1 1
f 9421/9421/9421 9422/9422/9422 9423/9423/9423
usemtl green_off
v 0.71334 0.85546 0.71622
vn -0.79335 0.21199 0.57067
vt 0 0
v 0.71205 0.85366 0.71432
vn -0.75106 -0.30990 0.58299
vt 1 0
v 0.71355 0.85446 0.71643
vn -0.68803 -0.27615 0.67109
vt 1 1
f 9424/9424/9424 9425/9425/9425 9426/9426/9426
usemtl green_off
v 0.71355 0.85446 0.71643
vn -0.68795 -0.27627 0.67112
vt 0 0
v 0.71205 0.85366 0.71432
vn -0.75095 -0.31001 0.58307
vt 1 0
v 0.71268 0.85284 0.71424
vn -0.43667 -0.71623 0.54436
vt 1 1
f 9427/9427/9427 9428/9428/9428 9429/9429/9429
usemtl green_off
v 0.71355 0.85446 0.71643
vn -0.68795 -0.27627 0.67112
vt 0 0
v 0.71268 0.85284 0.71424
vn -0.43667 -0.71623 0.54436
vt 1 0
v 0.71413 0.85362 0.71627
vn -0.40005 -0.69664 0.59553
vt 1 1
f 9430/9430/9430 9431/9431/9431 9432/9432/9432
usemtl green_off
v 0.71413 0.85362 0.71627
vn -0.40004 -0.69668 0.59549
vt 0 0
v 0.71268 0.85284 0.71424
vn -0.43668 -0.71628 0.54429
vt 1 0
v 0.71355 0.85241 0.71387
vn -0.00110 -0.93363 0.35823
vt 1 1
f 9433/9433/9433 9434/9434/9434 9435/9435/9435
usemtl green_off
v 0.71413 0.85362 0.71627
vn -0.40004 -0.69668 0.59549
vt 0 0
v 0.71355 0.85241 0.71387
vn -0.00110 -0.93363 0.35823
vt 1 0
v 0.71493 0.85315 0.71580
vn -0.00102 -0.93359 0.35835
vt 1 1
f 9436/9436/9436 9437/9437/9437 9438/9438/9438
usemtl green_off
v 0.71181 0.89433 0.69889
vn -0.86600 0.18457 0.46473
vt 0 0
v 0.71334 0.89514 0.70102
vn -0.79334 0.22346 0.56628
vt 1 0
v 0.71355 0.89602 0.70051
vn -0.68802 0.65380 0.31492
vt 1 1
f 9439/9439/9439 9440/9440/9440 9441/9441/9441
usemtl green_off
v 0.71181 0.89433 0.69889
vn -0.86600 0.18457 0.46473
vt 0 0
v 0.71355 0.89602 0.70051
vn -0.68802 0.65380 0.31492
vt 1 0
v 0.71205 0.89521 0.69841
vn -0.75102 0.62008 0.22686
vt 1 1
f 9442/9442/9442 9443/9443/9443 9444/9444/9444
usemtl green_off
v 0.71205 0.89521 0.69841
vn -0.75099 0.62014 0.22680
vt 0 0
v 0.71355 0.89602 0.70051
vn -0.68799 0.65386 0.31486
vt 1 0
v 0.71413 0.89654 0.69983
vn -0.40011 0.91620 -0.02219
vt 1 1
f 9445/9445/9445 9446/9446/9446 9447/9447/9447
usemtl green_off
v 0.71205 0.89521 0.69841
vn -0.75099 0.62014 0.22680
vt 0 0
v 0.71413 0.89654 0.69983
vn -0.40011 0.91620 -0.02219
vt 1 0
v 0.71268 0.89577 0.69780
vn -0.43672 0.89660 -0.07336
vt 1 1
f 9448/9448/9448 9449/9449/9449 9450/9450/9450
usemtl green_off
v 0.71268 0.89577 0.69780
vn -0.43663 0.89664 -0.07343
vt 0 0
v 0.71413 0.89654 0.69983
vn -0.40000 0.91625 -0.02223
vt 1 0
v 0.71493 0.89657 0.69917
vn -0.00096 0.93412 -0.35695
vt 1 1
f 9451/9451/9451 9452/9452/9452 9453/9453/9453
usemtl green_off
v 0.71268 0.89577 0.69780
vn -0.43663 0.89664 -0.07343
vt 0 0
v 0.71493 0.89657 0.69917
vn -0.00096 0.93412 -0.35695
vt 1 0
v 0.71355 0.89584 0.69724
vn -0.00105 0.93408 -0.35707
vt 1 1
f 9454/9454/9454 9455/9455/9455 9456/9456/9456
usemtl green_off
v 0.71181 0.85464 0.71409
vn -0.86602 0.17309 0.46909
vt 0 0
v 0.71060 0.85376 0.71179
vn -0.92388 0.13113 0.35953
vt 1 0
v 0.71085 0.85279 0.71205
vn -0.80123 -0.34629 0.48796
vt 1 1
f 9457/9457/9457 9458/9458/9458 9459/9459/9459
usemtl green_off
v 0.71181 0.85464 0.71409
vn -0.86602 0.17309 0.46909
vt 0 0
v 0.71085 0.85279 0.71205
vn -0.80123 -0.34629 0.48796
vt 1 0
v 0.71205 0.85366 0.71432
vn -0.75106 -0.30990 0.58299
vt 1 1
f 9460/9460/9460 9461/9461/9461 9462/9462/9462
usemtl green_off
v 0.71205 0.85366 0.71432
vn -0.75100 -0.31000 0.58301
vt 0 0
v 0.71085 0.85279 0.71205
vn -0.80116 -0.34638 0.48803
vt 1 0
v 0.71152 0.85200 0.71205
vn -0.46589 -0.73739 0.48909
vt 1 1
f 9463/9463/9463 9464/9464/9464 9465/9465/9465
usemtl green_off
v 0.71205 0.85366 0.71432
vn -0.75100 -0.31000 0.58301
vt 0 0
v 0.71152 0.85200 0.71205
vn -0.46589 -0.73739 0.48909
vt 1 0
v 0.71268 0.85284 0.71424
vn -0.43674 -0.71624 0.54429
vt 1 1
f 9466/9466/9466 9467/9467/9467 9468/9468/9468
usemtl green_off
v 0.71268 0.85284 0.71424
vn -0.43665 -0.71630 0.54429
vt 0 0
v 0.71152 0.85200 0.71205
vn -0.46582 -0.73745 0.48906
vt 1 0
v 0.71245 0.85162 0.71179
vn -0.00114 -0.93368 0.35810
vt 1 1
f 9469/9469/9469 9470/9470/9470 9471/9471/9471
usemtl green_off
v 0.71268 0.85284 0.71424
vn -0.43665 -0.71630 0.54429
vt 0 0
v 0.71245 0.85162 0.71179
vn -0.00114 -0.93368 0.35810
vt 1 0
v 0.71355 0.85241 0.71387
vn -0.00107 -0.93363 0.35823
vt 1 1
f 9472/9472/9472 9473/9473/9473 9474/9474/9474
usemtl green_off
v 0.71060 0.89345 0.69659
vn -0.92386 0.14263 0.35517
vt 0 0
v 0.71181 0.89433 0.69889
vn -0.86600 0.18457 0.46473
vt 1 0
v 0.71205 0.89521 0.69841
vn -0.75102 0.62008 0.22686
vt 1 1
f 9475/9475/9475 9476/9476/9476 9477/9477/9477
usemtl green_off
v 0.71060 0.89345 0.69659
vn -0.92386 0.14263 0.35517
vt 0 0
v 0.71205 0.89521 0.69841
vn -0.75102 0.62008 0.22686
vt 1 0
v 0.71085 0.89434 0.69614
vn -0.80118 0.58372 0.13184
vt 1 1
f 9478/9478/9478 9479/9479/9479 9480/9480/9480
usemtl green_off
v 0.71085 0.89434 0.69614
vn -0.80122 0.58367 0.13182
vt 0 0
v 0.71205 0.89521 0.69841
vn -0.75106 0.62006 0.22679
vt 1 0
v 0.71268 0.89577 0.69780
vn -0.43683 0.89655 -0.07338
vt 1 1
f 9481/9481/9481 9482/9482/9482 9483/9483/9483
usemtl green_off
v 0.71085 0.89434 0.69614
vn -0.80122 0.58367 0.13182
vt 0 0
v 0.71268 0.89577 0.69780
vn -0.43683 0.89655 -0.07338
vt 1 0
v 0.71152 0.89493 0.69561
vn -0.46598 0.87540 -0.12859
vt 1 1
f 9484/9484/9484 9485/9485/9485 9486/9486/9486
usemtl green_off
v 0.71152 0.89493 0.69561
vn -0.46585 0.87546 -0.12865
vt 0 0
v 0.71268 0.89577 0.69780
vn -0.43669 0.89661 -0.07342
vt 1 0
v 0.71355 0.89584 0.69724
vn -0.00111 0.93408 -0.35707
vt 1 1
f 9487/9487/9487 9488/9488/9488 9489/9489/9489
usemtl green_off
v 0.71152 0.89493 0.69561
vn -0.46585 0.87546 -0.12865
vt 0 0
v 0.71355 0.89584 0.69724
vn -0.00111 0.93408 -0.35707
vt 1 0
v 0.71245 0.89504 0.69516
vn -0.00118 0.93403 -0.35719
vt 1 1
f 9490/9490/9490 9491/9491/9491 9492/9492/9492
usemtl green_off
v 0.71060 0.85376 0.71179
vn -0.92388 0.13113 0.35953
vt 0 0
v 0.70972 0.85283 0.70936
vn -0.96591 0.08683 0.24388
vt 1 0
v 0.70997 0.85187 0.70965
vn -0.83768 -0.38470 0.38768
vt 1 1
f 9493/9493/9493 9494/9494/9494 9495/9495/9495
usemtl green_off
v 0.71060 0.85376 0.71179
vn -0.92388 0.13113 0.35953
vt 0 0
v 0.70997 0.85187 0.70965
vn -0.83768 -0.38470 0.38768
vt 1 0
v 0.71085 0.85279 0.71205
vn -0.80123 -0.34629 0.48796
vt 1 1
f 9496/9496/9496 9497/9497/9497 9498/9498/9498
usemtl green_off
v 0.71085 0.85279 0.71205
vn -0.80117 -0.34637 0.48801
vt 0 0
v 0.70997 0.85187 0.70965
vn -0.83762 -0.38478 0.38773
vt 1 0
v 0.71068 0.85112 0.70974
vn -0.48711 -0.75971 0.43077
vt 1 1
f 9499/9499/9499 9500/9500/9500 9501/9501/9501
usemtl green_off
v 0.71085 0.85279 0.71205
vn -0.80117 -0.34637 0.48801
vt 0 0
v 0.71068 0.85112 0.70974
vn -0.48711 -0.75971 0.43077
vt 1 0
v 0.71152 0.85200 0.71205
vn -0.46592 -0.73739 0.48905
vt 1 1
f 9502/9502/9502 9503/9503/9503 9504/9504/9504
usemtl green_off
v 0.71152 0.85200 0.71205
vn -0.46575 -0.73749 0.48906
vt 0 0
v 0.71068 0.85112 0.70974
vn -0.48695 -0.75982 0.43076
vt 1 0
v 0.71165 0.85077 0.70959
vn -0.00111 -0.93374 0.35796
vt 1 1
f 9505/9505/9505 9506/9506/9506 9507/9507/9507
usemtl green_off
v 0.71152 0.85200 0.71205
vn -0.46575 -0.73749 0.48906
vt 0 0
v 0.71165 0.85077 0.70959
vn -0.00111 -0.93374 0.35796
vt 1 0
v 0.71245 0.85162 0.71179
vn -0.00106 -0.93368 0.35810
vt 1 1
f 9508/9508/9508 9509/9509/9509 9510/9510/9510
usemtl green_off
v 0.70972 0.89252 0.69416
vn -0.96591 0.09831 0.23949
vt 0 0
v 0.71060 0.89345 0.69659
vn -0.92386 0.14263 0.35517
vt 1 0
v 0.71085 0.89434 0.69614
vn -0.80118 0.58372 0.13184
vt 1 1
f 9511/9511/9511 9512/9512/9512 9513/9513/9513
usemtl green_off
v 0.70972 0.89252 0.69416
vn -0.96591 0.09831 0.23949
vt 0 0
v 0.71085 0.89434 0.69614
vn -0.80118 0.58372 0.13184
vt 1 0
v 0.70997 0.89342 0.69374
vn -0.83767 0.54527 0.03151
vt 1 1
f 9514/9514/9514 9515/9515/9515 9516/9516/9516
usemtl green_off
v 0.70997 0.89342 0.69374
vn -0.83766 0.54528 0.03150
vt 0 0
v 0.71085 0.89434 0.69614
vn -0.80120 0.58370 0.13177
vt 1 0
v 0.71152 0.89493 0.69561
vn -0.46597 0.87540 -0.12866
vt 1 1
f 9517/9517/9517 9518/9518/9518 9519/9519/9519
usemtl green_off
v 0.70997 0.89342 0.69374
vn -0.83766 0.54528 0.03150
vt 0 0
v 0.71152 0.89493 0.69561
vn -0.46597 0.87540 -0.12866
vt 1 0
v 0.71068 0.89404 0.69330
vn -0.48715 0.85307 -0.18694
vt 1 1
f 9520/9520/9520 9521/9521/9521 9522/9522/9522
usemtl green_off
v 0.71068 0.89404 0.69330
vn -0.48702 0.85314 -0.18700
vt 0 0
v 0.71152 0.89493 0.69561
vn -0.46582 0.87547 -0.12870
vt 1 0
v 0.71245 0.89504 0.69516
vn -0.00114 0.93402 -0.35723
vt 1 1
f 9523/9523/9523 9524/9524/9524 9525/9525/9525
usemtl green_off
v 0.71068 0.89404 0.69330
vn -0.48702 0.85314 -0.18700
vt 0 0
v 0.71245 0.89504 0.69516
vn -0.00114 0.93402 -0.35723
vt 1 0
v 0.71165 0.89420 0.69296
vn -0.00119 0.93396 -0.35736
vt 1 1
f 9526/9526/9526 9527/9527/9527 9528/9528/9528
usemtl green_off
v 0.70972 0.85283 0.70936
vn -0.96591 0.08683 0.24388
vt 0 0
v 0.70918 0.85186 0.70684
vn -0.99143 0.04095 0.12409
vt 1 0
v 0.70945 0.85092 0.70717
vn -0.85980 -0.42450 0.28380
vt 1 1
f 9529/9529/9529 9530/9530/9530 9531/9531/9531
usemtl green_off
v 0.70972 0.85283 0.70936
vn -0.96591 0.08683 0.24388
vt 0 0
v 0.70945 0.85092 0.70717
vn -0.85980 -0.42450 0.28380
vt 1 0
v 0.70997 0.85187 0.70965
vn -0.83768 -0.38470 0.38768
vt 1 1
f 9532/9532/9532 9533/9533/9533 9534/9534/9534
usemtl green_off
v 0.70997 0.85187 0.70965
vn -0.83764 -0.38478 0.38770
vt 0 0
v 0.70945 0.85092 0.70717
vn -0.85976 -0.42456 0.28383
vt 1 0
v 0.71017 0.85020 0.70734
vn -0.49998 -0.78285 0.37035
vt 1 1
f 9535/9535/9535 9536/9536/9536 9537/9537/9537
usemtl green_off
v 0.70997 0.85187 0.70965
vn -0.83764 -0.38478 0.38770
vt 0 0
v 0.71017 0.85020 0.70734
vn -0.49998 -0.78285 0.37035
vt 1 0
v 0.71068 0.85112 0.70974
vn -0.48712 -0.75973 0.43072
vt 1 1
f 9538/9538/9538 9539/9539/9539 9540/9540/9540
usemtl green_off
v 0.71068 0.85112 0.70974
vn -0.48700 -0.75979 0.43075
vt 0 0
v 0.71017 0.85020 0.70734
vn -0.49986 -0.78293 0.37036
vt 1 0
v 0.71117 0.84990 0.70732
vn -0.00120 -0.93378 0.35783
vt 1 1
f 9541/9541/9541 9542/9542/9542 9543/9543/9543
usemtl green_off
v 0.71068 0.85112 0.70974
vn -0.48700 -0.75979 0.43075
vt 0 0
v 0.71117 0.84990 0.70732
vn -0.00120 -0.93378 0.35783
vt 1 0
v 0.71165 0.85077 0.70959
vn -0.00117 -0.93373 0.35797
vt 1 1
f 9544/9544/9544 9545/9545/9545 9546/9546/9546
usemtl green_off
v 0.70918 0.89155 0.69164
vn -0.99143 0.05242 0.11970
vt 0 0
v 0.70972 0.89252 0.69416
vn -0.96591 0.09831 0.23949
vt 1 0
v 0.70997 0.89342 0.69374
vn -0.83767 0.54527 0.03151
vt 1 1
f 9547/9547/9547 9548/9548/9548 9549/9549/9549
usemtl green_off
v 0.70918 0.89155 0.69164
vn -0.99143 0.05242 0.11970
vt 0 0
v 0.70997 0.89342 0.69374
vn -0.83767 0.54527 0.03151
vt 1 0
v 0.70945 0.89247 0.69125
vn -0.85981 0.50547 -0.07237
vt 1 1
f 9550/9550/9550 9551/9551/9551 9552/9552/9552
usemtl green_off
v 0.70945 0.89247 0.69125
vn -0.85970 0.50565 -0.07242
vt 0 0
v 0.70997 0.89342 0.69374
vn -0.83757 0.54542 0.03145
vt 1 0
v 0.71068 0.89404 0.69330
vn -0.48702 0.85314 -0.18700
vt 1 1
f 9553/9553/9553 9554/9554/9554 9555/9555/9555
usemtl green_off
v 0.70945 0.89247 0.69125
vn -0.85970 0.50565 -0.07242
vt 0 0
v 0.71068 0.89404 0.69330
vn -0.48702 0.85314 -0.18700
vt 1 0
v 0.71017 0.89312 0.69090
vn -0.49988 0.83002 -0.24737
vt 1 1
f 9556/9556/9556 9557/9557/9557 9558/9558/9558
usemtl green_off
v 0.71017 0.89312 0.69090
vn -0.50002 0.82993 -0.24738
vt 0 0
v 0.71068 0.89404 0.69330
vn -0.48715 0.85307 -0.18699
vt 1 0
v 0.71165 0.89420 0.69296
vn -0.00135 0.93396 -0.35737
vt 1 1
f 9559/9559/9559 9560/9560/9560 9561/9561/9561
usemtl green_off
v 0.71017 0.89312 0.69090
vn -0.50002 0.82993 -0.24738
vt 0 0
v 0.71165 0.89420 0.69296
vn -0.00135 0.93396 -0.35737
vt 1 0
v 0.71117 0.89333 0.69068
vn -0.00138 0.93391 -0.35751
vt 1 1
f 9562/9562/9562 9563/9563/9563 9564/9564/9564
usemtl green_off
v 0.70918 0.85186 0.70684
vn -0.99143 0.04095 0.12409
vt 0 0
v 0.70900 0.85088 0.70428
vn -0.99998 -0.00573 0.00219
vt 1 0
v 0.70927 0.84995 0.70464
vn -0.86723 -0.46498 0.17807
vt 1 1
f 9565/9565/9565 9566/9566/9566 9567/9567/9567
usemtl green_off
v 0.70918 0.85186 0.70684
vn -0.99143 0.04095 0.12409
vt 0 0
v 0.70927 0.84995 0.70464
vn -0.86723 -0.46498 0.17807
vt 1 0
v 0.70945 0.85092 0.70717
vn -0.85980 -0.42450 0.28380
vt 1 1
f 9568/9568/9568 9569/9569/9569 9570/9570/9570
usemtl green_off
v 0.70945 0.85092 0.70717
vn -0.85975 -0.42462 0.28378
vt 0 0
v 0.70927 0.84995 0.70464
vn -0.86716 -0.46509 0.17811
vt 1 0
v 0.71000 0.84927 0.70490
vn -0.50426 -0.80643 0.30886
vt 1 1
f 9571/9571/9571 9572/9572/9572 9573/9573/9573
usemtl green_off
v 0.70945 0.85092 0.70717
vn -0.85975 -0.42462 0.28378
vt 0 0
v 0.71000 0.84927 0.70490
vn -0.50426 -0.80643 0.30886
vt 1 0
v 0.71017 0.85020 0.70734
vn -0.49996 -0.78291 0.37027
vt 1 1
f 9574/9574/9574 9575/9575/9575 9576/9576/9576
usemtl green_off
v 0.71017 0.85020 0.70734
vn -0.49994 -0.78290 0.37032
vt 0 0
v 0.71000 0.84927 0.70490
vn -0.50425 -0.80643 0.30888
vt 1 0
v 0.71100 0.84901 0.70500
vn -0.00129 -0.93384 0.35768
vt 1 1
f 9577/9577/9577 9578/9578/9578 9579/9579/9579
usemtl green_off
v 0.71017 0.85020 0.70734
vn -0.49994 -0.78290 0.37032
vt 0 0
v 0.71100 0.84901 0.70500
vn -0.00129 -0.93384 0.35768
vt 1 0
v 0.71117 0.84990 0.70732
vn -0.00128 -0.93379 0.35782
vt 1 1
f 9580/9580/9580 9581/9581/9581 9582/9582/9582
usemtl green_off
v 0.70900 0.89057 0.68908
vn -0.99998 0.00574 -0.00219
vt 0 0
v 0.70918 0.89155 0.69164
vn -0.99143 0.05242 0.11970
vt 1 0
v 0.70945 0.89247 0.69125
vn -0.85981 0.50547 -0.07237
vt 1 1
f 9583/9583/9583 9584/9584/9584 9585/9585/9585
usemtl green_off
v 0.70900 0.89057 0.68908
vn -0.99998 0.00574 -0.00219
vt 0 0
v 0.70945 0.89247 0.69125
vn -0.85981 0.50547 -0.07237
vt 1 0
v 0.70927 0.89151 0.68873
vn -0.86722 0.46499 -0.17807
vt 1 1
f 9586/9586/9586 9587/9587/9587 9588/9588/9588
usemtl green_off
v 0.70927 0.89151 0.68873
vn -0.86719 0.46504 -0.17809
vt 0 0
v 0.70945 0.89247 0.69125
vn -0.85977 0.50551 -0.07242
vt 1 0
v 0.71017 0.89312 0.69090
vn -0.50001 0.82993 -0.24740
vt 1 1
f 9589/9589/9589 9590/9590/9590 9591/9591/9591
usemtl green_off
v 0.70927 0.89151 0.68873
vn -0.86719 0.46504 -0.17809
vt 0 0
v 0.71017 0.89312 0.69090
vn -0.50001 0.82993 -0.24740
vt 1 0
v 0.71000 0.89219 0.68846
vn -0.50432 0.80641 -0.30882
vt 1 1
f 9592/9592/9592 9593/9593/9593 9594/9594/9594
usemtl green_off
v 0.71000 0.89219 0.68846
vn -0.50417 0.80648 -0.30888
vt 0 0
v 0.71017 0.89312 0.69090
vn -0.49985 0.83001 -0.24744
vt 1 0
v 0.71117 0.89333 0.69068
vn -0.00119 0.93390 -0.35752
vt 1 1
f 9595/9595/9595 9596/9596/9596 9597/9597/9597
usemtl green_off
v 0.71000 0.89219 0.68846
vn -0.50417 0.80648 -0.30888
vt 0 0
v 0.71117 0.89333 0.69068
vn -0.00119 0.93390 -0.35752
vt 1 0
v 0.71100 0.89244 0.68837
vn -0.00120 0.93385 -0.35766
vt 1 1
f 9598/9598/9598 9599/9599/9599 9600/9600/9600
usemtl green_off
v 0.70900 0.85088 0.70428
vn -0.99998 -0.00573 0.00219
vt 0 0
v 0.70918 0.84990 0.70172
vn -0.99142 -0.05242 -0.11971
vt 1 0
v 0.70945 0.84898 0.70212
vn -0.85981 -0.50546 0.07237
vt 1 1
f 9601/9601/9601 9602/9602/9602 9603/9603/9603
usemtl green_off
v 0.70900 0.85088 0.70428
vn -0.99998 -0.00573 0.00219
vt 0 0
v 0.70945 0.84898 0.70212
vn -0.85981 -0.50546 0.07237
vt 1 0
v 0.70927 0.84995 0.70464
vn -0.86723 -0.46498 0.17807
vt 1 1
f 9604/9604/9604 9605/9605/9605 9606/9606/9606
usemtl green_off
v 0.70927 0.84995 0.70464
vn -0.86716 -0.46510 0.17811
vt 0 0
v 0.70945 0.84898 0.70212
vn -0.85974 -0.50557 0.07244
vt 1 0
v 0.71017 0.84833 0.70247
vn -0.49995 -0.82996 0.24741
vt 1 1
f 9607/9607/9607 9608/9608/9608 9609/9609/9609
usemtl green_off
v 0.70927 0.84995 0.70464
vn -0.86716 -0.46510 0.17811
vt 0 0
v 0.71017 0.84833 0.70247
vn -0.49995 -0.82996 0.24741
vt 1 0
v 0.71000 0.84927 0.70490
vn -0.50426 -0.80644 0.30883
vt 1 1
f 9610/9610/9610 9611/9611/9611 9612/9612/9612
usemtl green_off
v 0.71000 0.84927 0.70490
vn -0.50425 -0.80643 0.30886
vt 0 0
v 0.71017 0.84833 0.70247
vn -0.49993 -0.82997 0.24742
vt 1 0
v 0.71117 0.84813 0.70268
vn -0.00128 -0.93390 0.35752
vt 1 1
f 9613/9613/9613 9614/9614/9614 9615/9615/9615
usemtl green_off
v 0.71000 0.84927 0.70490
vn -0.50425 -0.80643 0.30886
vt 0 0
v 0.71117 0.84813 0.70268
vn -0.00128 -0.93390 0.35752
vt 1 0
v 0.71100 0.84901 0.70500
vn -0.00129 -0.93385 0.35766
vt 1 1
f 9616/9616/9616 9617/9617/9617 9618/9618/9618
usemtl green_off
v 0.70918 0.88959 0.68652
vn -0.99143 -0.04096 -0.12409
vt 0 0
v 0.70900 0.89057 0.68908
vn -0.99998 0.00574 -0.00219
vt 1 0
v 0.70927 0.89151 0.68873
vn -0.86722 0.46499 -0.17807
vt 1 1
f 9619/9619/9619 9620/9620/9620 9621/9621/9621
usemtl green_off
v 0.70918 0.88959 0.68652
vn -0.99143 -0.04096 -0.12409
vt 0 0
v 0.70927 0.89151 0.68873
vn -0.86722 0.46499 -0.17807
vt 1 0
v 0.70945 0.89054 0.68620
vn -0.85981 0.42449 -0.28379
vt 1 1
f 9622/9622/9622 9623/9623/9623 9624/9624/9624
usemtl green_off
v 0.70945 0.89054 0.68620
vn -0.85971 0.42468 -0.28380
vt 0 0
v 0.70927 0.89151 0.68873
vn -0.86713 0.46515 -0.17813
vt 1 0
v 0.71000 0.89219 0.68846
vn -0.50421 0.80646 -0.30887
vt 1 1
f 9625/9625/9625 9626/9626/9626 9627/9627/9627
usemtl green_off
v 0.70945 0.89054 0.68620
vn -0.85971 0.42468 -0.28380
vt 0 0
v 0.71000 0.89219 0.68846
vn -0.50421 0.80646 -0.30887
vt 1 0
v 0.71017 0.89126 0.68603
vn -0.49990 0.78294 -0.37028
vt 1 1
f 9628/9628/9628 9629/9629/9629 9630/9630/9630
usemtl green_off
v 0.71017 0.89126 0.68603
vn -0.49994 0.78289 -0.37032
vt 0 0
v 0.71000 0.89219 0.68846
vn -0.50425 0.80643 -0.30888
vt 1 0
v 0.71100 0.89244 0.68837
vn -0.00129 0.93384 -0.35768
vt 1 1
f 9631/9631/9631 9632/9632/9632 9633/9633/9633
usemtl green_off
v 0.71017 0.89126 0.68603
vn -0.49994 0.78289 -0.37032
vt 0 0
v 0.71100 0.89244 0.68837
vn -0.00129 0.93384 -0.35768
vt 1 0
v 0.71117 0.89155 0.68605
vn -0.00128 0.93379 -0.35782
vt 1 1
f 9634/9634/9634 9635/9635/9635 9636/9636/9636
usemtl green_off
v 0.70918 0.84990 0.70172
vn -0.99142 -0.05242 -0.11971
vt 0 0
v 0.70972 0.84894 0.69921
vn -0.96591 -0.09831 -0.23950
vt 1 0
v 0.70997 0.84803 0.69963
vn -0.83768 -0.54526 -0.03152
vt 1 1
f 9637/9637/9637 9638/9638/9638 9639/9639/9639
usemtl green_off
v 0.70918 0.84990 0.70172
vn -0.99142 -0.05242 -0.11971
vt 0 0
v 0.70997 0.84803 0.69963
vn -0.83768 -0.54526 -0.03152
vt 1 0
v 0.70945 0.84898 0.70212
vn -0.85981 -0.50546 0.07237
vt 1 1
f 9640/9640/9640 9641/9641/9641 9642/9642/9642
usemtl green_off
v 0.70945 0.84898 0.70212
vn -0.85976 -0.50554 0.07240
vt 0 0
v 0.70997 0.84803 0.69963
vn -0.83764 -0.54532 -0.03147
vt 1 0
v 0.71068 0.84741 0.70007
vn -0.48713 -0.85308 0.18699
vt 1 1
f 9643/9643/9643 9644/9644/9644 9645/9645/9645
usemtl green_off
v 0.70945 0.84898 0.70212
vn -0.85976 -0.50554 0.07240
vt 0 0
v 0.71068 0.84741 0.70007
vn -0.48713 -0.85308 0.18699
vt 1 0
v 0.71017 0.84833 0.70247
vn -0.49999 -0.82996 0.24736
vt 1 1
f 9646/9646/9646 9647/9647/9647 9648/9648/9648
usemtl green_off
v 0.71017 0.84833 0.70247
vn -0.49994 -0.82997 0.24740
vt 0 0
v 0.71068 0.84741 0.70007
vn -0.48707 -0.85310 0.18701
vt 1 0
v 0.71165 0.84726 0.70041
vn -0.00126 -0.93396 0.35737
vt 1 1
f 9649/9649/9649 9650/9650/9650 9651/9651/9651
usemtl green_off
v 0.71017 0.84833 0.70247
vn -0.49994 -0.82997 0.24740
vt 0 0
v 0.71165 0.84726 0.70041
vn -0.00126 -0.93396 0.35737
vt 1 0
v 0.71117 0.84813 0.70268
vn -0.00129 -0.93391 0.35751
vt 1 1
f 9652/9652/9652 9653/9653/9653 9654/9654/9654
usemtl green_off
v 0.70972 0.88863 0.68401
vn -0.96591 -0.08684 -0.24388
vt 0 0
v 0.70918 0.88959 0.68652
vn -0.99143 -0.04096 -0.12409
vt 1 0
v 0.70945 0.89054 0.68620
vn -0.85981 0.42449 -0.28379
vt 1 1
f 9655/9655/9655 9656/9656/9656 9657/9657/9657
usemtl green_off
v 0.70972 0.88863 0.68401
vn -0.96591 -0.08684 -0.24388
vt 0 0
v 0.70945 0.89054 0.68620
vn -0.85981 0.42449 -0.28379
vt 1 0
v 0.70997 0.88959 0.68372
vn -0.83769 0.38469 -0.38768
vt 1 1
f 9658/9658/9658 9659/9659/9659 9660/9660/9660
usemtl green_off
v 0.70997 0.88959 0.68372
vn -0.83764 0.38477 -0.38770
vt 0 0
v 0.70945 0.89054 0.68620
vn -0.85976 0.42456 -0.28383
vt 1 0
v 0.71017 0.89126 0.68603
vn -0.49999 0.78285 -0.37036
vt 1 1
f 9661/9661/9661 9662/9662/9662 9663/9663/9663
usemtl green_off
v 0.70997 0.88959 0.68372
vn -0.83764 0.38477 -0.38770
vt 0 0
v 0.71017 0.89126 0.68603
vn -0.49999 0.78285 -0.37036
vt 1 0
v 0.71068 0.89034 0.68363
vn -0.48713 0.75973 -0.43072
vt 1 1
f 9664/9664/9664 9665/9665/9665 9666/9666/9666
usemtl green_off
v 0.71068 0.89034 0.68363
vn -0.48700 0.75979 -0.43075
vt 0 0
v 0.71017 0.89126 0.68603
vn -0.49986 0.78293 -0.37036
vt 1 0
v 0.71117 0.89155 0.68605
vn -0.00120 0.93378 -0.35783
vt 1 1
f 9667/9667/9667 9668/9668/9668 9669/9669/9669
usemtl green_off
v 0.71068 0.89034 0.68363
vn -0.48700 0.75979 -0.43075
vt 0 0
v 0.71117 0.89155 0.68605
vn -0.00120 0.93378 -0.35783
vt 1 0
v 0.71165 0.89068 0.68378
vn -0.00117 0.93373 -0.35797
vt 1 1
f 9670/9670/9670 9671/9671/9671 9672/9672/9672
usemtl green_off
v 0.70972 0.84894 0.69921
vn -0.96591 -0.09831 -0.23950
vt 0 0
v 0.71060 0.84801 0.69678
vn -0.92386 -0.14260 -0.35517
vt 1 0
v 0.71085 0.84711 0.69723
vn -0.80121 -0.58368 -0.13184
vt 1 1
f 9673/9673/9673 9674/9674/9674 9675/9675/9675
usemtl green_off
v 0.70972 0.84894 0.69921
vn -0.96591 -0.09831 -0.23950
vt 0 0
v 0.71085 0.84711 0.69723
vn -0.80121 -0.58368 -0.13184
vt 1 0
v 0.70997 0.84803 0.69963
vn -0.83768 -0.54526 -0.03152
vt 1 1
f 9676/9676/9676 9677/9677/9677 9678/9678/9678
usemtl green_off
v 0.70997 0.84803 0.69963
vn -0.83761 -0.54536 -0.03147
vt 0 0
v 0.71085 0.84711 0.69723
vn -0.80116 -0.58377 -0.13175
vt 1 0
v 0.71152 0.84653 0.69776
vn -0.46590 -0.87543 0.12868
vt 1 1
f 9679/9679/9679 9680/9680/9680 9681/9681/9681
usemtl green_off
v 0.70997 0.84803 0.69963
vn -0.83761 -0.54536 -0.03147
vt 0 0
v 0.71152 0.84653 0.69776
vn -0.46590 -0.87543 0.12868
vt 1 0
v 0.71068 0.84741 0.70007
vn -0.48708 -0.85311 0.18696
vt 1 1
f 9682/9682/9682 9683/9683/9683 9684/9684/9684
usemtl green_off
v 0.71068 0.84741 0.70007
vn -0.48702 -0.85314 0.18700
vt 0 0
v 0.71152 0.84653 0.69776
vn -0.46582 -0.87547 0.12869
vt 1 0
v 0.71245 0.84641 0.69821
vn -0.00114 -0.93402 0.35723
vt 1 1
f 9685/9685/9685 9686/9686/9686 9687/9687/9687
usemtl green_off
v 0.71068 0.84741 0.70007
vn -0.48702 -0.85314 0.18700
vt 0 0
v 0.71245 0.84641 0.69821
vn -0.00114 -0.93402 0.35723
vt 1 0
v 0.71165 0.84726 0.70041
vn -0.00119 -0.93397 0.35736
vt 1 1
f 9688/9688/9688 9689/9689/9689 9690/9690/9690
usemtl green_off
v 0.71060 0.88770 0.68158
vn -0.92387 -0.13114 -0.35953
vt 0 0
v 0.70972 0.88863 0.68401
vn -0.96591 -0.08684 -0.24388
vt 1 0
v 0.70997 0.88959 0.68372
vn -0.83769 0.38469 -0.38768
vt 1 1
f 9691/9691/9691 9692/9692/9692 9693/9693/9693
usemtl green_off
v 0.71060 0.88770 0.68158
vn -0.92387 -0.13114 -0.35953
vt 0 0
v 0.70997 0.88959 0.68372
vn -0.83769 0.38469 -0.38768
vt 1 0
v 0.71085 0.88867 0.68132
vn -0.80124 0.34628 -0.48797
vt 1 1
f 9694/9694/9694 9695/9695/9695 9696/9696/9696
usemtl green_off
v 0.71085 0.88867 0.68132
vn -0.80120 0.34635 -0.48798
vt 0 0
v 0.70997 0.88959 0.68372
vn -0.83765 0.38476 -0.38770
vt 1 0
v 0.71068 0.89034 0.68363
vn -0.48713 0.75970 -0.43075
vt 1 1
f 9697/9697/9697 9698/9698/9698 9699/9699/9699
usemtl green_off
v 0.71085 0.88867 0.68132
vn -0.80120 0.34635 -0.48798
vt 0 0
v 0.71068 0.89034 0.68363
vn -0.48713 0.75970 -0.43075
vt 1 0
v 0.71152 0.88945 0.68132
vn -0.46595 0.73738 -0.48904
vt 1 1
f 9700/9700/9700 9701/9701/9701 9702/9702/9702
usemtl green_off
v 0.71152 0.88945 0.68132
vn -0.46575 0.73749 -0.48906
vt 0 0
v 0.71068 0.89034 0.68363
vn -0.48694 0.75983 -0.43076
vt 1 0
v 0.71165 0.89068 0.68378
vn -0.00111 0.93374 -0.35796
vt 1 1
f 9703/9703/9703 9704/9704/9704 9705/9705/9705
usemtl green_off
v 0.71152 0.88945 0.68132
vn -0.46575 0.73749 -0.48906
vt 0 0
v 0.71165 0.89068 0.68378
vn -0.00111 0.93374 -0.35796
vt 1 0
v 0.71245 0.88984 0.68158
vn -0.00106 0.93369 -0.35809
vt 1 1
f 9706/9706/9706 9707/9707/9707 9708/9708/9708
usemtl green_off
v 0.71060 0.84801 0.69678
vn -0.92386 -0.14260 -0.35517
vt 0 0
v 0.71181 0.84713 0.69448
vn -0.86601 -0.18457 -0.46473
vt 1 0
v 0.71205 0.84624 0.69496
vn -0.75103 -0.62006 -0.22686
vt 1 1
f 9709/9709/9709 9710/9710/9710 9711/9711/9711
usemtl green_off
v 0.71060 0.84801 0.69678
vn -0.92386 -0.14260 -0.35517
vt 0 0
v 0.71205 0.84624 0.69496
vn -0.75103 -0.62006 -0.22686
vt 1 0
v 0.71085 0.84711 0.69723
vn -0.80121 -0.58368 -0.13184
vt 1 1
f 9712/9712/9712 9713/9713/9713 9714/9714/9714
usemtl green_off
v 0.71085 0.84711 0.69723
vn -0.80117 -0.58375 -0.13180
vt 0 0
v 0.71205 0.84624 0.69496
vn -0.75101 -0.62013 -0.22677
vt 1 0
v 0.71268 0.84569 0.69557
vn -0.43675 -0.89658 0.07341
vt 1 1
f 9715/9715/9715 9716/9716/9716 9717/9717/9717
usemtl green_off
v 0.71085 0.84711 0.69723
vn -0.80117 -0.58375 -0.13180
vt 0 0
v 0.71268 0.84569 0.69557
vn -0.43675 -0.89658 0.07341
vt 1 0
v 0.71152 0.84653 0.69776
vn -0.46590 -0.87544 0.12861
vt 1 1
f 9718/9718/9718 9719/9719/9719 9720/9720/9720
usemtl green_off
v 0.71152 0.84653 0.69776
vn -0.46589 -0.87544 0.12864
vt 0 0
v 0.71268 0.84569 0.69557
vn -0.43673 -0.89659 0.07342
vt 1 0
v 0.71355 0.84562 0.69613
vn -0.00116 -0.93408 0.35706
vt 1 1
f 9721/9721/9721 9722/9722/9722 9723/9723/9723
usemtl green_off
v 0.71152 0.84653 0.69776
vn -0.46589 -0.87544 0.12864
vt 0 0
v 0.71355 0.84562 0.69613
vn -0.00116 -0.93408 0.35706
vt 1 0
v 0.71245 0.84641 0.69821
vn -0.00122 -0.93403 0.35719
vt 1 1
f 9724/9724/9724 9725/9725/9725 9726/9726/9726
usemtl green_off
v 0.71181 0.88682 0.67928
vn -0.86602 -0.17309 -0.46910
vt 0 0
v 0.71060 0.88770 0.68158
vn -0.92387 -0.13114 -0.35953
vt 1 0
v 0.71085 0.88867 0.68132
vn -0.80124 0.34628 -0.48797
vt 1 1
f 9727/9727/9727 9728/9728/9728 9729/9729/9729
usemtl green_off
v 0.71181 0.88682 0.67928
vn -0.86602 -0.17309 -0.46910
vt 0 0
v 0.71085 0.88867 0.68132
vn -0.80124 0.34628 -0.48797
vt 1 0
v 0.71205 0.88780 0.67905
vn -0.75105 0.30990 -0.58300
vt 1 1
f 9730/9730/9730 9731/9731/9731 9732/9732/9732
usemtl green_off
v 0.71205 0.88780 0.67905
vn -0.75099 0.31001 -0.58302
vt 0 0
v 0.71085 0.88867 0.68132
vn -0.80114 0.34639 -0.48804
vt 1 0
v 0.71152 0.88945 0.68132
vn -0.46587 0.73739 -0.48910
vt 1 1
f 9733/9733/9733 9734/9734/9734 9735/9735/9735
usemtl green_off
v 0.71205 0.88780 0.67905
vn -0.75099 0.31001 -0.58302
vt 0 0
v 0.71152 0.88945 0.68132
vn -0.46587 0.73739 -0.48910
vt 1 0
v 0.71268 0.88861 0.67913
vn -0.43672 0.71625 -0.54430
vt 1 1
f 9736/9736/9736 9737/9737/9737 9738/9738/9738
usemtl green_off
v 0.71268 0.88861 0.67913
vn -0.43665 0.71630 -0.54429
vt 0 0
v 0.71152 0.88945 0.68132
vn -0.46582 0.73745 -0.48906
vt 1 0
v 0.71245 0.88984 0.68158
vn -0.00114 0.93368 -0.35810
vt 1 1
f 9739/9739/9739 9740/9740/9740 9741/9741/9741
usemtl green_off
v 0.71268 0.88861 0.67913
vn -0.43665 0.71630 -0.54429
vt 0 0
v 0.71245 0.88984 0.68158
vn -0.00114 0.93368 -0.35810
vt 1 0
v 0.71355 0.88904 0.67950
vn -0.00107 0.93363 -0.35823
vt 1 1
f 9742/9742/9742 9743/9743/9743 9744/9744/9744
usemtl green_off
v 0.71181 0.84713 0.69448
vn -0.86601 -0.18457 -0.46473
vt 0 0
v 0.71334 0.84631 0.69235
vn -0.79333 -0.22348 -0.56629
vt 1 0
v 0.71355 0.84543 0.69286
vn -0.68799 -0.65383 -0.31493
vt 1 1
f 9745/9745/9745 9746/9746/9746 9747/9747/9747
usemtl green_off
v 0.71181 0.84713 0.69448
vn -0.86601 -0.18457 -0.46473
vt 0 0
v 0.71355 0.84543 0.69286
vn -0.68799 -0.65383 -0.31493
vt 1 0
v 0.71205 0.84624 0.69496
vn -0.75103 -0.62006 -0.22686
vt 1 1
f 9748/9748/9748 9749/9749/9749 9750/9750/9750
usemtl green_off
v 0.71205 0.84624 0.69496
vn -0.75099 -0.62014 -0.22680
vt 0 0
v 0.71355 0.84543 0.69286
vn -0.68799 -0.65386 -0.31486
vt 1 0
v 0.71413 0.84491 0.69354
vn -0.40011 -0.91620 0.02219
vt 1 1
f 9751/9751/9751 9752/9752/9752 9753/9753/9753
usemtl green_off
v 0.71205 0.84624 0.69496
vn -0.75099 -0.62014 -0.22680
vt 0 0
v 0.71413 0.84491 0.69354
vn -0.40011 -0.91620 0.02219
vt 1 0
v 0.71268 0.84569 0.69557
vn -0.43672 -0.89660 0.07336
vt 1 1
f 9754/9754/9754 9755/9755/9755 9756/9756/9756
usemtl green_off
v 0.71268 0.84569 0.69557
vn -0.43663 -0.89664 0.07343
vt 0 0
v 0.71413 0.84491 0.69354
vn -0.40000 -0.91625 0.02224
vt 1 0
v 0.71493 0.84488 0.69420
vn -0.00097 -0.93412 0.35695
vt 1 1
f 9757/9757/9757 9758/9758/9758 9759/9759/9759
usemtl green_off
v 0.71268 0.84569 0.69557
vn -0.43663 -0.89664 0.07343
vt 0 0
v 0.71493 0.84488 0.69420
vn -0.00097 -0.93412 0.35695
vt 1 0
v 0.71355 0.84562 0.69613
vn -0.00105 -0.93408 0.35707
vt 1 1
f 9760/9760/9760 9761/9761/9761 9762/9762/9762
usemtl green_off
v 0.71334 0.88600 0.67715
vn -0.79334 -0.21198 -0.57068
vt 0 0
v 0.71181 0.88682 0.67928
vn -0.86602 -0.17309 -0.46910
vt 1 0
v 0.71205 0.88780 0.67905
vn -0.75105 0.30990 -0.58300
vt 1 1
f 9763/9763/9763 9764/9764/9764 9765/9765/9765
usemtl green_off
v 0.71334 0.88600 0.67715
vn -0.79334 -0.21198 -0.57068
vt 0 0
v 0.71205 0.88780 0.67905
vn -0.75105 0.30990 -0.58300
vt 1 0
v 0.71355 0.88699 0.67694
vn -0.68801 0.27618 -0.67110
vt 1 1
f 9766/9766/9766 9767/9767/9767 9768/9768/9768
usemtl green_off
v 0.71355 0.88699 0.67694
vn -0.68797 0.27626 -0.67110
vt 0 0
v 0.71205 0.88780 0.67905
vn -0.75098 0.30999 -0.58305
vt 1 0
v 0.71268 0.88861 0.67913
vn -0.43670 0.71622 -0.54435
vt 1 1
f 9769/9769/9769 9770/9770/9770 9771/9771/9771
usemtl green_off
v 0.71355 0.88699 0.67694
vn -0.68797 0.27626 -0.67110
vt 0 0
v 0.71268 0.88861 0.67913
vn -0.43670 0.71622 -0.54435
vt 1 0
v 0.71413 0.88783 0.67710
vn -0.40008 0.69663 -0.59552
vt 1 1
f 9772/9772/9772 9773/9773/9773 9774/9774/9774
usemtl green_off
v 0.71413 0.88783 0.67710
vn -0.40004 0.69668 -0.59549
vt 0 0
v 0.71268 0.88861 0.67913
vn -0.43668 0.71628 -0.54429
vt 1 0
v 0.71355 0.88904 0.67950
vn -0.00110 0.93363 -0.35823
vt 1 1
f 9775/9775/9775 9776/9776/9776 9777/9777/9777
usemtl green_off
v 0.71413 0.88783 0.67710
vn -0.40004 0.69668 -0.59549
vt 0 0
v 0.71355 0.88904 0.67950
vn -0.00110 0.93363 -0.35823
vt 1 0
v 0.71493 0.88830 0.67757
vn -0.00101 0.93359 -0.35835
vt 1 1
f 9778/9778/9778 9779/9779/9779 9780/9780/9780
usemtl green_off
v 0.71334 0.84631 0.69235
vn -0.79333 -0.22348 -0.56629
vt 0 0
v 0.71515 0.84557 0.69042
vn -0.70707 -0.25866 -0.65814
vt 1 0
v 0.71534 0.84471 0.69095
vn -0.61318 -0.68433 -0.39458
vt 1 1
f 9781/9781/9781 9782/9782/9782 9783/9783/9783
usemtl green_off
v 0.71334 0.84631 0.69235
vn -0.79333 -0.22348 -0.56629
vt 0 0
v 0.71534 0.84471 0.69095
vn -0.61318 -0.68433 -0.39458
vt 1 0
v 0.71355 0.84543 0.69286
vn -0.68799 -0.65383 -0.31493
vt 1 1
f 9784/9784/9784 9785/9785/9785 9786/9786/9786
usemtl green_off
v 0.71355 0.84543 0.69286
vn -0.68797 -0.65389 -0.31485
vt 0 0
v 0.71534 0.84471 0.69095
vn -0.61320 -0.68439 -0.39446
vt 1 0
v 0.71586 0.84421 0.69170
vn -0.35661 -0.93394 -0.02409
vt 1 1
f 9787/9787/9787 9788/9788/9788 9789/9789/9789
usemtl green_off
v 0.71355 0.84543 0.69286
vn -0.68797 -0.65389 -0.31485
vt 0 0
v 0.71586 0.84421 0.69170
vn -0.35661 -0.93394 -0.02409
vt 1 0
v 0.71413 0.84491 0.69354
vn -0.40006 -0.91622 0.02219
vt 1 1
f 9790/9790/9790 9791/9791/9791 9792/9792/9792
usemtl green_off
v 0.71413 0.84491 0.69354
vn -0.40000 -0.91624 0.02221
vt 0 0
v 0.71586 0.84421 0.69170
vn -0.35653 -0.93398 -0.02408
vt 1 0
v 0.71657 0.84421 0.69246
vn -0.00088 -0.93417 0.35683
vt 1 1
f 9793/9793/9793 9794/9794/9794 9795/9795/9795
usemtl green_off
v 0.71413 0.84491 0.69354
vn -0.40000 -0.91624 0.02221
vt 0 0
v 0.71657 0.84421 0.69246
vn -0.00088 -0.93417 0.35683
vt 1 0
v 0.71493 0.84488 0.69420
vn -0.00098 -0.93413 0.35694
vt 1 1
f 9796/9796/9796 9797/9797/9797 9798/9798/9798
usemtl green_off
v 0.71515 0.88526 0.67522
vn -0.70709 -0.24715 -0.66252
vt 0 0
v 0.71334 0.88600 0.67715
vn -0.79334 -0.21198 -0.57068
vt 1 0
v 0.71355 0.88699 0.67694
vn -0.68801 0.27618 -0.67110
vt 1 1
f 9799/9799/9799 9800/9800/9800 9801/9801/9801
usemtl green_off
v 0.71515 0.88526 0.67522
vn -0.70709 -0.24715 -0.66252
vt 0 0
v 0.71355 0.88699 0.67694
vn -0.68801 0.27618 -0.67110
vt 1 0
v 0.71534 0.88626 0.67504
vn -0.61321 0.24569 -0.75074
vt 1 1
f 9802/9802/9802 9803/9803/9803 9804/9804/9804
usemtl green_off
v 0.71534 0.88626 0.67504
vn -0.61320 0.24573 -0.75074
vt 0 0
v 0.71355 0.88699 0.67694
vn -0.68797 0.27623 -0.67112
vt 1 0
v 0.71413 0.88783 0.67710
vn -0.40007 0.69659 -0.59557
vt 1 1
f 9805/9805/9805 9806/9806/9806 9807/9807/9807
usemtl green_off
v 0.71534 0.88626 0.67504
vn -0.61320 0.24573 -0.75074
vt 0 0
v 0.71413 0.88783 0.67710
vn -0.40007 0.69659 -0.59557
vt 1 0
v 0.71586 0.88713 0.67526
vn -0.35661 0.67887 -0.64185
vt 1 1
f 9808/9808/9808 9809/9809/9809 9810/9810/9810
usemtl green_off
v 0.71586 0.88713 0.67526
vn -0.35657 0.67890 -0.64183
vt 0 0
v 0.71413 0.88783 0.67710
vn -0.40006 0.69663 -0.59553
vt 1 0
v 0.71493 0.88830 0.67757
vn -0.00104 0.93356 -0.35841
vt 1 1
f 9811/9811/9811 9812/9812/9812 9813/9813/9813
usemtl green_off
v 0.71586 0.88713 0.67526
vn -0.35657 0.67890 -0.64183
vt 0 0
v 0.71493 0.88830 0.67757
vn -0.00104 0.93356 -0.35841
vt 1 0
v 0.71657 0.88763 0.67583
vn -0.00094 0.93352 -0.35851
vt 1 1
f 9814/9814/9814 9815/9815/9815 9816/9816/9816
usemtl green_off
v 0.71515 0.84557 0.69042
vn -0.70707 -0.25866 -0.65814
vt 0 0
v 0.71722 0.84492 0.68873
vn -0.60874 -0.28950 -0.73867
vt 1 0
v 0.71738 0.84407 0.68928
vn -0.52790 -0.71108 -0.46443
vt 1 1
f 9817/9817/9817 9818/9818/9818 9819/9819/9819
usemtl green_off
v 0.71515 0.84557 0.69042
vn -0.70707 -0.25866 -0.65814
vt 0 0
v 0.71738 0.84407 0.68928
vn -0.52790 -0.71108 -0.46443
vt 1 0
v 0.71534 0.84471 0.69095
vn -0.61318 -0.68433 -0.39458
vt 1 1
f 9820/9820/9820 9821/9821/9821 9822/9822/9822
usemtl green_off
v 0.71534 0.84471 0.69095
vn -0.61323 -0.68434 -0.39450
vt 0 0
v 0.71738 0.84407 0.68928
vn -0.52796 -0.71110 -0.46432
vt 1 0
v 0.71783 0.84359 0.69009
vn -0.30708 -0.94948 -0.06473
vt 1 1
f 9823/9823/9823 9824/9824/9824 9825/9825/9825
usemtl green_off
v 0.71534 0.84471 0.69095
vn -0.61323 -0.68434 -0.39450
vt 0 0
v 0.71783 0.84359 0.69009
vn -0.30708 -0.94948 -0.06473
vt 1 0
v 0.71586 0.84421 0.69170
vn -0.35662 -0.93394 -0.02415
vt 1 1
f 9826/9826/9826 9827/9827/9827 9828/9828/9828
usemtl green_off
v 0.71586 0.84421 0.69170
vn -0.35651 -0.93398 -0.02409
vt 0 0
v 0.71783 0.84359 0.69009
vn -0.30694 -0.94953 -0.06469
vt 1 0
v 0.71844 0.84362 0.69093
vn -0.00075 -0.93421 0.35673
vt 1 1
f 9829/9829/9829 9830/9830/9830 9831/9831/9831
usemtl green_off
v 0.71586 0.84421 0.69170
vn -0.35651 -0.93398 -0.02409
vt 0 0
v 0.71844 0.84362 0.69093
vn -0.00075 -0.93421 0.35673
vt 1 0
v 0.71657 0.84421 0.69246
vn -0.00086 -0.93417 0.35682
vt 1 1
f 9832/9832/9832 9833/9833/9833 9834/9834/9834
usemtl green_off
v 0.71722 0.88461 0.67353
vn -0.60875 -0.27800 -0.74306
vt 0 0
v 0.71515 0.88526 0.67522
vn -0.70709 -0.24715 -0.66252
vt 1 0
v 0.71534 0.88626 0.67504
vn -0.61321 0.24569 -0.75074
vt 1 1
f 9835/9835/9835 9836/9836/9836 9837/9837/9837
usemtl green_off
v 0.71722 0.88461 0.67353
vn -0.60875 -0.27800 -0.74306
vt 0 0
v 0.71534 0.88626 0.67504
vn -0.61321 0.24569 -0.75074
vt 1 0
v 0.71738 0.88562 0.67337
vn -0.52792 0.21893 -0.82059
vt 1 1
f 9838/9838/9838 9839/9839/9839 9840/9840/9840
usemtl green_off
v 0.71738 0.88562 0.67337
vn -0.52793 0.21899 -0.82057
vt 0 0
v 0.71534 0.88626 0.67504
vn -0.61319 0.24573 -0.75074
vt 1 0
v 0.71586 0.88713 0.67526
vn -0.35659 0.67886 -0.64187
vt 1 1
f 9841/9841/9841 9842/9842/9842 9843/9843/9843
usemtl green_off
v 0.71738 0.88562 0.67337
vn -0.52793 0.21899 -0.82057
vt 0 0
v 0.71586 0.88713 0.67526
vn -0.35659 0.67886 -0.64187
vt 1 0
v 0.71783 0.88651 0.67365
vn -0.30704 0.66332 -0.68244
vt 1 1
f 9844/9844/9844 9845/9845/9845 9846/9846/9846
usemtl green_off
v 0.71783 0.88651 0.67365
vn -0.30695 0.66338 -0.68243
vt 0 0
v 0.71586 0.88713 0.67526
vn -0.35651 0.67894 -0.64183
vt 1 0
v 0.71657 0.88763 0.67583
vn -0.00087 0.93353 -0.35849
vt 1 1
f 9847/9847/9847 9848/9848/9848 9849/9849/9849
usemtl green_off
v 0.71783 0.88651 0.67365
vn -0.30695 0.66338 -0.68243
vt 0 0
v 0.71657 0.88763 0.67583
vn -0.00087 0.93353 -0.35849
vt 1 0
v 0.71844 0.88705 0.67430
vn -0.00076 0.93350 -0.35859
vt 1 1
f 9850/9850/9850 9851/9851/9851 9852/9852/9852
usemtl green_off
v 0.71722 0.84492 0.68873
vn -0.60874 -0.28950 -0.73867
vt 0 0
v 0.71950 0.84438 0.68730
vn -0.49997 -0.31549 -0.80654
vt 1 0
v 0.71963 0.84353 0.68788
vn -0.43360 -0.73361 -0.52326
vt 1 1
f 9853/9853/9853 9854/9854/9854 9855/9855/9855
usemtl green_off
v 0.71722 0.84492 0.68873
vn -0.60874 -0.28950 -0.73867
vt 0 0
v 0.71963 0.84353 0.68788
vn -0.43360 -0.73361 -0.52326
vt 1 0
v 0.71738 0.84407 0.68928
vn -0.52790 -0.71108 -0.46443
vt 1 1
f 9856/9856/9856 9857/9857/9857 9858/9858/9858
usemtl green_off
v 0.71738 0.84407 0.68928
vn -0.52787 -0.71113 -0.46437
vt 0 0
v 0.71963 0.84353 0.68788
vn -0.43358 -0.73366 -0.52321
vt 1 0
v 0.72000 0.84307 0.68873
vn -0.25215 -0.96261 -0.09899
vt 1 1
f 9859/9859/9859 9860/9860/9860 9861/9861/9861
usemtl green_off
v 0.71738 0.84407 0.68928
vn -0.52787 -0.71113 -0.46437
vt 0 0
v 0.72000 0.84307 0.68873
vn -0.25215 -0.96261 -0.09899
vt 1 0
v 0.71783 0.84359 0.69009
vn -0.30696 -0.94952 -0.06479
vt 1 1
f 9862/9862/9862 9863/9863/9863 9864/9864/9864
usemtl green_off
v 0.71783 0.84359 0.69009
vn -0.30693 -0.94953 -0.06467
vt 0 0
v 0.72000 0.84307 0.68873
vn -0.25210 -0.96264 -0.09888
vt 1 0
v 0.72050 0.84313 0.68964
vn -0.00062 -0.93423 0.35668
vt 1 1
f 9865/9865/9865 9866/9866/9866 9867/9867/9867
usemtl green_off
v 0.71783 0.84359 0.69009
vn -0.30693 -0.94953 -0.06467
vt 0 0
v 0.72050 0.84313 0.68964
vn -0.00062 -0.93423 0.35668
vt 1 0
v 0.71844 0.84362 0.69093
vn -0.00074 -0.93420 0.35675
vt 1 1
f 9868/9868/9868 9869/9869/9869 9870/9870/9870
usemtl green_off
v 0.71950 0.88407 0.67210
vn -0.50000 -0.30399 -0.81092
vt 0 0
v 0.71722 0.88461 0.67353
vn -0.60875 -0.27800 -0.74306
vt 1 0
v 0.71738 0.88562 0.67337
vn -0.52792 0.21893 -0.82059
vt 1 1
f 9871/9871/9871 9872/9872/9872 9873/9873/9873
usemtl green_off
v 0.71950 0.88407 0.67210
vn -0.50000 -0.30399 -0.81092
vt 0 0
v 0.71738 0.88562 0.67337
vn -0.52792 0.21893 -0.82059
vt 1 0
v 0.71963 0.88508 0.67196
vn -0.43362 0.19639 -0.87944
vt 1 1
f 9874/9874/9874 9875/9875/9875 9876/9876/9876
usemtl green_off
v 0.71963 0.88508 0.67196
vn -0.43363 0.19646 -0.87941
vt 0 0
v 0.71738 0.88562 0.67337
vn -0.52792 0.21899 -0.82057
vt 1 0
v 0.71783 0.88651 0.67365
vn -0.30700 0.66332 -0.68246
vt 1 1
f 9877/9877/9877 9878/9878/9878 9879/9879/9879
usemtl green_off
v 0.71963 0.88508 0.67196
vn -0.43363 0.19646 -0.87941
vt 0 0
v 0.71783 0.88651 0.67365
vn -0.30700 0.66332 -0.68246
vt 1 0
v 0.72000 0.88599 0.67229
vn -0.25221 0.65022 -0.71667
vt 1 1
f 9880/9880/9880 9881/9881/9881 9882/9882/9882
usemtl green_off
v 0.72000 0.88599 0.67229
vn -0.25207 0.65026 -0.71667
vt 0 0
v 0.71783 0.88651 0.67365
vn -0.30690 0.66338 -0.68246
vt 1 0
v 0.71844 0.88705 0.67430
vn -0.00071 0.93348 -0.35862
vt 1 1
f 9883/9883/9883 9884/9884/9884 9885/9885/9885
usemtl green_off
v 0.72000 0.88599 0.67229
vn -0.25207 0.65026 -0.71667
vt 0 0
v 0.71844 0.88705 0.67430
vn -0.00071 0.93348 -0.35862
vt 1 0
v 0.72050 0.88656 0.67301
vn -0.00059 0.93346 -0.35869
vt 1 1
f 9886/9886/9886 9887/9887/9887 9888/9888/9888
usemtl green_off
v 0.71950 0.84438 0.68730
vn -0.49997 -0.31549 -0.80654
vt 0 0
v 0.72196 0.84394 0.68617
vn -0.38267 -0.33617 -0.86055
vt 1 0
v 0.72207 0.84310 0.68676
vn -0.33186 -0.75155 -0.57012
vt 1 1
f 9889/9889/9889 9890/9890/9890 9891/9891/9891
usemtl green_off
v 0.71950 0.84438 0.68730
vn -0.49997 -0.31549 -0.80654
vt 0 0
v 0.72207 0.84310 0.68676
vn -0.33186 -0.75155 -0.57012
vt 1 0
v 0.71963 0.84353 0.68788
vn -0.43360 -0.73361 -0.52326
vt 1 1
f 9892/9892/9892 9893/9893/9893 9894/9894/9894
usemtl green_off
v 0.71963 0.84353 0.68788
vn -0.43357 -0.73367 -0.52321
vt 0 0
v 0.72207 0.84310 0.68676
vn -0.33186 -0.75161 -0.57005
vt 1 0
v 0.72235 0.84266 0.68765
vn -0.19300 -0.97305 -0.12622
vt 1 1
f 9895/9895/9895 9896/9896/9896 9897/9897/9897
usemtl green_off
v 0.71963 0.84353 0.68788
vn -0.43357 -0.73367 -0.52321
vt 0 0
v 0.72235 0.84266 0.68765
vn -0.19300 -0.97305 -0.12622
vt 1 0
v 0.72000 0.84307 0.68873
vn -0.25211 -0.96262 -0.09900
vt 1 1
f 9898/9898/9898 9899/9899/9899 9900/9900/9900
usemtl green_off
v 0.72000 0.84307 0.68873
vn -0.25209 -0.96264 -0.09891
vt 0 0
v 0.72235 0.84266 0.68765
vn -0.19295 -0.97307 -0.12614
vt 1 0
v 0.72273 0.84274 0.68861
vn -0.00047 -0.93426 0.35659
vt 1 1
f 9901/9901/9901 9902/9902/9902 9903/9903/9903
usemtl green_off
v 0.72000 0.84307 0.68873
vn -0.25209 -0.96264 -0.09891
vt 0 0
v 0.72273 0.84274 0.68861
vn -0.00047 -0.93426 0.35659
vt 1 0
v 0.72050 0.84313 0.68964
vn -0.00061 -0.93424 0.35666
vt 1 1
f 9904/9904/9904 9905/9905/9905 9906/9906/9906
usemtl green_off
v 0.72196 0.88363 0.67097
vn -0.38269 -0.32469 -0.86494
vt 0 0
v 0.71950 0.88407 0.67210
vn -0.50000 -0.30399 -0.81092
vt 1 0
v 0.71963 0.88508 0.67196
vn -0.43362 0.19639 -0.87944
vt 1 1
f 9907/9907/9907 9908/9908/9908 9909/9909/9909
usemtl green_off
v 0.72196 0.88363 0.67097
vn -0.38269 -0.32469 -0.86494
vt 0 0
v 0.71963 0.88508 0.67196
vn -0.43362 0.19639 -0.87944
vt 1 0
v 0.72207 0.88465 0.67084
vn -0.33190 0.17844 -0.92628
vt 1 1
f 9910/9910/9910 9911/9911/9911 9912/9912/9912
usemtl green_off
v 0.72207 0.88465 0.67084
vn -0.33187 0.17852 -0.92628
vt 0 0
v 0.71963 0.88508 0.67196
vn -0.43358 0.19646 -0.87944
vt 1 0
v 0.72000 0.88599 0.67229
vn -0.25212 0.65020 -0.71671
vt 1 1
f 9913/9913/9913 9914/9914/9914 9915/9915/9915
usemtl green_off
v 0.72207 0.88465 0.67084
vn -0.33187 0.17852 -0.92628
vt 0 0
v 0.72000 0.88599 0.67229
vn -0.25212 0.65020 -0.71671
vt 1 0
v 0.72235 0.88558 0.67121
vn -0.19301 0.63978 -0.74392
vt 1 1
f 9916/9916/9916 9917/9917/9917 9918/9918/9918
usemtl green_off
v 0.72235 0.88558 0.67121
vn -0.19296 0.63983 -0.74389
vt 0 0
v 0.72000 0.88599 0.67229
vn -0.25209 0.65027 -0.71666
vt 1 0
v 0.72050 0.88656 0.67301
vn -0.00062 0.93346 -0.35869
vt 1 1
f 9919/9919/9919 9920/9920/9920 9921/9921/9921
usemtl green_off
v 0.72235 0.88558 0.67121
vn -0.19296 0.63983 -0.74389
vt 0 0
v 0.72050 0.88656 0.67301
vn -0.00062 0.93346 -0.35869
vt 1 0
v 0.72273 0.88616 0.67198
vn -0.00048 0.93343 -0.35875
vt 1 1
f 9922/9922/9922 9923/9923/9923 9924/9924/9924
usemtl green_off
v 0.72196 0.84394 0.68617
vn -0.38267 -0.33617 -0.86055
vt 0 0
v 0.72456 0.84363 0.68534
vn -0.25880 -0.35121 -0.89982
vt 1 0
v 0.72463 0.84279 0.68594
vn -0.22444 -0.76459 -0.60417
vt 1 1
f 9925/9925/9925 9926/9926/9926 9927/9927/9927
usemtl green_off
v 0.72196 0.84394 0.68617
vn -0.38267 -0.33617 -0.86055
vt 0 0
v 0.72463 0.84279 0.68594
vn -0.22444 -0.76459 -0.60417
vt 1 0
v 0.72207 0.84310 0.68676
vn -0.33186 -0.75155 -0.57012
vt 1 1
f 9928/9928/9928 9929/9929/9929 9930/9930/9930
usemtl green_off
v 0.72207 0.84310 0.68676
vn -0.33186 -0.75160 -0.57006
vt 0 0
v 0.72463 0.84279 0.68594
vn -0.22447 -0.76464 -0.60410
vt 1 0
v 0.72482 0.84236 0.68687
vn -0.13056 -0.98063 -0.14603
vt 1 1
f 9931/9931/9931 9932/9932/9932 9933/9933/9933
usemtl green_off
v 0.72207 0.84310 0.68676
vn -0.33186 -0.75160 -0.57006
vt 0 0
v 0.72482 0.84236 0.68687
vn -0.13056 -0.98063 -0.14603
vt 1 0
v 0.72235 0.84266 0.68765
vn -0.19297 -0.97305 -0.12625
vt 1 1
f 9934/9934/9934 9935/9935/9935 9936/9936/9936
usemtl green_off
v 0.72235 0.84266 0.68765
vn -0.19296 -0.97307 -0.12613
vt 0 0
v 0.72482 0.84236 0.68687
vn -0.13051 -0.98065 -0.14592
vt 1 0
v 0.72508 0.84245 0.68787
vn -0.00033 -0.93428 0.35655
vt 1 1
f 9937/9937/9937 9938/9938/9938 9939/9939/9939
usemtl green_off
v 0.72235 0.84266 0.68765
vn -0.19296 -0.97307 -0.12613
vt 0 0
v 0.72508 0.84245 0.68787
vn -0.00033 -0.93428 0.35655
vt 1 0
v 0.72273 0.84274 0.68861
vn -0.00047 -0.93426 0.35660
vt 1 1
f 9940/9940/9940 9941/9941/9941 9942/9942/9942
usemtl green_off
v 0.72456 0.88332 0.67014
vn -0.25882 -0.33973 -0.90421
vt 0 0
v 0.72196 0.88363 0.67097
vn -0.38269 -0.32469 -0.86494
vt 1 0
v 0.72207 0.88465 0.67084
vn -0.33190 0.17844 -0.92628
vt 1 1
f 9943/9943/9943 9944/9944/9944 9945/9945/9945
usemtl green_off
v 0.72456 0.88332 0.67014
vn -0.25882 -0.33973 -0.90421
vt 0 0
v 0.72207 0.88465 0.67084
vn -0.33190 0.17844 -0.92628
vt 1 0
v 0.72463 0.88434 0.67003
vn -0.22447 0.16539 -0.96034
vt 1 1
f 9946/9946/9946 9947/9947/9947 9948/9948/9948
usemtl green_off
v 0.72463 0.88434 0.67003
vn -0.22444 0.16548 -0.96034
vt 0 0
v 0.72207 0.88465 0.67084
vn -0.33182 0.17852 -0.92630
vt 1 0
v 0.72235 0.88558 0.67121
vn -0.19294 0.63978 -0.74395
vt 1 1
f 9949/9949/9949 9950/9950/9950 9951/9951/9951
usemtl green_off
v 0.72463 0.88434 0.67003
vn -0.22444 0.16548 -0.96034
vt 0 0
v 0.72235 0.88558 0.67121
vn -0.19294 0.63978 -0.74395
vt 1 0
v 0.72482 0.88528 0.67043
vn -0.13053 0.63220 -0.76373
vt 1 1
f 9952/9952/9952 9953/9953/9953 9954/9954/9954
usemtl green_off
v 0.72482 0.88528 0.67043
vn -0.13050 0.63225 -0.76369
vt 0 0
v 0.72235 0.88558 0.67121
vn -0.19294 0.63984 -0.74390
vt 1 0
v 0.72273 0.88616 0.67198
vn -0.00046 0.93343 -0.35876
vt 1 1
f 9955/9955/9955 9956/9956/9956 9957/9957/9957
usemtl green_off
v 0.72482 0.88528 0.67043
vn -0.13050 0.63225 -0.76369
vt 0 0
v 0.72273 0.88616 0.67198
vn -0.00046 0.93343 -0.35876
vt 1 0
v 0.72508 0.88588 0.67123
vn -0.00032 0.93342 -0.35880
vt 1 1
f 9958/9958/9958 9959/9959/9959 9960/9960/9960
usemtl green_off
v 0.72456 0.84363 0.68534
vn -0.25880 -0.35121 -0.89982
vt 0 0
v 0.72726 0.84344 0.68484
vn -0.13051 -0.36034 -0.92365
vt 1 0
v 0.72729 0.84260 0.68545
vn -0.11318 -0.77251 -0.62483
vt 1 1
f 9961/9961/9961 9962/9962/9962 9963/9963/9963
usemtl green_off
v 0.72456 0.84363 0.68534
vn -0.25880 -0.35121 -0.89982
vt 0 0
v 0.72729 0.84260 0.68545
vn -0.11318 -0.77251 -0.62483
vt 1 0
v 0.72463 0.84279 0.68594
vn -0.22444 -0.76459 -0.60417
vt 1 1
f 9964/9964/9964 9965/9965/9965 9966/9966/9966
usemtl green_off
v 0.72463 0.84279 0.68594
vn -0.22440 -0.76465 -0.60412
vt 0 0
v 0.72729 0.84260 0.68545
vn -0.11317 -0.77255 -0.62478
vt 1 0
v 0.72739 0.84217 0.68639
vn -0.06583 -0.98523 -0.15806
vt 1 1
f 9967/9967/9967 9968/9968/9968 9969/9969/9969
usemtl green_off
v 0.72463 0.84279 0.68594
vn -0.22440 -0.76465 -0.60412
vt 0 0
v 0.72739 0.84217 0.68639
vn -0.06583 -0.98523 -0.15806
vt 1 0
v 0.72482 0.84236 0.68687
vn -0.13046 -0.98064 -0.14606
vt 1 1
f 9970/9970/9970 9971/9971/9971 9972/9972/9972
usemtl green_off
v 0.72482 0.84236 0.68687
vn -0.13047 -0.98065 -0.14594
vt 0 0
v 0.72739 0.84217 0.68639
vn -0.06580 -0.98525 -0.15795
vt 1 0
v 0.72752 0.84228 0.68741
vn -0.00014 -0.93429 0.35652
vt 1 1
f 9973/9973/9973 9974/9974/9974 9975/9975/9975
usemtl green_off
v 0.72482 0.84236 0.68687
vn -0.13047 -0.98065 -0.14594
vt 0 0
v 0.72752 0.84228 0.68741
vn -0.00014 -0.93429 0.35652
vt 1 0
v 0.72508 0.84245 0.68787
vn -0.00029 -0.93428 0.35654
vt 1 1
f 9976/9976/9976 9977/9977/9977 9978/9978/9978
usemtl green_off
v 0.72726 0.88312 0.66964
vn -0.13053 -0.34887 -0.92804
vt 0 0
v 0.72456 0.88332 0.67014
vn -0.25882 -0.33973 -0.90421
vt 1 0
v 0.72463 0.88434 0.67003
vn -0.22447 0.16539 -0.96034
vt 1 1
f 9979/9979/9979 9980/9980/9980 9981/9981/9981
usemtl green_off
v 0.72726 0.88312 0.66964
vn -0.13053 -0.34887 -0.92804
vt 0 0
v 0.72463 0.88434 0.67003
vn -0.22447 0.16539 -0.96034
vt 1 0
v 0.72729 0.88415 0.66953
vn -0.11320 0.15745 -0.98102
vt 1 1
f 9982/9982/9982 9983/9983/9983 9984/9984/9984
usemtl green_off
v 0.72729 0.88415 0.66953
vn -0.11322 0.15757 -0.98099
vt 0 0
v 0.72463 0.88434 0.67003
vn -0.22445 0.16548 -0.96033
vt 1 0
v 0.72482 0.88528 0.67043
vn -0.13051 0.63220 -0.76374
vt 1 1
f 9985/9985/9985 9986/9986/9986 9987/9987/9987
usemtl green_off
v 0.72729 0.88415 0.66953
vn -0.11322 0.15757 -0.98099
vt 0 0
v 0.72482 0.88528 0.67043
vn -0.13051 0.63220 -0.76374
vt 1 0
v 0.72739 0.88510 0.66995
vn -0.06587 0.62760 -0.77574
vt 1 1
f 9988/9988/9988 9989/9989/9989 9990/9990/9990
usemtl green_off
v 0.72739 0.88510 0.66995
vn -0.06582 0.62766 -0.77570
vt 0 0
v 0.72482 0.88528 0.67043
vn -0.13049 0.63226 -0.76369
vt 1 0
v 0.72508 0.88588 0.67123
vn -0.00032 0.93342 -0.35879
vt 1 1
f 9991/9991/9991 9992/9992/9992 9993/9993/9993
usemtl green_off
v 0.72739 0.88510 0.66995
vn -0.06582 0.62766 -0.77570
vt 0 0
v 0.72508 0.88588 0.67123
vn -0.00032 0.93342 -0.35879
vt 1 0
v 0.72752 0.88570 0.67078
vn -0.00017 0.93341 -0.35882
vt 1 1
f 9994/9994/9994 9995/9995/9995 9996/9996/9996
usemtl green_off
v 0.72726 0.84344 0.68484
vn -0.13051 -0.36034 -0.92365
vt 0 0
v 0.73000 0.84337 0.68467
vn 0.00001 -0.36340 -0.93163
vt 1 0
v 0.73000 0.84253 0.68528
vn 0.00001 -0.77517 -0.63176
vt 1 1
f 9997/9997/9997 9998/9998/9998 9999/9999/9999
usemtl green_off
v 0.72726 0.84344 0.68484
vn -0.13051 -0.36034 -0.92365
vt 0 0
v 0.73000 0.84253 0.68528
vn 0.00001 -0.77517 -0.63176
vt 1 0
v 0.72729 0.84260 0.68545
vn -0.11318 -0.77251 -0.62483
vt 1 1
f 10000/10000/10000 10001/10001/10001 10002/10002/10002
usemtl green_off
v 0.72729 0.84260 0.68545
vn -0.11317 -0.77256 -0.62477
vt 0 0
v 0.73000 0.84253 0.68528
vn -0.00001 -0.77522 -0.63170
vt 1 0
v 0.73000 0.84211 0.68623
vn -0.00003 -0.98678 -0.16208
vt 1 1
f 10003/10003/10003 10004/10004/10004 10005/10005/10005
usemtl green_off
v 0.72729 0.84260 0.68545
vn -0.11317 -0.77256 -0.62477
vt 0 0
v 0.73000 0.84211 0.68623
vn -0.00003 -0.98678 -0.16208
vt 1 0
v 0.72739 0.84217 0.68639
vn -0.06579 -0.98524 -0.15805
vt 1 1
f 10006/10006/10006 10007/10007/10007 10008/10008/10008
usemtl green_off
v 0.72739 0.84217 0.68639
vn -0.06582 -0.98525 -0.15798
vt 0 0
v 0.73000 0.84211 0.68623
vn -0.00002 -0.98679 -0.16200
vt 1 0
v 0.73000 0.84222 0.68726
vn -0.00002 -0.93430 0.35648
vt 1 1
f 10009/10009/10009 10010/10010/10010 10011/10011/10011
usemtl green_off
v 0.72739 0.84217 0.68639
vn -0.06582 -0.98525 -0.15798
vt 0 0
v 0.73000 0.84222 0.68726
vn -0.00002 -0.93430 0.35648
vt 1 0
v 0.72752 0.84228 0.68741
vn -0.00017 -0.93430 0.35649
vt 1 1
f 10012/10012/10012 10013/10013/10013 10014/10014/10014
usemtl green_off
v 0.73000 0.88306 0.66947
vn -0.00001 -0.35193 -0.93603
vt 0 0
v 0.72726 0.88312 0.66964
vn -0.13053 -0.34887 -0.92804
vt 1 0
v 0.72729 0.88415 0.66953
vn -0.11320 0.15745 -0.98102
vt 1 1
f 10015/10015/10015 10016/10016/10016 10017/10017/10017
usemtl green_off
v 0.73000 0.88306 0.66947
vn -0.00001 -0.35193 -0.93603
vt 0 0
v 0.72729 0.88415 0.66953
vn -0.11320 0.15745 -0.98102
vt 1 0
v 0.73000 0.88409 0.66937
vn -0.00002 0.15479 -0.98795
vt 1 1
f 10018/10018/10018 10019/10019/10019 10020/10020/10020
usemtl green_off
v 0.73000 0.88409 0.66937
vn -0.00001 0.15491 -0.98793
vt 0 0
v 0.72729 0.88415 0.66953
vn -0.11317 0.15757 -0.98100
vt 1 0
v 0.72739 0.88510 0.66995
vn -0.06579 0.62759 -0.77576
vt 1 1
f 10021/10021/10021 10022/10022/10022 10023/10023/10023
usemtl green_off
v 0.73000 0.88409 0.66937
vn -0.00001 0.15491 -0.98793
vt 0 0
v 0.72739 0.88510 0.66995
vn -0.06579 0.62759 -0.77576
vt 1 0
v 0.73000 0.88504 0.66979
vn -0.00003 0.62605 -0.77978
vt 1 1
f 10024/10024/10024 10025/10025/10025 10026/10026/10026
usemtl green_off
v 0.73000 0.88504 0.66979
vn -0.00002 0.62610 -0.77974
vt 0 0
v 0.72739 0.88510 0.66995
vn -0.06582 0.62764 -0.77571
vt 1 0
v 0.72752 0.88570 0.67078
vn -0.00017 0.93340 -0.35884
vt 1 1
f 10027/10027/10027 10028/10028/10028 10029/10029/10029
usemtl green_off
v 0.73000 0.88504 0.66979
vn -0.00002 0.62610 -0.77974
vt 0 0
v 0.72752 0.88570 0.67078
vn -0.00017 0.93340 -0.35884
vt 1 0
v 0.73000 0.88564 0.67063
vn -0.00002 0.93340 -0.35885
vt 1 1
f 10030/10030/10030 10031/10031/10031 10032/10032/10032
usemtl green_off
v 0.73000 0.84337 0.68467
vn 0.00001 -0.36340 -0.93163
vt 0 0
v 0.73274 0.84344 0.68484
vn 0.13053 -0.36034 -0.92364
vt 1 0
v 0.73271 0.84260 0.68545
vn 0.11320 -0.77251 -0.62483
vt 1 1
f 10033/10033/10033 10034/10034/10034 10035/10035/10035
usemtl green_off
v 0.73000 0.84337 0.68467
vn 0.00001 -0.36340 -0.93163
vt 0 0
v 0.73271 0.84260 0.68545
vn 0.11320 -0.77251 -0.62483
vt 1 0
v 0.73000 0.84253 0.68528
vn 0.00001 -0.77517 -0.63176
vt 1 1
f 10036/10036/10036 10037/10037/10037 10038/10038/10038
usemtl green_off
v 0.73000 0.84253 0.68528
vn 0.00002 -0.77521 -0.63170
vt 0 0
v 0.73271 0.84260 0.68545
vn 0.11318 -0.77256 -0.62477
vt 1 0
v 0.73261 0.84217 0.68639
vn 0.06580 -0.98524 -0.15806
vt 1 1
f 10039/10039/10039 10040/10040/10040 10041/10041/10041
usemtl green_off
v 0.73000 0.84253 0.68528
vn 0.00002 -0.77521 -0.63170
vt 0 0
v 0.73261 0.84217 0.68639
vn 0.06580 -0.98524 -0.15806
vt 1 0
v 0.73000 0.84211 0.68623
vn 0.00004 -0.98678 -0.16208
vt 1 1
f 10042/10042/10042 10043/10043/10043 10044/10044/10044
usemtl green_off
v 0.73000 0.84211 0.68623
vn 0.00003 -0.98679 -0.16200
vt 0 0
v 0.73261 0.84217 0.68639
vn 0.06583 -0.98524 -0.15798
vt 1 0
v 0.73248 0.84228 0.68741
vn 0.00018 -0.93430 0.35649
vt 1 1
f 10045/10045/10045 10046/10046/10046 10047/10047/10047
usemtl green_off
v 0.73000 0.84211 0.68623
vn 0.00003 -0.98679 -0.16200
vt 0 0
v 0.73248 0.84228 0.68741
vn 0.00018 -0.93430 0.35649
vt 1 0
v 0.73000 0.84222 0.68726
vn 0.00003 -0.93430 0.35648
vt 1 1
f 10048/10048/10048 10049/10049/10049 10050/10050/10050
usemtl green_off
v 0.73274 0.88312 0.66964
vn 0.13051 -0.34887 -0.92804
vt 0 0
v 0.73000 0.88306 0.66947
vn -0.00001 -0.35193 -0.93603
vt 1 0
v 0.73000 0.88409 0.66937
vn -0.00002 0.15479 -0.98795
vt 1 1
f 10051/10051/10051 10052/10052/10052 10053/10053/10053
usemtl green_off
v 0.73274 0.88312 0.66964
vn 0.13051 -0.34887 -0.92804
vt 0 0
v 0.73000 0.88409 0.66937
vn -0.00002 0.15479 -0.98795
vt 1 0
v 0.73271 0.88415 0.66953
vn 0.11318 0.15745 -0.98102
vt 1 1
f 10054/10054/10054 10055/10055/10055 10056/10056/10056
usemtl green_off
v 0.73271 0.88415 0.66953
vn 0.11315 0.15757 -0.98100
vt 0 0
v 0.73000 0.88409 0.66937
vn -0.00001 0.15491 -0.98793
vt 1 0
v 0.73000 0.88504 0.66979
vn 0.00001 0.62605 -0.77978
vt 1 1
f 10057/10057/10057 10058/10058/10058 10059/10059/10059
usemtl green_off
v 0.73271 0.88415 0.66953
vn 0.11315 0.15757 -0.98100
vt 0 0
v 0.73000 0.88504 0.66979
vn 0.00001 0.62605 -0.77978
vt 1 0
v 0.73261 0.88510 0.66995
vn 0.06577 0.62760 -0.77576
vt 1 1
f 10060/10060/10060 10061/10061/10061 10062/10062/10062
usemtl green_off
v 0.73261 0.88510 0.66995
vn 0.06581 0.62763 -0.77572
vt 0 0
v 0.73000 0.88504 0.66979
vn 0.00001 0.62610 -0.77975
vt 1 0
v 0.73000 0.88564 0.67063
vn 0.00001 0.93339 -0.35886
vt 1 1
f 10063/10063/10063 10064/10064/10064 10065/10065/10065
usemtl green_off
v 0.73261 0.88510 0.66995
vn 0.06581 0.62763 -0.77572
vt 0 0
v 0.73000 0.88564 0.67063
vn 0.00001 0.93339 -0.35886
vt 1 0
v 0.73248 0.88570 0.67078
vn 0.00016 0.93340 -0.35885
vt 1 1
f 10066/10066/10066 10067/10067/10067 10068/10068/10068
usemtl green_off
v 0.73274 0.84344 0.68484
vn 0.13053 -0.36034 -0.92364
vt 0 0
v 0.73544 0.84363 0.68534
vn 0.25882 -0.35121 -0.89981
vt 1 0
v 0.73537 0.84279 0.68594
vn 0.22446 -0.76459 -0.60417
vt 1 1
f 10069/10069/10069 10070/10070/10070 10071/10071/10071
usemtl green_off
v 0.73274 0.84344 0.68484
vn 0.13053 -0.36034 -0.92364
vt 0 0
v 0.73537 0.84279 0.68594
vn 0.22446 -0.76459 -0.60417
vt 1 0
v 0.73271 0.84260 0.68545
vn 0.11320 -0.77251 -0.62483
vt 1 1
f 10072/10072/10072 10073/10073/10073 10074/10074/10074
usemtl green_off
v 0.73271 0.84260 0.68545
vn 0.11321 -0.77255 -0.62478
vt 0 0
v 0.73537 0.84279 0.68594
vn 0.22443 -0.76464 -0.60412
vt 1 0
v 0.73518 0.84236 0.68687
vn 0.13050 -0.98063 -0.14606
vt 1 1
f 10075/10075/10075 10076/10076/10076 10077/10077/10077
usemtl green_off
v 0.73271 0.84260 0.68545
vn 0.11321 -0.77255 -0.62478
vt 0 0
v 0.73518 0.84236 0.68687
vn 0.13050 -0.98063 -0.14606
vt 1 0
v 0.73261 0.84217 0.68639
vn 0.06586 -0.98523 -0.15807
vt 1 1
f 10078/10078/10078 10079/10079/10079 10080/10080/10080
usemtl green_off
v 0.73261 0.84217 0.68639
vn 0.06581 -0.98525 -0.15796
vt 0 0
v 0.73518 0.84236 0.68687
vn 0.13048 -0.98065 -0.14594
vt 1 0
v 0.73492 0.84245 0.68787
vn 0.00031 -0.93428 0.35653
vt 1 1
f 10081/10081/10081 10082/10082/10082 10083/10083/10083
usemtl green_off
v 0.73261 0.84217 0.68639
vn 0.06581 -0.98525 -0.15796
vt 0 0
v 0.73492 0.84245 0.68787
vn 0.00031 -0.93428 0.35653
vt 1 0
v 0.73248 0.84228 0.68741
vn 0.00016 -0.93429 0.35651
vt 1 1
f 10084/10084/10084 10085/10085/10085 10086/10086/10086
usemtl green_off
v 0.73544 0.88332 0.67014
vn 0.25881 -0.33973 -0.90421
vt 0 0
v 0.73274 0.88312 0.66964
vn 0.13051 -0.34887 -0.92804
vt 1 0
v 0.73271 0.88415 0.66953
vn 0.11318 0.15745 -0.98102
vt 1 1
f 10087/10087/10087 10088/10088/10088 10089/10089/10089
usemtl green_off
v 0.73544 0.88332 0.67014
vn 0.25881 -0.33973 -0.90421
vt 0 0
v 0.73271 0.88415 0.66953
vn 0.11318 0.15745 -0.98102
vt 1 0
v 0.73537 0.88434 0.67003
vn 0.22444 0.16538 -0.96035
vt 1 1
f 10090/10090/10090 10091/10091/10091 10092/10092/10092
usemtl green_off
v 0.73537 0.88434 0.67003
vn 0.22444 0.16549 -0.96033
vt 0 0
v 0.73271 0.88415 0.66953
vn 0.11321 0.15758 -0.98099
vt 1 0
v 0.73261 0.88510 0.66995
vn 0.06587 0.62760 -0.77574
vt 1 1
f 10093/10093/10093 10094/10094/10094 10095/10095/10095
usemtl green_off
v 0.73537 0.88434 0.67003
vn 0.22444 0.16549 -0.96033
vt 0 0
v 0.73261 0.88510 0.66995
vn 0.06587 0.62760 -0.77574
vt 1 0
v 0.73518 0.88528 0.67043
vn 0.13051 0.63220 -0.76373
vt 1 1
f 10096/10096/10096 10097/10097/10097 10098/10098/10098
usemtl green_off
v 0.73518 0.88528 0.67043
vn 0.13048 0.63226 -0.76369
vt 0 0
v 0.73261 0.88510 0.66995
vn 0.06581 0.62765 -0.77571
vt 1 0
v 0.73248 0.88570 0.67078
vn 0.00016 0.93340 -0.35883
vt 1 1
f 10099/10099/10099 10100/10100/10100 10101/10101/10101
usemtl green_off
v 0.73518 0.88528 0.67043
vn 0.13048 0.63226 -0.76369
vt 0 0
v 0.73248 0.88570 0.67078
vn 0.00016 0.93340 -0.35883
vt 1 0
v 0.73492 0.88588 0.67123
vn 0.00030 0.93341 -0.35880
vt 1 1
f 10102/10102/10102 10103/10103/10103 10104/10104/10104
usemtl green_off
v 0.73544 0.84363 0.68534
vn 0.25882 -0.35121 -0.89981
vt 0 0
v 0.73804 0.84394 0.68617
vn 0.38271 -0.33616 -0.86054
vt 1 0
v 0.73793 0.84310 0.68676
vn 0.33188 -0.75155 -0.57012
vt 1 1
f 10105/10105/10105 10106/10106/10106 10107/10107/10107
usemtl green_off
v 0.73544 0.84363 0.68534
vn 0.25882 -0.35121 -0.89981
vt 0 0
v 0.73793 0.84310 0.68676
vn 0.33188 -0.75155 -0.57012
vt 1 0
v 0.73537 0.84279 0.68594
vn 0.22446 -0.76459 -0.60417
vt 1 1
f 10108/10108/10108 10109/10109/10109 10110/10110/10110
usemtl green_off
v 0.73537 0.84279 0.68594
vn 0.22446 -0.76464 -0.60411
vt 0 0
v 0.73793 0.84310 0.68676
vn 0.33185 -0.75159 -0.57007
vt 1 0
v 0.73765 0.84266 0.68765
vn 0.19296 -0.97305 -0.12627
vt 1 1
f 10111/10111/10111 10112/10112/10112 10113/10113/10113
usemtl green_off
v 0.73537 0.84279 0.68594
vn 0.22446 -0.76464 -0.60411
vt 0 0
v 0.73765 0.84266 0.68765
vn 0.19296 -0.97305 -0.12627
vt 1 0
v 0.73518 0.84236 0.68687
vn 0.13056 -0.98063 -0.14604
vt 1 1
f 10114/10114/10114 10115/10115/10115 10116/10116/10116
usemtl green_off
v 0.73518 0.84236 0.68687
vn 0.13053 -0.98065 -0.14593
vt 0 0
v 0.73765 0.84266 0.68765
vn 0.19296 -0.97306 -0.12614
vt 1 0
v 0.73727 0.84274 0.68861
vn 0.00049 -0.93426 0.35659
vt 1 1
f 10117/10117/10117 10118/10118/10118 10119/10119/10119
usemtl green_off
v 0.73518 0.84236 0.68687
vn 0.13053 -0.98065 -0.14593
vt 0 0
v 0.73727 0.84274 0.68861
vn 0.00049 -0.93426 0.35659
vt 1 0
v 0.73492 0.84245 0.68787
vn 0.00034 -0.93428 0.35654
vt 1 1
f 10120/10120/10120 10121/10121/10121 10122/10122/10122
usemtl green_off
v 0.73804 0.88363 0.67097
vn 0.38267 -0.32469 -0.86495
vt 0 0
v 0.73544 0.88332 0.67014
vn 0.25881 -0.33973 -0.90421
vt 1 0
v 0.73537 0.88434 0.67003
vn 0.22444 0.16538 -0.96035
vt 1 1
f 10123/10123/10123 10124/10124/10124 10125/10125/10125
usemtl green_off
v 0.73804 0.88363 0.67097
vn 0.38267 -0.32469 -0.86495
vt 0 0
v 0.73537 0.88434 0.67003
vn 0.22444 0.16538 -0.96035
vt 1 0
v 0.73793 0.88465 0.67084
vn 0.33186 0.17843 -0.92630
vt 1 1
f 10126/10126/10126 10127/10127/10127 10128/10128/10128
usemtl green_off
v 0.73793 0.88465 0.67084
vn 0.33186 0.17852 -0.92628
vt 0 0
v 0.73537 0.88434 0.67003
vn 0.22447 0.16549 -0.96033
vt 1 0
v 0.73518 0.88528 0.67043
vn 0.13057 0.63220 -0.76373
vt 1 1
f 10129/10129/10129 10130/10130/10130 10131/10131/10131
usemtl green_off
v 0.73793 0.88465 0.67084
vn 0.33186 0.17852 -0.92628
vt 0 0
v 0.73518 0.88528 0.67043
vn 0.13057 0.63220 -0.76373
vt 1 0
v 0.73765 0.88558 0.67121
vn 0.19297 0.63978 -0.74394
vt 1 1
f 10132/10132/10132 10133/10133/10133 10134/10134/10134
usemtl green_off
v 0.73765 0.88558 0.67121
vn 0.19295 0.63984 -0.74389
vt 0 0
v 0.73518 0.88528 0.67043
vn 0.13052 0.63226 -0.76368
vt 1 0
v 0.73492 0.88588 0.67123
vn 0.00033 0.93342 -0.35879
vt 1 1
f 10135/10135/10135 10136/10136/10136 10137/10137/10137
usemtl green_off
v 0.73765 0.88558 0.67121
vn 0.19295 0.63984 -0.74389
vt 0 0
v 0.73492 0.88588 0.67123
vn 0.00033 0.93342 -0.35879
vt 1 0
v 0.73727 0.88616 0.67198
vn 0.00048 0.93344 -0.35874
vt 1 1
f 10138/10138/10138 10139/10139/10139 10140/10140/10140
usemtl green_off
v 0.73804 0.84394 0.68617
vn 0.38271 -0.33616 -0.86054
vt 0 0
v 0.74050 0.84438 0.68730
vn 0.50001 -0.31548 -0.80651
vt 1 0
v 0.74037 0.84353 0.68788
vn 0.43362 -0.73361 -0.52325
vt 1 1
f 10141/10141/10141 10142/10142/10142 10143/10143/10143
usemtl green_off
v 0.73804 0.84394 0.68617
vn 0.38271 -0.33616 -0.86054
vt 0 0
v 0.74037 0.84353 0.68788
vn 0.43362 -0.73361 -0.52325
vt 1 0
v 0.73793 0.84310 0.68676
vn 0.33188 -0.75155 -0.57012
vt 1 1
f 10144/10144/10144 10145/10145/10145 10146/10146/10146
usemtl green_off
v 0.73793 0.84310 0.68676
vn 0.33188 -0.75160 -0.57004
vt 0 0
v 0.74037 0.84353 0.68788
vn 0.43359 -0.73367 -0.52320
vt 1 0
v 0.74000 0.84307 0.68873
vn 0.25213 -0.96262 -0.09899
vt 1 1
f 10147/10147/10147 10148/10148/10148 10149/10149/10149
usemtl green_off
v 0.73793 0.84310 0.68676
vn 0.33188 -0.75160 -0.57004
vt 0 0
v 0.74000 0.84307 0.68873
vn 0.25213 -0.96262 -0.09899
vt 1 0
v 0.73765 0.84266 0.68765
vn 0.19302 -0.97304 -0.12622
vt 1 1
f 10150/10150/10150 10151/10151/10151 10152/10152/10152
usemtl green_off
v 0.73765 0.84266 0.68765
vn 0.19294 -0.97307 -0.12614
vt 0 0
v 0.74000 0.84307 0.68873
vn 0.25207 -0.96264 -0.09890
vt 1 0
v 0.73950 0.84313 0.68964
vn 0.00060 -0.93423 0.35666
vt 1 1
f 10153/10153/10153 10154/10154/10154 10155/10155/10155
usemtl green_off
v 0.73765 0.84266 0.68765
vn 0.19294 -0.97307 -0.12614
vt 0 0
v 0.73950 0.84313 0.68964
vn 0.00060 -0.93423 0.35666
vt 1 0
v 0.73727 0.84274 0.68861
vn 0.00046 -0.93426 0.35660
vt 1 1
f 10156/10156/10156 10157/10157/10157 10158/10158/10158
usemtl green_off
v 0.74050 0.88407 0.67210
vn 0.50000 -0.30400 -0.81092
vt 0 0
v 0.73804 0.88363 0.67097
vn 0.38267 -0.32469 -0.86495
vt 1 0
v 0.73793 0.88465 0.67084
vn 0.33186 0.17843 -0.92630
vt 1 1
f 10159/10159/10159 10160/10160/10160 10161/10161/10161
usemtl green_off
v 0.74050 0.88407 0.67210
vn 0.50000 -0.30400 -0.81092
vt 0 0
v 0.73793 0.88465 0.67084
vn 0.33186 0.17843 -0.92630
vt 1 0
v 0.74037 0.88508 0.67196
vn 0.43362 0.19637 -0.87944
vt 1 1
f 10162/10162/10162 10163/10163/10163 10164/10164/10164
usemtl green_off
v 0.74037 0.88508 0.67196
vn 0.43357 0.19645 -0.87945
vt 0 0
v 0.73793 0.88465 0.67084
vn 0.33187 0.17852 -0.92628
vt 1 0
v 0.73765 0.88558 0.67121
vn 0.19300 0.63978 -0.74393
vt 1 1
f 10165/10165/10165 10166/10166/10166 10167/10167/10167
usemtl green_off
v 0.74037 0.88508 0.67196
vn 0.43357 0.19645 -0.87945
vt 0 0
v 0.73765 0.88558 0.67121
vn 0.19300 0.63978 -0.74393
vt 1 0
v 0.74000 0.88599 0.67229
vn 0.25212 0.65020 -0.71671
vt 1 1
f 10168/10168/10168 10169/10169/10169 10170/10170/10170
usemtl green_off
v 0.74000 0.88599 0.67229
vn 0.25207 0.65027 -0.71667
vt 0 0
v 0.73765 0.88558 0.67121
vn 0.19293 0.63983 -0.74391
vt 1 0
v 0.73727 0.88616 0.67198
vn 0.00045 0.93343 -0.35876
vt 1 1
f 10171/10171/10171 10172/10172/10172 10173/10173/10173
usemtl green_off
v 0.74000 0.88599 0.67229
vn 0.25207 0.65027 -0.71667
vt 0 0
v 0.73727 0.88616 0.67198
vn 0.00045 0.93343 -0.35876
vt 1 0
v 0.73950 0.88656 0.67301
vn 0.00059 0.93345 -0.35870
vt 1 1
f 10174/10174/10174 10175/10175/10175 10176/10176/10176
usemtl green_off
v 0.74050 0.84438 0.68730
vn 0.50001 -0.31548 -0.80651
vt 0 0
v 0.74278 0.84492 0.68873
vn 0.60875 -0.28949 -0.73866
vt 1 0
v 0.74262 0.84407 0.68928
vn 0.52792 -0.71108 -0.46440
vt 1 1
f 10177/10177/10177 10178/10178/10178 10179/10179/10179
usemtl green_off
v 0.74050 0.84438 0.68730
vn 0.50001 -0.31548 -0.80651
vt 0 0
v 0.74262 0.84407 0.68928
vn 0.52792 -0.71108 -0.46440
vt 1 0
v 0.74037 0.84353 0.68788
vn 0.43362 -0.73361 -0.52325
vt 1 1
f 10180/10180/10180 10181/10181/10181 10182/10182/10182
usemtl green_off
v 0.74037 0.84353 0.68788
vn 0.43356 -0.73368 -0.52320
vt 0 0
v 0.74262 0.84407 0.68928
vn 0.52784 -0.71116 -0.46436
vt 1 0
v 0.74217 0.84359 0.69009
vn 0.30693 -0.94952 -0.06478
vt 1 1
f 10183/10183/10183 10184/10184/10184 10185/10185/10185
usemtl green_off
v 0.74037 0.84353 0.68788
vn 0.43356 -0.73368 -0.52320
vt 0 0
v 0.74217 0.84359 0.69009
vn 0.30693 -0.94952 -0.06478
vt 1 0
v 0.74000 0.84307 0.68873
vn 0.25212 -0.96262 -0.09897
vt 1 1
f 10186/10186/10186 10187/10187/10187 10188/10188/10188
usemtl green_off
v 0.74000 0.84307 0.68873
vn 0.25211 -0.96263 -0.09888
vt 0 0
v 0.74217 0.84359 0.69009
vn 0.30694 -0.94953 -0.06467
vt 1 0
v 0.74156 0.84362 0.69093
vn 0.00076 -0.93420 0.35675
vt 1 1
f 10189/10189/10189 10190/10190/10190 10191/10191/10191
usemtl green_off
v 0.74000 0.84307 0.68873
vn 0.25211 -0.96263 -0.09888
vt 0 0
v 0.74156 0.84362 0.69093
vn 0.00076 -0.93420 0.35675
vt 1 0
v 0.73950 0.84313 0.68964
vn 0.00063 -0.93423 0.35668
vt 1 1
f 10192/10192/10192 10193/10193/10193 10194/10194/10194
usemtl green_off
v 0.74278 0.88461 0.67353
vn 0.60875 -0.27800 -0.74306
vt 0 0
v 0.74050 0.88407 0.67210
vn 0.50000 -0.30400 -0.81092
vt 1 0
v 0.74037 0.88508 0.67196
vn 0.43362 0.19637 -0.87944
vt 1 1
f 10195/10195/10195 10196/10196/10196 10197/10197/10197
usemtl green_off
v 0.74278 0.88461 0.67353
vn 0.60875 -0.27800 -0.74306
vt 0 0
v 0.74037 0.88508 0.67196
vn 0.43362 0.19637 -0.87944
vt 1 0
v 0.74262 0.88562 0.67337
vn 0.52792 0.21892 -0.82059
vt 1 1
f 10198/10198/10198 10199/10199/10199 10200/10200/10200
usemtl green_off
v 0.74262 0.88562 0.67337
vn 0.52791 0.21901 -0.82058
vt 0 0
v 0.74037 0.88508 0.67196
vn 0.43362 0.19648 -0.87941
vt 1 0
v 0.74000 0.88599 0.67229
vn 0.25219 0.65023 -0.71666
vt 1 1
f 10201/10201/10201 10202/10202/10202 10203/10203/10203
usemtl green_off
v 0.74262 0.88562 0.67337
vn 0.52791 0.21901 -0.82058
vt 0 0
v 0.74000 0.88599 0.67229
vn 0.25219 0.65023 -0.71666
vt 1 0
v 0.74217 0.88651 0.67365
vn 0.30698 0.66333 -0.68247
vt 1 1
f 10204/10204/10204 10205/10205/10205 10206/10206/10206
usemtl green_off
v 0.74217 0.88651 0.67365
vn 0.30693 0.66337 -0.68244
vt 0 0
v 0.74000 0.88599 0.67229
vn 0.25211 0.65027 -0.71665
vt 1 0
v 0.73950 0.88656 0.67301
vn 0.00062 0.93346 -0.35869
vt 1 1
f 10207/10207/10207 10208/10208/10208 10209/10209/10209
usemtl green_off
v 0.74217 0.88651 0.67365
vn 0.30693 0.66337 -0.68244
vt 0 0
v 0.73950 0.88656 0.67301
vn 0.00062 0.93346 -0.35869
vt 1 0
v 0.74156 0.88705 0.67430
vn 0.00075 0.93349 -0.35860
vt 1 1
f 10210/10210/10210 10211/10211/10211 10212/10212/10212
usemtl green_off
v 0.74278 0.84492 0.68873
vn 0.60875 -0.28949 -0.73866
vt 0 0
v 0.74485 0.84557 0.69042
vn 0.70712 -0.25864 -0.65810
vt 1 0
v 0.74466 0.84471 0.69095
vn 0.61321 -0.68432 -0.39457
vt 1 1
f 10213/10213/10213 10214/10214/10214 10215/10215/10215
usemtl green_off
v 0.74278 0.84492 0.68873
vn 0.60875 -0.28949 -0.73866
vt 0 0
v 0.74466 0.84471 0.69095
vn 0.61321 -0.68432 -0.39457
vt 1 0
v 0.74262 0.84407 0.68928
vn 0.52792 -0.71108 -0.46440
vt 1 1
f 10216/10216/10216 10217/10217/10217 10218/10218/10218
usemtl green_off
v 0.74262 0.84407 0.68928
vn 0.52797 -0.71110 -0.46431
vt 0 0
v 0.74466 0.84471 0.69095
vn 0.61323 -0.68434 -0.39449
vt 1 0
v 0.74414 0.84421 0.69170
vn 0.35663 -0.93393 -0.02414
vt 1 1
f 10219/10219/10219 10220/10220/10220 10221/10221/10221
usemtl green_off
v 0.74262 0.84407 0.68928
vn 0.52797 -0.71110 -0.46431
vt 0 0
v 0.74414 0.84421 0.69170
vn 0.35663 -0.93393 -0.02414
vt 1 0
v 0.74217 0.84359 0.69009
vn 0.30708 -0.94948 -0.06472
vt 1 1
f 10222/10222/10222 10223/10223/10223 10224/10224/10224
usemtl green_off
v 0.74217 0.84359 0.69009
vn 0.30695 -0.94953 -0.06468
vt 0 0
v 0.74414 0.84421 0.69170
vn 0.35652 -0.93398 -0.02407
vt 1 0
v 0.74343 0.84421 0.69246
vn 0.00087 -0.93417 0.35684
vt 1 1
f 10225/10225/10225 10226/10226/10226 10227/10227/10227
usemtl green_off
v 0.74217 0.84359 0.69009
vn 0.30695 -0.94953 -0.06468
vt 0 0
v 0.74343 0.84421 0.69246
vn 0.00087 -0.93417 0.35684
vt 1 0
v 0.74156 0.84362 0.69093
vn 0.00075 -0.93420 0.35674
vt 1 1
f 10228/10228/10228 10229/10229/10229 10230/10230/10230
usemtl green_off
v 0.74485 0.88526 0.67522
vn 0.70709 -0.24716 -0.66252
vt 0 0
v 0.74278 0.88461 0.67353
vn 0.60875 -0.27800 -0.74306
vt 1 0
v 0.74262 0.88562 0.67337
vn 0.52792 0.21892 -0.82059
vt 1 1
f 10231/10231/10231 10232/10232/10232 10233/10233/10233
usemtl green_off
v 0.74485 0.88526 0.67522
vn 0.70709 -0.24716 -0.66252
vt 0 0
v 0.74262 0.88562 0.67337
vn 0.52792 0.21892 -0.82059
vt 1 0
v 0.74466 0.88626 0.67504
vn 0.61319 0.24566 -0.75076
vt 1 1
f 10234/10234/10234 10235/10235/10235 10236/10236/10236
usemtl green_off
v 0.74466 0.88626 0.67504
vn 0.61318 0.24574 -0.75075
vt 0 0
v 0.74262 0.88562 0.67337
vn 0.52792 0.21901 -0.82057
vt 1 0
v 0.74217 0.88651 0.67365
vn 0.30702 0.66333 -0.68245
vt 1 1
f 10237/10237/10237 10238/10238/10238 10239/10239/10239
usemtl green_off
v 0.74466 0.88626 0.67504
vn 0.61318 0.24574 -0.75075
vt 0 0
v 0.74217 0.88651 0.67365
vn 0.30702 0.66333 -0.68245
vt 1 0
v 0.74414 0.88713 0.67526
vn 0.35657 0.67887 -0.64186
vt 1 1
f 10240/10240/10240 10241/10241/10241 10242/10242/10242
usemtl green_off
v 0.74414 0.88713 0.67526
vn 0.35655 0.67891 -0.64184
vt 0 0
v 0.74217 0.88651 0.67365
vn 0.30697 0.66336 -0.68244
vt 1 0
v 0.74156 0.88705 0.67430
vn 0.00079 0.93349 -0.35861
vt 1 1
f 10243/10243/10243 10244/10244/10244 10245/10245/10245
usemtl green_off
v 0.74414 0.88713 0.67526
vn 0.35655 0.67891 -0.64184
vt 0 0
v 0.74156 0.88705 0.67430
vn 0.00079 0.93349 -0.35861
vt 1 0
v 0.74343 0.88763 0.67583
vn 0.00090 0.93352 -0.35852
vt 1 1
f 10246/10246/10246 10247/10247/10247 10248/10248/10248
usemtl green_off
v 0.74485 0.84557 0.69042
vn 0.70712 -0.25864 -0.65810
vt 0 0
v 0.74666 0.84631 0.69235
vn 0.79334 -0.22346 -0.56628
vt 1 0
v 0.74645 0.84543 0.69286
vn 0.68802 -0.65380 -0.31493
vt 1 1
f 10249/10249/10249 10250/10250/10250 10251/10251/10251
usemtl green_off
v 0.74485 0.84557 0.69042
vn 0.70712 -0.25864 -0.65810
vt 0 0
v 0.74645 0.84543 0.69286
vn 0.68802 -0.65380 -0.31493
vt 1 0
v 0.74466 0.84471 0.69095
vn 0.61321 -0.68432 -0.39457
vt 1 1
f 10252/10252/10252 10253/10253/10253 10254/10254/10254
usemtl green_off
v 0.74466 0.84471 0.69095
vn 0.61320 -0.68438 -0.39448
vt 0 0
v 0.74645 0.84543 0.69286
vn 0.68797 -0.65388 -0.31486
vt 1 0
v 0.74587 0.84491 0.69354
vn 0.40007 -0.91622 0.02217
vt 1 1
f 10255/10255/10255 10256/10256/10256 10257/10257/10257
usemtl green_off
v 0.74466 0.84471 0.69095
vn 0.61320 -0.68438 -0.39448
vt 0 0
v 0.74587 0.84491 0.69354
vn 0.40007 -0.91622 0.02217
vt 1 0
v 0.74414 0.84421 0.69170
vn 0.35661 -0.93394 -0.02410
vt 1 1
f 10258/10258/10258 10259/10259/10259 10260/10260/10260
usemtl green_off
v 0.74414 0.84421 0.69170
vn 0.35653 -0.93397 -0.02408
vt 0 0
v 0.74587 0.84491 0.69354
vn 0.40001 -0.91624 0.02222
vt 1 0
v 0.74507 0.84488 0.69420
vn 0.00099 -0.93412 0.35695
vt 1 1
f 10261/10261/10261 10262/10262/10262 10263/10263/10263
usemtl green_off
v 0.74414 0.84421 0.69170
vn 0.35653 -0.93397 -0.02408
vt 0 0
v 0.74507 0.84488 0.69420
vn 0.00099 -0.93412 0.35695
vt 1 0
v 0.74343 0.84421 0.69246
vn 0.00088 -0.93417 0.35684
vt 1 1
f 10264/10264/10264 10265/10265/10265 10266/10266/10266
usemtl green_off
v 0.74666 0.88600 0.67715
vn 0.79333 -0.21200 -0.57068
vt 0 0
v 0.74485 0.88526 0.67522
vn 0.70709 -0.24716 -0.66252
vt 1 0
v 0.74466 0.88626 0.67504
vn 0.61319 0.24566 -0.75076
vt 1 1
f 10267/10267/10267 10268/10268/10268 10269/10269/10269
usemtl green_off
v 0.74666 0.88600 0.67715
vn 0.79333 -0.21200 -0.57068
vt 0 0
v 0.74466 0.88626 0.67504
vn 0.61319 0.24566 -0.75076
vt 1 0
v 0.74645 0.88699 0.67694
vn 0.68800 0.27614 -0.67112
vt 1 1
f 10270/10270/10270 10271/10271/10271 10272/10272/10272
usemtl green_off
v 0.74645 0.88699 0.67694
vn 0.68796 0.27623 -0.67112
vt 0 0
v 0.74466 0.88626 0.67504
vn 0.61319 0.24574 -0.75074
vt 1 0
v 0.74414 0.88713 0.67526
vn 0.35660 0.67887 -0.64185
vt 1 1
f 10273/10273/10273 10274/10274/10274 10275/10275/10275
usemtl green_off
v 0.74645 0.88699 0.67694
vn 0.68796 0.27623 -0.67112
vt 0 0
v 0.74414 0.88713 0.67526
vn 0.35660 0.67887 -0.64185
vt 1 0
v 0.74587 0.88783 0.67710
vn 0.40006 0.69659 -0.59558
vt 1 1
f 10276/10276/10276 10277/10277/10277 10278/10278/10278
usemtl green_off
v 0.74587 0.88783 0.67710
vn 0.40000 0.69665 -0.59555
vt 0 0
v 0.74414 0.88713 0.67526
vn 0.35652 0.67892 -0.64184
vt 1 0
v 0.74343 0.88763 0.67583
vn 0.00087 0.93352 -0.35852
vt 1 1
f 10279/10279/10279 10280/10280/10280 10281/10281/10281
usemtl green_off
v 0.74587 0.88783 0.67710
vn 0.40000 0.69665 -0.59555
vt 0 0
v 0.74343 0.88763 0.67583
vn 0.00087 0.93352 -0.35852
vt 1 0
v 0.74507 0.88830 0.67757
vn 0.00098 0.93356 -0.35841
vt 1 1
f 10282/10282/10282 10283/10283/10283 10284/10284/10284
usemtl green_off
v 0.74666 0.84631 0.69235
vn 0.79334 -0.22346 -0.56628
vt 0 0
v 0.74819 0.84713 0.69448
vn 0.86601 -0.18456 -0.46473
vt 1 0
v 0.74795 0.84624 0.69496
vn 0.75104 -0.62007 -0.22685
vt 1 1
f 10285/10285/10285 10286/10286/10286 10287/10287/10287
usemtl green_off
v 0.74666 0.84631 0.69235
vn 0.79334 -0.22346 -0.56628
vt 0 0
v 0.74795 0.84624 0.69496
vn 0.75104 -0.62007 -0.22685
vt 1 0
v 0.74645 0.84543 0.69286
vn 0.68802 -0.65380 -0.31493
vt 1 1
f 10288/10288/10288 10289/10289/10289 10290/10290/10290
usemtl green_off
v 0.74645 0.84543 0.69286
vn 0.68800 -0.65386 -0.31483
vt 0 0
v 0.74795 0.84624 0.69496
vn 0.75100 -0.62014 -0.22678
vt 1 0
v 0.74732 0.84569 0.69557
vn 0.43673 -0.89660 0.07339
vt 1 1
f 10291/10291/10291 10292/10292/10292 10293/10293/10293
usemtl green_off
v 0.74645 0.84543 0.69286
vn 0.68800 -0.65386 -0.31483
vt 0 0
v 0.74732 0.84569 0.69557
vn 0.43673 -0.89660 0.07339
vt 1 0
v 0.74587 0.84491 0.69354
vn 0.40012 -0.91619 0.02222
vt 1 1
f 10294/10294/10294 10295/10295/10295 10296/10296/10296
usemtl green_off
v 0.74587 0.84491 0.69354
vn 0.40000 -0.91624 0.02224
vt 0 0
v 0.74732 0.84569 0.69557
vn 0.43663 -0.89664 0.07344
vt 1 0
v 0.74645 0.84562 0.69613
vn 0.00106 -0.93407 0.35708
vt 1 1
f 10297/10297/10297 10298/10298/10298 10299/10299/10299
usemtl green_off
v 0.74587 0.84491 0.69354
vn 0.40000 -0.91624 0.02224
vt 0 0
v 0.74645 0.84562 0.69613
vn 0.00106 -0.93407 0.35708
vt 1 0
v 0.74507 0.84488 0.69420
vn 0.00097 -0.93412 0.35696
vt 1 1
f 10300/10300/10300 10301/10301/10301 10302/10302/10302
usemtl green_off
v 0.74819 0.88682 0.67928
vn 0.86600 -0.17310 -0.46912
vt 0 0
v 0.74666 0.88600 0.67715
vn 0.79333 -0.21200 -0.57068
vt 1 0
v 0.74645 0.88699 0.67694
vn 0.68800 0.27614 -0.67112
vt 1 1
f 10303/10303/10303 10304/10304/10304 10305/10305/10305
usemtl green_off
v 0.74819 0.88682 0.67928
vn 0.86600 -0.17310 -0.46912
vt 0 0
v 0.74645 0.88699 0.67694
vn 0.68800 0.27614 -0.67112
vt 1 0
v 0.74795 0.88780 0.67905
vn 0.75103 0.30988 -0.58303
vt 1 1
f 10306/10306/10306 10307/10307/10307 10308/10308/10308
usemtl green_off
v 0.74795 0.88780 0.67905
vn 0.75097 0.30999 -0.58305
vt 0 0
v 0.74645 0.88699 0.67694
vn 0.68796 0.27627 -0.67110
vt 1 0
v 0.74587 0.88783 0.67710
vn 0.40008 0.69663 -0.59552
vt 1 1
f 10309/10309/10309 10310/10310/10310 10311/10311/10311
usemtl green_off
v 0.74795 0.88780 0.67905
vn 0.75097 0.30999 -0.58305
vt 0 0
v 0.74587 0.88783 0.67710
vn 0.40008 0.69663 -0.59552
vt 1 0
v 0.74732 0.88861 0.67913
vn 0.43669 0.71623 -0.54435
vt 1 1
f 10312/10312/10312 10313/10313/10313 10314/10314/10314
usemtl green_off
v 0.74732 0.88861 0.67913
vn 0.43672 0.71627 -0.54427
vt 0 0
v 0.74587 0.88783 0.67710
vn 0.40008 0.69667 -0.59547
vt 1 0
v 0.74507 0.88830 0.67757
vn 0.00106 0.93359 -0.35835
vt 1 1
f 10315/10315/10315 10316/10316/10316 10317/10317/10317
usemtl green_off
v 0.74732 0.88861 0.67913
vn 0.43672 0.71627 -0.54427
vt 0 0
v 0.74507 0.88830 0.67757
vn 0.00106 0.93359 -0.35835
vt 1 0
v 0.74645 0.88904 0.67950
vn 0.00114 0.93363 -0.35823
vt 1 1
f 10318/10318/10318 10319/10319/10319 10320/10320/10320
usemtl green_off
v 0.74819 0.84713 0.69448
vn 0.86601 -0.18456 -0.46473
vt 0 0
v 0.74940 0.84801 0.69678
vn 0.92387 -0.14260 -0.35514
vt 1 0
v 0.74915 0.84711 0.69723
vn 0.80122 -0.58368 -0.13179
vt 1 1
f 10321/10321/10321 10322/10322/10322 10323/10323/10323
usemtl green_off
v 0.74819 0.84713 0.69448
vn 0.86601 -0.18456 -0.46473
vt 0 0
v 0.74915 0.84711 0.69723
vn 0.80122 -0.58368 -0.13179
vt 1 0
v 0.74795 0.84624 0.69496
vn 0.75104 -0.62007 -0.22685
vt 1 1
f 10324/10324/10324 10325/10325/10325 10326/10326/10326
usemtl green_off
v 0.74795 0.84624 0.69496
vn 0.75103 -0.62011 -0.22677
vt 0 0
v 0.74915 0.84711 0.69723
vn 0.80118 -0.58373 -0.13179
vt 1 0
v 0.74848 0.84653 0.69776
vn 0.46592 -0.87543 0.12861
vt 1 1
f 10327/10327/10327 10328/10328/10328 10329/10329/10329
usemtl green_off
v 0.74795 0.84624 0.69496
vn 0.75103 -0.62011 -0.22677
vt 0 0
v 0.74848 0.84653 0.69776
vn 0.46592 -0.87543 0.12861
vt 1 0
v 0.74732 0.84569 0.69557
vn 0.43677 -0.89657 0.07342
vt 1 1
f 10330/10330/10330 10331/10331/10331 10332/10332/10332
usemtl green_off
v 0.74732 0.84569 0.69557
vn 0.43669 -0.89661 0.07348
vt 0 0
v 0.74848 0.84653 0.69776
vn 0.46585 -0.87545 0.12870
vt 1 0
v 0.74755 0.84641 0.69821
vn 0.00117 -0.93401 0.35724
vt 1 1
f 10333/10333/10333 10334/10334/10334 10335/10335/10335
usemtl green_off
v 0.74732 0.84569 0.69557
vn 0.43669 -0.89661 0.07348
vt 0 0
v 0.74755 0.84641 0.69821
vn 0.00117 -0.93401 0.35724
vt 1 0
v 0.74645 0.84562 0.69613
vn 0.00112 -0.93406 0.35711
vt 1 1
f 10336/10336/10336 10337/10337/10337 10338/10338/10338
usemtl green_off
v 0.74940 0.88770 0.68158
vn 0.92386 -0.13113 -0.35956
vt 0 0
v 0.74819 0.88682 0.67928
vn 0.86600 -0.17310 -0.46912
vt 1 0
v 0.74795 0.88780 0.67905
vn 0.75103 0.30988 -0.58303
vt 1 1
f 10339/10339/10339 10340/10340/10340 10341/10341/10341
usemtl green_off
v 0.74940 0.88770 0.68158
vn 0.92386 -0.13113 -0.35956
vt 0 0
v 0.74795 0.88780 0.67905
vn 0.75103 0.30988 -0.58303
vt 1 0
v 0.74915 0.88867 0.68132
vn 0.80120 0.34629 -0.48802
vt 1 1
f 10342/10342/10342 10343/10343/10343 10344/10344/10344
usemtl green_off
v 0.74915 0.88867 0.68132
vn 0.80114 0.34641 -0.48803
vt 0 0
v 0.74795 0.88780 0.67905
vn 0.75099 0.31003 -0.58300
vt 1 0
v 0.74732 0.88861 0.67913
vn 0.43672 0.71627 -0.54428
vt 1 1
f 10345/10345/10345 10346/10346/10346 10347/10347/10347
usemtl green_off
v 0.74915 0.88867 0.68132
vn 0.80114 0.34641 -0.48803
vt 0 0
v 0.74732 0.88861 0.67913
vn 0.43672 0.71627 -0.54428
vt 1 0
v 0.74848 0.88945 0.68132
vn 0.46586 0.73741 -0.48908
vt 1 1
f 10348/10348/10348 10349/10349/10349 10350/10350/10350
usemtl green_off
v 0.74848 0.88945 0.68132
vn 0.46585 0.73743 -0.48906
vt 0 0
v 0.74732 0.88861 0.67913
vn 0.43669 0.71628 -0.54429
vt 1 0
v 0.74645 0.88904 0.67950
vn 0.00111 0.93363 -0.35824
vt 1 1
f 10351/10351/10351 10352/10352/10352 10353/10353/10353
usemtl green_off
v 0.74848 0.88945 0.68132
vn 0.46585 0.73743 -0.48906
vt 0 0
v 0.74645 0.88904 0.67950
vn 0.00111 0.93363 -0.35824
vt 1 0
v 0.74755 0.88984 0.68158
vn 0.00118 0.93368 -0.35811
vt 1 1
f 10354/10354/10354 10355/10355/10355 10356/10356/10356
usemtl green_off
v 0.74940 0.84801 0.69678
vn 0.92387 -0.14260 -0.35514
vt 0 0
v 0.75028 0.84894 0.69921
vn 0.96591 -0.09830 -0.23947
vt 1 0
v 0.75003 0.84803 0.69963
vn 0.83768 -0.54525 -0.03149
vt 1 1
f 10357/10357/10357 10358/10358/10358 10359/10359/10359
usemtl green_off
v 0.74940 0.84801 0.69678
vn 0.92387 -0.14260 -0.35514
vt 0 0
v 0.75003 0.84803 0.69963
vn 0.83768 -0.54525 -0.03149
vt 1 0
v 0.74915 0.84711 0.69723
vn 0.80122 -0.58368 -0.13179
vt 1 1
f 10360/10360/10360 10361/10361/10361 10362/10362/10362
usemtl green_off
v 0.74915 0.84711 0.69723
vn 0.80117 -0.58376 -0.13174
vt 0 0
v 0.75003 0.84803 0.69963
vn 0.83762 -0.54535 -0.03146
vt 1 0
v 0.74932 0.84741 0.70007
vn 0.48709 -0.85310 0.18697
vt 1 1
f 10363/10363/10363 10364/10364/10364 10365/10365/10365
usemtl green_off
v 0.74915 0.84711 0.69723
vn 0.80117 -0.58376 -0.13174
vt 0 0
v 0.74932 0.84741 0.70007
vn 0.48709 -0.85310 0.18697
vt 1 0
v 0.74848 0.84653 0.69776
vn 0.46590 -0.87543 0.12869
vt 1 1
f 10366/10366/10366 10367/10367/10367 10368/10368/10368
usemtl green_off
v 0.74848 0.84653 0.69776
vn 0.46587 -0.87545 0.12868
vt 0 0
v 0.74932 0.84741 0.70007
vn 0.48706 -0.85311 0.18699
vt 1 0
v 0.74835 0.84726 0.70041
vn 0.00125 -0.93397 0.35735
vt 1 1
f 10369/10369/10369 10370/10370/10370 10371/10371/10371
usemtl green_off
v 0.74848 0.84653 0.69776
vn 0.46587 -0.87545 0.12868
vt 0 0
v 0.74835 0.84726 0.70041
vn 0.00125 -0.93397 0.35735
vt 1 0
v 0.74755 0.84641 0.69821
vn 0.00120 -0.93402 0.35722
vt 1 1
f 10372/10372/10372 10373/10373/10373 10374/10374/10374
usemtl green_off
v 0.75028 0.88863 0.68401
vn 0.96590 -0.08683 -0.24390
vt 0 0
v 0.74940 0.88770 0.68158
vn 0.92386 -0.13113 -0.35956
vt 1 0
v 0.74915 0.88867 0.68132
vn 0.80120 0.34629 -0.48802
vt 1 1
f 10375/10375/10375 10376/10376/10376 10377/10377/10377
usemtl green_off
v 0.75028 0.88863 0.68401
vn 0.96590 -0.08683 -0.24390
vt 0 0
v 0.74915 0.88867 0.68132
vn 0.80120 0.34629 -0.48802
vt 1 0
v 0.75003 0.88959 0.68372
vn 0.83766 0.38470 -0.38773
vt 1 1
f 10378/10378/10378 10379/10379/10379 10380/10380/10380
usemtl green_off
v 0.75003 0.88959 0.68372
vn 0.83765 0.38472 -0.38773
vt 0 0
v 0.74915 0.88867 0.68132
vn 0.80119 0.34632 -0.48802
vt 1 0
v 0.74848 0.88945 0.68132
vn 0.46596 0.73736 -0.48907
vt 1 1
f 10381/10381/10381 10382/10382/10382 10383/10383/10383
usemtl green_off
v 0.75003 0.88959 0.68372
vn 0.83765 0.38472 -0.38773
vt 0 0
v 0.74848 0.88945 0.68132
vn 0.46596 0.73736 -0.48907
vt 1 0
v 0.74932 0.89034 0.68363
vn 0.48714 0.75968 -0.43079
vt 1 1
f 10384/10384/10384 10385/10385/10385 10386/10386/10386
usemtl green_off
v 0.74932 0.89034 0.68363
vn 0.48695 0.75983 -0.43075
vt 0 0
v 0.74848 0.88945 0.68132
vn 0.46575 0.73750 -0.48906
vt 1 0
v 0.74755 0.88984 0.68158
vn 0.00106 0.93369 -0.35809
vt 1 1
f 10387/10387/10387 10388/10388/10388 10389/10389/10389
usemtl green_off
v 0.74932 0.89034 0.68363
vn 0.48695 0.75983 -0.43075
vt 0 0
v 0.74755 0.88984 0.68158
vn 0.00106 0.93369 -0.35809
vt 1 0
v 0.74835 0.89068 0.68378
vn 0.00111 0.93374 -0.35795
vt 1 1
f 10390/10390/10390 10391/10391/10391 10392/10392/10392
usemtl green_off
v 0.75028 0.84894 0.69921
vn 0.96591 -0.09830 -0.23947
vt 0 0
v 0.75082 0.84990 0.70172
vn 0.99143 -0.05242 -0.11969
vt 1 0
v 0.75055 0.84898 0.70212
vn 0.85980 -0.50547 0.07238
vt 1 1
f 10393/10393/10393 10394/10394/10394 10395/10395/10395
usemtl green_off
v 0.75028 0.84894 0.69921
vn 0.96591 -0.09830 -0.23947
vt 0 0
v 0.75055 0.84898 0.70212
vn 0.85980 -0.50547 0.07238
vt 1 0
v 0.75003 0.84803 0.69963
vn 0.83768 -0.54525 -0.03149
vt 1 1
f 10396/10396/10396 10397/10397/10397 10398/10398/10398
usemtl green_off
v 0.75003 0.84803 0.69963
vn 0.83765 -0.54530 -0.03150
vt 0 0
v 0.75055 0.84898 0.70212
vn 0.85977 -0.50553 0.07237
vt 1 0
v 0.74983 0.84833 0.70247
vn 0.50000 -0.82996 0.24732
vt 1 1
f 10399/10399/10399 10400/10400/10400 10401/10401/10401
usemtl green_off
v 0.75003 0.84803 0.69963
vn 0.83765 -0.54530 -0.03150
vt 0 0
v 0.74983 0.84833 0.70247
vn 0.50000 -0.82996 0.24732
vt 1 0
v 0.74932 0.84741 0.70007
vn 0.48714 -0.85308 0.18696
vt 1 1
f 10402/10402/10402 10403/10403/10403 10404/10404/10404
usemtl green_off
v 0.74932 0.84741 0.70007
vn 0.48707 -0.85310 0.18701
vt 0 0
v 0.74983 0.84833 0.70247
vn 0.49994 -0.82997 0.24741
vt 1 0
v 0.74883 0.84813 0.70268
vn 0.00129 -0.93391 0.35752
vt 1 1
f 10405/10405/10405 10406/10406/10406 10407/10407/10407
usemtl green_off
v 0.74932 0.84741 0.70007
vn 0.48707 -0.85310 0.18701
vt 0 0
v 0.74883 0.84813 0.70268
vn 0.00129 -0.93391 0.35752
vt 1 0
v 0.74835 0.84726 0.70041
vn 0.00126 -0.93396 0.35738
vt 1 1
f 10408/10408/10408 10409/10409/10409 10410/10410/10410
usemtl green_off
v 0.75082 0.88959 0.68652
vn 0.99142 -0.04096 -0.12411
vt 0 0
v 0.75028 0.88863 0.68401
vn 0.96590 -0.08683 -0.24390
vt 1 0
v 0.75003 0.88959 0.68372
vn 0.83766 0.38470 -0.38773
vt 1 1
f 10411/10411/10411 10412/10412/10412 10413/10413/10413
usemtl green_off
v 0.75082 0.88959 0.68652
vn 0.99142 -0.04096 -0.12411
vt 0 0
v 0.75003 0.88959 0.68372
vn 0.83766 0.38470 -0.38773
vt 1 0
v 0.75055 0.89054 0.68620
vn 0.85980 0.42448 -0.28383
vt 1 1
f 10414/10414/10414 10415/10415/10415 10416/10416/10416
usemtl green_off
v 0.75055 0.89054 0.68620
vn 0.85976 0.42456 -0.28382
vt 0 0
v 0.75003 0.88959 0.68372
vn 0.83764 0.38478 -0.38769
vt 1 0
v 0.74932 0.89034 0.68363
vn 0.48713 0.75973 -0.43071
vt 1 1
f 10417/10417/10417 10418/10418/10418 10419/10419/10419
usemtl green_off
v 0.75055 0.89054 0.68620
vn 0.85976 0.42456 -0.28382
vt 0 0
v 0.74932 0.89034 0.68363
vn 0.48713 0.75973 -0.43071
vt 1 0
v 0.74983 0.89126 0.68603
vn 0.49999 0.78285 -0.37035
vt 1 1
f 10420/10420/10420 10421/10421/10421 10422/10422/10422
usemtl green_off
v 0.74983 0.89126 0.68603
vn 0.49986 0.78293 -0.37035
vt 0 0
v 0.74932 0.89034 0.68363
vn 0.48700 0.75980 -0.43074
vt 1 0
v 0.74835 0.89068 0.68378
vn 0.00117 0.93373 -0.35797
vt 1 1
f 10423/10423/10423 10424/10424/10424 10425/10425/10425
usemtl green_off
v 0.74983 0.89126 0.68603
vn 0.49986 0.78293 -0.37035
vt 0 0
v 0.74835 0.89068 0.68378
vn 0.00117 0.93373 -0.35797
vt 1 0
v 0.74883 0.89155 0.68605
vn 0.00120 0.93379 -0.35783
vt 1 1
f 10426/10426/10426 10427/10427/10427 10428/10428/10428
usemtl green_off
v 0.75082 0.84990 0.70172
vn 0.99143 -0.05242 -0.11969
vt 0 0
v 0.75100 0.85088 0.70428
vn 0.99998 -0.00574 0.00221
vt 1 0
v 0.75073 0.84995 0.70464
vn 0.86722 -0.46499 0.17811
vt 1 1
f 10429/10429/10429 10430/10430/10430 10431/10431/10431
usemtl green_off
v 0.75082 0.84990 0.70172
vn 0.99143 -0.05242 -0.11969
vt 0 0
v 0.75073 0.84995 0.70464
vn 0.86722 -0.46499 0.17811
vt 1 0
v 0.75055 0.84898 0.70212
vn 0.85980 -0.50547 0.07238
vt 1 1
f 10432/10432/10432 10433/10433/10433 10434/10434/10434
usemtl green_off
v 0.75055 0.84898 0.70212
vn 0.85978 -0.50551 0.07241
vt 0 0
v 0.75073 0.84995 0.70464
vn 0.86719 -0.46504 0.17808
vt 1 0
v 0.75000 0.84927 0.70490
vn 0.50433 -0.80641 0.30880
vt 1 1
f 10435/10435/10435 10436/10436/10436 10437/10437/10437
usemtl green_off
v 0.75055 0.84898 0.70212
vn 0.85978 -0.50551 0.07241
vt 0 0
v 0.75000 0.84927 0.70490
vn 0.50433 -0.80641 0.30880
vt 1 0
v 0.74983 0.84833 0.70247
vn 0.50001 -0.82993 0.24739
vt 1 1
f 10438/10438/10438 10439/10439/10439 10440/10440/10440
usemtl green_off
v 0.74983 0.84833 0.70247
vn 0.49986 -0.83001 0.24743
vt 0 0
v 0.75000 0.84927 0.70490
vn 0.50417 -0.80648 0.30887
vt 1 0
v 0.74900 0.84901 0.70500
vn 0.00120 -0.93385 0.35765
vt 1 1
f 10441/10441/10441 10442/10442/10442 10443/10443/10443
usemtl green_off
v 0.74983 0.84833 0.70247
vn 0.49986 -0.83001 0.24743
vt 0 0
v 0.74900 0.84901 0.70500
vn 0.00120 -0.93385 0.35765
vt 1 0
v 0.74883 0.84813 0.70268
vn 0.00119 -0.93391 0.35751
vt 1 1
f 10444/10444/10444 10445/10445/10445 10446/10446/10446
usemtl green_off
v 0.75100 0.89057 0.68908
vn 0.99998 0.00573 -0.00221
vt 0 0
v 0.75082 0.88959 0.68652
vn 0.99142 -0.04096 -0.12411
vt 1 0
v 0.75055 0.89054 0.68620
vn 0.85980 0.42448 -0.28383
vt 1 1
f 10447/10447/10447 10448/10448/10448 10449/10449/10449
usemtl green_off
v 0.75100 0.89057 0.68908
vn 0.99998 0.00573 -0.00221
vt 0 0
v 0.75055 0.89054 0.68620
vn 0.85980 0.42448 -0.28383
vt 1 0
v 0.75073 0.89151 0.68873
vn 0.86722 0.46498 -0.17811
vt 1 1
f 10450/10450/10450 10451/10451/10451 10452/10452/10452
usemtl green_off
v 0.75073 0.89151 0.68873
vn 0.86712 0.46514 -0.17818
vt 0 0
v 0.75055 0.89054 0.68620
vn 0.85970 0.42466 -0.28385
vt 1 0
v 0.74983 0.89126 0.68603
vn 0.49988 0.78292 -0.37033
vt 1 1
f 10453/10453/10453 10454/10454/10454 10455/10455/10455
usemtl green_off
v 0.75073 0.89151 0.68873
vn 0.86712 0.46514 -0.17818
vt 0 0
v 0.74983 0.89126 0.68603
vn 0.49988 0.78292 -0.37033
vt 1 0
v 0.75000 0.89219 0.68846
vn 0.50420 0.80645 -0.30892
vt 1 1
f 10456/10456/10456 10457/10457/10457 10458/10458/10458
usemtl green_off
v 0.75000 0.89219 0.68846
vn 0.50425 0.80643 -0.30889
vt 0 0
v 0.74983 0.89126 0.68603
vn 0.49994 0.78289 -0.37033
vt 1 0
v 0.74883 0.89155 0.68605
vn 0.00128 0.93379 -0.35783
vt 1 1
f 10459/10459/10459 10460/10460/10460 10461/10461/10461
usemtl green_off
v 0.75000 0.89219 0.68846
vn 0.50425 0.80643 -0.30889
vt 0 0
v 0.74883 0.89155 0.68605
vn 0.00128 0.93379 -0.35783
vt 1 0
v 0.74900 0.89244 0.68837
vn 0.00129 0.93384 -0.35769
vt 1 1
f 10462/10462/10462 10463/10463/10463 10464/10464/10464
usemtl green_off
v 0.75100 0.85088 0.70428
vn 0.99998 -0.00574 0.00221
vt 0 0
v 0.75082 0.85186 0.70684
vn 0.99142 0.04096 0.12412
vt 1 0
v 0.75055 0.85092 0.70717
vn 0.85980 -0.42448 0.28384
vt 1 1
f 10465/10465/10465 10466/10466/10466 10467/10467/10467
usemtl green_off
v 0.75100 0.85088 0.70428
vn 0.99998 -0.00574 0.00221
vt 0 0
v 0.75055 0.85092 0.70717
vn 0.85980 -0.42448 0.28384
vt 1 0
v 0.75073 0.84995 0.70464
vn 0.86722 -0.46499 0.17811
vt 1 1
f 10468/10468/10468 10469/10469/10469 10470/10470/10470
usemtl green_off
v 0.75073 0.84995 0.70464
vn 0.86712 -0.46514 0.17818
vt 0 0
v 0.75055 0.85092 0.70717
vn 0.85970 -0.42466 0.28385
vt 1 0
v 0.74983 0.85020 0.70734
vn 0.49989 -0.78292 0.37033
vt 1 1
f 10471/10471/10471 10472/10472/10472 10473/10473/10473
usemtl green_off
v 0.75073 0.84995 0.70464
vn 0.86712 -0.46514 0.17818
vt 0 0
v 0.74983 0.85020 0.70734
vn 0.49989 -0.78292 0.37033
vt 1 0
v 0.75000 0.84927 0.70490
vn 0.50420 -0.80645 0.30892
vt 1 1
f 10474/10474/10474 10475/10475/10475 10476/10476/10476
usemtl green_off
v 0.75000 0.84927 0.70490
vn 0.50433 -0.80638 0.30887
vt 0 0
v 0.74983 0.85020 0.70734
vn 0.50001 -0.78285 0.37032
vt 1 0
v 0.74883 0.84990 0.70732
vn 0.00137 -0.93379 0.35783
vt 1 1
f 10477/10477/10477 10478/10478/10478 10479/10479/10479
usemtl green_off
v 0.75000 0.84927 0.70490
vn 0.50433 -0.80638 0.30887
vt 0 0
v 0.74883 0.84990 0.70732
vn 0.00137 -0.93379 0.35783
vt 1 0
v 0.74900 0.84901 0.70500
vn 0.00138 -0.93384 0.35769
vt 1 1
f 10480/10480/10480 10481/10481/10481 10482/10482/10482
usemtl green_off
v 0.75082 0.89155 0.69164
vn 0.99143 0.05242 0.11970
vt 0 0
v 0.75100 0.89057 0.68908
vn 0.99998 0.00573 -0.00221
vt 1 0
v 0.75073 0.89151 0.68873
vn 0.86722 0.46498 -0.17811
vt 1 1
f 10483/10483/10483 10484/10484/10484 10485/10485/10485
usemtl green_off
v 0.75082 0.89155 0.69164
vn 0.99143 0.05242 0.11970
vt 0 0
v 0.75073 0.89151 0.68873
vn 0.86722 0.46498 -0.17811
vt 1 0
v 0.75055 0.89247 0.69125
vn 0.85980 0.50547 -0.07238
vt 1 1
f 10486/10486/10486 10487/10487/10487 10488/10488/10488
usemtl green_off
v 0.75055 0.89247 0.69125
vn 0.85978 0.50551 -0.07241
vt 0 0
v 0.75073 0.89151 0.68873
vn 0.86719 0.46504 -0.17808
vt 1 0
v 0.75000 0.89219 0.68846
vn 0.50433 0.80641 -0.30880
vt 1 1
f 10489/10489/10489 10490/10490/10490 10491/10491/10491
usemtl green_off
v 0.75055 0.89247 0.69125
vn 0.85978 0.50551 -0.07241
vt 0 0
v 0.75000 0.89219 0.68846
vn 0.50433 0.80641 -0.30880
vt 1 0
v 0.74983 0.89312 0.69090
vn 0.50001 0.82993 -0.24739
vt 1 1
f 10492/10492/10492 10493/10493/10493 10494/10494/10494
usemtl green_off
v 0.74983 0.89312 0.69090
vn 0.49986 0.83001 -0.24743
vt 0 0
v 0.75000 0.89219 0.68846
vn 0.50417 0.80648 -0.30887
vt 1 0
v 0.74900 0.89244 0.68837
vn 0.00120 0.93385 -0.35766
vt 1 1
f 10495/10495/10495 10496/10496/10496 10497/10497/10497
usemtl green_off
v 0.74983 0.89312 0.69090
vn 0.49986 0.83001 -0.24743
vt 0 0
v 0.74900 0.89244 0.68837
vn 0.00120 0.93385 -0.35766
vt 1 0
v 0.74883 0.89333 0.69068
vn 0.00119 0.93391 -0.35751
vt 1 1
f 10498/10498/10498 10499/10499/10499 10500/10500/10500
usemtl green_off
v 0.75082 0.85186 0.70684
vn 0.99142 0.04096 0.12412
vt 0 0
v 0.75028 0.85283 0.70936
vn 0.96590 0.08684 0.24391
vt 1 0
v 0.75003 0.85187 0.70965
vn 0.83766 -0.38468 0.38774
vt 1 1
f 10501/10501/10501 10502/10502/10502 10503/10503/10503
usemtl green_off
v 0.75082 0.85186 0.70684
vn 0.99142 0.04096 0.12412
vt 0 0
v 0.75003 0.85187 0.70965
vn 0.83766 -0.38468 0.38774
vt 1 0
v 0.75055 0.85092 0.70717
vn 0.85980 -0.42448 0.28384
vt 1 1
f 10504/10504/10504 10505/10505/10505 10506/10506/10506
usemtl green_off
v 0.75055 0.85092 0.70717
vn 0.85977 -0.42456 0.28382
vt 0 0
v 0.75003 0.85187 0.70965
vn 0.83764 -0.38478 0.38769
vt 1 0
v 0.74932 0.85112 0.70974
vn 0.48713 -0.75973 0.43071
vt 1 1
f 10507/10507/10507 10508/10508/10508 10509/10509/10509
usemtl green_off
v 0.75055 0.85092 0.70717
vn 0.85977 -0.42456 0.28382
vt 0 0
v 0.74932 0.85112 0.70974
vn 0.48713 -0.75973 0.43071
vt 1 0
v 0.74983 0.85020 0.70734
vn 0.49999 -0.78285 0.37035
vt 1 1
f 10510/10510/10510 10511/10511/10511 10512/10512/10512
usemtl green_off
v 0.74983 0.85020 0.70734
vn 0.49986 -0.78293 0.37035
vt 0 0
v 0.74932 0.85112 0.70974
vn 0.48700 -0.75980 0.43074
vt 1 0
v 0.74835 0.85077 0.70959
vn 0.00117 -0.93373 0.35797
vt 1 1
f 10513/10513/10513 10514/10514/10514 10515/10515/10515
usemtl green_off
v 0.74983 0.85020 0.70734
vn 0.49986 -0.78293 0.37035
vt 0 0
v 0.74835 0.85077 0.70959
vn 0.00117 -0.93373 0.35797
vt 1 0
v 0.74883 0.84990 0.70732
vn 0.00120 -0.93379 0.35783
vt 1 1
f 10516/10516/10516 10517/10517/10517 10518/10518/10518
usemtl green_off
v 0.75028 0.89252 0.69416
vn 0.96591 0.09830 0.23949
vt 0 0
v 0.75082 0.89155 0.69164
vn 0.99143 0.05242 0.11970
vt 1 0
v 0.75055 0.89247 0.69125
vn 0.85980 0.50547 -0.07238
vt 1 1
f 10519/10519/10519 10520/10520/10520 10521/10521/10521
usemtl green_off
v 0.75028 0.89252 0.69416
vn 0.96591 0.09830 0.23949
vt 0 0
v 0.75055 0.89247 0.69125
vn 0.85980 0.50547 -0.07238
vt 1 0
v 0.75003 0.89342 0.69374
vn 0.83768 0.54525 0.03151
vt 1 1
f 10522/10522/10522 10523/10523/10523 10524/10524/10524
usemtl green_off
v 0.75003 0.89342 0.69374
vn 0.83761 0.54536 0.03149
vt 0 0
v 0.75055 0.89247 0.69125
vn 0.85973 0.50559 -0.07238
vt 1 0
v 0.74983 0.89312 0.69090
vn 0.49994 0.82999 -0.24733
vt 1 1
f 10525/10525/10525 10526/10526/10526 10527/10527/10527
usemtl green_off
v 0.75003 0.89342 0.69374
vn 0.83761 0.54536 0.03149
vt 0 0
v 0.74983 0.89312 0.69090
vn 0.49994 0.82999 -0.24733
vt 1 0
v 0.74932 0.89404 0.69330
vn 0.48708 0.85311 -0.18697
vt 1 1
f 10528/10528/10528 10529/10529/10529 10530/10530/10530
usemtl green_off
v 0.74932 0.89404 0.69330
vn 0.48708 0.85310 -0.18702
vt 0 0
v 0.74983 0.89312 0.69090
vn 0.49994 0.82997 -0.24741
vt 1 0
v 0.74883 0.89333 0.69068
vn 0.00129 0.93390 -0.35752
vt 1 1
f 10531/10531/10531 10532/10532/10532 10533/10533/10533
usemtl green_off
v 0.74932 0.89404 0.69330
vn 0.48708 0.85310 -0.18702
vt 0 0
v 0.74883 0.89333 0.69068
vn 0.00129 0.93390 -0.35752
vt 1 0
v 0.74835 0.89420 0.69296
vn 0.00126 0.93396 -0.35738
vt 1 1
f 10534/10534/10534 10535/10535/10535 10536/10536/10536
usemtl green_off
v 0.75028 0.85283 0.70936
vn 0.96590 0.08684 0.24391
vt 0 0
v 0.74940 0.85376 0.71179
vn 0.92386 0.13114 0.35957
vt 1 0
v 0.74915 0.85279 0.71205
vn 0.80121 -0.34627 0.48802
vt 1 1
f 10537/10537/10537 10538/10538/10538 10539/10539/10539
usemtl green_off
v 0.75028 0.85283 0.70936
vn 0.96590 0.08684 0.24391
vt 0 0
v 0.74915 0.85279 0.71205
vn 0.80121 -0.34627 0.48802
vt 1 0
v 0.75003 0.85187 0.70965
vn 0.83766 -0.38468 0.38774
vt 1 1
f 10540/10540/10540 10541/10541/10541 10542/10542/10542
usemtl green_off
v 0.75003 0.85187 0.70965
vn 0.83764 -0.38475 0.38771
vt 0 0
v 0.74915 0.85279 0.71205
vn 0.80119 -0.34635 0.48799
vt 1 0
v 0.74848 0.85200 0.71205
vn 0.46595 -0.73738 0.48904
vt 1 1
f 10543/10543/10543 10544/10544/10544 10545/10545/10545
usemtl green_off
v 0.75003 0.85187 0.70965
vn 0.83764 -0.38475 0.38771
vt 0 0
v 0.74848 0.85200 0.71205
vn 0.46595 -0.73738 0.48904
vt 1 0
v 0.74932 0.85112 0.70974
vn 0.48713 -0.75970 0.43076
vt 1 1
f 10546/10546/10546 10547/10547/10547 10548/10548/10548
usemtl green_off
v 0.74932 0.85112 0.70974
vn 0.48699 -0.75981 0.43074
vt 0 0
v 0.74848 0.85200 0.71205
vn 0.46579 -0.73748 0.48905
vt 1 0
v 0.74755 0.85162 0.71179
vn 0.00110 -0.93369 0.35808
vt 1 1
f 10549/10549/10549 10550/10550/10550 10551/10551/10551
usemtl green_off
v 0.74932 0.85112 0.70974
vn 0.48699 -0.75981 0.43074
vt 0 0
v 0.74755 0.85162 0.71179
vn 0.00110 -0.93369 0.35808
vt 1 0
v 0.74835 0.85077 0.70959
vn 0.00115 -0.93374 0.35795
vt 1 1
f 10552/10552/10552 10553/10553/10553 10554/10554/10554
usemtl green_off
v 0.74940 0.89345 0.69659
vn 0.92387 0.14260 0.35516
vt 0 0
v 0.75028 0.89252 0.69416
vn 0.96591 0.09830 0.23949
vt 1 0
v 0.75003 0.89342 0.69374
vn 0.83768 0.54525 0.03151
vt 1 1
f 10555/10555/10555 10556/10556/10556 10557/10557/10557
usemtl green_off
v 0.74940 0.89345 0.69659
vn 0.92387 0.14260 0.35516
vt 0 0
v 0.75003 0.89342 0.69374
vn 0.83768 0.54525 0.03151
vt 1 0
v 0.74915 0.89434 0.69614
vn 0.80121 0.58368 0.13182
vt 1 1
f 10558/10558/10558 10559/10559/10559 10560/10560/10560
usemtl green_off
v 0.74915 0.89434 0.69614
vn 0.80120 0.58371 0.13174
vt 0 0
v 0.75003 0.89342 0.69374
vn 0.83765 0.54530 0.03147
vt 1 0
v 0.74932 0.89404 0.69330
vn 0.48714 0.85308 -0.18697
vt 1 1
f 10561/10561/10561 10562/10562/10562 10563/10563/10563
usemtl green_off
v 0.74915 0.89434 0.69614
vn 0.80120 0.58371 0.13174
vt 0 0
v 0.74932 0.89404 0.69330
vn 0.48714 0.85308 -0.18697
vt 1 0
v 0.74848 0.89493 0.69561
vn 0.46596 0.87540 -0.12868
vt 1 1
f 10564/10564/10564 10565/10565/10565 10566/10566/10566
usemtl green_off
v 0.74848 0.89493 0.69561
vn 0.46591 0.87543 -0.12867
vt 0 0
v 0.74932 0.89404 0.69330
vn 0.48710 0.85309 -0.18698
vt 1 0
v 0.74835 0.89420 0.69296
vn 0.00129 0.93397 -0.35735
vt 1 1
f 10567/10567/10567 10568/10568/10568 10569/10569/10569
usemtl green_off
v 0.74848 0.89493 0.69561
vn 0.46591 0.87543 -0.12867
vt 0 0
v 0.74835 0.89420 0.69296
vn 0.00129 0.93397 -0.35735
vt 1 0
v 0.74755 0.89504 0.69516
vn 0.00124 0.93402 -0.35722
vt 1 1
f 10570/10570/10570 10571/10571/10571 10572/10572/10572
usemtl green_off
v 0.74940 0.85376 0.71179
vn 0.92386 0.13114 0.35957
vt 0 0
v 0.74819 0.85464 0.71409
vn 0.86601 0.17309 0.46912
vt 1 0
v 0.74795 0.85366 0.71432
vn 0.75104 -0.30989 0.58302
vt 1 1
f 10573/10573/10573 10574/10574/10574 10575/10575/10575
usemtl green_off
v 0.74940 0.85376 0.71179
vn 0.92386 0.13114 0.35957
vt 0 0
v 0.74795 0.85366 0.71432
vn 0.75104 -0.30989 0.58302
vt 1 0
v 0.74915 0.85279 0.71205
vn 0.80121 -0.34627 0.48802
vt 1 1
f 10576/10576/10576 10577/10577/10577 10578/10578/10578
usemtl green_off
v 0.74915 0.85279 0.71205
vn 0.80114 -0.34638 0.48806
vt 0 0
v 0.74795 0.85366 0.71432
vn 0.75098 -0.31000 0.58304
vt 1 0
v 0.74732 0.85284 0.71424
vn 0.43671 -0.71624 0.54432
vt 1 1
f 10579/10579/10579 10580/10580/10580 10581/10581/10581
usemtl green_off
v 0.74915 0.85279 0.71205
vn 0.80114 -0.34638 0.48806
vt 0 0
v 0.74732 0.85284 0.71424
vn 0.43671 -0.71624 0.54432
vt 1 0
v 0.74848 0.85200 0.71205
vn 0.46586 -0.73738 0.48912
vt 1 1
f 10582/10582/10582 10583/10583/10583 10584/10584/10584
usemtl green_off
v 0.74848 0.85200 0.71205
vn 0.46581 -0.73745 0.48907
vt 0 0
v 0.74732 0.85284 0.71424
vn 0.43665 -0.71630 0.54429
vt 1 0
v 0.74645 0.85241 0.71387
vn 0.00106 -0.93363 0.35824
vt 1 1
f 10585/10585/10585 10586/10586/10586 10587/10587/10587
usemtl green_off
v 0.74848 0.85200 0.71205
vn 0.46581 -0.73745 0.48907
vt 0 0
v 0.74645 0.85241 0.71387
vn 0.00106 -0.93363 0.35824
vt 1 0
v 0.74755 0.85162 0.71179
vn 0.00113 -0.93368 0.35811
vt 1 1
f 10588/10588/10588 10589/10589/10589 10590/10590/10590
usemtl green_off
v 0.74819 0.89433 0.69889
vn 0.86601 0.18456 0.46472
vt 0 0
v 0.74940 0.89345 0.69659
vn 0.92387 0.14260 0.35516
vt 1 0
v 0.74915 0.89434 0.69614
vn 0.80121 0.58368 0.13182
vt 1 1
f 10591/10591/10591 10592/10592/10592 10593/10593/10593
usemtl green_off
v 0.74819 0.89433 0.69889
vn 0.86601 0.18456 0.46472
vt 0 0
v 0.74915 0.89434 0.69614
vn 0.80121 0.58368 0.13182
vt 1 0
v 0.74795 0.89521 0.69841
vn 0.75104 0.62006 0.22684
vt 1 1
f 10594/10594/10594 10595/10595/10595 10596/10596/10596
usemtl green_off
v 0.74795 0.89521 0.69841
vn 0.75101 0.62012 0.22679
vt 0 0
v 0.74915 0.89434 0.69614
vn 0.80117 0.58375 0.13181
vt 1 0
v 0.74848 0.89493 0.69561
vn 0.46591 0.87544 -0.12859
vt 1 1
f 10597/10597/10597 10598/10598/10598 10599/10599/10599
usemtl green_off
v 0.74795 0.89521 0.69841
vn 0.75101 0.62012 0.22679
vt 0 0
v 0.74848 0.89493 0.69561
vn 0.46591 0.87544 -0.12859
vt 1 0
v 0.74732 0.89577 0.69780
vn 0.43675 0.89658 -0.07340
vt 1 1
f 10600/10600/10600 10601/10601/10601 10602/10602/10602
usemtl green_off
v 0.74732 0.89577 0.69780
vn 0.43669 0.89661 -0.07348
vt 0 0
v 0.74848 0.89493 0.69561
vn 0.46585 0.87545 -0.12870
vt 1 0
v 0.74755 0.89504 0.69516
vn 0.00117 0.93401 -0.35724
vt 1 1
f 10603/10603/10603 10604/10604/10604 10605/10605/10605
usemtl green_off
v 0.74732 0.89577 0.69780
vn 0.43669 0.89661 -0.07348
vt 0 0
v 0.74755 0.89504 0.69516
vn 0.00117 0.93401 -0.35724
vt 1 0
v 0.74645 0.89584 0.69724
vn 0.00112 0.93406 -0.35711
vt 1 1
f 10606/10606/10606 10607/10607/10607 10608/10608/10608
usemtl green_off
v 0.74819 0.85464 0.71409
vn 0.86601 0.17309 0.46912
vt 0 0
v 0.74666 0.85546 0.71622
vn 0.79334 0.21199 0.57068
vt 1 0
v 0.74645 0.85446 0.71643
vn 0.68802 -0.27617 0.67109
vt 1 1
f 10609/10609/10609 10610/10610/10610 10611/10611/10611
usemtl green_off
v 0.74819 0.85464 0.71409
vn 0.86601 0.17309 0.46912
vt 0 0
v 0.74645 0.85446 0.71643
vn 0.68802 -0.27617 0.67109
vt 1 0
v 0.74795 0.85366 0.71432
vn 0.75104 -0.30989 0.58302
vt 1 1
f 10612/10612/10612 10613/10613/10613 10614/10614/10614
usemtl green_off
v 0.74795 0.85366 0.71432
vn 0.75097 -0.30998 0.58305
vt 0 0
v 0.74645 0.85446 0.71643
vn 0.68797 -0.27626 0.67111
vt 1 0
v 0.74587 0.85362 0.71627
vn 0.40008 -0.69662 0.59553
vt 1 1
f 10615/10615/10615 10616/10616/10616 10617/10617/10617
usemtl green_off
v 0.74795 0.85366 0.71432
vn 0.75097 -0.30998 0.58305
vt 0 0
v 0.74587 0.85362 0.71627
vn 0.40008 -0.69662 0.59553
vt 1 0
v 0.74732 0.85284 0.71424
vn 0.43670 -0.71622 0.54436
vt 1 1
f 10618/10618/10618 10619/10619/10619 10620/10620/10620
usemtl green_off
v 0.74732 0.85284 0.71424
vn 0.43668 -0.71629 0.54428
vt 0 0
v 0.74587 0.85362 0.71627
vn 0.40004 -0.69669 0.59548
vt 1 0
v 0.74507 0.85315 0.71580
vn 0.00101 -0.93359 0.35835
vt 1 1
f 10621/10621/10621 10622/10622/10622 10623/10623/10623
usemtl green_off
v 0.74732 0.85284 0.71424
vn 0.43668 -0.71629 0.54428
vt 0 0
v 0.74507 0.85315 0.71580
vn 0.00101 -0.93359 0.35835
vt 1 0
v 0.74645 0.85241 0.71387
vn 0.00109 -0.93363 0.35822
vt 1 1
f 10624/10624/10624 10625/10625/10625 10626/10626/10626
usemtl green_off
v 0.74666 0.89514 0.70102
vn 0.79335 0.22347 0.56627
vt 0 0
v 0.74819 0.89433 0.69889
vn 0.86601 0.18456 0.46472
vt 1 0
v 0.74795 0.89521 0.69841
vn 0.75104 0.62006 0.22684
vt 1 1
f 10627/10627/10627 10628/10628/10628 10629/10629/10629
usemtl green_off
v 0.74666 0.89514 0.70102
vn 0.79335 0.22347 0.56627
vt 0 0
v 0.74795 0.89521 0.69841
vn 0.75104 0.62006 0.22684
vt 1 0
v 0.74645 0.89602 0.70051
vn 0.68802 0.65381 0.31490
vt 1 1
f 10630/10630/10630 10631/10631/10631 10632/10632/10632
usemtl green_off
v 0.74645 0.89602 0.70051
vn 0.68802 0.65384 0.31483
vt 0 0
v 0.74795 0.89521 0.69841
vn 0.75103 0.62011 0.22677
vt 1 0
v 0.74732 0.89577 0.69780
vn 0.43676 0.89658 -0.07340
vt 1 1
f 10633/10633/10633 10634/10634/10634 10635/10635/10635
usemtl green_off
v 0.74645 0.89602 0.70051
vn 0.68802 0.65384 0.31483
vt 0 0
v 0.74732 0.89577 0.69780
vn 0.43676 0.89658 -0.07340
vt 1 0
v 0.74587 0.89654 0.69983
vn 0.40015 0.91618 -0.02222
vt 1 1
f 10636/10636/10636 10637/10637/10637 10638/10638/10638
usemtl green_off
v 0.74587 0.89654 0.69983
vn 0.40000 0.91624 -0.02224
vt 0 0
v 0.74732 0.89577 0.69780
vn 0.43663 0.89664 -0.07344
vt 1 0
v 0.74645 0.89584 0.69724
vn 0.00106 0.93407 -0.35708
vt 1 1
f 10639/10639/10639 10640/10640/10640 10641/10641/10641
usemtl green_off
v 0.74587 0.89654 0.69983
vn 0.40000 0.91624 -0.02224
vt 0 0
v 0.74645 0.89584 0.69724
vn 0.00106 0.93407 -0.35708
vt 1 0
v 0.74507 0.89657 0.69917
vn 0.00097 0.93412 -0.35696
vt 1 1
f 10642/10642/10642 10643/10643/10643 10644/10644/10644
usemtl green_off
v 0.74666 0.85546 0.71622
vn 0.79334 0.21199 0.57068
vt 0 0
v 0.74485 0.85619 0.71815
vn 0.70709 0.24716 0.66253
vt 1 0
v 0.74466 0.85519 0.71833
vn 0.61320 -0.24567 0.75075
vt 1 1
f 10645/10645/10645 10646/10646/10646 10647/10647/10647
usemtl green_off
v 0.74666 0.85546 0.71622
vn 0.79334 0.21199 0.57068
vt 0 0
v 0.74466 0.85519 0.71833
vn 0.61320 -0.24567 0.75075
vt 1 0
v 0.74645 0.85446 0.71643
vn 0.68802 -0.27617 0.67109
vt 1 1
f 10648/10648/10648 10649/10649/10649 10650/10650/10650
usemtl green_off
v 0.74645 0.85446 0.71643
vn 0.68799 -0.27621 0.67110
vt 0 0
v 0.74466 0.85519 0.71833
vn 0.61322 -0.24572 0.75073
vt 1 0
v 0.74414 0.85432 0.71811
vn 0.35664 -0.67885 0.64185
vt 1 1
f 10651/10651/10651 10652/10652/10652 10653/10653/10653
usemtl green_off
v 0.74645 0.85446 0.71643
vn 0.68799 -0.27621 0.67110
vt 0 0
v 0.74414 0.85432 0.71811
vn 0.35664 -0.67885 0.64185
vt 1 0
v 0.74587 0.85362 0.71627
vn 0.40009 -0.69658 0.59557
vt 1 1
f 10654/10654/10654 10655/10655/10655 10656/10656/10656
usemtl green_off
v 0.74587 0.85362 0.71627
vn 0.40005 -0.69662 0.59555
vt 0 0
v 0.74414 0.85432 0.71811
vn 0.35656 -0.67889 0.64185
vt 1 0
v 0.74343 0.85382 0.71754
vn 0.00092 -0.93352 0.35853
vt 1 1
f 10657/10657/10657 10658/10658/10658 10659/10659/10659
usemtl green_off
v 0.74587 0.85362 0.71627
vn 0.40005 -0.69662 0.59555
vt 0 0
v 0.74343 0.85382 0.71754
vn 0.00092 -0.93352 0.35853
vt 1 0
v 0.74507 0.85315 0.71580
vn 0.00103 -0.93356 0.35843
vt 1 1
f 10660/10660/10660 10661/10661/10661 10662/10662/10662
usemtl green_off
v 0.74485 0.89588 0.70295
vn 0.70709 0.25865 0.65812
vt 0 0
v 0.74666 0.89514 0.70102
vn 0.79335 0.22347 0.56627
vt 1 0
v 0.74645 0.89602 0.70051
vn 0.68802 0.65381 0.31490
vt 1 1
f 10663/10663/10663 10664/10664/10664 10665/10665/10665
usemtl green_off
v 0.74485 0.89588 0.70295
vn 0.70709 0.25865 0.65812
vt 0 0
v 0.74645 0.89602 0.70051
vn 0.68802 0.65381 0.31490
vt 1 0
v 0.74466 0.89675 0.70242
vn 0.61321 0.68432 0.39456
vt 1 1
f 10666/10666/10666 10667/10667/10667 10668/10668/10668
usemtl green_off
v 0.74466 0.89675 0.70242
vn 0.61320 0.68438 0.39448
vt 0 0
v 0.74645 0.89602 0.70051
vn 0.68797 0.65388 0.31486
vt 1 0
v 0.74587 0.89654 0.69983
vn 0.40007 0.91622 -0.02217
vt 1 1
f 10669/10669/10669 10670/10670/10670 10671/10671/10671
usemtl green_off
v 0.74466 0.89675 0.70242
vn 0.61320 0.68438 0.39448
vt 0 0
v 0.74587 0.89654 0.69983
vn 0.40007 0.91622 -0.02217
vt 1 0
v 0.74414 0.89725 0.70167
vn 0.35661 0.93394 0.02410
vt 1 1
f 10672/10672/10672 10673/10673/10673 10674/10674/10674
usemtl green_off
v 0.74414 0.89725 0.70167
vn 0.35649 0.93399 0.02408
vt 0 0
v 0.74587 0.89654 0.69983
vn 0.39996 0.91626 -0.02222
vt 1 0
v 0.74507 0.89657 0.69917
vn 0.00094 0.93413 -0.35694
vt 1 1
f 10675/10675/10675 10676/10676/10676 10677/10677/10677
usemtl green_off
v 0.74414 0.89725 0.70167
vn 0.35649 0.93399 0.02408
vt 0 0
v 0.74507 0.89657 0.69917
vn 0.00094 0.93413 -0.35694
vt 1 0
v 0.74343 0.89724 0.70091
vn 0.00083 0.93416 -0.35684
vt 1 1
f 10678/10678/10678 10679/10679/10679 10680/10680/10680
usemtl green_off
v 0.74485 0.85619 0.71815
vn 0.70709 0.24716 0.66253
vt 0 0
v 0.74278 0.85684 0.71984
vn 0.60874 0.27800 0.74306
vt 1 0
v 0.74262 0.85583 0.72000
vn 0.52792 -0.21893 0.82059
vt 1 1
f 10681/10681/10681 10682/10682/10682 10683/10683/10683
usemtl green_off
v 0.74485 0.85619 0.71815
vn 0.70709 0.24716 0.66253
vt 0 0
v 0.74262 0.85583 0.72000
vn 0.52792 -0.21893 0.82059
vt 1 0
v 0.74466 0.85519 0.71833
vn 0.61320 -0.24567 0.75075
vt 1 1
f 10684/10684/10684 10685/10685/10685 10686/10686/10686
usemtl green_off
v 0.74466 0.85519 0.71833
vn 0.61316 -0.24575 0.75076
vt 0 0
v 0.74262 0.85583 0.72000
vn 0.52790 -0.21901 0.82059
vt 1 0
v 0.74217 0.85494 0.71972
vn 0.30700 -0.66333 0.68245
vt 1 1
f 10687/10687/10687 10688/10688/10688 10689/10689/10689
usemtl green_off
v 0.74466 0.85519 0.71833
vn 0.61316 -0.24575 0.75076
vt 0 0
v 0.74217 0.85494 0.71972
vn 0.30700 -0.66333 0.68245
vt 1 0
v 0.74414 0.85432 0.71811
vn 0.35655 -0.67887 0.64188
vt 1 1
f 10690/10690/10690 10691/10691/10691 10692/10692/10692
usemtl green_off
v 0.74414 0.85432 0.71811
vn 0.35655 -0.67891 0.64184
vt 0 0
v 0.74217 0.85494 0.71972
vn 0.30698 -0.66336 0.68244
vt 1 0
v 0.74156 0.85441 0.71907
vn 0.00080 -0.93349 0.35861
vt 1 1
f 10693/10693/10693 10694/10694/10694 10695/10695/10695
usemtl green_off
v 0.74414 0.85432 0.71811
vn 0.35655 -0.67891 0.64184
vt 0 0
v 0.74156 0.85441 0.71907
vn 0.00080 -0.93349 0.35861
vt 1 0
v 0.74343 0.85382 0.71754
vn 0.00091 -0.93353 0.35851
vt 1 1
f 10696/10696/10696 10697/10697/10697 10698/10698/10698
usemtl green_off
v 0.74278 0.89653 0.70464
vn 0.60876 0.28949 0.73865
vt 0 0
v 0.74485 0.89588 0.70295
vn 0.70709 0.25865 0.65812
vt 1 0
v 0.74466 0.89675 0.70242
vn 0.61321 0.68432 0.39456
vt 1 1
f 10699/10699/10699 10700/10700/10700 10701/10701/10701
usemtl green_off
v 0.74278 0.89653 0.70464
vn 0.60876 0.28949 0.73865
vt 0 0
v 0.74466 0.89675 0.70242
vn 0.61321 0.68432 0.39456
vt 1 0
v 0.74262 0.89739 0.70409
vn 0.52795 0.71106 0.46439
vt 1 1
f 10702/10702/10702 10703/10703/10703 10704/10704/10704
usemtl green_off
v 0.74262 0.89739 0.70409
vn 0.52794 0.71111 0.46432
vt 0 0
v 0.74466 0.89675 0.70242
vn 0.61321 0.68436 0.39450
vt 1 0
v 0.74414 0.89725 0.70167
vn 0.35660 0.93394 0.02415
vt 1 1
f 10705/10705/10705 10706/10706/10706 10707/10707/10707
usemtl green_off
v 0.74262 0.89739 0.70409
vn 0.52794 0.71111 0.46432
vt 0 0
v 0.74414 0.89725 0.70167
vn 0.35660 0.93394 0.02415
vt 1 0
v 0.74217 0.89786 0.70328
vn 0.30705 0.94949 0.06473
vt 1 1
f 10708/10708/10708 10709/10709/10709 10710/10710/10710
usemtl green_off
v 0.74217 0.89786 0.70328
vn 0.30699 0.94951 0.06468
vt 0 0
v 0.74414 0.89725 0.70167
vn 0.35656 0.93396 0.02408
vt 1 0
v 0.74343 0.89724 0.70091
vn 0.00091 0.93416 -0.35684
vt 1 1
f 10711/10711/10711 10712/10712/10712 10713/10713/10713
usemtl green_off
v 0.74217 0.89786 0.70328
vn 0.30699 0.94951 0.06468
vt 0 0
v 0.74343 0.89724 0.70091
vn 0.00091 0.93416 -0.35684
vt 1 0
v 0.74156 0.89783 0.70244
vn 0.00080 0.93420 -0.35674
vt 1 1
f 10714/10714/10714 10715/10715/10715 10716/10716/10716
usemtl green_off
v 0.74278 0.85684 0.71984
vn 0.60874 0.27800 0.74306
vt 0 0
v 0.74050 0.85739 0.72127
vn 0.49997 0.30400 0.81093
vt 1 0
v 0.74037 0.85637 0.72141
vn 0.43362 -0.19638 0.87944
vt 1 1
f 10717/10717/10717 10718/10718/10718 10719/10719/10719
usemtl green_off
v 0.74278 0.85684 0.71984
vn 0.60874 0.27800 0.74306
vt 0 0
v 0.74037 0.85637 0.72141
vn 0.43362 -0.19638 0.87944
vt 1 0
v 0.74262 0.85583 0.72000
vn 0.52792 -0.21893 0.82059
vt 1 1
f 10720/10720/10720 10721/10721/10721 10722/10722/10722
usemtl green_off
v 0.74262 0.85583 0.72000
vn 0.52788 -0.21900 0.82060
vt 0 0
v 0.74037 0.85637 0.72141
vn 0.43359 -0.19646 0.87943
vt 1 0
v 0.74000 0.85546 0.72108
vn 0.25216 -0.65021 0.71668
vt 1 1
f 10723/10723/10723 10724/10724/10724 10725/10725/10725
usemtl green_off
v 0.74262 0.85583 0.72000
vn 0.52788 -0.21900 0.82060
vt 0 0
v 0.74000 0.85546 0.72108
vn 0.25216 -0.65021 0.71668
vt 1 0
v 0.74217 0.85494 0.71972
vn 0.30696 -0.66331 0.68249
vt 1 1
f 10726/10726/10726 10727/10727/10727 10728/10728/10728
usemtl green_off
v 0.74217 0.85494 0.71972
vn 0.30693 -0.66335 0.68246
vt 0 0
v 0.74000 0.85546 0.72108
vn 0.25210 -0.65025 0.71668
vt 1 0
v 0.73950 0.85490 0.72036
vn 0.00062 -0.93345 0.35871
vt 1 1
f 10729/10729/10729 10730/10730/10730 10731/10731/10731
usemtl green_off
v 0.74217 0.85494 0.71972
vn 0.30693 -0.66335 0.68246
vt 0 0
v 0.73950 0.85490 0.72036
vn 0.00062 -0.93345 0.35871
vt 1 0
v 0.74156 0.85441 0.71907
vn 0.00075 -0.93348 0.35864
vt 1 1
f 10732/10732/10732 10733/10733/10733 10734/10734/10734
usemtl green_off
v 0.74050 0.89708 0.70607
vn 0.50001 0.31548 0.80651
vt 0 0
v 0.74278 0.89653 0.70464
vn 0.60876 0.28949 0.73865
vt 1 0
v 0.74262 0.89739 0.70409
vn 0.52795 0.71106 0.46439
vt 1 1
f 10735/10735/10735 10736/10736/10736 10737/10737/10737
usemtl green_off
v 0.74050 0.89708 0.70607
vn 0.50001 0.31548 0.80651
vt 0 0
v 0.74262 0.89739 0.70409
vn 0.52795 0.71106 0.46439
vt 1 0
v 0.74037 0.89793 0.70549
vn 0.43365 0.73360 0.52323
vt 1 1
f 10738/10738/10738 10739/10739/10739 10740/10740/10740
usemtl green_off
v 0.74037 0.89793 0.70549
vn 0.43356 0.73368 0.52320
vt 0 0
v 0.74262 0.89739 0.70409
vn 0.52784 0.71116 0.46436
vt 1 0
v 0.74217 0.89786 0.70328
vn 0.30693 0.94952 0.06478
vt 1 1
f 10741/10741/10741 10742/10742/10742 10743/10743/10743
usemtl green_off
v 0.74037 0.89793 0.70549
vn 0.43356 0.73368 0.52320
vt 0 0
v 0.74217 0.89786 0.70328
vn 0.30693 0.94952 0.06478
vt 1 0
v 0.74000 0.89838 0.70464
vn 0.25212 0.96262 0.09897
vt 1 1
f 10744/10744/10744 10745/10745/10745 10746/10746/10746
usemtl green_off
v 0.74000 0.89838 0.70464
vn 0.25211 0.96263 0.09888
vt 0 0
v 0.74217 0.89786 0.70328
vn 0.30694 0.94953 0.06467
vt 1 0
v 0.74156 0.89783 0.70244
vn 0.00075 0.93420 -0.35675
vt 1 1
f 10747/10747/10747 10748/10748/10748 10749/10749/10749
usemtl green_off
v 0.74000 0.89838 0.70464
vn 0.25211 0.96263 0.09888
vt 0 0
v 0.74156 0.89783 0.70244
vn 0.00075 0.93420 -0.35675
vt 1 0
v 0.73950 0.89832 0.70373
vn 0.00063 0.93423 -0.35668
vt 1 1
f 10750/10750/10750 10751/10751/10751 10752/10752/10752
usemtl green_off
v 0.74050 0.85739 0.72127
vn 0.49997 0.30400 0.81093
vt 0 0
v 0.73804 0.85782 0.72240
vn 0.38267 0.32470 0.86495
vt 1 0
v 0.73793 0.85680 0.72253
vn 0.33187 -0.17842 0.92630
vt 1 1
f 10753/10753/10753 10754/10754/10754 10755/10755/10755
usemtl green_off
v 0.74050 0.85739 0.72127
vn 0.49997 0.30400 0.81093
vt 0 0
v 0.73793 0.85680 0.72253
vn 0.33187 -0.17842 0.92630
vt 1 0
v 0.74037 0.85637 0.72141
vn 0.43362 -0.19638 0.87944
vt 1 1
f 10756/10756/10756 10757/10757/10757 10758/10758/10758
usemtl green_off
v 0.74037 0.85637 0.72141
vn 0.43358 -0.19645 0.87944
vt 0 0
v 0.73793 0.85680 0.72253
vn 0.33187 -0.17852 0.92628
vt 1 0
v 0.73765 0.85587 0.72216
vn 0.19301 -0.63978 0.74393
vt 1 1
f 10759/10759/10759 10760/10760/10760 10761/10761/10761
usemtl green_off
v 0.74037 0.85637 0.72141
vn 0.43358 -0.19645 0.87944
vt 0 0
v 0.73765 0.85587 0.72216
vn 0.19301 -0.63978 0.74393
vt 1 0
v 0.74000 0.85546 0.72108
vn 0.25212 -0.65020 0.71671
vt 1 1
f 10762/10762/10762 10763/10763/10763 10764/10764/10764
usemtl green_off
v 0.74000 0.85546 0.72108
vn 0.25208 -0.65026 0.71667
vt 0 0
v 0.73765 0.85587 0.72216
vn 0.19295 -0.63982 0.74390
vt 1 0
v 0.73727 0.85529 0.72139
vn 0.00047 -0.93343 0.35876
vt 1 1
f 10765/10765/10765 10766/10766/10766 10767/10767/10767
usemtl green_off
v 0.74000 0.85546 0.72108
vn 0.25208 -0.65026 0.71667
vt 0 0
v 0.73727 0.85529 0.72139
vn 0.00047 -0.93343 0.35876
vt 1 0
v 0.73950 0.85490 0.72036
vn 0.00061 -0.93345 0.35870
vt 1 1
f 10768/10768/10768 10769/10769/10769 10770/10770/10770
usemtl green_off
v 0.73804 0.89751 0.70720
vn 0.38269 0.33617 0.86055
vt 0 0
v 0.74050 0.89708 0.70607
vn 0.50001 0.31548 0.80651
vt 1 0
v 0.74037 0.89793 0.70549
vn 0.43365 0.73360 0.52323
vt 1 1
f 10771/10771/10771 10772/10772/10772 10773/10773/10773
usemtl green_off
v 0.73804 0.89751 0.70720
vn 0.38269 0.33617 0.86055
vt 0 0
v 0.74037 0.89793 0.70549
vn 0.43365 0.73360 0.52323
vt 1 0
v 0.73793 0.89836 0.70661
vn 0.33189 0.75155 0.57011
vt 1 1
f 10774/10774/10774 10775/10775/10775 10776/10776/10776
usemtl green_off
v 0.73793 0.89836 0.70661
vn 0.33188 0.75161 0.57004
vt 0 0
v 0.74037 0.89793 0.70549
vn 0.43358 0.73367 0.52320
vt 1 0
v 0.74000 0.89838 0.70464
vn 0.25212 0.96262 0.09899
vt 1 1
f 10777/10777/10777 10778/10778/10778 10779/10779/10779
usemtl green_off
v 0.73793 0.89836 0.70661
vn 0.33188 0.75161 0.57004
vt 0 0
v 0.74000 0.89838 0.70464
vn 0.25212 0.96262 0.09899
vt 1 0
v 0.73765 0.89880 0.70572
vn 0.19302 0.97304 0.12621
vt 1 1
f 10780/10780/10780 10781/10781/10781 10782/10782/10782
usemtl green_off
v 0.73765 0.89880 0.70572
vn 0.19297 0.97306 0.12614
vt 0 0
v 0.74000 0.89838 0.70464
vn 0.25210 0.96263 0.09890
vt 1 0
v 0.73950 0.89832 0.70373
vn 0.00062 0.93423 -0.35666
vt 1 1
f 10783/10783/10783 10784/10784/10784 10785/10785/10785
usemtl green_off
v 0.73765 0.89880 0.70572
vn 0.19297 0.97306 0.12614
vt 0 0
v 0.73950 0.89832 0.70373
vn 0.00062 0.93423 -0.35666
vt 1 0
v 0.73727 0.89872 0.70476
vn 0.00048 0.93426 -0.35659
vt 1 1
f 10786/10786/10786 10787/10787/10787 10788/10788/10788
usemtl green_off
v 0.73804 0.85782 0.72240
vn 0.38267 0.32470 0.86495
vt 0 0
v 0.73544 0.85814 0.72323
vn 0.25880 0.33974 0.90421
vt 1 0
v 0.73537 0.85711 0.72334
vn 0.22444 -0.16537 0.96035
vt 1 1
f 10789/10789/10789 10790/10790/10790 10791/10791/10791
usemtl green_off
v 0.73804 0.85782 0.72240
vn 0.38267 0.32470 0.86495
vt 0 0
v 0.73537 0.85711 0.72334
vn 0.22444 -0.16537 0.96035
vt 1 0
v 0.73793 0.85680 0.72253
vn 0.33187 -0.17842 0.92630
vt 1 1
f 10792/10792/10792 10793/10793/10793 10794/10794/10794
usemtl green_off
v 0.73793 0.85680 0.72253
vn 0.33182 -0.17852 0.92630
vt 0 0
v 0.73537 0.85711 0.72334
vn 0.22444 -0.16548 0.96034
vt 1 0
v 0.73518 0.85617 0.72294
vn 0.13053 -0.63220 0.76373
vt 1 1
f 10795/10795/10795 10796/10796/10796 10797/10797/10797
usemtl green_off
v 0.73793 0.85680 0.72253
vn 0.33182 -0.17852 0.92630
vt 0 0
v 0.73518 0.85617 0.72294
vn 0.13053 -0.63220 0.76373
vt 1 0
v 0.73765 0.85587 0.72216
vn 0.19294 -0.63978 0.74395
vt 1 1
f 10798/10798/10798 10799/10799/10799 10800/10800/10800
usemtl green_off
v 0.73765 0.85587 0.72216
vn 0.19295 -0.63983 0.74390
vt 0 0
v 0.73518 0.85617 0.72294
vn 0.13051 -0.63225 0.76369
vt 1 0
v 0.73492 0.85558 0.72213
vn 0.00033 -0.93341 0.35880
vt 1 1
f 10801/10801/10801 10802/10802/10802 10803/10803/10803
usemtl green_off
v 0.73765 0.85587 0.72216
vn 0.19295 -0.63983 0.74390
vt 0 0
v 0.73492 0.85558 0.72213
vn 0.00033 -0.93341 0.35880
vt 1 0
v 0.73727 0.85529 0.72139
vn 0.00047 -0.93343 0.35876
vt 1 1
f 10804/10804/10804 10805/10805/10805 10806/10806/10806
usemtl green_off
v 0.73544 0.89783 0.70803
vn 0.25881 0.35121 0.89982
vt 0 0
v 0.73804 0.89751 0.70720
vn 0.38269 0.33617 0.86055
vt 1 0
v 0.73793 0.89836 0.70661
vn 0.33189 0.75155 0.57011
vt 1 1
f 10807/10807/10807 10808/10808/10808 10809/10809/10809
usemtl green_off
v 0.73544 0.89783 0.70803
vn 0.25881 0.35121 0.89982
vt 0 0
v 0.73793 0.89836 0.70661
vn 0.33189 0.75155 0.57011
vt 1 0
v 0.73537 0.89867 0.70743
vn 0.22446 0.76459 0.60417
vt 1 1
f 10810/10810/10810 10811/10811/10811 10812/10812/10812
usemtl green_off
v 0.73537 0.89867 0.70743
vn 0.22446 0.76464 0.60410
vt 0 0
v 0.73793 0.89836 0.70661
vn 0.33184 0.75160 0.57007
vt 1 0
v 0.73765 0.89880 0.70572
vn 0.19296 0.97305 0.12626
vt 1 1
f 10813/10813/10813 10814/10814/10814 10815/10815/10815
usemtl green_off
v 0.73537 0.89867 0.70743
vn 0.22446 0.76464 0.60410
vt 0 0
v 0.73765 0.89880 0.70572
vn 0.19296 0.97305 0.12626
vt 1 0
v 0.73518 0.89910 0.70650
vn 0.13055 0.98063 0.14603
vt 1 1
f 10816/10816/10816 10817/10817/10817 10818/10818/10818
usemtl green_off
v 0.73518 0.89910 0.70650
vn 0.13053 0.98065 0.14592
vt 0 0
v 0.73765 0.89880 0.70572
vn 0.19297 0.97307 0.12613
vt 1 0
v 0.73727 0.89872 0.70476
vn 0.00048 0.93426 -0.35660
vt 1 1
f 10819/10819/10819 10820/10820/10820 10821/10821/10821
usemtl green_off
v 0.73518 0.89910 0.70650
vn 0.13053 0.98065 0.14592
vt 0 0
v 0.73727 0.89872 0.70476
vn 0.00048 0.93426 -0.35660
vt 1 0
v 0.73492 0.89900 0.70550
vn 0.00034 0.93427 -0.35656
vt 1 1
f 10822/10822/10822 10823/10823/10823 10824/10824/10824
usemtl green_off
v 0.73544 0.85814 0.72323
vn 0.25880 0.33974 0.90421
vt 0 0
v 0.73274 0.85833 0.72373
vn 0.13051 0.34887 0.92804
vt 1 0
v 0.73271 0.85730 0.72384
vn 0.11318 -0.15744 0.98102
vt 1 1
f 10825/10825/10825 10826/10826/10826 10827/10827/10827
usemtl green_off
v 0.73544 0.85814 0.72323
vn 0.25880 0.33974 0.90421
vt 0 0
v 0.73271 0.85730 0.72384
vn 0.11318 -0.15744 0.98102
vt 1 0
v 0.73537 0.85711 0.72334
vn 0.22444 -0.16537 0.96035
vt 1 1
f 10828/10828/10828 10829/10829/10829 10830/10830/10830
usemtl green_off
v 0.73537 0.85711 0.72334
vn 0.22443 -0.16549 0.96034
vt 0 0
v 0.73271 0.85730 0.72384
vn 0.11320 -0.15758 0.98100
vt 1 0
v 0.73261 0.85636 0.72342
vn 0.06585 -0.62761 0.77574
vt 1 1
f 10831/10831/10831 10832/10832/10832 10833/10833/10833
usemtl green_off
v 0.73537 0.85711 0.72334
vn 0.22443 -0.16549 0.96034
vt 0 0
v 0.73261 0.85636 0.72342
vn 0.06585 -0.62761 0.77574
vt 1 0
v 0.73518 0.85617 0.72294
vn 0.13049 -0.63220 0.76374
vt 1 1
f 10834/10834/10834 10835/10835/10835 10836/10836/10836
usemtl green_off
v 0.73518 0.85617 0.72294
vn 0.13052 -0.63225 0.76369
vt 0 0
v 0.73261 0.85636 0.72342
vn 0.06584 -0.62766 0.77570
vt 1 0
v 0.73248 0.85575 0.72259
vn 0.00019 -0.93340 0.35883
vt 1 1
f 10837/10837/10837 10838/10838/10838 10839/10839/10839
usemtl green_off
v 0.73518 0.85617 0.72294
vn 0.13052 -0.63225 0.76369
vt 0 0
v 0.73248 0.85575 0.72259
vn 0.00019 -0.93340 0.35883
vt 1 0
v 0.73492 0.85558 0.72213
vn 0.00034 -0.93342 0.35879
vt 1 1
f 10840/10840/10840 10841/10841/10841 10842/10842/10842
usemtl green_off
v 0.73274 0.89802 0.70853
vn 0.13051 0.36034 0.92365
vt 0 0
v 0.73544 0.89783 0.70803
vn 0.25881 0.35121 0.89982
vt 1 0
v 0.73537 0.89867 0.70743
vn 0.22446 0.76459 0.60417
vt 1 1
f 10843/10843/10843 10844/10844/10844 10845/10845/10845
usemtl green_off
v 0.73274 0.89802 0.70853
vn 0.13051 0.36034 0.92365
vt 0 0
v 0.73537 0.89867 0.70743
vn 0.22446 0.76459 0.60417
vt 1 0
v 0.73271 0.89886 0.70792
vn 0.11319 0.77251 0.62483
vt 1 1
f 10846/10846/10846 10847/10847/10847 10848/10848/10848
usemtl green_off
v 0.73271 0.89886 0.70792
vn 0.11320 0.77255 0.62478
vt 0 0
v 0.73537 0.89867 0.70743
vn 0.22443 0.76464 0.60412
vt 1 0
v 0.73518 0.89910 0.70650
vn 0.13049 0.98063 0.14606
vt 1 1
f 10849/10849/10849 10850/10850/10850 10851/10851/10851
usemtl green_off
v 0.73271 0.89886 0.70792
vn 0.11320 0.77255 0.62478
vt 0 0
v 0.73518 0.89910 0.70650
vn 0.13049 0.98063 0.14606
vt 1 0
v 0.73261 0.89928 0.70698
vn 0.06586 0.98523 0.15807
vt 1 1
f 10852/10852/10852 10853/10853/10853 10854/10854/10854
usemtl green_off
v 0.73261 0.89928 0.70698
vn 0.06582 0.98525 0.15796
vt 0 0
v 0.73518 0.89910 0.70650
vn 0.13049 0.98065 0.14595
vt 1 0
v 0.73492 0.89900 0.70550
vn 0.00031 0.93428 -0.35653
vt 1 1
f 10855/10855/10855 10856/10856/10856 10857/10857/10857
usemtl green_off
v 0.73261 0.89928 0.70698
vn 0.06582 0.98525 0.15796
vt 0 0
v 0.73492 0.89900 0.70550
vn 0.00031 0.93428 -0.35653
vt 1 0
v 0.73248 0.89917 0.70596
vn 0.00016 0.93429 -0.35651
vt 1 1
f 10858/10858/10858 10859/10859/10859 10860/10860/10860
usemtl green_off
v 0.73274 0.85833 0.72373
vn 0.13051 0.34887 0.92804
vt 0 0
v 0.73000 0.85839 0.72390
vn -0.00000 0.35194 0.93602
vt 1 0
v 0.73000 0.85736 0.72400
vn -0.00001 -0.15477 0.98795
vt 1 1
f 10861/10861/10861 10862/10862/10862 10863/10863/10863
usemtl green_off
v 0.73274 0.85833 0.72373
vn 0.13051 0.34887 0.92804
vt 0 0
v 0.73000 0.85736 0.72400
vn -0.00001 -0.15477 0.98795
vt 1 0
v 0.73271 0.85730 0.72384
vn 0.11318 -0.15744 0.98102
vt 1 1
f 10864/10864/10864 10865/10865/10865 10866/10866/10866
usemtl green_off
v 0.73271 0.85730 0.72384
vn 0.11318 -0.15759 0.98100
vt 0 0
v 0.73000 0.85736 0.72400
vn 0.00002 -0.15494 0.98792
vt 1 0
v 0.73000 0.85642 0.72358
vn 0.00004 -0.62607 0.77977
vt 1 1
f 10867/10867/10867 10868/10868/10868 10869/10869/10869
usemtl green_off
v 0.73271 0.85730 0.72384
vn 0.11318 -0.15759 0.98100
vt 0 0
v 0.73000 0.85642 0.72358
vn 0.00004 -0.62607 0.77977
vt 1 0
v 0.73261 0.85636 0.72342
vn 0.06580 -0.62761 0.77574
vt 1 1
f 10870/10870/10870 10871/10871/10871 10872/10872/10872
usemtl green_off
v 0.73261 0.85636 0.72342
vn 0.06580 -0.62764 0.77572
vt 0 0
v 0.73000 0.85642 0.72358
vn -0.00000 -0.62610 0.77975
vt 1 0
v 0.73000 0.85581 0.72274
vn -0.00001 -0.93339 0.35885
vt 1 1
f 10873/10873/10873 10874/10874/10874 10875/10875/10875
usemtl green_off
v 0.73261 0.85636 0.72342
vn 0.06580 -0.62764 0.77572
vt 0 0
v 0.73000 0.85581 0.72274
vn -0.00001 -0.93339 0.35885
vt 1 0
v 0.73248 0.85575 0.72259
vn 0.00014 -0.93340 0.35885
vt 1 1
f 10876/10876/10876 10877/10877/10877 10878/10878/10878
usemtl green_off
v 0.73000 0.89808 0.70869
vn 0.00001 0.36340 0.93163
vt 0 0
v 0.73274 0.89802 0.70853
vn 0.13051 0.36034 0.92365
vt 1 0
v 0.73271 0.89886 0.70792
vn 0.11319 0.77251 0.62483
vt 1 1
f 10879/10879/10879 10880/10880/10880 10881/10881/10881
usemtl green_off
v 0.73000 0.89808 0.70869
vn 0.00001 0.36340 0.93163
vt 0 0
v 0.73271 0.89886 0.70792
vn 0.11319 0.77251 0.62483
vt 1 0
v 0.73000 0.89892 0.70809
vn 0.00002 0.77517 0.63176
vt 1 1
f 10882/10882/10882 10883/10883/10883 10884/10884/10884
usemtl green_off
v 0.73000 0.89892 0.70809
vn 0.00003 0.77522 0.63170
vt 0 0
v 0.73271 0.89886 0.70792
vn 0.11319 0.77256 0.62477
vt 1 0
v 0.73261 0.89928 0.70698
vn 0.06581 0.98523 0.15805
vt 1 1
f 10885/10885/10885 10886/10886/10886 10887/10887/10887
usemtl green_off
v 0.73000 0.89892 0.70809
vn 0.00003 0.77522 0.63170
vt 0 0
v 0.73261 0.89928 0.70698
vn 0.06581 0.98523 0.15805
vt 1 0
v 0.73000 0.89934 0.70714
vn 0.00005 0.98678 0.16208
vt 1 1
f 10888/10888/10888 10889/10889/10889 10890/10890/10890
usemtl green_off
v 0.73000 0.89934 0.70714
vn 0.00001 0.98679 0.16200
vt 0 0
v 0.73261 0.89928 0.70698
vn 0.06581 0.98525 0.15798
vt 1 0
v 0.73248 0.89917 0.70596
vn 0.00016 0.93430 -0.35649
vt 1 1
f 10891/10891/10891 10892/10892/10892 10893/10893/10893
usemtl green_off
v 0.73000 0.89934 0.70714
vn 0.00001 0.98679 0.16200
vt 0 0
v 0.73248 0.89917 0.70596
vn 0.00016 0.93430 -0.35649
vt 1 0
v 0.73000 0.89923 0.70611
vn 0.00001 0.93430 -0.35648
vt 1 1
f 10894/10894/10894 10895/10895/10895 10896/10896/10896
usemtl green_off
v 0.73248 0.85575 0.72259
vn 0.00016 -0.93342 0.35877
vt 0 0
v 0.73000 0.85581 0.72274
vn 0.00000 -0.93342 0.35878
vt 1 0
v 0.72752 0.85575 0.72259
vn -0.00016 -0.93342 0.35877
vt 1 1
f 10897/10897/10897 10898/10898/10898 10899/10899/10899
usemtl green_off
v 0.72752 0.85575 0.72259
vn -0.00016 -0.93342 0.35877
vt 0 0
v 0.72508 0.85558 0.72213
vn -0.00031 -0.93344 0.35875
vt 1 0
v 0.72273 0.85529 0.72139
vn -0.00046 -0.93345 0.35870
vt 1 1
f 10900/10900/10900 10901/10901/10901 10902/10902/10902
usemtl green_off
v 0.72273 0.85529 0.72139
vn -0.00046 -0.93345 0.35870
vt 0 0
v 0.72050 0.85490 0.72036
vn -0.00060 -0.93348 0.35863
vt 1 0
v 0.71844 0.85441 0.71907
vn -0.00073 -0.93351 0.35855
vt 1 1
f 10903/10903/10903 10904/10904/10904 10905/10905/10905
usemtl green_off
v 0.71844 0.85441 0.71907
vn -0.00073 -0.93351 0.35855
vt 0 0
v 0.71657 0.85382 0.71754
vn -0.00085 -0.93355 0.35846
vt 1 0
v 0.71493 0.85315 0.71580
vn -0.00095 -0.93359 0.35835
vt 1 1
f 10906/10906/10906 10907/10907/10907 10908/10908/10908
usemtl green_off
v 0.71493 0.85315 0.71580
vn -0.00095 -0.93359 0.35835
vt 0 0
v 0.71355 0.85241 0.71387
vn -0.00104 -0.93363 0.35822
vt 1 0
v 0.71245 0.85162 0.71179
vn -0.00111 -0.93369 0.35809
vt 1 1
f 10909/10909/10909 10910/10910/10910 10911/10911/10911
usemtl green_off
v 0.71245 0.85162 0.71179
vn -0.00111 -0.93369 0.35809
vt 0 0
v 0.71165 0.85077 0.70959
vn -0.00116 -0.93374 0.35795
vt 1 0
v 0.71117 0.84990 0.70732
vn -0.00119 -0.93379 0.35781
vt 1 1
f 10912/10912/10912 10913/10913/10913 10914/10914/10914
usemtl green_off
v 0.71117 0.84990 0.70732
vn -0.00119 -0.93379 0.35781
vt 0 0
v 0.71100 0.84901 0.70500
vn -0.00120 -0.93385 0.35766
vt 1 0
v 0.71117 0.84813 0.70268
vn -0.00119 -0.93391 0.35752
vt 1 1
f 10915/10915/10915 10916/10916/10916 10917/10917/10917
usemtl green_off
v 0.71117 0.84813 0.70268
vn -0.00119 -0.93391 0.35752
vt 0 0
v 0.71165 0.84726 0.70041
vn -0.00116 -0.93396 0.35738
vt 1 0
v 0.71245 0.84641 0.69821
vn -0.00111 -0.93401 0.35724
vt 1 1
f 10918/10918/10918 10919/10919/10919 10920/10920/10920
usemtl green_off
v 0.71245 0.84641 0.69821
vn -0.00111 -0.93401 0.35724
vt 0 0
v 0.71355 0.84562 0.69613
vn -0.00104 -0.93406 0.35711
vt 1 0
v 0.71493 0.84488 0.69420
vn -0.00095 -0.93411 0.35698
vt 1 1
f 10921/10921/10921 10922/10922/10922 10923/10923/10923
usemtl green_off
v 0.71493 0.84488 0.69420
vn -0.00095 -0.93411 0.35698
vt 0 0
v 0.71657 0.84421 0.69246
vn -0.00085 -0.93415 0.35687
vt 1 0
v 0.71844 0.84362 0.69093
vn -0.00073 -0.93419 0.35678
vt 1 1
f 10924/10924/10924 10925/10925/10925 10926/10926/10926
usemtl green_off
v 0.71844 0.84362 0.69093
vn -0.00073 -0.93419 0.35678
vt 0 0
v 0.72050 0.84313 0.68964
vn -0.00060 -0.93422 0.35670
vt 1 0
v 0.72273 0.84274 0.68861
vn -0.00046 -0.93425 0.35663
vt 1 1
f 10927/10927/10927 10928/10928/10928 10929/10929/10929
usemtl green_off
v 0.72273 0.84274 0.68861
vn -0.00046 -0.93425 0.35663
vt 0 0
v 0.72508 0.84245 0.68787
vn -0.00031 -0.93426 0.35658
vt 1 0
v 0.72752 0.84228 0.68741
vn -0.00016 -0.93427 0.35656
vt 1 1
f 10930/10930/10930 10931/10931/10931 10932/10932/10932
usemtl green_off
v 0.72752 0.84228 0.68741
vn -0.00016 -0.93427 0.35656
vt 0 0
v 0.73000 0.84222 0.68726
vn 0.00000 -0.93428 0.35655
vt 1 0
v 0.73248 0.84228 0.68741
vn 0.00016 -0.93427 0.35656
vt 1 1
f 10933/10933/10933 10934/10934/10934 10935/10935/10935
usemtl green_off
v 0.73248 0.84228 0.68741
vn 0.00016 -0.93427 0.35656
vt 0 0
v 0.73492 0.84245 0.68787
vn 0.00031 -0.93426 0.35658
vt 1 0
v 0.73727 0.84274 0.68861
vn 0.00046 -0.93425 0.35663
vt 1 1
f 10936/10936/10936 10937/10937/10937 10938/10938/10938
usemtl green_off
v 0.73727 0.84274 0.68861
vn 0.00046 -0.93425 0.35663
vt 0 0
v 0.73950 0.84313 0.68964
vn 0.00060 -0.93422 0.35670
vt 1 0
v 0.74156 0.84362 0.69093
vn 0.00073 -0.93419 0.35678
vt 1 1
f 10939/10939/10939 10940/10940/10940 10941/10941/10941
usemtl green_off
v 0.74156 0.84362 0.69093
vn 0.00073 -0.93419 0.35678
vt 0 0
v 0.74343 0.84421 0.69246
vn 0.00085 -0.93415 0.35687
vt 1 0
v 0.74507 0.84488 0.69420
vn 0.00095 -0.93411 0.35698
vt 1 1
f 10942/10942/10942 10943/10943/10943 10944/10944/10944
usemtl green_off
v 0.74507 0.84488 0.69420
vn 0.00095 -0.93411 0.35698
vt 0 0
v 0.74645 0.84562 0.69613
vn 0.00104 -0.93406 0.35711
vt 1 0
v 0.74755 0.84641 0.69821
vn 0.00111 -0.93401 0.35724
vt 1 1
f 10945/10945/10945 10946/10946/10946 10947/10947/10947
usemtl green_off
v 0.74755 0.84641 0.69821
vn 0.00111 -0.93401 0.35724
vt 0 0
v 0.74835 0.84726 0.70041
vn 0.00116 -0.93396 0.35738
vt 1 0
v 0.74883 0.84813 0.70268
vn 0.00119 -0.93391 0.35752
vt 1 1
f 10948/10948/10948 10949/10949/10949 10950/10950/10950
usemtl green_off
v 0.74883 0.84813 0.70268
vn 0.00119 -0.93391 0.35752
vt 0 0
v 0.74900 0.84901 0.70500
vn 0.00120 -0.93385 0.35767
vt 1 0
v 0.74883 0.84990 0.70732
vn 0.00119 -0.93379 0.35781
vt 1 1
f 10951/10951/10951 10952/10952/10952 10953/10953/10953
usemtl green_off
v 0.74883 0.84990 0.70732
vn 0.00119 -0.93379 0.35781
vt 0 0
v 0.74835 0.85077 0.70959
vn 0.00116 -0.93374 0.35795
vt 1 0
v 0.74755 0.85162 0.71179
vn 0.00111 -0.93369 0.35809
vt 1 1
f 10954/10954/10954 10955/10955/10955 10956/10956/10956
usemtl green_off
v 0.74755 0.85162 0.71179
vn 0.00111 -0.93369 0.35809
vt 0 0
v 0.74645 0.85241 0.71387
vn 0.00104 -0.93363 0.35822
vt 1 0
v 0.74507 0.85315 0.71580
vn 0.00095 -0.93359 0.35835
vt 1 1
f 10957/10957/10957 10958/10958/10958 10959/10959/10959
usemtl green_off
v 0.74507 0.85315 0.71580
vn 0.00095 -0.93359 0.35835
vt 0 0
v 0.74343 0.85382 0.71754
vn 0.00085 -0.93355 0.35846
vt 1 0
v 0.74156 0.85441 0.71907
vn 0.00073 -0.93351 0.35855
vt 1 1
f 10960/10960/10960 10961/10961/10961 10962/10962/10962
usemtl green_off
v 0.74156 0.85441 0.71907
vn 0.00073 -0.93351 0.35855
vt 0 0
v 0.73950 0.85490 0.72036
vn 0.00060 -0.93348 0.35863
vt 1 0
v 0.73727 0.85529 0.72139
vn 0.00046 -0.93345 0.35870
vt 1 1
f 10963/10963/10963 10964/10964/10964 10965/10965/10965
usemtl green_off
v 0.73727 0.85529 0.72139
vn 0.00046 -0.93345 0.35870
vt 0 0
v 0.73492 0.85558 0.72213
vn 0.00031 -0.93344 0.35875
vt 1 0
v 0.73248 0.85575 0.72259
vn 0.00016 -0.93342 0.35877
vt 1 1
f 10966/10966/10966 10967/10967/10967 10968/10968/10968
usemtl green_off
v 0.73248 0.85575 0.72259
vn 0.00016 -0.93342 0.35877
vt 0 0
v 0.72752 0.85575 0.72259
vn -0.00016 -0.93342 0.35877
vt 1 0
v 0.72273 0.85529 0.72139
vn -0.00046 -0.93345 0.35870
vt 1 1
f 10969/10969/10969 10970/10970/10970 10971/10971/10971
usemtl green_off
v 0.72273 0.85529 0.72139
vn -0.00046 -0.93345 0.35870
vt 0 0
v 0.71844 0.85441 0.71907
vn -0.00073 -0.93351 0.35855
vt 1 0
v 0.71493 0.85315 0.71580
vn -0.00095 -0.93359 0.35835
vt 1 1
f 10972/10972/10972 10973/10973/10973 10974/10974/10974
usemtl green_off
v 0.71493 0.85315 0.71580
vn -0.00095 -0.93359 0.35835
vt 0 0
v 0.71245 0.85162 0.71179
vn -0.00111 -0.93369 0.35809
vt 1 0
v 0.71117 0.84990 0.70732
vn -0.00119 -0.93379 0.35781
vt 1 1
f 10975/10975/10975 10976/10976/10976 10977/10977/10977
usemtl green_off
v 0.71117 0.84990 0.70732
vn -0.00119 -0.93379 0.35781
vt 0 0
v 0.71117 0.84813 0.70268
vn -0.00119 -0.93391 0.35752
vt 1 0
v 0.71245 0.84641 0.69821
vn -0.00111 -0.93401 0.35724
vt 1 1
f 10978/10978/10978 10979/10979/10979 10980/10980/10980
usemtl green_off
v 0.71245 0.84641 0.69821
vn -0.00111 -0.93401 0.35724
vt 0 0
v 0.71493 0.84488 0.69420
vn -0.00095 -0.93411 0.35698
vt 1 0
v 0.71844 0.84362 0.69093
vn -0.00073 -0.93419 0.35678
vt 1 1
f 10981/10981/10981 10982/10982/10982 10983/10983/10983
usemtl green_off
v 0.71844 0.84362 0.69093
vn -0.00073 -0.93419 0.35678
vt 0 0
v 0.72273 0.84274 0.68861
vn -0.00046 -0.93425 0.35663
vt 1 0
v 0.72752 0.84228 0.68741
vn -0.00016 -0.93427 0.35656
vt 1 1
f 10984/10984/10984 10985/10985/10985 10986/10986/10986
usemtl green_off
v 0.72752 0.84228 0.68741
vn -0.00016 -0.93427 0.35656
vt 0 0
v 0.73248 0.84228 0.68741
vn 0.00016 -0.93427 0.35656
vt 1 0
v 0.73727 0.84274 0.68861
vn 0.00046 -0.93425 0.35663
vt 1 1
f 10987/10987/10987 10988/10988/10988 10989/10989/10989
usemtl green_off
v 0.73727 0.84274 0.68861
vn 0.00046 -0.93425 0.35663
vt 0 0
v 0.74156 0.84362 0.69093
vn 0.00073 -0.93419 0.35678
vt 1 0
v 0.74507 0.84488 0.69420
vn 0.00095 -0.93411 0.35698
vt 1 1
f 10990/10990/10990 10991/10991/10991 10992/10992/10992
usemtl green_off
v 0.74507 0.84488 0.69420
vn 0.00095 -0.93411 0.35698
vt 0 0
v 0.74755 0.84641 0.69821
vn 0.00111 -0.93401 0.35724
vt 1 0
v 0.74883 0.84813 0.70268
vn 0.00119 -0.93391 0.35752
vt 1 1
f 10993/10993/10993 10994/10994/10994 10995/10995/10995
usemtl green_off
v 0.74883 0.84813 0.70268
vn 0.00119 -0.93391 0.35752
vt 0 0
v 0.74883 0.84990 0.70732
vn 0.00119 -0.93379 0.35781
vt 1 0
v 0.74755 0.85162 0.71179
vn 0.00111 -0.93369 0.35809
vt 1 1
f 10996/10996/10996 10997/10997/10997 10998/10998/10998
usemtl green_off
v 0.74755 0.85162 0.71179
vn 0.00111 -0.93369 0.35809
vt 0 0
v 0.74507 0.85315 0.71580
vn 0.00095 -0.93359 0.35835
vt 1 0
v 0.74156 0.85441 0.71907
vn 0.00073 -0.93351 0.35855
vt 1 1
f 10999/10999/10999 11000/11000/11000 11001/11001/11001
usemtl green_off
v 0.74156 0.85441 0.71907
vn 0.00073 -0.93351 0.35855
vt 0 0
v 0.73727 0.85529 0.72139
vn 0.00046 -0.93345 0.35870
vt 1 0
v 0.73248 0.85575 0.72259
vn 0.00016 -0.93342 0.35877
vt 1 1
f 11002/11002/11002 11003/11003/11003 11004/11004/11004
usemtl green_off
v 0.73248 0.85575 0.72259
vn 0.00016 -0.93342 0.35877
vt 0 0
v 0.72273 0.85529 0.72139
vn -0.00046 -0.93345 0.35870
vt 1 0
v 0.71493 0.85315 0.71580
vn -0.00095 -0.93359 0.35835
vt 1 1
f 11005/11005/11005 11006/11006/11006 11007/11007/11007
usemtl green_off
v 0.71493 0.85315 0.71580
vn -0.00095 -0.93359 0.35835
vt 0 0
v 0.71117 0.84990 0.70732
vn -0.00119 -0.93379 0.35781
vt 1 0
v 0.71245 0.84641 0.69821
vn -0.00111 -0.93401 0.35724
vt 1 1
f 11008/11008/11008 11009/11009/11009 11010/11010/11010
usemtl green_off
v 0.71245 0.84641 0.69821
vn -0.00111 -0.93401 0.35724
vt 0 0
v 0.71844 0.84362 0.69093
vn -0.00073 -0.93419 0.35678
vt 1 0
v 0.72752 0.84228 0.68741
vn -0.00016 -0.93427 0.35656
vt 1 1
f 11011/11011/11011 11012/11012/11012 11013/11013/11013
usemtl green_off
v 0.72752 0.84228 0.68741
vn -0.00016 -0.93427 0.35656
vt 0 0
v 0.73727 0.84274 0.68861
vn 0.00046 -0.93425 0.35663
vt 1 0
v 0.74507 0.84488 0.69420
vn 0.00095 -0.93411 0.35698
vt 1 1
f 11014/11014/11014 11015/11015/11015 11016/11016/11016
usemtl green_off
v 0.74507 0.84488 0.69420
vn 0.00095 -0.93411 0.35698
vt 0 0
v 0.74883 0.84813 0.70268
vn 0.00119 -0.93391 0.35752
vt 1 0
v 0.74755 0.85162 0.71179
vn 0.00111 -0.93369 0.35809
vt 1 1
f 11017/11017/11017 11018/11018/11018 11019/11019/11019
usemtl green_off
v 0.74755 0.85162 0.71179
vn 0.00111 -0.93369 0.35809
vt 0 0
v 0.74156 0.85441 0.71907
vn 0.00073 -0.93351 0.35855
vt 1 0
v 0.73248 0.85575 0.72259
vn 0.00016 -0.93342 0.35877
vt 1 1
f 11020/11020/11020 11021/11021/11021 11022/11022/11022
usemtl green_off
v 0.73248 0.85575 0.72259
vn 0.00016 -0.93342 0.35877
vt 0 0
v 0.71493 0.85315 0.71580
vn -0.00095 -0.93359 0.35835
vt 1 0
v 0.71245 0.84641 0.69821
vn -0.00111 -0.93401 0.35724
vt 1 1
f 11023/11023/11023 11024/11024/11024 11025/11025/11025
usemtl green_off
v 0.71245 0.84641 0.69821
vn -0.00111 -0.93401 0.35724
vt 0 0
v 0.72752 0.84228 0.68741
vn -0.00016 -0.93427 0.35656
vt 1 0
v 0.74507 0.84488 0.69420
vn 0.00095 -0.93411 0.35698
vt 1 1
f 11026/11026/11026 11027/11027/11027 11028/11028/11028
usemtl green_off
v 0.74507 0.84488 0.69420
vn 0.00095 -0.93411 0.35698
vt 0 0
v 0.74755 0.85162 0.71179
vn 0.00111 -0.93369 0.35809
vt 1 0
v 0.73248 0.85575 0.72259
vn 0.00016 -0.93342 0.35877
vt 1 1
f 11029/11029/11029 11030/11030/11030 11031/11031/11031
usemtl green_off
v 0.71245 0.84641 0.69821
vn -0.00111 -0.93401 0.35724
vt 0 0
v 0.74507 0.84488 0.69420
vn 0.00095 -0.93411 0.35698
vt 1 0
v 0.73248 0.85575 0.72259
vn 0.00016 -0.93342 0.35877
vt 1 1
f 11032/11032/11032 11033/11033/11033 11034/11034/11034
usemtl green_off
v 0.73000 0.85839 0.72390
vn -0.00000 0.35194 0.93602
vt 0 0
v 0.73000 0.89808 0.70869
vn 0.00001 0.36340 0.93163
vt 1 0
v 0.72726 0.89802 0.70853
vn -0.13050 0.36035 0.92364
vt 1 1
f 11035/11035/11035 11036/11036/11036 11037/11037/11037
usemtl green_off
v 0.73000 0.85839 0.72390
vn -0.00000 0.35194 0.93602
vt 0 0
v 0.72726 0.89802 0.70853
vn -0.13050 0.36035 0.92364
vt 1 0
v 0.72726 0.85833 0.72373
vn -0.13053 0.34887 0.92804
vt 1 1
f 11038/11038/11038 11039/11039/11039 11040/11040/11040
usemtl green_off
v 0.73274 0.85833 0.72373
vn 0.13051 0.34887 0.92804
vt 0 0
v 0.73274 0.89802 0.70853
vn 0.13051 0.36034 0.92365
vt 1 0
v 0.73000 0.89808 0.70869
vn 0.00001 0.36340 0.93163
vt 1 1
f 11041/11041/11041 11042/11042/11042 11043/11043/11043
usemtl green_off
v 0.73274 0.85833 0.72373
vn 0.13051 0.34887 0.92804
vt 0 0
v 0.73000 0.89808 0.70869
vn 0.00001 0.36340 0.93163
vt 1 0
v 0.73000 0.85839 0.72390
vn -0.00000 0.35194 0.93602
vt 1 1
f 11044/11044/11044 11045/11045/11045 11046/11046/11046
usemtl green_off
v 0.72508 0.89900 0.70550
vn -0.00031 0.93426 -0.35658
vt 0 0
v 0.72752 0.89917 0.70596
vn -0.00016 0.93427 -0.35656
vt 1 0
v 0.73000 0.89923 0.70611
vn -0.00000 0.93428 -0.35655
vt 1 1
f 11047/11047/11047 11048/11048/11048 11049/11049/11049
usemtl green_off
v 0.73000 0.89923 0.70611
vn -0.00000 0.93428 -0.35655
vt 0 0
v 0.73248 0.89917 0.70596
vn 0.00015 0.93427 -0.35656
vt 1 0
v 0.73492 0.89900 0.70550
vn 0.00031 0.93426 -0.35658
vt 1 1
f 11050/11050/11050 11051/11051/11051 11052/11052/11052
usemtl green_off
v 0.73492 0.89900 0.70550
vn 0.00031 0.93426 -0.35658
vt 0 0
v 0.73727 0.89872 0.70476
vn 0.00046 0.93425 -0.35663
vt 1 0
v 0.73950 0.89832 0.70373
vn 0.00060 0.93422 -0.35670
vt 1 1
f 11053/11053/11053 11054/11054/11054 11055/11055/11055
usemtl green_off
v 0.73950 0.89832 0.70373
vn 0.00060 0.93422 -0.35670
vt 0 0
v 0.74156 0.89783 0.70244
vn 0.00073 0.93419 -0.35678
vt 1 0
v 0.74343 0.89724 0.70091
vn 0.00085 0.93415 -0.35687
vt 1 1
f 11056/11056/11056 11057/11057/11057 11058/11058/11058
usemtl green_off
v 0.74343 0.89724 0.70091
vn 0.00085 0.93415 -0.35687
vt 0 0
v 0.74507 0.89657 0.69917
vn 0.00095 0.93411 -0.35698
vt 1 0
v 0.74645 0.89584 0.69724
vn 0.00104 0.93406 -0.35711
vt 1 1
f 11059/11059/11059 11060/11060/11060 11061/11061/11061
usemtl green_off
v 0.74645 0.89584 0.69724
vn 0.00104 0.93406 -0.35711
vt 0 0
v 0.74755 0.89504 0.69516
vn 0.00111 0.93401 -0.35724
vt 1 0
v 0.74835 0.89420 0.69296
vn 0.00116 0.93396 -0.35738
vt 1 1
f 11062/11062/11062 11063/11063/11063 11064/11064/11064
usemtl green_off
v 0.74835 0.89420 0.69296
vn 0.00116 0.93396 -0.35738
vt 0 0
v 0.74883 0.89333 0.69068
vn 0.00119 0.93391 -0.35752
vt 1 0
v 0.74900 0.89244 0.68837
vn 0.00120 0.93385 -0.35766
vt 1 1
f 11065/11065/11065 11066/11066/11066 11067/11067/11067
usemtl green_off
v 0.74900 0.89244 0.68837
vn 0.00120 0.93385 -0.35766
vt 0 0
v 0.74883 0.89155 0.68605
vn 0.00119 0.93379 -0.35781
vt 1 0
v 0.74835 0.89068 0.68378
vn 0.00116 0.93374 -0.35795
vt 1 1
f 11068/11068/11068 11069/11069/11069 11070/11070/11070
usemtl green_off
v 0.74835 0.89068 0.68378
vn 0.00116 0.93374 -0.35795
vt 0 0
v 0.74755 0.88984 0.68158
vn 0.00111 0.93369 -0.35809
vt 1 0
v 0.74645 0.88904 0.67950
vn 0.00104 0.93363 -0.35822
vt 1 1
f 11071/11071/11071 11072/11072/11072 11073/11073/11073
usemtl green_off
v 0.74645 0.88904 0.67950
vn 0.00104 0.93363 -0.35822
vt 0 0
v 0.74507 0.88830 0.67757
vn 0.00095 0.93359 -0.35835
vt 1 0
v 0.74343 0.88763 0.67583
vn 0.00085 0.93355 -0.35846
vt 1 1
f 11074/11074/11074 11075/11075/11075 11076/11076/11076
usemtl green_off
v 0.74343 0.88763 0.67583
vn 0.00085 0.93355 -0.35846
vt 0 0
v 0.74156 0.88705 0.67430
vn 0.00073 0.93351 -0.35855
vt 1 0
v 0.73950 0.88656 0.67301
vn 0.00060 0.93348 -0.35863
vt 1 1
f 11077/11077/11077 11078/11078/11078 11079/11079/11079
usemtl green_off
v 0.73950 0.88656 0.67301
vn 0.00060 0.93348 -0.35863
vt 0 0
v 0.73727 0.88616 0.67198
vn 0.00046 0.93345 -0.35870
vt 1 0
v 0.73492 0.88588 0.67123
vn 0.00031 0.93344 -0.35875
vt 1 1
f 11080/11080/11080 11081/11081/11081 11082/11082/11082
usemtl green_off
v 0.73492 0.88588 0.67123
vn 0.00031 0.93344 -0.35875
vt 0 0
v 0.73248 0.88570 0.67078
vn 0.00015 0.93342 -0.35877
vt 1 0
v 0.73000 0.88564 0.67063
vn -0.00000 0.93342 -0.35878
vt 1 1
f 11083/11083/11083 11084/11084/11084 11085/11085/11085
usemtl green_off
v 0.73000 0.88564 0.67063
vn -0.00000 0.93342 -0.35878
vt 0 0
v 0.72752 0.88570 0.67078
vn -0.00016 0.93342 -0.35877
vt 1 0
v 0.72508 0.88588 0.67123
vn -0.00031 0.93344 -0.35875
vt 1 1
f 11086/11086/11086 11087/11087/11087 11088/11088/11088
usemtl green_off
v 0.72508 0.88588 0.67123
vn -0.00031 0.93344 -0.35875
vt 0 0
v 0.72273 0.88616 0.67198
vn -0.00046 0.93345 -0.35870
vt 1 0
v 0.72050 0.88656 0.67301
vn -0.00060 0.93348 -0.35863
vt 1 1
f 11089/11089/11089 11090/11090/11090 11091/11091/11091
usemtl green_off
v 0.72050 0.88656 0.67301
vn -0.00060 0.93348 -0.35863
vt 0 0
v 0.71844 0.88705 0.67430
vn -0.00073 0.93351 -0.35855
vt 1 0
v 0.71657 0.88763 0.67583
vn -0.00085 0.93355 -0.35846
vt 1 1
f 11092/11092/11092 11093/11093/11093 11094/11094/11094
usemtl green_off
v 0.71657 0.88763 0.67583
vn -0.00085 0.93355 -0.35846
vt 0 0
v 0.71493 0.88830 0.67757
vn -0.00095 0.93359 -0.35835
vt 1 0
v 0.71355 0.88904 0.67950
vn -0.00104 0.93363 -0.35822
vt 1 1
f 11095/11095/11095 11096/11096/11096 11097/11097/11097
usemtl green_off
v 0.71355 0.88904 0.67950
vn -0.00104 0.93363 -0.35822
vt 0 0
v 0.71245 0.88984 0.68158
vn -0.00111 0.93369 -0.35809
vt 1 0
v 0.71165 0.89068 0.68378
vn -0.00116 0.93374 -0.35795
vt 1 1
f 11098/11098/11098 11099/11099/11099 11100/11100/11100
usemtl green_off
v 0.71165 0.89068 0.68378
vn -0.00116 0.93374 -0.35795
vt 0 0
v 0.71117 0.89155 0.68605
vn -0.00119 0.93379 -0.35781
vt 1 0
v 0.71100 0.89244 0.68837
vn -0.00120 0.93385 -0.35766
vt 1 1
f 11101/11101/11101 11102/11102/11102 11103/11103/11103
usemtl green_off
v 0.71100 0.89244 0.68837
vn -0.00120 0.93385 -0.35766
vt 0 0
v 0.71117 0.89333 0.69068
vn -0.00119 0.93391 -0.35752
vt 1 0
v 0.71165 0.89420 0.69296
vn -0.00116 0.93396 -0.35738
vt 1 1
f 11104/11104/11104 11105/11105/11105 11106/11106/11106
usemtl green_off
v 0.71165 0.89420 0.69296
vn -0.00116 0.93396 -0.35738
vt 0 0
v 0.71245 0.89504 0.69516
vn -0.00111 0.93401 -0.35724
vt 1 0
v 0.71355 0.89584 0.69724
vn -0.00104 0.93406 -0.35711
vt 1 1
f 11107/11107/11107 11108/11108/11108 11109/11109/11109
usemtl green_off
v 0.71355 0.89584 0.69724
vn -0.00104 0.93406 -0.35711
vt 0 0
v 0.71493 0.89657 0.69917
vn -0.00095 0.93411 -0.35698
vt 1 0
v 0.71657 0.89724 0.70091
vn -0.00085 0.93415 -0.35687
vt 1 1
f 11110/11110/11110 11111/11111/11111 11112/11112/11112
usemtl green_off
v 0.71657 0.89724 0.70091
vn -0.00085 0.93415 -0.35687
vt 0 0
v 0.71844 0.89783 0.70244
vn -0.00073 0.93419 -0.35678
vt 1 0
v 0.72050 0.89832 0.70373
vn -0.00060 0.93422 -0.35670
vt 1 1
f 11113/11113/11113 11114/11114/11114 11115/11115/11115
usemtl green_off
v 0.72050 0.89832 0.70373
vn -0.00060 0.93422 -0.35670
vt 0 0
v 0.72273 0.89872 0.70476
vn -0.00046 0.93425 -0.35663
vt 1 0
v 0.72508 0.89900 0.70550
vn -0.00031 0.93426 -0.35658
vt 1 1
f 11116/11116/11116 11117/11117/11117 11118/11118/11118
usemtl green_off
v 0.72508 0.89900 0.70550
vn -0.00031 0.93426 -0.35658
vt 0 0
v 0.73000 0.89923 0.70611
vn -0.00000 0.93428 -0.35655
vt 1 0
v 0.73492 0.89900 0.70550
vn 0.00031 0.93426 -0.35658
vt 1 1
f 11119/11119/11119 11120/11120/11120 11121/11121/11121
usemtl green_off
v 0.73492 0.89900 0.70550
vn 0.00031 0.93426 -0.35658
vt 0 0
v 0.73950 0.89832 0.70373
vn 0.00060 0.93422 -0.35670
vt 1 0
v 0.74343 0.89724 0.70091
vn 0.00085 0.93415 -0.35687
vt 1 1
f 11122/11122/11122 11123/11123/11123 11124/11124/11124
usemtl green_off
v 0.74343 0.89724 0.70091
vn 0.00085 0.93415 -0.35687
vt 0 0
v 0.74645 0.89584 0.69724
vn 0.00104 0.93406 -0.35711
vt 1 0
v 0.74835 0.89420 0.69296
vn 0.00116 0.93396 -0.35738
vt 1 1
f 11125/11125/11125 11126/11126/11126 11127/11127/11127
usemtl green_off
v 0.74835 0.89420 0.69296
vn 0.00116 0.93396 -0.35738
vt 0 0
v 0.74900 0.89244 0.68837
vn 0.00120 0.93385 -0.35766
vt 1 0
v 0.74835 0.89068 0.68378
vn 0.00116 0.93374 -0.35795
vt 1 1
f 11128/11128/11128 11129/11129/11129 11130/11130/11130
usemtl green_off
v 0.74835 0.89068 0.68378
vn 0.00116 0.93374 -0.35795
vt 0 0
v 0.74645 0.88904 0.67950
vn 0.00104 0.93363 -0.35822
vt 1 0
v 0.74343 0.88763 0.67583
vn 0.00085 0.93355 -0.35846
vt 1 1
f 11131/11131/11131 11132/11132/11132 11133/11133/11133
usemtl green_off
v 0.74343 0.88763 0.67583
vn 0.00085 0.93355 -0.35846
vt 0 0
v 0.73950 0.88656 0.67301
vn 0.00060 0.93348 -0.35863
vt 1 0
v 0.73492 0.88588 0.67123
vn 0.00031 0.93344 -0.35875
vt 1 1
f 11134/11134/11134 11135/11135/11135 11136/11136/11136
usemtl green_off
v 0.73492 0.88588 0.67123
vn 0.00031 0.93344 -0.35875
vt 0 0
v 0.73000 0.88564 0.67063
vn -0.00000 0.93342 -0.35878
vt 1 0
v 0.72508 0.88588 0.67123
vn -0.00031 0.93344 -0.35875
vt 1 1
f 11137/11137/11137 11138/11138/11138 11139/11139/11139
usemtl green_off
v 0.72508 0.88588 0.67123
vn -0.00031 0.93344 -0.35875
vt 0 0
v 0.72050 0.88656 0.67301
vn -0.00060 0.93348 -0.35863
vt 1 0
v 0.71657 0.88763 0.67583
vn -0.00085 0.93355 -0.35846
vt 1 1
f 11140/11140/11140 11141/11141/11141 11142/11142/11142
usemtl green_off
v 0.71657 0.88763 0.67583
vn -0.00085 0.93355 -0.35846
vt 0 0
v 0.71355 0.88904 0.67950
vn -0.00104 0.93363 -0.35822
vt 1 0
v 0.71165 0.89068 0.68378
vn -0.00116 0.93374 -0.35795
vt 1 1
f 11143/11143/11143 11144/11144/11144 11145/11145/11145
usemtl green_off
v 0.71165 0.89068 0.68378
vn -0.00116 0.93374 -0.35795
vt 0 0
v 0.71100 0.89244 0.68837
vn -0.00120 0.93385 -0.35766
vt 1 0
v 0.71165 0.89420 0.69296
vn -0.00116 0.93396 -0.35738
vt 1 1
f 11146/11146/11146 11147/11147/11147 11148/11148/11148
usemtl green_off
v 0.71165 0.89420 0.69296
vn -0.00116 0.93396 -0.35738
vt 0 0
v 0.71355 0.89584 0.69724
vn -0.00104 0.93406 -0.35711
vt 1 0
v 0.71657 0.89724 0.70091
vn -0.00085 0.93415 -0.35687
vt 1 1
f 11149/11149/11149 11150/11150/11150 11151/11151/11151
usemtl green_off
v 0.71657 0.89724 0.70091
vn -0.00085 0.93415 -0.35687
vt 0 0
v 0.72050 0.89832 0.70373
vn -0.00060 0.93422 -0.35670
vt 1 0
v 0.72508 0.89900 0.70550
vn -0.00031 0.93426 -0.35658
vt 1 1
f 11152/11152/11152 11153/11153/11153 11154/11154/11154
usemtl green_off
v 0.72508 0.89900 0.70550
vn -0.00031 0.93426 -0.35658
vt 0 0
v 0.73492 0.89900 0.70550
vn 0.00031 0.93426 -0.35658
vt 1 0
v 0.74343 0.89724 0.70091
vn 0.00085 0.93415 -0.35687
vt 1 1
f 11155/11155/11155 11156/11156/11156 11157/11157/11157
usemtl green_off
v 0.74343 0.89724 0.70091
vn 0.00085 0.93415 -0.35687
vt 0 0
v 0.74835 0.89420 0.69296
vn 0.00116 0.93396 -0.35738
vt 1 0
v 0.74835 0.89068 0.68378
vn 0.00116 0.93374 -0.35795
vt 1 1
f 11158/11158/11158 11159/11159/11159 11160/11160/11160
usemtl green_off
v 0.74835 0.89068 0.68378
vn 0.00116 0.93374 -0.35795
vt 0 0
v 0.74343 0.88763 0.67583
vn 0.00085 0.93355 -0.35846
vt 1 0
v 0.73492 0.88588 0.67123
vn 0.00031 0.93344 -0.35875
vt 1 1
f 11161/11161/11161 11162/11162/11162 11163/11163/11163
usemtl green_off
v 0.73492 0.88588 0.67123
vn 0.00031 0.93344 -0.35875
vt 0 0
v 0.72508 0.88588 0.67123
vn -0.00031 0.93344 -0.35875
vt 1 0
v 0.71657 0.88763 0.67583
vn -0.00085 0.93355 -0.35846
vt 1 1
f 11164/11164/11164 11165/11165/11165 11166/11166/11166
usemtl green_off
v 0.71657 0.88763 0.67583
vn -0.00085 0.93355 -0.35846
vt 0 0
v 0.71165 0.89068 0.68378
vn -0.00116 0.93374 -0.35795
vt 1 0
v 0.71165 0.89420 0.69296
vn -0.00116 0.93396 -0.35738
vt 1 1
f 11167/11167/11167 11168/11168/11168 11169/11169/11169
usemtl green_off
v 0.71165 0.89420 0.69296
vn -0.00116 0.93396 -0.35738
vt 0 0
v 0.71657 0.89724 0.70091
vn -0.00085 0.93415 -0.35687
vt 1 0
v 0.72508 0.89900 0.70550
vn -0.00031 0.93426 -0.35658
vt 1 1
f 11170/11170/11170 11171/11171/11171 11172/11172/11172
usemtl green_off
v 0.72508 0.89900 0.70550
vn -0.00031 0.93426 -0.35658
vt 0 0
v 0.74343 0.89724 0.70091
vn 0.00085 0.93415 -0.35687
vt 1 0
v 0.74835 0.89068 0.68378
vn 0.00116 0.93374 -0.35795
vt 1 1
f 11173/11173/11173 11174/11174/11174 11175/11175/11175
usemtl green_off
v 0.74835 0.89068 0.68378
vn 0.00116 0.93374 -0.35795
vt 0 0
v 0.73492 0.88588 0.67123
vn 0.00031 0.93344 -0.35875
vt 1 0
v 0.71657 0.88763 0.67583
vn -0.00085 0.93355 -0.35846
vt 1 1
f 11176/11176/11176 11177/11177/11177 11178/11178/11178
usemtl green_off
v 0.71657 0.88763 0.67583
vn -0.00085 0.93355 -0.35846
vt 0 0
v 0.71165 0.89420 0.69296
vn -0.00116 0.93396 -0.35738
vt 1 0
v 0.72508 0.89900 0.70550
vn -0.00031 0.93426 -0.35658
vt 1 1
f 11179/11179/11179 11180/11180/11180 11181/11181/11181
usemtl green_off
v 0.74835 0.89068 0.68378
vn 0.00116 0.93374 -0.35795
vt 0 0
v 0.71657 0.88763 0.67583
vn -0.00085 0.93355 -0.35846
vt 1 0
v 0.72508 0.89900 0.70550
vn -0.00031 0.93426 -0.35658
vt 1 1
f 11182/11182/11182 11183/11183/11183 11184/11184/11184
usemtl green_off
v 0.72726 0.85833 0.72373
vn -0.13053 0.34887 0.92804
vt 0 0
v 0.72726 0.89802 0.70853
vn -0.13050 0.36035 0.92364
vt 1 0
v 0.72456 0.89783 0.70803
vn -0.25880 0.35121 0.89982
vt 1 1
f 11185/11185/11185 11186/11186/11186 11187/11187/11187
usemtl green_off
v 0.72726 0.85833 0.72373
vn -0.13053 0.34887 0.92804
vt 0 0
v 0.72456 0.89783 0.70803
vn -0.25880 0.35121 0.89982
vt 1 0
v 0.72456 0.85814 0.72323
vn -0.25882 0.33973 0.90421
vt 1 1
f 11188/11188/11188 11189/11189/11189 11190/11190/11190
usemtl green_off
v 0.72456 0.85814 0.72323
vn -0.25882 0.33973 0.90421
vt 0 0
v 0.72456 0.89783 0.70803
vn -0.25880 0.35121 0.89982
vt 1 0
v 0.72196 0.89751 0.70720
vn -0.38267 0.33617 0.86055
vt 1 1
f 11191/11191/11191 11192/11192/11192 11193/11193/11193
usemtl green_off
v 0.72456 0.85814 0.72323
vn -0.25882 0.33973 0.90421
vt 0 0
v 0.72196 0.89751 0.70720
vn -0.38267 0.33617 0.86055
vt 1 0
v 0.72196 0.85782 0.72240
vn -0.38270 0.32469 0.86494
vt 1 1
f 11194/11194/11194 11195/11195/11195 11196/11196/11196
usemtl green_off
v 0.72196 0.85782 0.72240
vn -0.38270 0.32469 0.86494
vt 0 0
v 0.72196 0.89751 0.70720
vn -0.38267 0.33617 0.86055
vt 1 0
v 0.71950 0.89708 0.70607
vn -0.49999 0.31549 0.80652
vt 1 1
f 11197/11197/11197 11198/11198/11198 11199/11199/11199
usemtl green_off
v 0.72196 0.85782 0.72240
vn -0.38270 0.32469 0.86494
vt 0 0
v 0.71950 0.89708 0.70607
vn -0.49999 0.31549 0.80652
vt 1 0
v 0.71950 0.85739 0.72127
vn -0.49999 0.30400 0.81092
vt 1 1
f 11200/11200/11200 11201/11201/11201 11202/11202/11202
usemtl green_off
v 0.71950 0.85739 0.72127
vn -0.49999 0.30400 0.81092
vt 0 0
v 0.71950 0.89708 0.70607
vn -0.49999 0.31549 0.80652
vt 1 0
v 0.71722 0.89653 0.70464
vn -0.60875 0.28949 0.73866
vt 1 1
f 11203/11203/11203 11204/11204/11204 11205/11205/11205
usemtl green_off
v 0.71950 0.85739 0.72127
vn -0.49999 0.30400 0.81092
vt 0 0
v 0.71722 0.89653 0.70464
vn -0.60875 0.28949 0.73866
vt 1 0
v 0.71722 0.85684 0.71984
vn -0.60875 0.27800 0.74306
vt 1 1
f 11206/11206/11206 11207/11207/11207 11208/11208/11208
usemtl green_off
v 0.71722 0.85684 0.71984
vn -0.60875 0.27800 0.74306
vt 0 0
v 0.71722 0.89653 0.70464
vn -0.60875 0.28949 0.73866
vt 1 0
v 0.71515 0.89588 0.70295
vn -0.70709 0.25864 0.65812
vt 1 1
f 11209/11209/11209 11210/11210/11210 11211/11211/11211
usemtl green_off
v 0.71722 0.85684 0.71984
vn -0.60875 0.27800 0.74306
vt 0 0
v 0.71515 0.89588 0.70295
vn -0.70709 0.25864 0.65812
vt 1 0
v 0.71515 0.85619 0.71815
vn -0.70713 0.24715 0.66249
vt 1 1
f 11212/11212/11212 11213/11213/11213 11214/11214/11214
usemtl green_off
v 0.71515 0.85619 0.71815
vn -0.70713 0.24715 0.66249
vt 0 0
v 0.71515 0.89588 0.70295
vn -0.70709 0.25864 0.65812
vt 1 0
v 0.71334 0.89514 0.70102
vn -0.79334 0.22346 0.56628
vt 1 1
f 11215/11215/11215 11216/11216/11216 11217/11217/11217
usemtl green_off
v 0.71515 0.85619 0.71815
vn -0.70713 0.24715 0.66249
vt 0 0
v 0.71334 0.89514 0.70102
vn -0.79334 0.22346 0.56628
vt 1 0
v 0.71334 0.85546 0.71622
vn -0.79335 0.21199 0.57067
vt 1 1
f 11218/11218/11218 11219/11219/11219 11220/11220/11220
usemtl green_off
v 0.71334 0.85546 0.71622
vn -0.79335 0.21199 0.57067
vt 0 0
v 0.71334 0.89514 0.70102
vn -0.79334 0.22346 0.56628
vt 1 0
v 0.71181 0.89433 0.69889
vn -0.86600 0.18457 0.46473
vt 1 1
f 11221/11221/11221 11222/11222/11222 11223/11223/11223
usemtl green_off
v 0.71334 0.85546 0.71622
vn -0.79335 0.21199 0.57067
vt 0 0
v 0.71181 0.89433 0.69889
vn -0.86600 0.18457 0.46473
vt 1 0
v 0.71181 0.85464 0.71409
vn -0.86602 0.17309 0.46909
vt 1 1
f 11224/11224/11224 11225/11225/11225 11226/11226/11226
usemtl green_off
v 0.71181 0.85464 0.71409
vn -0.86602 0.17309 0.46909
vt 0 0
v 0.71181 0.89433 0.69889
vn -0.86600 0.18457 0.46473
vt 1 0
v 0.71060 0.89345 0.69659
vn -0.92386 0.14263 0.35517
vt 1 1
f 11227/11227/11227 11228/11228/11228 11229/11229/11229
usemtl green_off
v 0.71181 0.85464 0.71409
vn -0.86602 0.17309 0.46909
vt 0 0
v 0.71060 0.89345 0.69659
vn -0.92386 0.14263 0.35517
vt 1 0
v 0.71060 0.85376 0.71179
vn -0.92388 0.13113 0.35953
vt 1 1
f 11230/11230/11230 11231/11231/11231 11232/11232/11232
usemtl green_off
v 0.71060 0.85376 0.71179
vn -0.92388 0.13113 0.35953
vt 0 0
v 0.71060 0.89345 0.69659
vn -0.92386 0.14263 0.35517
vt 1 0
v 0.70972 0.89252 0.69416
vn -0.96591 0.09831 0.23949
vt 1 1
f 11233/11233/11233 11234/11234/11234 11235/11235/11235
usemtl green_off
v 0.71060 0.85376 0.71179
vn -0.92388 0.13113 0.35953
vt 0 0
v 0.70972 0.89252 0.69416
vn -0.96591 0.09831 0.23949
vt 1 0
v 0.70972 0.85283 0.70936
vn -0.96591 0.08683 0.24388
vt 1 1
f 11236/11236/11236 11237/11237/11237 11238/11238/11238
usemtl green_off
v 0.70972 0.85283 0.70936
vn -0.96591 0.08683 0.24388
vt 0 0
v 0.70972 0.89252 0.69416
vn -0.96591 0.09831 0.23949
vt 1 0
v 0.70918 0.89155 0.69164
vn -0.99143 0.05242 0.11970
vt 1 1
f 11239/11239/11239 11240/11240/11240 11241/11241/11241
usemtl green_off
v 0.70972 0.85283 0.70936
vn -0.96591 0.08683 0.24388
vt 0 0
v 0.70918 0.89155 0.69164
vn -0.99143 0.05242 0.11970
vt 1 0
v 0.70918 0.85186 0.70684
vn -0.99143 0.04095 0.12409
vt 1 1
f 11242/11242/11242 11243/11243/11243 11244/11244/11244
usemtl green_off
v 0.70918 0.85186 0.70684
vn -0.99143 0.04095 0.12409
vt 0 0
v 0.70918 0.89155 0.69164
vn -0.99143 0.05242 0.11970
vt 1 0
v 0.70900 0.89057 0.68908
vn -0.99998 0.00574 -0.00219
vt 1 1
f 11245/11245/11245 11246/11246/11246 11247/11247/11247
usemtl green_off
v 0.70918 0.85186 0.70684
vn -0.99143 0.04095 0.12409
vt 0 0
v 0.70900 0.89057 0.68908
vn -0.99998 0.00574 -0.00219
vt 1 0
v 0.70900 0.85088 0.70428
vn -0.99998 -0.00573 0.00219
vt 1 1
f 11248/11248/11248 11249/11249/11249 11250/11250/11250
usemtl green_off
v 0.70900 0.85088 0.70428
vn -0.99998 -0.00573 0.00219
vt 0 0
v 0.70900 0.89057 0.68908
vn -0.99998 0.00574 -0.00219
vt 1 0
v 0.70918 0.88959 0.68652
vn -0.99143 -0.04096 -0.12409
vt 1 1
f 11251/11251/11251 11252/11252/11252 11253/11253/11253
usemtl green_off
v 0.70900 0.85088 0.70428
vn -0.99998 -0.00573 0.00219
vt 0 0
v 0.70918 0.88959 0.68652
vn -0.99143 -0.04096 -0.12409
vt 1 0
v 0.70918 0.84990 0.70172
vn -0.99142 -0.05242 -0.11971
vt 1 1
f 11254/11254/11254 11255/11255/11255 11256/11256/11256
usemtl green_off
v 0.70918 0.84990 0.70172
vn -0.99142 -0.05242 -0.11971
vt 0 0
v 0.70918 0.88959 0.68652
vn -0.99143 -0.04096 -0.12409
vt 1 0
v 0.70972 0.88863 0.68401
vn -0.96591 -0.08684 -0.24388
vt 1 1
f 11257/11257/11257 11258/11258/11258 11259/11259/11259
usemtl green_off
v 0.70918 0.84990 0.70172
vn -0.99142 -0.05242 -0.11971
vt 0 0
v 0.70972 0.88863 0.68401
vn -0.96591 -0.08684 -0.24388
vt 1 0
v 0.70972 0.84894 0.69921
vn -0.96591 -0.09831 -0.23950
vt 1 1
f 11260/11260/11260 11261/11261/11261 11262/11262/11262
usemtl green_off
v 0.70972 0.84894 0.69921
vn -0.96591 -0.09831 -0.23950
vt 0 0
v 0.70972 0.88863 0.68401
vn -0.96591 -0.08684 -0.24388
vt 1 0
v 0.71060 0.88770 0.68158
vn -0.92387 -0.13114 -0.35953
vt 1 1
f 11263/11263/11263 11264/11264/11264 11265/11265/11265
usemtl green_off
v 0.70972 0.84894 0.69921
vn -0.96591 -0.09831 -0.23950
vt 0 0
v 0.71060 0.88770 0.68158
vn -0.92387 -0.13114 -0.35953
vt 1 0
v 0.71060 0.84801 0.69678
vn -0.92386 -0.14260 -0.35517
vt 1 1
f 11266/11266/11266 11267/11267/11267 11268/11268/11268
usemtl green_off
v 0.71060 0.84801 0.69678
vn -0.92386 -0.14260 -0.35517
vt 0 0
v 0.71060 0.88770 0.68158
vn -0.92387 -0.13114 -0.35953
vt 1 0
v 0.71181 0.88682 0.67928
vn -0.86602 -0.17309 -0.46910
vt 1 1
f 11269/11269/11269 11270/11270/11270 11271/11271/11271
usemtl green_off
v 0.71060 0.84801 0.69678
vn -0.92386 -0.14260 -0.35517
vt 0 0
v 0.71181 0.88682 0.67928
vn -0.86602 -0.17309 -0.46910
vt 1 0
v 0.71181 0.84713 0.69448
vn -0.86601 -0.18457 -0.46473
vt 1 1
f 11272/11272/11272 11273/11273/11273 11274/11274/11274
usemtl green_off
v 0.71181 0.84713 0.69448
vn -0.86601 -0.18457 -0.46473
vt 0 0
v 0.71181 0.88682 0.67928
vn -0.86602 -0.17309 -0.46910
vt 1 0
v 0.71334 0.88600 0.67715
vn -0.79334 -0.21198 -0.57068
vt 1 1
f 11275/11275/11275 11276/11276/11276 11277/11277/11277
usemtl green_off
v 0.71181 0.84713 0.69448
vn -0.86601 -0.18457 -0.46473
vt 0 0
v 0.71334 0.88600 0.67715
vn -0.79334 -0.21198 -0.57068
vt 1 0
v 0.71334 0.84631 0.69235
vn -0.79333 -0.22348 -0.56629
vt 1 1
f 11278/11278/11278 11279/11279/11279 11280/11280/11280
usemtl green_off
v 0.71334 0.84631 0.69235
vn -0.79333 -0.22348 -0.56629
vt 0 0
v 0.71334 0.88600 0.67715
vn -0.79334 -0.21198 -0.57068
vt 1 0
v 0.71515 0.88526 0.67522
vn -0.70709 -0.24715 -0.66252
vt 1 1
f 11281/11281/11281 11282/11282/11282 11283/11283/11283
usemtl green_off
v 0.71334 0.84631 0.69235
vn -0.79333 -0.22348 -0.56629
vt 0 0
v 0.71515 0.88526 0.67522
vn -0.70709 -0.24715 -0.66252
vt 1 0
v 0.71515 0.84557 0.69042
vn -0.70707 -0.25866 -0.65814
vt 1 1
f 11284/11284/11284 11285/11285/11285 11286/11286/11286
usemtl green_off
v 0.71515 0.84557 0.69042
vn -0.70707 -0.25866 -0.65814
vt 0 0
v 0.71515 0.88526 0.67522
vn -0.70709 -0.24715 -0.66252
vt 1 0
v 0.71722 0.88461 0.67353
vn -0.60875 -0.27800 -0.74306
vt 1 1
f 11287/11287/11287 11288/11288/11288 11289/11289/11289
usemtl green_off
v 0.71515 0.84557 0.69042
vn -0.70707 -0.25866 -0.65814
vt 0 0
v 0.71722 0.88461 0.67353
vn -0.60875 -0.27800 -0.74306
vt 1 0
v 0.71722 0.84492 0.68873
vn -0.60874 -0.28950 -0.73867
vt 1 1
f 11290/11290/11290 11291/11291/11291 11292/11292/11292
usemtl green_off
v 0.71722 0.84492 0.68873
vn -0.60874 -0.28950 -0.73867
vt 0 0
v 0.71722 0.88461 0.67353
vn -0.60875 -0.27800 -0.74306
vt 1 0
v 0.71950 0.88407 0.67210
vn -0.50000 -0.30399 -0.81092
vt 1 1
f 11293/11293/11293 11294/11294/11294 11295/11295/11295
usemtl green_off
v 0.71722 0.84492 0.68873
vn -0.60874 -0.28950 -0.73867
vt 0 0
v 0.71950 0.88407 0.67210
vn -0.50000 -0.30399 -0.81092
vt 1 0
v 0.71950 0.84438 0.68730
vn -0.49997 -0.31549 -0.80654
vt 1 1
f 11296/11296/11296 11297/11297/11297 11298/11298/11298
usemtl green_off
v 0.71950 0.84438 0.68730
vn -0.49997 -0.31549 -0.80654
vt 0 0
v 0.71950 0.88407 0.67210
vn -0.50000 -0.30399 -0.81092
vt 1 0
v 0.72196 0.88363 0.67097
vn -0.38269 -0.32469 -0.86494
vt 1 1
f 11299/11299/11299 11300/11300/11300 11301/11301/11301
usemtl green_off
v 0.71950 0.84438 0.68730
vn -0.49997 -0.31549 -0.80654
vt 0 0
v 0.72196 0.88363 0.67097
vn -0.38269 -0.32469 -0.86494
vt 1 0
v 0.72196 0.84394 0.68617
vn -0.38267 -0.33617 -0.86055
vt 1 1
f 11302/11302/11302 11303/11303/11303 11304/11304/11304
usemtl green_off
v 0.72196 0.84394 0.68617
vn -0.38267 -0.33617 -0.86055
vt 0 0
v 0.72196 0.88363 0.67097
vn -0.38269 -0.32469 -0.86494
vt 1 0
v 0.72456 0.88332 0.67014
vn -0.25882 -0.33973 -0.90421
vt 1 1
f 11305/11305/11305 11306/11306/11306 11307/11307/11307
usemtl green_off
v 0.72196 0.84394 0.68617
vn -0.38267 -0.33617 -0.86055
vt 0 0
v 0.72456 0.88332 0.67014
vn -0.25882 -0.33973 -0.90421
vt 1 0
v 0.72456 0.84363 0.68534
vn -0.25880 -0.35121 -0.89982
vt 1 1
f 11308/11308/11308 11309/11309/11309 11310/11310/11310
usemtl green_off
v 0.72456 0.84363 0.68534
vn -0.25880 -0.35121 -0.89982
vt 0 0
v 0.72456 0.88332 0.67014
vn -0.25882 -0.33973 -0.90421
vt 1 0
v 0.72726 0.88312 0.66964
vn -0.13053 -0.34887 -0.92804
vt 1 1
f 11311/11311/11311 11312/11312/11312 11313/11313/11313
usemtl green_off
v 0.72456 0.84363 0.68534
vn -0.25880 -0.35121 -0.89982
vt 0 0
v 0.72726 0.88312 0.66964
vn -0.13053 -0.34887 -0.92804
vt 1 0
v 0.72726 0.84344 0.68484
vn -0.13051 -0.36034 -0.92365
vt 1 1
f 11314/11314/11314 11315/11315/11315 11316/11316/11316
usemtl green_off
v 0.72726 0.84344 0.68484
vn -0.13051 -0.36034 -0.92365
vt 0 0
v 0.72726 0.88312 0.66964
vn -0.13053 -0.34887 -0.92804
vt 1 0
v 0.73000 0.88306 0.66947
vn -0.00001 -0.35193 -0.93603
vt 1 1
f 11317/11317/11317 11318/11318/11318 11319/11319/11319
usemtl green_off
v 0.72726 0.84344 0.68484
vn -0.13051 -0.36034 -0.92365
vt 0 0
v 0.73000 0.88306 0.66947
vn -0.00001 -0.35193 -0.93603
vt 1 0
v 0.73000 0.84337 0.68467
vn 0.00001 -0.36340 -0.93163
vt 1 1
f 11320/11320/11320 11321/11321/11321 11322/11322/11322
usemtl green_off
v 0.73000 0.84337 0.68467
vn 0.00001 -0.36340 -0.93163
vt 0 0
v 0.73000 0.88306 0.66947
vn -0.00001 -0.35193 -0.93603
vt 1 0
v 0.73274 0.88312 0.66964
vn 0.13051 -0.34887 -0.92804
vt 1 1
f 11323/11323/11323 11324/11324/11324 11325/11325/11325
usemtl green_off
v 0.73000 0.84337 0.68467
vn 0.00001 -0.36340 -0.93163
vt 0 0
v 0.73274 0.88312 0.66964
vn 0.13051 -0.34887 -0.92804
vt 1 0
v 0.73274 0.84344 0.68484
vn 0.13053 -0.36034 -0.92364
vt 1 1
f 11326/11326/11326 11327/11327/11327 11328/11328/11328
usemtl green_off
v 0.73274 0.84344 0.68484
vn 0.13053 -0.36034 -0.92364
vt 0 0
v 0.73274 0.88312 0.66964
vn 0.13051 -0.34887 -0.92804
vt 1 0
v 0.73544 0.88332 0.67014
vn 0.25881 -0.33973 -0.90421
vt 1 1
f 11329/11329/11329 11330/11330/11330 11331/11331/11331
usemtl green_off
v 0.73274 0.84344 0.68484
vn 0.13053 -0.36034 -0.92364
vt 0 0
v 0.73544 0.88332 0.67014
vn 0.25881 -0.33973 -0.90421
vt 1 0
v 0.73544 0.84363 0.68534
vn 0.25882 -0.35121 -0.89981
vt 1 1
f 11332/11332/11332 11333/11333/11333 11334/11334/11334
usemtl green_off
v 0.73544 0.84363 0.68534
vn 0.25882 -0.35121 -0.89981
vt 0 0
v 0.73544 0.88332 0.67014
vn 0.25881 -0.33973 -0.90421
vt 1 0
v 0.73804 0.88363 0.67097
vn 0.38267 -0.32469 -0.86495
vt 1 1
f 11335/11335/11335 11336/11336/11336 11337/11337/11337
usemtl green_off
v 0.73544 0.84363 0.68534
vn 0.25882 -0.35121 -0.89981
vt 0 0
v 0.73804 0.88363 0.67097
vn 0.38267 -0.32469 -0.86495
vt 1 0
v 0.73804 0.84394 0.68617
vn 0.38271 -0.33616 -0.86054
vt 1 1
f 11338/11338/11338 11339/11339/11339 11340/11340/11340
usemtl green_off
v 0.73804 0.84394 0.68617
vn 0.38271 -0.33616 -0.86054
vt 0 0
v 0.73804 0.88363 0.67097
vn 0.38267 -0.32469 -0.86495
vt 1 0
v 0.74050 0.88407 0.67210
vn 0.50000 -0.30400 -0.81092
vt 1 1
f 11341/11341/11341 11342/11342/11342 11343/11343/11343
usemtl green_off
v 0.73804 0.84394 0.68617
vn 0.38271 -0.33616 -0.86054
vt 0 0
v 0.74050 0.88407 0.67210
vn 0.50000 -0.30400 -0.81092
vt 1 0
v 0.74050 0.84438 0.68730
vn 0.50001 -0.31548 -0.80651
vt 1 1
f 11344/11344/11344 11345/11345/11345 11346/11346/11346
usemtl green_off
v 0.74050 0.84438 0.68730
vn 0.50001 -0.31548 -0.80651
vt 0 0
v 0.74050 0.88407 0.67210
vn 0.50000 -0.30400 -0.81092
vt 1 0
v 0.74278 0.88461 0.67353
vn 0.60875 -0.27800 -0.74306
vt 1 1
f 11347/11347/11347 11348/11348/11348 11349/11349/11349
usemtl green_off
v 0.74050 0.84438 0.68730
vn 0.50001 -0.31548 -0.80651
vt 0 0
v 0.74278 0.88461 0.67353
vn 0.60875 -0.27800 -0.74306
vt 1 0
v 0.74278 0.84492 0.68873
vn 0.60875 -0.28949 -0.73866
vt 1 1
f 11350/11350/11350 11351/11351/11351 11352/11352/11352
usemtl green_off
v 0.74278 0.84492 0.68873
vn 0.60875 -0.28949 -0.73866
vt 0 0
v 0.74278 0.88461 0.67353
vn 0.60875 -0.27800 -0.74306
vt 1 0
v 0.74485 0.88526 0.67522
vn 0.70709 -0.24716 -0.66252
vt 1 1
f 11353/11353/11353 11354/11354/11354 11355/11355/11355
usemtl green_off
v 0.74278 0.84492 0.68873
vn 0.60875 -0.28949 -0.73866
vt 0 0
v 0.74485 0.88526 0.67522
vn 0.70709 -0.24716 -0.66252
vt 1 0
v 0.74485 0.84557 0.69042
vn 0.70712 -0.25864 -0.65810
vt 1 1
f 11356/11356/11356 11357/11357/11357 11358/11358/11358
usemtl green_off
v 0.74485 0.84557 0.69042
vn 0.70712 -0.25864 -0.65810
vt 0 0
v 0.74485 0.88526 0.67522
vn 0.70709 -0.24716 -0.66252
vt 1 0
v 0.74666 0.88600 0.67715
vn 0.79333 -0.21200 -0.57068
vt 1 1
f 11359/11359/11359 11360/11360/11360 11361/11361/11361
usemtl green_off
v 0.74485 0.84557 0.69042
vn 0.70712 -0.25864 -0.65810
vt 0 0
v 0.74666 0.88600 0.67715
vn 0.79333 -0.21200 -0.57068
vt 1 0
v 0.74666 0.84631 0.69235
vn 0.79334 -0.22346 -0.56628
vt 1 1
f 11362/11362/11362 11363/11363/11363 11364/11364/11364
usemtl green_off
v 0.74666 0.84631 0.69235
vn 0.79334 -0.22346 -0.56628
vt 0 0
v 0.74666 0.88600 0.67715
vn 0.79333 -0.21200 -0.57068
vt 1 0
v 0.74819 0.88682 0.67928
vn 0.86600 -0.17310 -0.46912
vt 1 1
f 11365/11365/11365 11366/11366/11366 11367/11367/11367
usemtl green_off
v 0.74666 0.84631 0.69235
vn 0.79334 -0.22346 -0.56628
vt 0 0
v 0.74819 0.88682 0.67928
vn 0.86600 -0.17310 -0.46912
vt 1 0
v 0.74819 0.84713 0.69448
vn 0.86601 -0.18456 -0.46473
vt 1 1
f 11368/11368/11368 11369/11369/11369 11370/11370/11370
usemtl green_off
v 0.74819 0.84713 0.69448
vn 0.86601 -0.18456 -0.46473
vt 0 0
v 0.74819 0.88682 0.67928
vn 0.86600 -0.17310 -0.46912
vt 1 0
v 0.74940 0.88770 0.68158
vn 0.92386 -0.13113 -0.35956
vt 1 1
f 11371/11371/11371 11372/11372/11372 11373/11373/11373
usemtl green_off
v 0.74819 0.84713 0.69448
vn 0.86601 -0.18456 -0.46473
vt 0 0
v 0.74940 0.88770 0.68158
vn 0.92386 -0.13113 -0.35956
vt 1 0
v 0.74940 0.84801 0.69678
vn 0.92387 -0.14260 -0.35514
vt 1 1
f 11374/11374/11374 11375/11375/11375 11376/11376/11376
usemtl green_off
v 0.74940 0.84801 0.69678
vn 0.92387 -0.14260 -0.35514
vt 0 0
v 0.74940 0.88770 0.68158
vn 0.92386 -0.13113 -0.35956
vt 1 0
v 0.75028 0.88863 0.68401
vn 0.96590 -0.08683 -0.24390
vt 1 1
f 11377/11377/11377 11378/11378/11378 11379/11379/11379
usemtl green_off
v 0.74940 0.84801 0.69678
vn 0.92387 -0.14260 -0.35514
vt 0 0
v 0.75028 0.88863 0.68401
vn 0.96590 -0.08683 -0.24390
vt 1 0
v 0.75028 0.84894 0.69921
vn 0.96591 -0.09830 -0.23947
vt 1 1
f 11380/11380/11380 11381/11381/11381 11382/11382/11382
usemtl green_off
v 0.75028 0.84894 0.69921
vn 0.96591 -0.09830 -0.23947
vt 0 0
v 0.75028 0.88863 0.68401
vn 0.96590 -0.08683 -0.24390
vt 1 0
v 0.75082 0.88959 0.68652
vn 0.99142 -0.04096 -0.12411
vt 1 1
f 11383/11383/11383 11384/11384/11384 11385/11385/11385
usemtl green_off
v 0.75028 0.84894 0.69921
vn 0.96591 -0.09830 -0.23947
vt 0 0
v 0.75082 0.88959 0.68652
vn 0.99142 -0.04096 -0.12411
vt 1 0
v 0.75082 0.84990 0.70172
vn 0.99143 -0.05242 -0.11969
vt 1 1
f 11386/11386/11386 11387/11387/11387 11388/11388/11388
usemtl green_off
v 0.75082 0.84990 0.70172
vn 0.99143 -0.05242 -0.11969
vt 0 0
v 0.75082 0.88959 0.68652
vn 0.99142 -0.04096 -0.12411
vt 1 0
v 0.75100 0.89057 0.68908
vn 0.99998 0.00573 -0.00221
vt 1 1
f 11389/11389/11389 11390/11390/11390 11391/11391/11391
usemtl green_off
v 0.75082 0.84990 0.70172
vn 0.99143 -0.05242 -0.11969
vt 0 0
v 0.75100 0.89057 0.68908
vn 0.99998 0.00573 -0.00221
vt 1 0
v 0.75100 0.85088 0.70428
vn 0.99998 -0.00574 0.00221
vt 1 1
f 11392/11392/11392 11393/11393/11393 11394/11394/11394
usemtl green_off
v 0.75100 0.85088 0.70428
vn 0.99998 -0.00574 0.00221
vt 0 0
v 0.75100 0.89057 0.68908
vn 0.99998 0.00573 -0.00221
vt 1 0
v 0.75082 0.89155 0.69164
vn 0.99143 0.05242 0.11970
vt 1 1
f 11395/11395/11395 11396/11396/11396 11397/11397/11397
usemtl green_off
v 0.75100 0.85088 0.70428
vn 0.99998 -0.00574 0.00221
vt 0 0
v 0.75082 0.89155 0.69164
vn 0.99143 0.05242 0.11970
vt 1 0
v 0.75082 0.85186 0.70684
vn 0.99142 0.04096 0.12412
vt 1 1
f 11398/11398/11398 11399/11399/11399 11400/11400/11400
usemtl green_off
v 0.75082 0.85186 0.70684
vn 0.99142 0.04096 0.12412
vt 0 0
v 0.75082 0.89155 0.69164
vn 0.99143 0.05242 0.11970
vt 1 0
v 0.75028 0.89252 0.69416
vn 0.96591 0.09830 0.23949
vt 1 1
f 11401/11401/11401 11402/11402/11402 11403/11403/11403
usemtl green_off
v 0.75082 0.85186 0.70684
vn 0.99142 0.04096 0.12412
vt 0 0
v 0.75028 0.89252 0.69416
vn 0.96591 0.09830 0.23949
vt 1 0
v 0.75028 0.85283 0.70936
vn 0.96590 0.08684 0.24391
vt 1 1
f 11404/11404/11404 11405/11405/11405 11406/11406/11406
usemtl green_off
v 0.75028 0.85283 0.70936
vn 0.96590 0.08684 0.24391
vt 0 0
v 0.75028 0.89252 0.69416
vn 0.96591 0.09830 0.23949
vt 1 0
v 0.74940 0.89345 0.69659
vn 0.92387 0.14260 0.35516
vt 1 1
f 11407/11407/11407 11408/11408/11408 11409/11409/11409
usemtl green_off
v 0.75028 0.85283 0.70936
vn 0.96590 0.08684 0.24391
vt 0 0
v 0.74940 0.89345 0.69659
vn 0.92387 0.14260 0.35516
vt 1 0
v 0.74940 0.85376 0.71179
vn 0.92386 0.13114 0.35957
vt 1 1
f 11410/11410/11410 11411/11411/11411 11412/11412/11412
usemtl green_off
v 0.74940 0.85376 0.71179
vn 0.92386 0.13114 0.35957
vt 0 0
v 0.74940 0.89345 0.69659
vn 0.92387 0.14260 0.35516
vt 1 0
v 0.74819 0.89433 0.69889
vn 0.86601 0.18456 0.46472
vt 1 1
f 11413/11413/11413 11414/11414/11414 11415/11415/11415
usemtl green_off
v 0.74940 0.85376 0.71179
vn 0.92386 0.13114 0.35957
vt 0 0
v 0.74819 0.89433 0.69889
vn 0.86601 0.18456 0.46472
vt 1 0
v 0.74819 0.85464 0.71409
vn 0.86601 0.17309 0.46912
vt 1 1
f 11416/11416/11416 11417/11417/11417 11418/11418/11418
usemtl green_off
v 0.74819 0.85464 0.71409
vn 0.86601 0.17309 0.46912
vt 0 0
v 0.74819 0.89433 0.69889
vn 0.86601 0.18456 0.46472
vt 1 0
v 0.74666 0.89514 0.70102
vn 0.79335 0.22347 0.56627
vt 1 1
f 11419/11419/11419 11420/11420/11420 11421/11421/11421
usemtl green_off
v 0.74819 0.85464 0.71409
vn 0.86601 0.17309 0.46912
vt 0 0
v 0.74666 0.89514 0.70102
vn 0.79335 0.22347 0.56627
vt 1 0
v 0.74666 0.85546 0.71622
vn 0.79334 0.21199 0.57068
vt 1 1
f 11422/11422/11422 11423/11423/11423 11424/11424/11424
usemtl green_off
v 0.74666 0.85546 0.71622
vn 0.79334 0.21199 0.57068
vt 0 0
v 0.74666 0.89514 0.70102
vn 0.79335 0.22347 0.56627
vt 1 0
v 0.74485 0.89588 0.70295
vn 0.70709 0.25865 0.65812
vt 1 1
f 11425/11425/11425 11426/11426/11426 11427/11427/11427
usemtl green_off
v 0.74666 0.85546 0.71622
vn 0.79334 0.21199 0.57068
vt 0 0
v 0.74485 0.89588 0.70295
vn 0.70709 0.25865 0.65812
vt 1 0
v 0.74485 0.85619 0.71815
vn 0.70709 0.24716 0.66253
vt 1 1
f 11428/11428/11428 11429/11429/11429 11430/11430/11430
usemtl green_off
v 0.74485 0.85619 0.71815
vn 0.70709 0.24716 0.66253
vt 0 0
v 0.74485 0.89588 0.70295
vn 0.70709 0.25865 0.65812
vt 1 0
v 0.74278 0.89653 0.70464
vn 0.60876 0.28949 0.73865
vt 1 1
f 11431/11431/11431 11432/11432/11432 11433/11433/11433
usemtl green_off
v 0.74485 0.85619 0.71815
vn 0.70709 0.24716 0.66253
vt 0 0
v 0.74278 0.89653 0.70464
vn 0.60876 0.28949 0.73865
vt 1 0
v 0.74278 0.85684 0.71984
vn 0.60874 0.27800 0.74306
vt 1 1
f 11434/11434/11434 11435/11435/11435 11436/11436/11436
usemtl green_off
v 0.74278 0.85684 0.71984
vn 0.60874 0.27800 0.74306
vt 0 0
v 0.74278 0.89653 0.70464
vn 0.60876 0.28949 0.73865
vt 1 0
v 0.74050 0.89708 0.70607
vn 0.50001 0.31548 0.80651
vt 1 1
f 11437/11437/11437 11438/11438/11438 11439/11439/11439
usemtl green_off
v 0.74278 0.85684 0.71984
vn 0.60874 0.27800 0.74306
vt 0 0
v 0.74050 0.89708 0.70607
vn 0.50001 0.31548 0.80651
vt 1 0
v 0.74050 0.85739 0.72127
vn 0.49997 0.30400 0.81093
vt 1 1
f 11440/11440/11440 11441/11441/11441 11442/11442/11442
usemtl green_off
v 0.74050 0.85739 0.72127
vn 0.49997 0.30400 0.81093
vt 0 0
v 0.74050 0.89708 0.70607
vn 0.50001 0.31548 0.80651
vt 1 0
v 0.73804 0.89751 0.70720
vn 0.38269 0.33617 0.86055
vt 1 1
f 11443/11443/11443 11444/11444/11444 11445/11445/11445
usemtl green_off
v 0.74050 0.85739 0.72127
vn 0.49997 0.30400 0.81093
vt 0 0
v 0.73804 0.89751 0.70720
vn 0.38269 0.33617 0.86055
vt 1 0
v 0.73804 0.85782 0.72240
vn 0.38267 0.32470 0.86495
vt 1 1
f 11446/11446/11446 11447/11447/11447 11448/11448/11448
usemtl green_off
v 0.73804 0.85782 0.72240
vn 0.38267 0.32470 0.86495
vt 0 0
v 0.73804 0.89751 0.70720
vn 0.38269 0.33617 0.86055
vt 1 0
v 0.73544 0.89783 0.70803
vn 0.25881 0.35121 0.89982
vt 1 1
f 11449/11449/11449 11450/11450/11450 11451/11451/11451
usemtl green_off
v 0.73804 0.85782 0.72240
vn 0.38267 0.32470 0.86495
vt 0 0
v 0.73544 0.89783 0.70803
vn 0.25881 0.35121 0.89982
vt 1 0
v 0.73544 0.85814 0.72323
vn 0.25880 0.33974 0.90421
vt 1 1
f 11452/11452/11452 11453/11453/11453 11454/11454/11454
usemtl green_off
v 0.73544 0.85814 0.72323
vn 0.25880 0.33974 0.90421
vt 0 0
v 0.73544 0.89783 0.70803
vn 0.25881 0.35121 0.89982
vt 1 0
v 0.73274 0.89802 0.70853
vn 0.13051 0.36034 0.92365
vt 1 1
f 11455/11455/11455 11456/11456/11456 11457/11457/11457
usemtl green_off
v 0.73544 0.85814 0.72323
vn 0.25880 0.33974 0.90421
vt 0 0
v 0.73274 0.89802 0.70853
vn 0.13051 0.36034 0.92365
vt 1 0
v 0.73274 0.85833 0.72373
vn 0.13051 0.34887 0.92804
vt 1 1
f 11458/11458/11458 11459/11459/11459 11460/11460/11460
