# Approved Blender desk mesh
mtllib desk_approved.mtl
usemtl enamel
v 0.00000 0.07000 0.01000
vn 0.00000 1.00000 -0.00000
vt 0 0
v 0.00000 0.07000 0.99000
vn 0.00000 1.00000 -0.00000
vt 1 0
v 1.00000 0.07000 0.99000
vn 0.00000 1.00000 -0.00000
vt 1 1
f 1/1/1 2/2/2 3/3/3
usemtl enamel
v 0.00000 0.07000 0.01000
vn 0.00000 1.00000 -0.00000
vt 0 0
v 1.00000 0.07000 0.99000
vn 0.00000 1.00000 -0.00000
vt 1 0
v 1.00000 0.07000 0.01000
vn 0.00000 1.00000 -0.00000
vt 1 1
f 4/4/4 5/5/5 6/6/6
usemtl enamel
v 0.00000 0.54883 0.01000
vn 0.00000 0.00000 1.00000
vt 0 0
v 0.00000 0.07000 0.01000
vn 0.00000 0.00000 1.00000
vt 1 0
v 1.00000 0.07000 0.01000
vn 0.00000 0.00000 1.00000
vt 1 1
f 7/7/7 8/8/8 9/9/9
usemtl enamel
v 0.00000 0.54883 0.01000
vn 0.00000 0.00000 1.00000
vt 0 0
v 1.00000 0.07000 0.01000
vn 0.00000 0.00000 1.00000
vt 1 0
v 1.00000 0.54883 0.01000
vn 0.00000 0.00000 1.00000
vt 1 1
f 10/10/10 11/11/11 12/12/12
usemtl enamel
v 0.00000 0.07000 0.99000
vn 0.00000 0.00000 -1.00000
vt 0 0
v 0.00000 0.92417 0.99000
vn 0.00000 0.00000 -1.00000
vt 1 0
v 1.00000 0.92417 0.99000
vn 0.00000 0.00000 -1.00000
vt 1 1
f 13/13/13 14/14/14 15/15/15
usemtl enamel
v 0.00000 0.07000 0.99000
vn 0.00000 0.00000 -1.00000
vt 0 0
v 1.00000 0.92417 0.99000
vn 0.00000 0.00000 -1.00000
vt 1 0
v 1.00000 0.07000 0.99000
vn 0.00000 0.00000 -1.00000
vt 1 1
f 16/16/16 17/17/17 18/18/18
usemtl enamel
v 0.00000 0.92417 0.99000
vn 0.00000 -0.93385 0.35766
vt 0 0
v 0.00000 0.54883 0.01000
vn 0.00000 -0.93385 0.35766
vt 1 0
v 1.00000 0.54883 0.01000
vn 0.00000 -0.93385 0.35766
vt 1 1
f 19/19/19 20/20/20 21/21/21
usemtl enamel
v 0.00000 0.92417 0.99000
vn 0.00000 -0.93385 0.35766
vt 0 0
v 1.00000 0.54883 0.01000
vn 0.00000 -0.93385 0.35766
vt 1 0
v 1.00000 0.92417 0.99000
vn 0.00000 -0.93385 0.35766
vt 1 1
f 22/22/22 23/23/23 24/24/24
usemtl rubber
v 0.00000 0.00000 0.08500
vn 0.00000 0.00000 -1.00000
vt 0 0
v 0.00000 0.13000 0.08500
vn 0.00000 0.00000 -1.00000
vt 1 0
v 1.00000 0.13000 0.08500
vn 0.00000 0.00000 -1.00000
vt 1 1
f 25/25/25 26/26/26 27/27/27
usemtl rubber
v 0.00000 0.00000 0.08500
vn 0.00000 0.00000 -1.00000
vt 0 0
v 1.00000 0.13000 0.08500
vn 0.00000 0.00000 -1.00000
vt 1 0
v 1.00000 0.00000 0.08500
vn 0.00000 0.00000 -1.00000
vt 1 1
f 28/28/28 29/29/29 30/30/30
usemtl rubber
v 0.00000 0.00000 0.08500
vn 0.00000 -1.00000 -0.00000
vt 0 0
v 1.00000 0.00000 0.08500
vn 0.00000 -1.00000 -0.00000
vt 1 0
v 1.00000 0.00000 0.91500
vn 0.00000 -1.00000 -0.00000
vt 1 1
f 31/31/31 32/32/32 33/33/33
usemtl rubber
v 0.00000 0.00000 0.08500
vn 0.00000 -1.00000 -0.00000
vt 0 0
v 1.00000 0.00000 0.91500
vn 0.00000 -1.00000 -0.00000
vt 1 0
v 0.00000 0.00000 0.91500
vn 0.00000 -1.00000 -0.00000
vt 1 1
f 34/34/34 35/35/35 36/36/36
usemtl rubber
v 1.00000 0.00000 0.91500
vn 0.00000 0.00000 1.00000
vt 0 0
v 1.00000 0.13000 0.91500
vn 0.00000 0.00000 1.00000
vt 1 0
v 0.00000 0.13000 0.91500
vn 0.00000 0.00000 1.00000
vt 1 1
f 37/37/37 38/38/38 39/39/39
usemtl rubber
v 1.00000 0.00000 0.91500
vn 0.00000 0.00000 1.00000
vt 0 0
v 0.00000 0.13000 0.91500
vn 0.00000 0.00000 1.00000
vt 1 0
v 0.00000 0.00000 0.91500
vn 0.00000 0.00000 1.00000
vt 1 1
f 40/40/40 41/41/41 42/42/42
usemtl rubber
v 1.00000 0.13000 0.08500
vn 0.00000 1.00000 -0.00000
vt 0 0
v 0.00000 0.13000 0.08500
vn 0.00000 1.00000 -0.00000
vt 1 0
v 0.00000 0.13000 0.91500
vn 0.00000 1.00000 -0.00000
vt 1 1
f 43/43/43 44/44/44 45/45/45
usemtl rubber
v 1.00000 0.13000 0.08500
vn 0.00000 1.00000 -0.00000
vt 0 0
v 0.00000 0.13000 0.91500
vn 0.00000 1.00000 -0.00000
vt 1 0
v 1.00000 0.13000 0.91500
vn 0.00000 1.00000 -0.00000
vt 1 1
f 46/46/46 47/47/47 48/48/48
usemtl panel
v 0.04500 0.12000 0.01150
vn -1.00000 0.00000 -0.00000
vt 0 0
v 0.04500 0.47000 0.01150
vn -1.00000 0.00000 -0.00000
vt 1 0
v 0.04500 0.47000 -0.01350
vn -1.00000 0.00000 -0.00000
vt 1 1
f 49/49/49 50/50/50 51/51/51
usemtl panel
v 0.04500 0.12000 0.01150
vn -1.00000 0.00000 -0.00000
vt 0 0
v 0.04500 0.47000 -0.01350
vn -1.00000 0.00000 -0.00000
vt 1 0
v 0.04500 0.12000 -0.01350
vn -1.00000 0.00000 -0.00000
vt 1 1
f 52/52/52 53/53/53 54/54/54
usemtl panel
v 0.04500 0.12000 -0.01350
vn 0.00000 0.00000 -1.00000
vt 0 0
v 0.04500 0.47000 -0.01350
vn 0.00000 0.00000 -1.00000
vt 1 0
v 0.95500 0.47000 -0.01350
vn 0.00000 0.00000 -1.00000
vt 1 1
f 55/55/55 56/56/56 57/57/57
usemtl panel
v 0.04500 0.12000 -0.01350
vn 0.00000 0.00000 -1.00000
vt 0 0
v 0.95500 0.47000 -0.01350
vn 0.00000 0.00000 -1.00000
vt 1 0
v 0.95500 0.12000 -0.01350
vn 0.00000 0.00000 -1.00000
vt 1 1
f 58/58/58 59/59/59 60/60/60
usemtl panel
v 0.95500 0.12000 -0.01350
vn 1.00000 0.00000 -0.00000
vt 0 0
v 0.95500 0.47000 -0.01350
vn 1.00000 0.00000 -0.00000
vt 1 0
v 0.95500 0.47000 0.01150
vn 1.00000 0.00000 -0.00000
vt 1 1
f 61/61/61 62/62/62 63/63/63
usemtl panel
v 0.95500 0.12000 -0.01350
vn 1.00000 0.00000 -0.00000
vt 0 0
v 0.95500 0.47000 0.01150
vn 1.00000 0.00000 -0.00000
vt 1 0
v 0.95500 0.12000 0.01150
vn 1.00000 0.00000 -0.00000
vt 1 1
f 64/64/64 65/65/65 66/66/66
usemtl panel
v 0.95500 0.12000 0.01150
vn 0.00000 0.00000 1.00000
vt 0 0
v 0.95500 0.47000 0.01150
vn 0.00000 0.00000 1.00000
vt 1 0
v 0.04500 0.47000 0.01150
vn 0.00000 0.00000 1.00000
vt 1 1
f 67/67/67 68/68/68 69/69/69
usemtl panel
v 0.95500 0.12000 0.01150
vn 0.00000 0.00000 1.00000
vt 0 0
v 0.04500 0.47000 0.01150
vn 0.00000 0.00000 1.00000
vt 1 0
v 0.04500 0.12000 0.01150
vn 0.00000 0.00000 1.00000
vt 1 1
f 70/70/70 71/71/71 72/72/72
usemtl panel
v 0.04500 0.12000 -0.01350
vn 0.00000 -1.00000 -0.00000
vt 0 0
v 0.95500 0.12000 -0.01350
vn 0.00000 -1.00000 -0.00000
vt 1 0
v 0.95500 0.12000 0.01150
vn 0.00000 -1.00000 -0.00000
vt 1 1
f 73/73/73 74/74/74 75/75/75
usemtl panel
v 0.04500 0.12000 -0.01350
vn 0.00000 -1.00000 -0.00000
vt 0 0
v 0.95500 0.12000 0.01150
vn 0.00000 -1.00000 -0.00000
vt 1 0
v 0.04500 0.12000 0.01150
vn 0.00000 -1.00000 -0.00000
vt 1 1
f 76/76/76 77/77/77 78/78/78
usemtl panel
v 0.95500 0.47000 -0.01350
vn 0.00000 1.00000 -0.00000
vt 0 0
v 0.04500 0.47000 -0.01350
vn 0.00000 1.00000 -0.00000
vt 1 0
v 0.04500 0.47000 0.01150
vn 0.00000 1.00000 -0.00000
vt 1 1
f 79/79/79 80/80/80 81/81/81
usemtl panel
v 0.95500 0.47000 -0.01350
vn 0.00000 1.00000 -0.00000
vt 0 0
v 0.04500 0.47000 0.01150
vn 0.00000 1.00000 -0.00000
vt 1 0
v 0.95500 0.47000 0.01150
vn 0.00000 1.00000 -0.00000
vt 1 1
f 82/82/82 83/83/83 84/84/84
usemtl steel
v 0.10500 0.17400 -0.01700
vn 0.00000 1.00000 -0.00000
vt 0 0
v 0.10500 0.17400 -0.02600
vn 0.00000 1.00000 -0.00000
vt 1 0
v 0.09288 0.16700 -0.02600
vn -0.86602 0.50000 -0.00000
vt 1 1
f 85/85/85 86/86/86 87/87/87
usemtl steel
v 0.10500 0.17400 -0.01700
vn 0.00000 1.00000 -0.00000
vt 0 0
v 0.09288 0.16700 -0.02600
vn -0.86602 0.50000 -0.00000
vt 1 0
v 0.09288 0.16700 -0.01700
vn -0.86603 0.50000 -0.00000
vt 1 1
f 88/88/88 89/89/89 90/90/90
usemtl steel
v 0.09288 0.16700 -0.01700
vn -0.86603 0.50000 -0.00000
vt 0 0
v 0.09288 0.16700 -0.02600
vn -0.86602 0.50000 -0.00000
vt 1 0
v 0.09288 0.15300 -0.02600
vn -0.86603 -0.50000 -0.00000
vt 1 1
f 91/91/91 92/92/92 93/93/93
usemtl steel
v 0.09288 0.16700 -0.01700
vn -0.86603 0.50000 -0.00000
vt 0 0
v 0.09288 0.15300 -0.02600
vn -0.86603 -0.50000 -0.00000
vt 1 0
v 0.09288 0.15300 -0.01700
vn -0.86602 -0.50000 -0.00000
vt 1 1
f 94/94/94 95/95/95 96/96/96
usemtl steel
v 0.09288 0.15300 -0.01700
vn -0.86602 -0.50000 -0.00000
vt 0 0
v 0.09288 0.15300 -0.02600
vn -0.86603 -0.50000 -0.00000
vt 1 0
v 0.10500 0.14600 -0.02600
vn 0.00000 -1.00000 -0.00000
vt 1 1
f 97/97/97 98/98/98 99/99/99
usemtl steel
v 0.09288 0.15300 -0.01700
vn -0.86602 -0.50000 -0.00000
vt 0 0
v 0.10500 0.14600 -0.02600
vn 0.00000 -1.00000 -0.00000
vt 1 0
v 0.10500 0.14600 -0.01700
vn 0.00000 -1.00000 -0.00000
vt 1 1
f 100/100/100 101/101/101 102/102/102
usemtl steel
v 0.10500 0.14600 -0.01700
vn 0.00000 -1.00000 -0.00000
vt 0 0
v 0.10500 0.14600 -0.02600
vn 0.00000 -1.00000 -0.00000
vt 1 0
v 0.11712 0.15300 -0.02600
vn 0.86603 -0.50000 -0.00000
vt 1 1
f 103/103/103 104/104/104 105/105/105
usemtl steel
v 0.10500 0.14600 -0.01700
vn 0.00000 -1.00000 -0.00000
vt 0 0
v 0.11712 0.15300 -0.02600
vn 0.86603 -0.50000 -0.00000
vt 1 0
v 0.11712 0.15300 -0.01700
vn 0.86602 -0.50000 -0.00000
vt 1 1
f 106/106/106 107/107/107 108/108/108
usemtl steel
v 0.09288 0.15300 -0.02600
vn 0.00000 -0.00000 -1.00000
vt 0 0
v 0.09288 0.16700 -0.02600
vn 0.00000 -0.00000 -1.00000
vt 1 0
v 0.10500 0.17400 -0.02600
vn 0.00000 -0.00000 -1.00000
vt 1 1
f 109/109/109 110/110/110 111/111/111
usemtl steel
v 0.10500 0.17400 -0.02600
vn 0.00000 -0.00000 -1.00000
vt 0 0
v 0.11712 0.16700 -0.02600
vn 0.00000 -0.00000 -1.00000
vt 1 0
v 0.11712 0.15300 -0.02600
vn 0.00000 -0.00000 -1.00000
vt 1 1
f 112/112/112 113/113/113 114/114/114
usemtl steel
v 0.11712 0.15300 -0.02600
vn 0.00000 -0.00000 -1.00000
vt 0 0
v 0.10500 0.14600 -0.02600
vn 0.00000 -0.00000 -1.00000
vt 1 0
v 0.09288 0.15300 -0.02600
vn 0.00000 -0.00000 -1.00000
vt 1 1
f 115/115/115 116/116/116 117/117/117
usemtl steel
v 0.10500 0.17400 -0.02600
vn 0.00000 -0.00000 -1.00000
vt 0 0
v 0.11712 0.15300 -0.02600
vn 0.00000 -0.00000 -1.00000
vt 1 0
v 0.09288 0.15300 -0.02600
vn 0.00000 -0.00000 -1.00000
vt 1 1
f 118/118/118 119/119/119 120/120/120
usemtl steel
v 0.11712 0.15300 -0.01700
vn 0.86602 -0.50000 -0.00000
vt 0 0
v 0.11712 0.15300 -0.02600
vn 0.86603 -0.50000 -0.00000
vt 1 0
v 0.11712 0.16700 -0.02600
vn 0.86602 0.50000 -0.00000
vt 1 1
f 121/121/121 122/122/122 123/123/123
usemtl steel
v 0.11712 0.15300 -0.01700
vn 0.86602 -0.50000 -0.00000
vt 0 0
v 0.11712 0.16700 -0.02600
vn 0.86602 0.50000 -0.00000
vt 1 0
v 0.11712 0.16700 -0.01700
vn 0.86603 0.50000 -0.00000
vt 1 1
f 124/124/124 125/125/125 126/126/126
usemtl steel
v 0.11712 0.16700 -0.01700
vn 0.86603 0.50000 -0.00000
vt 0 0
v 0.11712 0.16700 -0.02600
vn 0.86602 0.50000 -0.00000
vt 1 0
v 0.10500 0.17400 -0.02600
vn 0.00000 1.00000 -0.00000
vt 1 1
f 127/127/127 128/128/128 129/129/129
usemtl steel
v 0.11712 0.16700 -0.01700
vn 0.86603 0.50000 -0.00000
vt 0 0
v 0.10500 0.17400 -0.02600
vn 0.00000 1.00000 -0.00000
vt 1 0
v 0.10500 0.17400 -0.01700
vn 0.00000 1.00000 -0.00000
vt 1 1
f 130/130/130 131/131/131 132/132/132
usemtl steel
v 0.11712 0.16700 -0.01700
vn 0.00000 0.00000 1.00000
vt 0 0
v 0.10500 0.17400 -0.01700
vn 0.00000 0.00000 1.00000
vt 1 0
v 0.09288 0.16700 -0.01700
vn 0.00000 0.00000 1.00000
vt 1 1
f 133/133/133 134/134/134 135/135/135
usemtl steel
v 0.09288 0.16700 -0.01700
vn 0.00000 0.00000 1.00000
vt 0 0
v 0.09288 0.15300 -0.01700
vn 0.00000 0.00000 1.00000
vt 1 0
v 0.10500 0.14600 -0.01700
vn 0.00000 0.00000 1.00000
vt 1 1
f 136/136/136 137/137/137 138/138/138
usemtl steel
v 0.10500 0.14600 -0.01700
vn 0.00000 0.00000 1.00000
vt 0 0
v 0.11712 0.15300 -0.01700
vn 0.00000 0.00000 1.00000
vt 1 0
v 0.11712 0.16700 -0.01700
vn 0.00000 0.00000 1.00000
vt 1 1
f 139/139/139 140/140/140 141/141/141
usemtl steel
v 0.09288 0.16700 -0.01700
vn 0.00000 0.00000 1.00000
vt 0 0
v 0.10500 0.14600 -0.01700
vn 0.00000 0.00000 1.00000
vt 1 0
v 0.11712 0.16700 -0.01700
vn 0.00000 0.00000 1.00000
vt 1 1
f 142/142/142 143/143/143 144/144/144
usemtl steel
v 0.10500 0.44400 -0.01700
vn 0.00000 1.00000 -0.00000
vt 0 0
v 0.10500 0.44400 -0.02600
vn 0.00000 1.00000 -0.00000
vt 1 0
v 0.09288 0.43700 -0.02600
vn -0.86603 0.50000 -0.00000
vt 1 1
f 145/145/145 146/146/146 147/147/147
usemtl steel
v 0.10500 0.44400 -0.01700
vn 0.00000 1.00000 -0.00000
vt 0 0
v 0.09288 0.43700 -0.02600
vn -0.86603 0.50000 -0.00000
vt 1 0
v 0.09288 0.43700 -0.01700
vn -0.86603 0.50000 -0.00000
vt 1 1
f 148/148/148 149/149/149 150/150/150
usemtl steel
v 0.09288 0.43700 -0.01700
vn -0.86603 0.50000 -0.00000
vt 0 0
v 0.09288 0.43700 -0.02600
vn -0.86603 0.50000 -0.00000
vt 1 0
v 0.09288 0.42300 -0.02600
vn -0.86603 -0.50000 -0.00000
vt 1 1
f 151/151/151 152/152/152 153/153/153
usemtl steel
v 0.09288 0.43700 -0.01700
vn -0.86603 0.50000 -0.00000
vt 0 0
v 0.09288 0.42300 -0.02600
vn -0.86603 -0.50000 -0.00000
vt 1 0
v 0.09288 0.42300 -0.01700
vn -0.86602 -0.50000 -0.00000
vt 1 1
f 154/154/154 155/155/155 156/156/156
usemtl steel
v 0.09288 0.42300 -0.01700
vn -0.86602 -0.50000 -0.00000
vt 0 0
v 0.09288 0.42300 -0.02600
vn -0.86603 -0.50000 -0.00000
vt 1 0
v 0.10500 0.41600 -0.02600
vn 0.00000 -1.00000 -0.00000
vt 1 1
f 157/157/157 158/158/158 159/159/159
usemtl steel
v 0.09288 0.42300 -0.01700
vn -0.86602 -0.50000 -0.00000
vt 0 0
v 0.10500 0.41600 -0.02600
vn 0.00000 -1.00000 -0.00000
vt 1 0
v 0.10500 0.41600 -0.01700
vn 0.00000 -1.00000 -0.00000
vt 1 1
f 160/160/160 161/161/161 162/162/162
usemtl steel
v 0.10500 0.41600 -0.01700
vn 0.00000 -1.00000 -0.00000
vt 0 0
v 0.10500 0.41600 -0.02600
vn 0.00000 -1.00000 -0.00000
vt 1 0
v 0.11712 0.42300 -0.02600
vn 0.86603 -0.50000 -0.00000
vt 1 1
f 163/163/163 164/164/164 165/165/165
usemtl steel
v 0.10500 0.41600 -0.01700
vn 0.00000 -1.00000 -0.00000
vt 0 0
v 0.11712 0.42300 -0.02600
vn 0.86603 -0.50000 -0.00000
vt 1 0
v 0.11712 0.42300 -0.01700
vn 0.86602 -0.50000 -0.00000
vt 1 1
f 166/166/166 167/167/167 168/168/168
usemtl steel
v 0.09288 0.42300 -0.02600
vn 0.00000 -0.00000 -1.00000
vt 0 0
v 0.09288 0.43700 -0.02600
vn 0.00000 -0.00000 -1.00000
vt 1 0
v 0.10500 0.44400 -0.02600
vn 0.00000 -0.00000 -1.00000
vt 1 1
f 169/169/169 170/170/170 171/171/171
usemtl steel
v 0.10500 0.44400 -0.02600
vn 0.00000 -0.00000 -1.00000
vt 0 0
v 0.11712 0.43700 -0.02600
vn 0.00000 -0.00000 -1.00000
vt 1 0
v 0.11712 0.42300 -0.02600
vn 0.00000 -0.00000 -1.00000
vt 1 1
f 172/172/172 173/173/173 174/174/174
usemtl steel
v 0.11712 0.42300 -0.02600
vn 0.00000 -0.00000 -1.00000
vt 0 0
v 0.10500 0.41600 -0.02600
vn 0.00000 -0.00000 -1.00000
vt 1 0
v 0.09288 0.42300 -0.02600
vn 0.00000 -0.00000 -1.00000
vt 1 1
f 175/175/175 176/176/176 177/177/177
usemtl steel
v 0.10500 0.44400 -0.02600
vn 0.00000 -0.00000 -1.00000
vt 0 0
v 0.11712 0.42300 -0.02600
vn 0.00000 -0.00000 -1.00000
vt 1 0
v 0.09288 0.42300 -0.02600
vn 0.00000 -0.00000 -1.00000
vt 1 1
f 178/178/178 179/179/179 180/180/180
usemtl steel
v 0.11712 0.42300 -0.01700
vn 0.86602 -0.50000 -0.00000
vt 0 0
v 0.11712 0.42300 -0.02600
vn 0.86603 -0.50000 -0.00000
vt 1 0
v 0.11712 0.43700 -0.02600
vn 0.86603 0.50000 -0.00000
vt 1 1
f 181/181/181 182/182/182 183/183/183
usemtl steel
v 0.11712 0.42300 -0.01700
vn 0.86602 -0.50000 -0.00000
vt 0 0
v 0.11712 0.43700 -0.02600
vn 0.86603 0.50000 -0.00000
vt 1 0
v 0.11712 0.43700 -0.01700
vn 0.86603 0.50000 -0.00000
vt 1 1
f 184/184/184 185/185/185 186/186/186
usemtl steel
v 0.11712 0.43700 -0.01700
vn 0.86603 0.50000 -0.00000
vt 0 0
v 0.11712 0.43700 -0.02600
vn 0.86603 0.50000 -0.00000
vt 1 0
v 0.10500 0.44400 -0.02600
vn 0.00000 1.00000 -0.00000
vt 1 1
f 187/187/187 188/188/188 189/189/189
usemtl steel
v 0.11712 0.43700 -0.01700
vn 0.86603 0.50000 -0.00000
vt 0 0
v 0.10500 0.44400 -0.02600
vn 0.00000 1.00000 -0.00000
vt 1 0
v 0.10500 0.44400 -0.01700
vn 0.00000 1.00000 -0.00000
vt 1 1
f 190/190/190 191/191/191 192/192/192
usemtl steel
v 0.11712 0.43700 -0.01700
vn 0.00000 0.00000 1.00000
vt 0 0
v 0.10500 0.44400 -0.01700
vn 0.00000 0.00000 1.00000
vt 1 0
v 0.09288 0.43700 -0.01700
vn 0.00000 0.00000 1.00000
vt 1 1
f 193/193/193 194/194/194 195/195/195
usemtl steel
v 0.09288 0.43700 -0.01700
vn 0.00000 0.00000 1.00000
vt 0 0
v 0.09288 0.42300 -0.01700
vn 0.00000 0.00000 1.00000
vt 1 0
v 0.10500 0.41600 -0.01700
vn 0.00000 0.00000 1.00000
vt 1 1
f 196/196/196 197/197/197 198/198/198
usemtl steel
v 0.10500 0.41600 -0.01700
vn 0.00000 0.00000 1.00000
vt 0 0
v 0.11712 0.42300 -0.01700
vn 0.00000 0.00000 1.00000
vt 1 0
v 0.11712 0.43700 -0.01700
vn 0.00000 0.00000 1.00000
vt 1 1
f 199/199/199 200/200/200 201/201/201
usemtl steel
v 0.09288 0.43700 -0.01700
vn 0.00000 0.00000 1.00000
vt 0 0
v 0.10500 0.41600 -0.01700
vn 0.00000 0.00000 1.00000
vt 1 0
v 0.11712 0.43700 -0.01700
vn 0.00000 0.00000 1.00000
vt 1 1
f 202/202/202 203/203/203 204/204/204
usemtl steel
v 0.89500 0.17400 -0.01700
vn 0.00000 1.00000 -0.00000
vt 0 0
v 0.89500 0.17400 -0.02600
vn 0.00000 1.00000 -0.00000
vt 1 0
v 0.88288 0.16700 -0.02600
vn -0.86602 0.50000 -0.00000
vt 1 1
f 205/205/205 206/206/206 207/207/207
usemtl steel
v 0.89500 0.17400 -0.01700
vn 0.00000 1.00000 -0.00000
vt 0 0
v 0.88288 0.16700 -0.02600
vn -0.86602 0.50000 -0.00000
vt 1 0
v 0.88288 0.16700 -0.01700
vn -0.86603 0.50000 -0.00000
vt 1 1
f 208/208/208 209/209/209 210/210/210
usemtl steel
v 0.88288 0.16700 -0.01700
vn -0.86603 0.50000 -0.00000
vt 0 0
v 0.88288 0.16700 -0.02600
vn -0.86602 0.50000 -0.00000
vt 1 0
v 0.88288 0.15300 -0.02600
vn -0.86603 -0.50000 -0.00000
vt 1 1
f 211/211/211 212/212/212 213/213/213
usemtl steel
v 0.88288 0.16700 -0.01700
vn -0.86603 0.50000 -0.00000
vt 0 0
v 0.88288 0.15300 -0.02600
vn -0.86603 -0.50000 -0.00000
vt 1 0
v 0.88288 0.15300 -0.01700
vn -0.86602 -0.50000 -0.00000
vt 1 1
f 214/214/214 215/215/215 216/216/216
usemtl steel
v 0.88288 0.15300 -0.01700
vn -0.86602 -0.50000 -0.00000
vt 0 0
v 0.88288 0.15300 -0.02600
vn -0.86603 -0.50000 -0.00000
vt 1 0
v 0.89500 0.14600 -0.02600
vn 0.00000 -1.00000 -0.00000
vt 1 1
f 217/217/217 218/218/218 219/219/219
usemtl steel
v 0.88288 0.15300 -0.01700
vn -0.86602 -0.50000 -0.00000
vt 0 0
v 0.89500 0.14600 -0.02600
vn 0.00000 -1.00000 -0.00000
vt 1 0
v 0.89500 0.14600 -0.01700
vn 0.00000 -1.00000 -0.00000
vt 1 1
f 220/220/220 221/221/221 222/222/222
usemtl steel
v 0.89500 0.14600 -0.01700
vn 0.00000 -1.00000 -0.00000
vt 0 0
v 0.89500 0.14600 -0.02600
vn 0.00000 -1.00000 -0.00000
vt 1 0
v 0.90712 0.15300 -0.02600
vn 0.86603 -0.50000 -0.00000
vt 1 1
f 223/223/223 224/224/224 225/225/225
usemtl steel
v 0.89500 0.14600 -0.01700
vn 0.00000 -1.00000 -0.00000
vt 0 0
v 0.90712 0.15300 -0.02600
vn 0.86603 -0.50000 -0.00000
vt 1 0
v 0.90712 0.15300 -0.01700
vn 0.86602 -0.50000 -0.00000
vt 1 1
f 226/226/226 227/227/227 228/228/228
usemtl steel
v 0.88288 0.15300 -0.02600
vn 0.00000 -0.00000 -1.00000
vt 0 0
v 0.88288 0.16700 -0.02600
vn 0.00000 -0.00000 -1.00000
vt 1 0
v 0.89500 0.17400 -0.02600
vn 0.00000 -0.00000 -1.00000
vt 1 1
f 229/229/229 230/230/230 231/231/231
usemtl steel
v 0.89500 0.17400 -0.02600
vn 0.00000 -0.00000 -1.00000
vt 0 0
v 0.90712 0.16700 -0.02600
vn 0.00000 -0.00000 -1.00000
vt 1 0
v 0.90712 0.15300 -0.02600
vn 0.00000 -0.00000 -1.00000
vt 1 1
f 232/232/232 233/233/233 234/234/234
usemtl steel
v 0.90712 0.15300 -0.02600
vn 0.00000 -0.00000 -1.00000
vt 0 0
v 0.89500 0.14600 -0.02600
vn 0.00000 -0.00000 -1.00000
vt 1 0
v 0.88288 0.15300 -0.02600
vn 0.00000 -0.00000 -1.00000
vt 1 1
f 235/235/235 236/236/236 237/237/237
usemtl steel
v 0.89500 0.17400 -0.02600
vn 0.00000 -0.00000 -1.00000
vt 0 0
v 0.90712 0.15300 -0.02600
vn 0.00000 -0.00000 -1.00000
vt 1 0
v 0.88288 0.15300 -0.02600
vn 0.00000 -0.00000 -1.00000
vt 1 1
f 238/238/238 239/239/239 240/240/240
usemtl steel
v 0.90712 0.15300 -0.01700
vn 0.86602 -0.50000 -0.00000
vt 0 0
v 0.90712 0.15300 -0.02600
vn 0.86603 -0.50000 -0.00000
vt 1 0
v 0.90712 0.16700 -0.02600
vn 0.86602 0.50000 -0.00000
vt 1 1
f 241/241/241 242/242/242 243/243/243
usemtl steel
v 0.90712 0.15300 -0.01700
vn 0.86602 -0.50000 -0.00000
vt 0 0
v 0.90712 0.16700 -0.02600
vn 0.86602 0.50000 -0.00000
vt 1 0
v 0.90712 0.16700 -0.01700
vn 0.86603 0.50000 -0.00000
vt 1 1
f 244/244/244 245/245/245 246/246/246
usemtl steel
v 0.90712 0.16700 -0.01700
vn 0.86603 0.50000 -0.00000
vt 0 0
v 0.90712 0.16700 -0.02600
vn 0.86602 0.50000 -0.00000
vt 1 0
v 0.89500 0.17400 -0.02600
vn 0.00000 1.00000 -0.00000
vt 1 1
f 247/247/247 248/248/248 249/249/249
usemtl steel
v 0.90712 0.16700 -0.01700
vn 0.86603 0.50000 -0.00000
vt 0 0
v 0.89500 0.17400 -0.02600
vn 0.00000 1.00000 -0.00000
vt 1 0
v 0.89500 0.17400 -0.01700
vn 0.00000 1.00000 -0.00000
vt 1 1
f 250/250/250 251/251/251 252/252/252
usemtl steel
v 0.90712 0.16700 -0.01700
vn 0.00000 0.00000 1.00000
vt 0 0
v 0.89500 0.17400 -0.01700
vn 0.00000 0.00000 1.00000
vt 1 0
v 0.88288 0.16700 -0.01700
vn 0.00000 0.00000 1.00000
vt 1 1
f 253/253/253 254/254/254 255/255/255
usemtl steel
v 0.88288 0.16700 -0.01700
vn 0.00000 0.00000 1.00000
vt 0 0
v 0.88288 0.15300 -0.01700
vn 0.00000 0.00000 1.00000
vt 1 0
v 0.89500 0.14600 -0.01700
vn 0.00000 0.00000 1.00000
vt 1 1
f 256/256/256 257/257/257 258/258/258
usemtl steel
v 0.89500 0.14600 -0.01700
vn 0.00000 0.00000 1.00000
vt 0 0
v 0.90712 0.15300 -0.01700
vn 0.00000 0.00000 1.00000
vt 1 0
v 0.90712 0.16700 -0.01700
vn 0.00000 0.00000 1.00000
vt 1 1
f 259/259/259 260/260/260 261/261/261
usemtl steel
v 0.88288 0.16700 -0.01700
vn 0.00000 0.00000 1.00000
vt 0 0
v 0.89500 0.14600 -0.01700
vn 0.00000 0.00000 1.00000
vt 1 0
v 0.90712 0.16700 -0.01700
vn 0.00000 0.00000 1.00000
vt 1 1
f 262/262/262 263/263/263 264/264/264
usemtl steel
v 0.89500 0.44400 -0.01700
vn 0.00000 1.00000 -0.00000
vt 0 0
v 0.89500 0.44400 -0.02600
vn 0.00000 1.00000 -0.00000
vt 1 0
v 0.88288 0.43700 -0.02600
vn -0.86603 0.50000 -0.00000
vt 1 1
f 265/265/265 266/266/266 267/267/267
usemtl steel
v 0.89500 0.44400 -0.01700
vn 0.00000 1.00000 -0.00000
vt 0 0
v 0.88288 0.43700 -0.02600
vn -0.86603 0.50000 -0.00000
vt 1 0
v 0.88288 0.43700 -0.01700
vn -0.86603 0.50000 -0.00000
vt 1 1
f 268/268/268 269/269/269 270/270/270
usemtl steel
v 0.88288 0.43700 -0.01700
vn -0.86603 0.50000 -0.00000
vt 0 0
v 0.88288 0.43700 -0.02600
vn -0.86603 0.50000 -0.00000
vt 1 0
v 0.88288 0.42300 -0.02600
vn -0.86603 -0.50000 -0.00000
vt 1 1
f 271/271/271 272/272/272 273/273/273
usemtl steel
v 0.88288 0.43700 -0.01700
vn -0.86603 0.50000 -0.00000
vt 0 0
v 0.88288 0.42300 -0.02600
vn -0.86603 -0.50000 -0.00000
vt 1 0
v 0.88288 0.42300 -0.01700
vn -0.86602 -0.50000 -0.00000
vt 1 1
f 274/274/274 275/275/275 276/276/276
usemtl steel
v 0.88288 0.42300 -0.01700
vn -0.86602 -0.50000 -0.00000
vt 0 0
v 0.88288 0.42300 -0.02600
vn -0.86603 -0.50000 -0.00000
vt 1 0
v 0.89500 0.41600 -0.02600
vn 0.00000 -1.00000 -0.00000
vt 1 1
f 277/277/277 278/278/278 279/279/279
usemtl steel
v 0.88288 0.42300 -0.01700
vn -0.86602 -0.50000 -0.00000
vt 0 0
v 0.89500 0.41600 -0.02600
vn 0.00000 -1.00000 -0.00000
vt 1 0
v 0.89500 0.41600 -0.01700
vn 0.00000 -1.00000 -0.00000
vt 1 1
f 280/280/280 281/281/281 282/282/282
usemtl steel
v 0.89500 0.41600 -0.01700
vn 0.00000 -1.00000 -0.00000
vt 0 0
v 0.89500 0.41600 -0.02600
vn 0.00000 -1.00000 -0.00000
vt 1 0
v 0.90712 0.42300 -0.02600
vn 0.86603 -0.50000 -0.00000
vt 1 1
f 283/283/283 284/284/284 285/285/285
usemtl steel
v 0.89500 0.41600 -0.01700
vn 0.00000 -1.00000 -0.00000
vt 0 0
v 0.90712 0.42300 -0.02600
vn 0.86603 -0.50000 -0.00000
vt 1 0
v 0.90712 0.42300 -0.01700
vn 0.86602 -0.50000 -0.00000
vt 1 1
f 286/286/286 287/287/287 288/288/288
usemtl steel
v 0.88288 0.42300 -0.02600
vn 0.00000 -0.00000 -1.00000
vt 0 0
v 0.88288 0.43700 -0.02600
vn 0.00000 -0.00000 -1.00000
vt 1 0
v 0.89500 0.44400 -0.02600
vn 0.00000 -0.00000 -1.00000
vt 1 1
f 289/289/289 290/290/290 291/291/291
usemtl steel
v 0.89500 0.44400 -0.02600
vn 0.00000 -0.00000 -1.00000
vt 0 0
v 0.90712 0.43700 -0.02600
vn 0.00000 -0.00000 -1.00000
vt 1 0
v 0.90712 0.42300 -0.02600
vn 0.00000 -0.00000 -1.00000
vt 1 1
f 292/292/292 293/293/293 294/294/294
usemtl steel
v 0.90712 0.42300 -0.02600
vn 0.00000 -0.00000 -1.00000
vt 0 0
v 0.89500 0.41600 -0.02600
vn 0.00000 -0.00000 -1.00000
vt 1 0
v 0.88288 0.42300 -0.02600
vn 0.00000 -0.00000 -1.00000
vt 1 1
f 295/295/295 296/296/296 297/297/297
usemtl steel
v 0.89500 0.44400 -0.02600
vn 0.00000 -0.00000 -1.00000
vt 0 0
v 0.90712 0.42300 -0.02600
vn 0.00000 -0.00000 -1.00000
vt 1 0
v 0.88288 0.42300 -0.02600
vn 0.00000 -0.00000 -1.00000
vt 1 1
f 298/298/298 299/299/299 300/300/300
usemtl steel
v 0.90712 0.42300 -0.01700
vn 0.86602 -0.50000 -0.00000
vt 0 0
v 0.90712 0.42300 -0.02600
vn 0.86603 -0.50000 -0.00000
vt 1 0
v 0.90712 0.43700 -0.02600
vn 0.86603 0.50000 -0.00000
vt 1 1
f 301/301/301 302/302/302 303/303/303
usemtl steel
v 0.90712 0.42300 -0.01700
vn 0.86602 -0.50000 -0.00000
vt 0 0
v 0.90712 0.43700 -0.02600
vn 0.86603 0.50000 -0.00000
vt 1 0
v 0.90712 0.43700 -0.01700
vn 0.86603 0.50000 -0.00000
vt 1 1
f 304/304/304 305/305/305 306/306/306
usemtl steel
v 0.90712 0.43700 -0.01700
vn 0.86603 0.50000 -0.00000
vt 0 0
v 0.90712 0.43700 -0.02600
vn 0.86603 0.50000 -0.00000
vt 1 0
v 0.89500 0.44400 -0.02600
vn 0.00000 1.00000 -0.00000
vt 1 1
f 307/307/307 308/308/308 309/309/309
usemtl steel
v 0.90712 0.43700 -0.01700
vn 0.86603 0.50000 -0.00000
vt 0 0
v 0.89500 0.44400 -0.02600
vn 0.00000 1.00000 -0.00000
vt 1 0
v 0.89500 0.44400 -0.01700
vn 0.00000 1.00000 -0.00000
vt 1 1
f 310/310/310 311/311/311 312/312/312
usemtl steel
v 0.90712 0.43700 -0.01700
vn 0.00000 0.00000 1.00000
vt 0 0
v 0.89500 0.44400 -0.01700
vn 0.00000 0.00000 1.00000
vt 1 0
v 0.88288 0.43700 -0.01700
vn 0.00000 0.00000 1.00000
vt 1 1
f 313/313/313 314/314/314 315/315/315
usemtl steel
v 0.88288 0.43700 -0.01700
vn 0.00000 0.00000 1.00000
vt 0 0
v 0.88288 0.42300 -0.01700
vn 0.00000 0.00000 1.00000
vt 1 0
v 0.89500 0.41600 -0.01700
vn 0.00000 0.00000 1.00000
vt 1 1
f 316/316/316 317/317/317 318/318/318
usemtl steel
v 0.89500 0.41600 -0.01700
vn 0.00000 0.00000 1.00000
vt 0 0
v 0.90712 0.42300 -0.01700
vn 0.00000 0.00000 1.00000
vt 1 0
v 0.90712 0.43700 -0.01700
vn 0.00000 0.00000 1.00000
vt 1 1
f 319/319/319 320/320/320 321/321/321
usemtl steel
v 0.88288 0.43700 -0.01700
vn 0.00000 0.00000 1.00000
vt 0 0
v 0.89500 0.41600 -0.01700
vn 0.00000 0.00000 1.00000
vt 1 0
v 0.90712 0.43700 -0.01700
vn 0.00000 0.00000 1.00000
vt 1 1
f 322/322/322 323/323/323 324/324/324
usemtl rubber
v 0.78500 0.25500 -0.01300
vn -1.00000 0.00000 -0.00000
vt 0 0
v 0.78500 0.38500 -0.01300
vn -1.00000 0.00000 -0.00000
vt 1 0
v 0.78500 0.38500 -0.02700
vn -1.00000 0.00000 -0.00000
vt 1 1
f 325/325/325 326/326/326 327/327/327
usemtl rubber
v 0.78500 0.25500 -0.01300
vn -1.00000 0.00000 -0.00000
vt 0 0
v 0.78500 0.38500 -0.02700
vn -1.00000 0.00000 -0.00000
vt 1 0
v 0.78500 0.25500 -0.02700
vn -1.00000 0.00000 -0.00000
vt 1 1
f 328/328/328 329/329/329 330/330/330
usemtl rubber
v 0.78500 0.25500 -0.02700
vn 0.00000 0.00000 -1.00000
vt 0 0
v 0.78500 0.38500 -0.02700
vn 0.00000 0.00000 -1.00000
vt 1 0
v 0.83500 0.38500 -0.02700
vn 0.00000 0.00000 -1.00000
vt 1 1
f 331/331/331 332/332/332 333/333/333
usemtl rubber
v 0.78500 0.25500 -0.02700
vn 0.00000 0.00000 -1.00000
vt 0 0
v 0.83500 0.38500 -0.02700
vn 0.00000 0.00000 -1.00000
vt 1 0
v 0.83500 0.25500 -0.02700
vn 0.00000 0.00000 -1.00000
vt 1 1
f 334/334/334 335/335/335 336/336/336
usemtl rubber
v 0.83500 0.25500 -0.02700
vn 1.00000 0.00000 -0.00000
vt 0 0
v 0.83500 0.38500 -0.02700
vn 1.00000 0.00000 -0.00000
vt 1 0
v 0.83500 0.38500 -0.01300
vn 1.00000 0.00000 -0.00000
vt 1 1
f 337/337/337 338/338/338 339/339/339
usemtl rubber
v 0.83500 0.25500 -0.02700
vn 1.00000 0.00000 -0.00000
vt 0 0
v 0.83500 0.38500 -0.01300
vn 1.00000 0.00000 -0.00000
vt 1 0
v 0.83500 0.25500 -0.01300
vn 1.00000 0.00000 -0.00000
vt 1 1
f 340/340/340 341/341/341 342/342/342
usemtl rubber
v 0.83500 0.25500 -0.01300
vn 0.00000 0.00000 1.00000
vt 0 0
v 0.83500 0.38500 -0.01300
vn 0.00000 0.00000 1.00000
vt 1 0
v 0.78500 0.38500 -0.01300
vn 0.00000 0.00000 1.00000
vt 1 1
f 343/343/343 344/344/344 345/345/345
usemtl rubber
v 0.83500 0.25500 -0.01300
vn 0.00000 0.00000 1.00000
vt 0 0
v 0.78500 0.38500 -0.01300
vn 0.00000 0.00000 1.00000
vt 1 0
v 0.78500 0.25500 -0.01300
vn 0.00000 0.00000 1.00000
vt 1 1
f 346/346/346 347/347/347 348/348/348
usemtl rubber
v 0.78500 0.25500 -0.02700
vn 0.00000 -1.00000 -0.00000
vt 0 0
v 0.83500 0.25500 -0.02700
vn 0.00000 -1.00000 -0.00000
vt 1 0
v 0.83500 0.25500 -0.01300
vn 0.00000 -1.00000 -0.00000
vt 1 1
f 349/349/349 350/350/350 351/351/351
usemtl rubber
v 0.78500 0.25500 -0.02700
vn 0.00000 -1.00000 -0.00000
vt 0 0
v 0.83500 0.25500 -0.01300
vn 0.00000 -1.00000 -0.00000
vt 1 0
v 0.78500 0.25500 -0.01300
vn 0.00000 -1.00000 -0.00000
vt 1 1
f 352/352/352 353/353/353 354/354/354
usemtl rubber
v 0.83500 0.38500 -0.02700
vn 0.00000 1.00000 -0.00000
vt 0 0
v 0.78500 0.38500 -0.02700
vn 0.00000 1.00000 -0.00000
vt 1 0
v 0.78500 0.38500 -0.01300
vn 0.00000 1.00000 -0.00000
vt 1 1
f 355/355/355 356/356/356 357/357/357
usemtl rubber
v 0.83500 0.38500 -0.02700
vn 0.00000 1.00000 -0.00000
vt 0 0
v 0.78500 0.38500 -0.01300
vn 0.00000 1.00000 -0.00000
vt 1 0
v 0.83500 0.38500 -0.01300
vn 0.00000 1.00000 -0.00000
vt 1 1
f 358/358/358 359/359/359 360/360/360
usemtl steel
v 0.82250 0.36165 -0.03800
vn 0.50000 0.86603 -0.00000
vt 0 0
v 0.81000 0.36500 -0.03800
vn -0.00000 1.00000 -0.00000
vt 1 0
v 0.81000 0.36500 -0.03300
vn -0.00000 1.00000 -0.00000
vt 1 1
f 361/361/361 362/362/362 363/363/363
usemtl steel
v 0.82250 0.36165 -0.03800
vn 0.50000 0.86603 -0.00000
vt 0 0
v 0.81000 0.36500 -0.03300
vn -0.00000 1.00000 -0.00000
vt 1 0
v 0.82250 0.36165 -0.03300
vn 0.50000 0.86603 -0.00000
vt 1 1
f 364/364/364 365/365/365 366/366/366
usemtl steel
v 0.79750 0.36165 -0.03800
vn -0.50000 0.86603 -0.00000
vt 0 0
v 0.78835 0.35250 -0.03800
vn -0.86603 0.50000 -0.00000
vt 1 0
v 0.78835 0.35250 -0.03300
vn -0.86603 0.50000 -0.00000
vt 1 1
f 367/367/367 368/368/368 369/369/369
usemtl steel
v 0.79750 0.36165 -0.03800
vn -0.50000 0.86603 -0.00000
vt 0 0
v 0.78835 0.35250 -0.03300
vn -0.86603 0.50000 -0.00000
vt 1 0
v 0.79750 0.36165 -0.03300
vn -0.50000 0.86603 -0.00000
vt 1 1
f 370/370/370 371/371/371 372/372/372
usemtl steel
v 0.78835 0.35250 -0.03800
vn -0.86603 0.50000 -0.00000
vt 0 0
v 0.78500 0.34000 -0.03800
vn -1.00000 -0.00000 -0.00000
vt 1 0
v 0.78500 0.34000 -0.03300
vn -1.00000 -0.00000 -0.00000
vt 1 1
f 373/373/373 374/374/374 375/375/375
usemtl steel
v 0.78835 0.35250 -0.03800
vn -0.86603 0.50000 -0.00000
vt 0 0
v 0.78500 0.34000 -0.03300
vn -1.00000 -0.00000 -0.00000
vt 1 0
v 0.78835 0.35250 -0.03300
vn -0.86603 0.50000 -0.00000
vt 1 1
f 376/376/376 377/377/377 378/378/378
usemtl steel
v 0.78500 0.34000 -0.03800
vn -1.00000 -0.00000 -0.00000
vt 0 0
v 0.78835 0.32750 -0.03800
vn -0.86603 -0.50000 -0.00000
vt 1 0
v 0.78835 0.32750 -0.03300
vn -0.86603 -0.50000 -0.00000
vt 1 1
f 379/379/379 380/380/380 381/381/381
usemtl steel
v 0.78500 0.34000 -0.03800
vn -1.00000 -0.00000 -0.00000
vt 0 0
v 0.78835 0.32750 -0.03300
vn -0.86603 -0.50000 -0.00000
vt 1 0
v 0.78500 0.34000 -0.03300
vn -1.00000 -0.00000 -0.00000
vt 1 1
f 382/382/382 383/383/383 384/384/384
usemtl steel
v 0.78835 0.32750 -0.03800
vn -0.86603 -0.50000 -0.00000
vt 0 0
v 0.79750 0.31835 -0.03800
vn -0.50000 -0.86603 -0.00000
vt 1 0
v 0.79750 0.31835 -0.03300
vn -0.50000 -0.86603 -0.00000
vt 1 1
f 385/385/385 386/386/386 387/387/387
usemtl steel
v 0.78835 0.32750 -0.03800
vn -0.86603 -0.50000 -0.00000
vt 0 0
v 0.79750 0.31835 -0.03300
vn -0.50000 -0.86603 -0.00000
vt 1 0
v 0.78835 0.32750 -0.03300
vn -0.86603 -0.50000 -0.00000
vt 1 1
f 388/388/388 389/389/389 390/390/390
usemtl steel
v 0.79750 0.31835 -0.03800
vn -0.50000 -0.86603 -0.00000
vt 0 0
v 0.81000 0.31500 -0.03800
vn 0.00000 -1.00000 -0.00000
vt 1 0
v 0.81000 0.31500 -0.03300
vn 0.00000 -1.00000 -0.00000
vt 1 1
f 391/391/391 392/392/392 393/393/393
usemtl steel
v 0.79750 0.31835 -0.03800
vn -0.50000 -0.86603 -0.00000
vt 0 0
v 0.81000 0.31500 -0.03300
vn 0.00000 -1.00000 -0.00000
vt 1 0
v 0.79750 0.31835 -0.03300
vn -0.50000 -0.86603 -0.00000
vt 1 1
f 394/394/394 395/395/395 396/396/396
usemtl steel
v 0.81000 0.31500 -0.03800
vn 0.00000 -1.00000 -0.00000
vt 0 0
v 0.82250 0.31835 -0.03800
vn 0.50000 -0.86603 -0.00000
vt 1 0
v 0.82250 0.31835 -0.03300
vn 0.50000 -0.86603 -0.00000
vt 1 1
f 397/397/397 398/398/398 399/399/399
usemtl steel
v 0.81000 0.31500 -0.03800
vn 0.00000 -1.00000 -0.00000
vt 0 0
v 0.82250 0.31835 -0.03300
vn 0.50000 -0.86603 -0.00000
vt 1 0
v 0.81000 0.31500 -0.03300
vn 0.00000 -1.00000 -0.00000
vt 1 1
f 400/400/400 401/401/401 402/402/402
usemtl steel
v 0.82250 0.31835 -0.03800
vn 0.50000 -0.86603 -0.00000
vt 0 0
v 0.83165 0.32750 -0.03800
vn 0.86603 -0.50000 -0.00000
vt 1 0
v 0.83165 0.32750 -0.03300
vn 0.86603 -0.50000 -0.00000
vt 1 1
f 403/403/403 404/404/404 405/405/405
usemtl steel
v 0.82250 0.31835 -0.03800
vn 0.50000 -0.86603 -0.00000
vt 0 0
v 0.83165 0.32750 -0.03300
vn 0.86603 -0.50000 -0.00000
vt 1 0
v 0.82250 0.31835 -0.03300
vn 0.50000 -0.86603 -0.00000
vt 1 1
f 406/406/406 407/407/407 408/408/408
usemtl steel
v 0.83165 0.32750 -0.03800
vn 0.86603 -0.50000 -0.00000
vt 0 0
v 0.83500 0.34000 -0.03800
vn 1.00000 0.00000 -0.00000
vt 1 0
v 0.83500 0.34000 -0.03300
vn 1.00000 0.00000 -0.00000
vt 1 1
f 409/409/409 410/410/410 411/411/411
usemtl steel
v 0.83165 0.32750 -0.03800
vn 0.86603 -0.50000 -0.00000
vt 0 0
v 0.83500 0.34000 -0.03300
vn 1.00000 0.00000 -0.00000
vt 1 0
v 0.83165 0.32750 -0.03300
vn 0.86603 -0.50000 -0.00000
vt 1 1
f 412/412/412 413/413/413 414/414/414
usemtl steel
v 0.83500 0.34000 -0.03800
vn 1.00000 0.00000 -0.00000
vt 0 0
v 0.83165 0.35250 -0.03800
vn 0.86603 0.50000 -0.00000
vt 1 0
v 0.83165 0.35250 -0.03300
vn 0.86603 0.50000 -0.00000
vt 1 1
f 415/415/415 416/416/416 417/417/417
usemtl steel
v 0.83500 0.34000 -0.03800
vn 1.00000 0.00000 -0.00000
vt 0 0
v 0.83165 0.35250 -0.03300
vn 0.86603 0.50000 -0.00000
vt 1 0
v 0.83500 0.34000 -0.03300
vn 1.00000 0.00000 -0.00000
vt 1 1
f 418/418/418 419/419/419 420/420/420
usemtl steel
v 0.79750 0.36165 -0.03800
vn 0.00000 -0.00000 -1.00000
vt 0 0
v 0.81000 0.36500 -0.03800
vn 0.00000 -0.00000 -1.00000
vt 1 0
v 0.82250 0.36165 -0.03800
vn 0.00000 -0.00000 -1.00000
vt 1 1
f 421/421/421 422/422/422 423/423/423
usemtl steel
v 0.82250 0.36165 -0.03800
vn 0.00000 -0.00000 -1.00000
vt 0 0
v 0.83165 0.35250 -0.03800
vn 0.00000 -0.00000 -1.00000
vt 1 0
v 0.83500 0.34000 -0.03800
vn 0.00000 -0.00000 -1.00000
vt 1 1
f 424/424/424 425/425/425 426/426/426
usemtl steel
v 0.83500 0.34000 -0.03800
vn 0.00000 -0.00000 -1.00000
vt 0 0
v 0.83165 0.32750 -0.03800
vn 0.00000 -0.00000 -1.00000
vt 1 0
v 0.82250 0.31835 -0.03800
vn 0.00000 -0.00000 -1.00000
vt 1 1
f 427/427/427 428/428/428 429/429/429
usemtl steel
v 0.82250 0.31835 -0.03800
vn 0.00000 -0.00000 -1.00000
vt 0 0
v 0.81000 0.31500 -0.03800
vn 0.00000 -0.00000 -1.00000
vt 1 0
v 0.79750 0.31835 -0.03800
vn 0.00000 -0.00000 -1.00000
vt 1 1
f 430/430/430 431/431/431 432/432/432
usemtl steel
v 0.79750 0.31835 -0.03800
vn 0.00000 -0.00000 -1.00000
vt 0 0
v 0.78835 0.32750 -0.03800
vn 0.00000 -0.00000 -1.00000
vt 1 0
v 0.78500 0.34000 -0.03800
vn 0.00000 -0.00000 -1.00000
vt 1 1
f 433/433/433 434/434/434 435/435/435
usemtl steel
v 0.78500 0.34000 -0.03800
vn 0.00000 -0.00000 -1.00000
vt 0 0
v 0.78835 0.35250 -0.03800
vn 0.00000 -0.00000 -1.00000
vt 1 0
v 0.79750 0.36165 -0.03800
vn 0.00000 -0.00000 -1.00000
vt 1 1
f 436/436/436 437/437/437 438/438/438
usemtl steel
v 0.79750 0.36165 -0.03800
vn 0.00000 -0.00000 -1.00000
vt 0 0
v 0.82250 0.36165 -0.03800
vn 0.00000 -0.00000 -1.00000
vt 1 0
v 0.83500 0.34000 -0.03800
vn 0.00000 -0.00000 -1.00000
vt 1 1
f 439/439/439 440/440/440 441/441/441
usemtl steel
v 0.83500 0.34000 -0.03800
vn 0.00000 -0.00000 -1.00000
vt 0 0
v 0.82250 0.31835 -0.03800
vn 0.00000 -0.00000 -1.00000
vt 1 0
v 0.79750 0.31835 -0.03800
vn 0.00000 -0.00000 -1.00000
vt 1 1
f 442/442/442 443/443/443 444/444/444
usemtl steel
v 0.79750 0.31835 -0.03800
vn 0.00000 -0.00000 -1.00000
vt 0 0
v 0.78500 0.34000 -0.03800
vn 0.00000 -0.00000 -1.00000
vt 1 0
v 0.79750 0.36165 -0.03800
vn 0.00000 -0.00000 -1.00000
vt 1 1
f 445/445/445 446/446/446 447/447/447
usemtl steel
v 0.83500 0.34000 -0.03800
vn 0.00000 -0.00000 -1.00000
vt 0 0
v 0.79750 0.31835 -0.03800
vn 0.00000 -0.00000 -1.00000
vt 1 0
v 0.79750 0.36165 -0.03800
vn 0.00000 -0.00000 -1.00000
vt 1 1
f 448/448/448 449/449/449 450/450/450
usemtl steel
v 0.83165 0.35250 -0.03800
vn 0.86603 0.50000 -0.00000
vt 0 0
v 0.82250 0.36165 -0.03800
vn 0.50000 0.86603 -0.00000
vt 1 0
v 0.82250 0.36165 -0.03300
vn 0.50000 0.86603 -0.00000
vt 1 1
f 451/451/451 452/452/452 453/453/453
usemtl steel
v 0.83165 0.35250 -0.03800
vn 0.86603 0.50000 -0.00000
vt 0 0
v 0.82250 0.36165 -0.03300
vn 0.50000 0.86603 -0.00000
vt 1 0
v 0.83165 0.35250 -0.03300
vn 0.86603 0.50000 -0.00000
vt 1 1
f 454/454/454 455/455/455 456/456/456
usemtl steel
v 0.82250 0.36165 -0.03300
vn 0.00000 0.00000 1.00000
vt 0 0
v 0.81000 0.36500 -0.03300
vn 0.00000 0.00000 1.00000
vt 1 0
v 0.79750 0.36165 -0.03300
vn 0.00000 0.00000 1.00000
vt 1 1
f 457/457/457 458/458/458 459/459/459
usemtl steel
v 0.79750 0.36165 -0.03300
vn 0.00000 0.00000 1.00000
vt 0 0
v 0.78835 0.35250 -0.03300
vn 0.00000 0.00000 1.00000
vt 1 0
v 0.78500 0.34000 -0.03300
vn 0.00000 0.00000 1.00000
vt 1 1
f 460/460/460 461/461/461 462/462/462
usemtl steel
v 0.78500 0.34000 -0.03300
vn 0.00000 0.00000 1.00000
vt 0 0
v 0.78835 0.32750 -0.03300
vn 0.00000 0.00000 1.00000
vt 1 0
v 0.79750 0.31835 -0.03300
vn 0.00000 0.00000 1.00000
vt 1 1
f 463/463/463 464/464/464 465/465/465
usemtl steel
v 0.79750 0.31835 -0.03300
vn 0.00000 0.00000 1.00000
vt 0 0
v 0.81000 0.31500 -0.03300
vn 0.00000 0.00000 1.00000
vt 1 0
v 0.82250 0.31835 -0.03300
vn 0.00000 0.00000 1.00000
vt 1 1
f 466/466/466 467/467/467 468/468/468
usemtl steel
v 0.82250 0.31835 -0.03300
vn 0.00000 0.00000 1.00000
vt 0 0
v 0.83165 0.32750 -0.03300
vn 0.00000 0.00000 1.00000
vt 1 0
v 0.83500 0.34000 -0.03300
vn 0.00000 0.00000 1.00000
vt 1 1
f 469/469/469 470/470/470 471/471/471
usemtl steel
v 0.83500 0.34000 -0.03300
vn 0.00000 0.00000 1.00000
vt 0 0
v 0.83165 0.35250 -0.03300
vn 0.00000 0.00000 1.00000
vt 1 0
v 0.82250 0.36165 -0.03300
vn 0.00000 0.00000 1.00000
vt 1 1
f 472/472/472 473/473/473 474/474/474
usemtl steel
v 0.82250 0.36165 -0.03300
vn 0.00000 0.00000 1.00000
vt 0 0
v 0.79750 0.36165 -0.03300
vn 0.00000 0.00000 1.00000
vt 1 0
v 0.78500 0.34000 -0.03300
vn 0.00000 0.00000 1.00000
vt 1 1
f 475/475/475 476/476/476 477/477/477
usemtl steel
v 0.78500 0.34000 -0.03300
vn 0.00000 0.00000 1.00000
vt 0 0
v 0.79750 0.31835 -0.03300
vn 0.00000 0.00000 1.00000
vt 1 0
v 0.82250 0.31835 -0.03300
vn 0.00000 0.00000 1.00000
vt 1 1
f 478/478/478 479/479/479 480/480/480
usemtl steel
v 0.82250 0.31835 -0.03300
vn 0.00000 0.00000 1.00000
vt 0 0
v 0.83500 0.34000 -0.03300
vn 0.00000 0.00000 1.00000
vt 1 0
v 0.82250 0.36165 -0.03300
vn 0.00000 0.00000 1.00000
vt 1 1
f 481/481/481 482/482/482 483/483/483
usemtl steel
v 0.78500 0.34000 -0.03300
vn 0.00000 0.00000 1.00000
vt 0 0
v 0.82250 0.31835 -0.03300
vn 0.00000 0.00000 1.00000
vt 1 0
v 0.82250 0.36165 -0.03300
vn 0.00000 0.00000 1.00000
vt 1 1
f 484/484/484 485/485/485 486/486/486
usemtl steel
v 0.81000 0.36500 -0.03800
vn -0.00000 1.00000 -0.00000
vt 0 0
v 0.79750 0.36165 -0.03800
vn -0.50000 0.86603 -0.00000
vt 1 0
v 0.79750 0.36165 -0.03300
vn -0.50000 0.86603 -0.00000
vt 1 1
f 487/487/487 488/488/488 489/489/489
usemtl steel
v 0.81000 0.36500 -0.03800
vn -0.00000 1.00000 -0.00000
vt 0 0
v 0.79750 0.36165 -0.03300
vn -0.50000 0.86603 -0.00000
vt 1 0
v 0.81000 0.36500 -0.03300
vn -0.00000 1.00000 -0.00000
vt 1 1
f 490/490/490 491/491/491 492/492/492
usemtl panel
v 0.04500 0.18000 1.01300
vn -1.00000 0.00000 -0.00000
vt 0 0
v 0.04500 0.80000 1.01300
vn -1.00000 0.00000 -0.00000
vt 1 0
v 0.04500 0.80000 0.99100
vn -1.00000 0.00000 -0.00000
vt 1 1
f 493/493/493 494/494/494 495/495/495
usemtl panel
v 0.04500 0.18000 1.01300
vn -1.00000 0.00000 -0.00000
vt 0 0
v 0.04500 0.80000 0.99100
vn -1.00000 0.00000 -0.00000
vt 1 0
v 0.04500 0.18000 0.99100
vn -1.00000 0.00000 -0.00000
vt 1 1
f 496/496/496 497/497/497 498/498/498
usemtl panel
v 0.04500 0.18000 0.99100
vn 0.00000 0.00000 -1.00000
vt 0 0
v 0.04500 0.80000 0.99100
vn 0.00000 0.00000 -1.00000
vt 1 0
v 0.95500 0.80000 0.99100
vn 0.00000 0.00000 -1.00000
vt 1 1
f 499/499/499 500/500/500 501/501/501
usemtl panel
v 0.04500 0.18000 0.99100
vn 0.00000 0.00000 -1.00000
vt 0 0
v 0.95500 0.80000 0.99100
vn 0.00000 0.00000 -1.00000
vt 1 0
v 0.95500 0.18000 0.99100
vn 0.00000 0.00000 -1.00000
vt 1 1
f 502/502/502 503/503/503 504/504/504
usemtl panel
v 0.95500 0.18000 0.99100
vn 1.00000 0.00000 -0.00000
vt 0 0
v 0.95500 0.80000 0.99100
vn 1.00000 0.00000 -0.00000
vt 1 0
v 0.95500 0.80000 1.01300
vn 1.00000 0.00000 -0.00000
vt 1 1
f 505/505/505 506/506/506 507/507/507
usemtl panel
v 0.95500 0.18000 0.99100
vn 1.00000 0.00000 -0.00000
vt 0 0
v 0.95500 0.80000 1.01300
vn 1.00000 0.00000 -0.00000
vt 1 0
v 0.95500 0.18000 1.01300
vn 1.00000 0.00000 -0.00000
vt 1 1
f 508/508/508 509/509/509 510/510/510
usemtl panel
v 0.95500 0.18000 1.01300
vn 0.00000 0.00000 1.00000
vt 0 0
v 0.95500 0.80000 1.01300
vn 0.00000 0.00000 1.00000
vt 1 0
v 0.04500 0.80000 1.01300
vn 0.00000 0.00000 1.00000
vt 1 1
f 511/511/511 512/512/512 513/513/513
usemtl panel
v 0.95500 0.18000 1.01300
vn 0.00000 0.00000 1.00000
vt 0 0
v 0.04500 0.80000 1.01300
vn 0.00000 0.00000 1.00000
vt 1 0
v 0.04500 0.18000 1.01300
vn 0.00000 0.00000 1.00000
vt 1 1
f 514/514/514 515/515/515 516/516/516
usemtl panel
v 0.04500 0.18000 0.99100
vn 0.00000 -1.00000 -0.00000
vt 0 0
v 0.95500 0.18000 0.99100
vn 0.00000 -1.00000 -0.00000
vt 1 0
v 0.95500 0.18000 1.01300
vn 0.00000 -1.00000 -0.00000
vt 1 1
f 517/517/517 518/518/518 519/519/519
usemtl panel
v 0.04500 0.18000 0.99100
vn 0.00000 -1.00000 -0.00000
vt 0 0
v 0.95500 0.18000 1.01300
vn 0.00000 -1.00000 -0.00000
vt 1 0
v 0.04500 0.18000 1.01300
vn 0.00000 -1.00000 -0.00000
vt 1 1
f 520/520/520 521/521/521 522/522/522
usemtl panel
v 0.95500 0.80000 0.99100
vn 0.00000 1.00000 -0.00000
vt 0 0
v 0.04500 0.80000 0.99100
vn 0.00000 1.00000 -0.00000
vt 1 0
v 0.04500 0.80000 1.01300
vn 0.00000 1.00000 -0.00000
vt 1 1
f 523/523/523 524/524/524 525/525/525
usemtl panel
v 0.95500 0.80000 0.99100
vn 0.00000 1.00000 -0.00000
vt 0 0
v 0.04500 0.80000 1.01300
vn 0.00000 1.00000 -0.00000
vt 1 0
v 0.95500 0.80000 1.01300
vn 0.00000 1.00000 -0.00000
vt 1 1
f 526/526/526 527/527/527 528/528/528
usemtl edge
v 0.19500 0.39400 1.03300
vn -1.00000 0.00000 -0.00000
vt 0 0
v 0.19500 0.40600 1.03300
vn -1.00000 0.00000 -0.00000
vt 1 0
v 0.19500 0.40600 1.00700
vn -1.00000 0.00000 -0.00000
vt 1 1
f 529/529/529 530/530/530 531/531/531
usemtl edge
v 0.19500 0.39400 1.03300
vn -1.00000 0.00000 -0.00000
vt 0 0
v 0.19500 0.40600 1.00700
vn -1.00000 0.00000 -0.00000
vt 1 0
v 0.19500 0.39400 1.00700
vn -1.00000 0.00000 -0.00000
vt 1 1
f 532/532/532 533/533/533 534/534/534
usemtl edge
v 0.19500 0.39400 1.00700
vn 0.00000 0.00000 -1.00000
vt 0 0
v 0.19500 0.40600 1.00700
vn 0.00000 0.00000 -1.00000
vt 1 0
v 0.80500 0.40600 1.00700
vn 0.00000 0.00000 -1.00000
vt 1 1
f 535/535/535 536/536/536 537/537/537
usemtl edge
v 0.19500 0.39400 1.00700
vn 0.00000 0.00000 -1.00000
vt 0 0
v 0.80500 0.40600 1.00700
vn 0.00000 0.00000 -1.00000
vt 1 0
v 0.80500 0.39400 1.00700
vn 0.00000 0.00000 -1.00000
vt 1 1
f 538/538/538 539/539/539 540/540/540
usemtl edge
v 0.80500 0.39400 1.00700
vn 1.00000 0.00000 -0.00000
vt 0 0
v 0.80500 0.40600 1.00700
vn 1.00000 0.00000 -0.00000
vt 1 0
v 0.80500 0.40600 1.03300
vn 1.00000 0.00000 -0.00000
vt 1 1
f 541/541/541 542/542/542 543/543/543
usemtl edge
v 0.80500 0.39400 1.00700
vn 1.00000 0.00000 -0.00000
vt 0 0
v 0.80500 0.40600 1.03300
vn 1.00000 0.00000 -0.00000
vt 1 0
v 0.80500 0.39400 1.03300
vn 1.00000 0.00000 -0.00000
vt 1 1
f 544/544/544 545/545/545 546/546/546
usemtl edge
v 0.80500 0.39400 1.03300
vn 0.00000 0.00000 1.00000
vt 0 0
v 0.80500 0.40600 1.03300
vn 0.00000 0.00000 1.00000
vt 1 0
v 0.19500 0.40600 1.03300
vn 0.00000 0.00000 1.00000
vt 1 1
f 547/547/547 548/548/548 549/549/549
usemtl edge
v 0.80500 0.39400 1.03300
vn 0.00000 0.00000 1.00000
vt 0 0
v 0.19500 0.40600 1.03300
vn 0.00000 0.00000 1.00000
vt 1 0
v 0.19500 0.39400 1.03300
vn 0.00000 0.00000 1.00000
vt 1 1
f 550/550/550 551/551/551 552/552/552
usemtl edge
v 0.19500 0.39400 1.00700
vn 0.00000 -1.00000 -0.00000
vt 0 0
v 0.80500 0.39400 1.00700
vn 0.00000 -1.00000 -0.00000
vt 1 0
v 0.80500 0.39400 1.03300
vn 0.00000 -1.00000 -0.00000
vt 1 1
f 553/553/553 554/554/554 555/555/555
usemtl edge
v 0.19500 0.39400 1.00700
vn 0.00000 -1.00000 -0.00000
vt 0 0
v 0.80500 0.39400 1.03300
vn 0.00000 -1.00000 -0.00000
vt 1 0
v 0.19500 0.39400 1.03300
vn 0.00000 -1.00000 -0.00000
vt 1 1
f 556/556/556 557/557/557 558/558/558
usemtl edge
v 0.80500 0.40600 1.00700
vn 0.00000 1.00000 -0.00000
vt 0 0
v 0.19500 0.40600 1.00700
vn 0.00000 1.00000 -0.00000
vt 1 0
v 0.19500 0.40600 1.03300
vn 0.00000 1.00000 -0.00000
vt 1 1
f 559/559/559 560/560/560 561/561/561
usemtl edge
v 0.80500 0.40600 1.00700
vn 0.00000 1.00000 -0.00000
vt 0 0
v 0.19500 0.40600 1.03300
vn 0.00000 1.00000 -0.00000
vt 1 0
v 0.80500 0.40600 1.03300
vn 0.00000 1.00000 -0.00000
vt 1 1
f 562/562/562 563/563/563 564/564/564
usemtl edge
v 0.19500 0.44100 1.03300
vn -1.00000 0.00000 -0.00000
vt 0 0
v 0.19500 0.45300 1.03300
vn -1.00000 0.00000 -0.00000
vt 1 0
v 0.19500 0.45300 1.00700
vn -1.00000 0.00000 -0.00000
vt 1 1
f 565/565/565 566/566/566 567/567/567
usemtl edge
v 0.19500 0.44100 1.03300
vn -1.00000 0.00000 -0.00000
vt 0 0
v 0.19500 0.45300 1.00700
vn -1.00000 0.00000 -0.00000
vt 1 0
v 0.19500 0.44100 1.00700
vn -1.00000 0.00000 -0.00000
vt 1 1
f 568/568/568 569/569/569 570/570/570
usemtl edge
v 0.19500 0.44100 1.00700
vn 0.00000 0.00000 -1.00000
vt 0 0
v 0.19500 0.45300 1.00700
vn 0.00000 0.00000 -1.00000
vt 1 0
v 0.80500 0.45300 1.00700
vn 0.00000 0.00000 -1.00000
vt 1 1
f 571/571/571 572/572/572 573/573/573
usemtl edge
v 0.19500 0.44100 1.00700
vn 0.00000 0.00000 -1.00000
vt 0 0
v 0.80500 0.45300 1.00700
vn 0.00000 0.00000 -1.00000
vt 1 0
v 0.80500 0.44100 1.00700
vn 0.00000 0.00000 -1.00000
vt 1 1
f 574/574/574 575/575/575 576/576/576
usemtl edge
v 0.80500 0.44100 1.00700
vn 1.00000 0.00000 -0.00000
vt 0 0
v 0.80500 0.45300 1.00700
vn 1.00000 0.00000 -0.00000
vt 1 0
v 0.80500 0.45300 1.03300
vn 1.00000 0.00000 -0.00000
vt 1 1
f 577/577/577 578/578/578 579/579/579
usemtl edge
v 0.80500 0.44100 1.00700
vn 1.00000 0.00000 -0.00000
vt 0 0
v 0.80500 0.45300 1.03300
vn 1.00000 0.00000 -0.00000
vt 1 0
v 0.80500 0.44100 1.03300
vn 1.00000 0.00000 -0.00000
vt 1 1
f 580/580/580 581/581/581 582/582/582
usemtl edge
v 0.80500 0.44100 1.03300
vn 0.00000 0.00000 1.00000
vt 0 0
v 0.80500 0.45300 1.03300
vn 0.00000 0.00000 1.00000
vt 1 0
v 0.19500 0.45300 1.03300
vn 0.00000 0.00000 1.00000
vt 1 1
f 583/583/583 584/584/584 585/585/585
usemtl edge
v 0.80500 0.44100 1.03300
vn 0.00000 0.00000 1.00000
vt 0 0
v 0.19500 0.45300 1.03300
vn 0.00000 0.00000 1.00000
vt 1 0
v 0.19500 0.44100 1.03300
vn 0.00000 0.00000 1.00000
vt 1 1
f 586/586/586 587/587/587 588/588/588
usemtl edge
v 0.19500 0.44100 1.00700
vn 0.00000 -1.00000 -0.00000
vt 0 0
v 0.80500 0.44100 1.00700
vn 0.00000 -1.00000 -0.00000
vt 1 0
v 0.80500 0.44100 1.03300
vn 0.00000 -1.00000 -0.00000
vt 1 1
f 589/589/589 590/590/590 591/591/591
usemtl edge
v 0.19500 0.44100 1.00700
vn 0.00000 -1.00000 -0.00000
vt 0 0
v 0.80500 0.44100 1.03300
vn 0.00000 -1.00000 -0.00000
vt 1 0
v 0.19500 0.44100 1.03300
vn 0.00000 -1.00000 -0.00000
vt 1 1
f 592/592/592 593/593/593 594/594/594
usemtl edge
v 0.80500 0.45300 1.00700
vn 0.00000 1.00000 -0.00000
vt 0 0
v 0.19500 0.45300 1.00700
vn 0.00000 1.00000 -0.00000
vt 1 0
v 0.19500 0.45300 1.03300
vn 0.00000 1.00000 -0.00000
vt 1 1
f 595/595/595 596/596/596 597/597/597
usemtl edge
v 0.80500 0.45300 1.00700
vn 0.00000 1.00000 -0.00000
vt 0 0
v 0.19500 0.45300 1.03300
vn 0.00000 1.00000 -0.00000
vt 1 0
v 0.80500 0.45300 1.03300
vn 0.00000 1.00000 -0.00000
vt 1 1
f 598/598/598 599/599/599 600/600/600
usemtl edge
v 0.19500 0.48800 1.03300
vn -1.00000 0.00000 -0.00000
vt 0 0
v 0.19500 0.50000 1.03300
vn -1.00000 0.00000 -0.00000
vt 1 0
v 0.19500 0.50000 1.00700
vn -1.00000 0.00000 -0.00000
vt 1 1
f 601/601/601 602/602/602 603/603/603
usemtl edge
v 0.19500 0.48800 1.03300
vn -1.00000 0.00000 -0.00000
vt 0 0
v 0.19500 0.50000 1.00700
vn -1.00000 0.00000 -0.00000
vt 1 0
v 0.19500 0.48800 1.00700
vn -1.00000 0.00000 -0.00000
vt 1 1
f 604/604/604 605/605/605 606/606/606
usemtl edge
v 0.19500 0.48800 1.00700
vn 0.00000 0.00000 -1.00000
vt 0 0
v 0.19500 0.50000 1.00700
vn 0.00000 0.00000 -1.00000
vt 1 0
v 0.80500 0.50000 1.00700
vn 0.00000 0.00000 -1.00000
vt 1 1
f 607/607/607 608/608/608 609/609/609
usemtl edge
v 0.19500 0.48800 1.00700
vn 0.00000 0.00000 -1.00000
vt 0 0
v 0.80500 0.50000 1.00700
vn 0.00000 0.00000 -1.00000
vt 1 0
v 0.80500 0.48800 1.00700
vn 0.00000 0.00000 -1.00000
vt 1 1
f 610/610/610 611/611/611 612/612/612
usemtl edge
v 0.80500 0.48800 1.00700
vn 1.00000 0.00000 -0.00000
vt 0 0
v 0.80500 0.50000 1.00700
vn 1.00000 0.00000 -0.00000
vt 1 0
v 0.80500 0.50000 1.03300
vn 1.00000 0.00000 -0.00000
vt 1 1
f 613/613/613 614/614/614 615/615/615
usemtl edge
v 0.80500 0.48800 1.00700
vn 1.00000 0.00000 -0.00000
vt 0 0
v 0.80500 0.50000 1.03300
vn 1.00000 0.00000 -0.00000
vt 1 0
v 0.80500 0.48800 1.03300
vn 1.00000 0.00000 -0.00000
vt 1 1
f 616/616/616 617/617/617 618/618/618
usemtl edge
v 0.80500 0.48800 1.03300
vn 0.00000 0.00000 1.00000
vt 0 0
v 0.80500 0.50000 1.03300
vn 0.00000 0.00000 1.00000
vt 1 0
v 0.19500 0.50000 1.03300
vn 0.00000 0.00000 1.00000
vt 1 1
f 619/619/619 620/620/620 621/621/621
usemtl edge
v 0.80500 0.48800 1.03300
vn 0.00000 0.00000 1.00000
vt 0 0
v 0.19500 0.50000 1.03300
vn 0.00000 0.00000 1.00000
vt 1 0
v 0.19500 0.48800 1.03300
vn 0.00000 0.00000 1.00000
vt 1 1
f 622/622/622 623/623/623 624/624/624
usemtl edge
v 0.19500 0.48800 1.00700
vn 0.00000 -1.00000 -0.00000
vt 0 0
v 0.80500 0.48800 1.00700
vn 0.00000 -1.00000 -0.00000
vt 1 0
v 0.80500 0.48800 1.03300
vn 0.00000 -1.00000 -0.00000
vt 1 1
f 625/625/625 626/626/626 627/627/627
usemtl edge
v 0.19500 0.48800 1.00700
vn 0.00000 -1.00000 -0.00000
vt 0 0
v 0.80500 0.48800 1.03300
vn 0.00000 -1.00000 -0.00000
vt 1 0
v 0.19500 0.48800 1.03300
vn 0.00000 -1.00000 -0.00000
vt 1 1
f 628/628/628 629/629/629 630/630/630
usemtl edge
v 0.80500 0.50000 1.00700
vn 0.00000 1.00000 -0.00000
vt 0 0
v 0.19500 0.50000 1.00700
vn 0.00000 1.00000 -0.00000
vt 1 0
v 0.19500 0.50000 1.03300
vn 0.00000 1.00000 -0.00000
vt 1 1
f 631/631/631 632/632/632 633/633/633
usemtl edge
v 0.80500 0.50000 1.00700
vn 0.00000 1.00000 -0.00000
vt 0 0
v 0.19500 0.50000 1.03300
vn 0.00000 1.00000 -0.00000
vt 1 0
v 0.80500 0.50000 1.03300
vn 0.00000 1.00000 -0.00000
vt 1 1
f 634/634/634 635/635/635 636/636/636
usemtl edge
v 0.19500 0.53500 1.03300
vn -1.00000 0.00000 -0.00000
vt 0 0
v 0.19500 0.54700 1.03300
vn -1.00000 0.00000 -0.00000
vt 1 0
v 0.19500 0.54700 1.00700
vn -1.00000 0.00000 -0.00000
vt 1 1
f 637/637/637 638/638/638 639/639/639
usemtl edge
v 0.19500 0.53500 1.03300
vn -1.00000 0.00000 -0.00000
vt 0 0
v 0.19500 0.54700 1.00700
vn -1.00000 0.00000 -0.00000
vt 1 0
v 0.19500 0.53500 1.00700
vn -1.00000 0.00000 -0.00000
vt 1 1
f 640/640/640 641/641/641 642/642/642
usemtl edge
v 0.19500 0.53500 1.00700
vn 0.00000 0.00000 -1.00000
vt 0 0
v 0.19500 0.54700 1.00700
vn 0.00000 0.00000 -1.00000
vt 1 0
v 0.80500 0.54700 1.00700
vn 0.00000 0.00000 -1.00000
vt 1 1
f 643/643/643 644/644/644 645/645/645
usemtl edge
v 0.19500 0.53500 1.00700
vn 0.00000 0.00000 -1.00000
vt 0 0
v 0.80500 0.54700 1.00700
vn 0.00000 0.00000 -1.00000
vt 1 0
v 0.80500 0.53500 1.00700
vn 0.00000 0.00000 -1.00000
vt 1 1
f 646/646/646 647/647/647 648/648/648
usemtl edge
v 0.80500 0.53500 1.00700
vn 1.00000 0.00000 -0.00000
vt 0 0
v 0.80500 0.54700 1.00700
vn 1.00000 0.00000 -0.00000
vt 1 0
v 0.80500 0.54700 1.03300
vn 1.00000 0.00000 -0.00000
vt 1 1
f 649/649/649 650/650/650 651/651/651
usemtl edge
v 0.80500 0.53500 1.00700
vn 1.00000 0.00000 -0.00000
vt 0 0
v 0.80500 0.54700 1.03300
vn 1.00000 0.00000 -0.00000
vt 1 0
v 0.80500 0.53500 1.03300
vn 1.00000 0.00000 -0.00000
vt 1 1
f 652/652/652 653/653/653 654/654/654
usemtl edge
v 0.80500 0.53500 1.03300
vn 0.00000 0.00000 1.00000
vt 0 0
v 0.80500 0.54700 1.03300
vn 0.00000 0.00000 1.00000
vt 1 0
v 0.19500 0.54700 1.03300
vn 0.00000 0.00000 1.00000
vt 1 1
f 655/655/655 656/656/656 657/657/657
usemtl edge
v 0.80500 0.53500 1.03300
vn 0.00000 0.00000 1.00000
vt 0 0
v 0.19500 0.54700 1.03300
vn 0.00000 0.00000 1.00000
vt 1 0
v 0.19500 0.53500 1.03300
vn 0.00000 0.00000 1.00000
vt 1 1
f 658/658/658 659/659/659 660/660/660
usemtl edge
v 0.19500 0.53500 1.00700
vn 0.00000 -1.00000 -0.00000
vt 0 0
v 0.80500 0.53500 1.00700
vn 0.00000 -1.00000 -0.00000
vt 1 0
v 0.80500 0.53500 1.03300
vn 0.00000 -1.00000 -0.00000
vt 1 1
f 661/661/661 662/662/662 663/663/663
usemtl edge
v 0.19500 0.53500 1.00700
vn 0.00000 -1.00000 -0.00000
vt 0 0
v 0.80500 0.53500 1.03300
vn 0.00000 -1.00000 -0.00000
vt 1 0
v 0.19500 0.53500 1.03300
vn 0.00000 -1.00000 -0.00000
vt 1 1
f 664/664/664 665/665/665 666/666/666
usemtl edge
v 0.80500 0.54700 1.00700
vn 0.00000 1.00000 -0.00000
vt 0 0
v 0.19500 0.54700 1.00700
vn 0.00000 1.00000 -0.00000
vt 1 0
v 0.19500 0.54700 1.03300
vn 0.00000 1.00000 -0.00000
vt 1 1
f 667/667/667 668/668/668 669/669/669
usemtl edge
v 0.80500 0.54700 1.00700
vn 0.00000 1.00000 -0.00000
vt 0 0
v 0.19500 0.54700 1.03300
vn 0.00000 1.00000 -0.00000
vt 1 0
v 0.80500 0.54700 1.03300
vn 0.00000 1.00000 -0.00000
vt 1 1
f 670/670/670 671/671/671 672/672/672
usemtl edge
v 0.19500 0.58200 1.03300
vn -1.00000 0.00000 -0.00000
vt 0 0
v 0.19500 0.59400 1.03300
vn -1.00000 0.00000 -0.00000
vt 1 0
v 0.19500 0.59400 1.00700
vn -1.00000 0.00000 -0.00000
vt 1 1
f 673/673/673 674/674/674 675/675/675
usemtl edge
v 0.19500 0.58200 1.03300
vn -1.00000 0.00000 -0.00000
vt 0 0
v 0.19500 0.59400 1.00700
vn -1.00000 0.00000 -0.00000
vt 1 0
v 0.19500 0.58200 1.00700
vn -1.00000 0.00000 -0.00000
vt 1 1
f 676/676/676 677/677/677 678/678/678
usemtl edge
v 0.19500 0.58200 1.00700
vn 0.00000 0.00000 -1.00000
vt 0 0
v 0.19500 0.59400 1.00700
vn 0.00000 0.00000 -1.00000
vt 1 0
v 0.80500 0.59400 1.00700
vn 0.00000 0.00000 -1.00000
vt 1 1
f 679/679/679 680/680/680 681/681/681
usemtl edge
v 0.19500 0.58200 1.00700
vn 0.00000 0.00000 -1.00000
vt 0 0
v 0.80500 0.59400 1.00700
vn 0.00000 0.00000 -1.00000
vt 1 0
v 0.80500 0.58200 1.00700
vn 0.00000 0.00000 -1.00000
vt 1 1
f 682/682/682 683/683/683 684/684/684
usemtl edge
v 0.80500 0.58200 1.00700
vn 1.00000 0.00000 -0.00000
vt 0 0
v 0.80500 0.59400 1.00700
vn 1.00000 0.00000 -0.00000
vt 1 0
v 0.80500 0.59400 1.03300
vn 1.00000 0.00000 -0.00000
vt 1 1
f 685/685/685 686/686/686 687/687/687
usemtl edge
v 0.80500 0.58200 1.00700
vn 1.00000 0.00000 -0.00000
vt 0 0
v 0.80500 0.59400 1.03300
vn 1.00000 0.00000 -0.00000
vt 1 0
v 0.80500 0.58200 1.03300
vn 1.00000 0.00000 -0.00000
vt 1 1
f 688/688/688 689/689/689 690/690/690
usemtl edge
v 0.80500 0.58200 1.03300
vn 0.00000 0.00000 1.00000
vt 0 0
v 0.80500 0.59400 1.03300
vn 0.00000 0.00000 1.00000
vt 1 0
v 0.19500 0.59400 1.03300
vn 0.00000 0.00000 1.00000
vt 1 1
f 691/691/691 692/692/692 693/693/693
usemtl edge
v 0.80500 0.58200 1.03300
vn 0.00000 0.00000 1.00000
vt 0 0
v 0.19500 0.59400 1.03300
vn 0.00000 0.00000 1.00000
vt 1 0
v 0.19500 0.58200 1.03300
vn 0.00000 0.00000 1.00000
vt 1 1
f 694/694/694 695/695/695 696/696/696
usemtl edge
v 0.19500 0.58200 1.00700
vn 0.00000 -1.00000 -0.00000
vt 0 0
v 0.80500 0.58200 1.00700
vn 0.00000 -1.00000 -0.00000
vt 1 0
v 0.80500 0.58200 1.03300
vn 0.00000 -1.00000 -0.00000
vt 1 1
f 697/697/697 698/698/698 699/699/699
usemtl edge
v 0.19500 0.58200 1.00700
vn 0.00000 -1.00000 -0.00000
vt 0 0
v 0.80500 0.58200 1.03300
vn 0.00000 -1.00000 -0.00000
vt 1 0
v 0.19500 0.58200 1.03300
vn 0.00000 -1.00000 -0.00000
vt 1 1
f 700/700/700 701/701/701 702/702/702
usemtl edge
v 0.80500 0.59400 1.00700
vn 0.00000 1.00000 -0.00000
vt 0 0
v 0.19500 0.59400 1.00700
vn 0.00000 1.00000 -0.00000
vt 1 0
v 0.19500 0.59400 1.03300
vn 0.00000 1.00000 -0.00000
vt 1 1
f 703/703/703 704/704/704 705/705/705
usemtl edge
v 0.80500 0.59400 1.00700
vn 0.00000 1.00000 -0.00000
vt 0 0
v 0.19500 0.59400 1.03300
vn 0.00000 1.00000 -0.00000
vt 1 0
v 0.80500 0.59400 1.03300
vn 0.00000 1.00000 -0.00000
vt 1 1
f 706/706/706 707/707/707 708/708/708
usemtl steel
v 0.11000 0.24200 1.01500
vn 0.00000 1.00000 -0.00000
vt 0 0
v 0.11000 0.24200 1.02600
vn 0.00000 1.00000 -0.00000
vt 1 0
v 0.12039 0.23600 1.02600
vn 0.86603 0.50000 -0.00000
vt 1 1
f 709/709/709 710/710/710 711/711/711
usemtl steel
v 0.11000 0.24200 1.01500
vn 0.00000 1.00000 -0.00000
vt 0 0
v 0.12039 0.23600 1.02600
vn 0.86603 0.50000 -0.00000
vt 1 0
v 0.12039 0.23600 1.01500
vn 0.86603 0.50000 -0.00000
vt 1 1
f 712/712/712 713/713/713 714/714/714
usemtl steel
v 0.12039 0.23600 1.01500
vn 0.86603 0.50000 -0.00000
vt 0 0
v 0.12039 0.23600 1.02600
vn 0.86603 0.50000 -0.00000
vt 1 0
v 0.12039 0.22400 1.02600
vn 0.86603 -0.50000 -0.00000
vt 1 1
f 715/715/715 716/716/716 717/717/717
usemtl steel
v 0.12039 0.23600 1.01500
vn 0.86603 0.50000 -0.00000
vt 0 0
v 0.12039 0.22400 1.02600
vn 0.86603 -0.50000 -0.00000
vt 1 0
v 0.12039 0.22400 1.01500
vn 0.86603 -0.50000 -0.00000
vt 1 1
f 718/718/718 719/719/719 720/720/720
usemtl steel
v 0.12039 0.22400 1.01500
vn 0.86603 -0.50000 -0.00000
vt 0 0
v 0.12039 0.22400 1.02600
vn 0.86603 -0.50000 -0.00000
vt 1 0
v 0.11000 0.21800 1.02600
vn 0.00000 -1.00000 -0.00000
vt 1 1
f 721/721/721 722/722/722 723/723/723
usemtl steel
v 0.12039 0.22400 1.01500
vn 0.86603 -0.50000 -0.00000
vt 0 0
v 0.11000 0.21800 1.02600
vn 0.00000 -1.00000 -0.00000
vt 1 0
v 0.11000 0.21800 1.01500
vn 0.00000 -1.00000 -0.00000
vt 1 1
f 724/724/724 725/725/725 726/726/726
usemtl steel
v 0.11000 0.21800 1.01500
vn 0.00000 -1.00000 -0.00000
vt 0 0
v 0.11000 0.21800 1.02600
vn 0.00000 -1.00000 -0.00000
vt 1 0
v 0.09961 0.22400 1.02600
vn -0.86603 -0.50000 -0.00000
vt 1 1
f 727/727/727 728/728/728 729/729/729
usemtl steel
v 0.11000 0.21800 1.01500
vn 0.00000 -1.00000 -0.00000
vt 0 0
v 0.09961 0.22400 1.02600
vn -0.86603 -0.50000 -0.00000
vt 1 0
v 0.09961 0.22400 1.01500
vn -0.86603 -0.50000 -0.00000
vt 1 1
f 730/730/730 731/731/731 732/732/732
usemtl steel
v 0.12039 0.22400 1.02600
vn 0.00000 0.00000 1.00000
vt 0 0
v 0.12039 0.23600 1.02600
vn 0.00000 0.00000 1.00000
vt 1 0
v 0.11000 0.24200 1.02600
vn 0.00000 0.00000 1.00000
vt 1 1
f 733/733/733 734/734/734 735/735/735
usemtl steel
v 0.11000 0.24200 1.02600
vn 0.00000 0.00000 1.00000
vt 0 0
v 0.09961 0.23600 1.02600
vn 0.00000 0.00000 1.00000
vt 1 0
v 0.09961 0.22400 1.02600
vn 0.00000 0.00000 1.00000
vt 1 1
f 736/736/736 737/737/737 738/738/738
usemtl steel
v 0.09961 0.22400 1.02600
vn 0.00000 0.00000 1.00000
vt 0 0
v 0.11000 0.21800 1.02600
vn 0.00000 0.00000 1.00000
vt 1 0
v 0.12039 0.22400 1.02600
vn 0.00000 0.00000 1.00000
vt 1 1
f 739/739/739 740/740/740 741/741/741
usemtl steel
v 0.11000 0.24200 1.02600
vn 0.00000 0.00000 1.00000
vt 0 0
v 0.09961 0.22400 1.02600
vn 0.00000 0.00000 1.00000
vt 1 0
v 0.12039 0.22400 1.02600
vn 0.00000 0.00000 1.00000
vt 1 1
f 742/742/742 743/743/743 744/744/744
usemtl steel
v 0.09961 0.22400 1.01500
vn -0.86603 -0.50000 -0.00000
vt 0 0
v 0.09961 0.22400 1.02600
vn -0.86603 -0.50000 -0.00000
vt 1 0
v 0.09961 0.23600 1.02600
vn -0.86603 0.50000 -0.00000
vt 1 1
f 745/745/745 746/746/746 747/747/747
usemtl steel
v 0.09961 0.22400 1.01500
vn -0.86603 -0.50000 -0.00000
vt 0 0
v 0.09961 0.23600 1.02600
vn -0.86603 0.50000 -0.00000
vt 1 0
v 0.09961 0.23600 1.01500
vn -0.86603 0.50000 -0.00000
vt 1 1
f 748/748/748 749/749/749 750/750/750
usemtl steel
v 0.09961 0.23600 1.01500
vn -0.86603 0.50000 -0.00000
vt 0 0
v 0.09961 0.23600 1.02600
vn -0.86603 0.50000 -0.00000
vt 1 0
v 0.11000 0.24200 1.02600
vn 0.00000 1.00000 -0.00000
vt 1 1
f 751/751/751 752/752/752 753/753/753
usemtl steel
v 0.09961 0.23600 1.01500
vn -0.86603 0.50000 -0.00000
vt 0 0
v 0.11000 0.24200 1.02600
vn 0.00000 1.00000 -0.00000
vt 1 0
v 0.11000 0.24200 1.01500
vn 0.00000 1.00000 -0.00000
vt 1 1
f 754/754/754 755/755/755 756/756/756
usemtl steel
v 0.09961 0.23600 1.01500
vn 0.00000 0.00000 -1.00000
vt 0 0
v 0.11000 0.24200 1.01500
vn 0.00000 0.00000 -1.00000
vt 1 0
v 0.12039 0.23600 1.01500
vn 0.00000 0.00000 -1.00000
vt 1 1
f 757/757/757 758/758/758 759/759/759
usemtl steel
v 0.12039 0.23600 1.01500
vn 0.00000 0.00000 -1.00000
vt 0 0
v 0.12039 0.22400 1.01500
vn 0.00000 0.00000 -1.00000
vt 1 0
v 0.11000 0.21800 1.01500
vn 0.00000 0.00000 -1.00000
vt 1 1
f 760/760/760 761/761/761 762/762/762
usemtl steel
v 0.11000 0.21800 1.01500
vn 0.00000 0.00000 -1.00000
vt 0 0
v 0.09961 0.22400 1.01500
vn 0.00000 0.00000 -1.00000
vt 1 0
v 0.09961 0.23600 1.01500
vn 0.00000 0.00000 -1.00000
vt 1 1
f 763/763/763 764/764/764 765/765/765
usemtl steel
v 0.12039 0.23600 1.01500
vn 0.00000 0.00000 -1.00000
vt 0 0
v 0.11000 0.21800 1.01500
vn 0.00000 0.00000 -1.00000
vt 1 0
v 0.09961 0.23600 1.01500
vn 0.00000 0.00000 -1.00000
vt 1 1
f 766/766/766 767/767/767 768/768/768
usemtl steel
v 0.11000 0.74200 1.01500
vn 0.00000 1.00000 -0.00000
vt 0 0
v 0.11000 0.74200 1.02600
vn 0.00000 1.00000 -0.00000
vt 1 0
v 0.12039 0.73600 1.02600
vn 0.86603 0.50000 -0.00000
vt 1 1
f 769/769/769 770/770/770 771/771/771
usemtl steel
v 0.11000 0.74200 1.01500
vn 0.00000 1.00000 -0.00000
vt 0 0
v 0.12039 0.73600 1.02600
vn 0.86603 0.50000 -0.00000
vt 1 0
v 0.12039 0.73600 1.01500
vn 0.86603 0.50000 -0.00000
vt 1 1
f 772/772/772 773/773/773 774/774/774
usemtl steel
v 0.12039 0.73600 1.01500
vn 0.86603 0.50000 -0.00000
vt 0 0
v 0.12039 0.73600 1.02600
vn 0.86603 0.50000 -0.00000
vt 1 0
v 0.12039 0.72400 1.02600
vn 0.86602 -0.50000 -0.00000
vt 1 1
f 775/775/775 776/776/776 777/777/777
usemtl steel
v 0.12039 0.73600 1.01500
vn 0.86603 0.50000 -0.00000
vt 0 0
v 0.12039 0.72400 1.02600
vn 0.86602 -0.50000 -0.00000
vt 1 0
v 0.12039 0.72400 1.01500
vn 0.86602 -0.50000 -0.00000
vt 1 1
f 778/778/778 779/779/779 780/780/780
usemtl steel
v 0.12039 0.72400 1.01500
vn 0.86602 -0.50000 -0.00000
vt 0 0
v 0.12039 0.72400 1.02600
vn 0.86602 -0.50000 -0.00000
vt 1 0
v 0.11000 0.71800 1.02600
vn 0.00000 -1.00000 -0.00000
vt 1 1
f 781/781/781 782/782/782 783/783/783
usemtl steel
v 0.12039 0.72400 1.01500
vn 0.86602 -0.50000 -0.00000
vt 0 0
v 0.11000 0.71800 1.02600
vn 0.00000 -1.00000 -0.00000
vt 1 0
v 0.11000 0.71800 1.01500
vn 0.00000 -1.00000 -0.00000
vt 1 1
f 784/784/784 785/785/785 786/786/786
usemtl steel
v 0.11000 0.71800 1.01500
vn 0.00000 -1.00000 -0.00000
vt 0 0
v 0.11000 0.71800 1.02600
vn 0.00000 -1.00000 -0.00000
vt 1 0
v 0.09961 0.72400 1.02600
vn -0.86602 -0.50000 -0.00000
vt 1 1
f 787/787/787 788/788/788 789/789/789
usemtl steel
v 0.11000 0.71800 1.01500
vn 0.00000 -1.00000 -0.00000
vt 0 0
v 0.09961 0.72400 1.02600
vn -0.86602 -0.50000 -0.00000
vt 1 0
v 0.09961 0.72400 1.01500
vn -0.86602 -0.50000 -0.00000
vt 1 1
f 790/790/790 791/791/791 792/792/792
usemtl steel
v 0.12039 0.72400 1.02600
vn 0.00000 0.00000 1.00000
vt 0 0
v 0.12039 0.73600 1.02600
vn 0.00000 0.00000 1.00000
vt 1 0
v 0.11000 0.74200 1.02600
vn 0.00000 0.00000 1.00000
vt 1 1
f 793/793/793 794/794/794 795/795/795
usemtl steel
v 0.11000 0.74200 1.02600
vn 0.00000 0.00000 1.00000
vt 0 0
v 0.09961 0.73600 1.02600
vn 0.00000 0.00000 1.00000
vt 1 0
v 0.09961 0.72400 1.02600
vn 0.00000 0.00000 1.00000
vt 1 1
f 796/796/796 797/797/797 798/798/798
usemtl steel
v 0.09961 0.72400 1.02600
vn 0.00000 0.00000 1.00000
vt 0 0
v 0.11000 0.71800 1.02600
vn 0.00000 0.00000 1.00000
vt 1 0
v 0.12039 0.72400 1.02600
vn 0.00000 0.00000 1.00000
vt 1 1
f 799/799/799 800/800/800 801/801/801
usemtl steel
v 0.11000 0.74200 1.02600
vn 0.00000 0.00000 1.00000
vt 0 0
v 0.09961 0.72400 1.02600
vn 0.00000 0.00000 1.00000
vt 1 0
v 0.12039 0.72400 1.02600
vn 0.00000 0.00000 1.00000
vt 1 1
f 802/802/802 803/803/803 804/804/804
usemtl steel
v 0.09961 0.72400 1.01500
vn -0.86602 -0.50000 -0.00000
vt 0 0
v 0.09961 0.72400 1.02600
vn -0.86602 -0.50000 -0.00000
vt 1 0
v 0.09961 0.73600 1.02600
vn -0.86603 0.50000 -0.00000
vt 1 1
f 805/805/805 806/806/806 807/807/807
usemtl steel
v 0.09961 0.72400 1.01500
vn -0.86602 -0.50000 -0.00000
vt 0 0
v 0.09961 0.73600 1.02600
vn -0.86603 0.50000 -0.00000
vt 1 0
v 0.09961 0.73600 1.01500
vn -0.86603 0.50000 -0.00000
vt 1 1
f 808/808/808 809/809/809 810/810/810
usemtl steel
v 0.09961 0.73600 1.01500
vn -0.86603 0.50000 -0.00000
vt 0 0
v 0.09961 0.73600 1.02600
vn -0.86603 0.50000 -0.00000
vt 1 0
v 0.11000 0.74200 1.02600
vn 0.00000 1.00000 -0.00000
vt 1 1
f 811/811/811 812/812/812 813/813/813
usemtl steel
v 0.09961 0.73600 1.01500
vn -0.86603 0.50000 -0.00000
vt 0 0
v 0.11000 0.74200 1.02600
vn 0.00000 1.00000 -0.00000
vt 1 0
v 0.11000 0.74200 1.01500
vn 0.00000 1.00000 -0.00000
vt 1 1
f 814/814/814 815/815/815 816/816/816
usemtl steel
v 0.09961 0.73600 1.01500
vn 0.00000 0.00000 -1.00000
vt 0 0
v 0.11000 0.74200 1.01500
vn 0.00000 0.00000 -1.00000
vt 1 0
v 0.12039 0.73600 1.01500
vn 0.00000 0.00000 -1.00000
vt 1 1
f 817/817/817 818/818/818 819/819/819
usemtl steel
v 0.12039 0.73600 1.01500
vn 0.00000 0.00000 -1.00000
vt 0 0
v 0.12039 0.72400 1.01500
vn 0.00000 0.00000 -1.00000
vt 1 0
v 0.11000 0.71800 1.01500
vn 0.00000 0.00000 -1.00000
vt 1 1
f 820/820/820 821/821/821 822/822/822
usemtl steel
v 0.11000 0.71800 1.01500
vn 0.00000 0.00000 -1.00000
vt 0 0
v 0.09961 0.72400 1.01500
vn 0.00000 0.00000 -1.00000
vt 1 0
v 0.09961 0.73600 1.01500
vn 0.00000 0.00000 -1.00000
vt 1 1
f 823/823/823 824/824/824 825/825/825
usemtl steel
v 0.12039 0.73600 1.01500
vn 0.00000 0.00000 -1.00000
vt 0 0
v 0.11000 0.71800 1.01500
vn 0.00000 0.00000 -1.00000
vt 1 0
v 0.09961 0.73600 1.01500
vn 0.00000 0.00000 -1.00000
vt 1 1
f 826/826/826 827/827/827 828/828/828
usemtl steel
v 0.89000 0.24200 1.01500
vn 0.00000 1.00000 -0.00000
vt 0 0
v 0.89000 0.24200 1.02600
vn 0.00000 1.00000 -0.00000
vt 1 0
v 0.90039 0.23600 1.02600
vn 0.86603 0.50000 -0.00000
vt 1 1
f 829/829/829 830/830/830 831/831/831
usemtl steel
v 0.89000 0.24200 1.01500
vn 0.00000 1.00000 -0.00000
vt 0 0
v 0.90039 0.23600 1.02600
vn 0.86603 0.50000 -0.00000
vt 1 0
v 0.90039 0.23600 1.01500
vn 0.86603 0.50000 -0.00000
vt 1 1
f 832/832/832 833/833/833 834/834/834
usemtl steel
v 0.90039 0.23600 1.01500
vn 0.86603 0.50000 -0.00000
vt 0 0
v 0.90039 0.23600 1.02600
vn 0.86603 0.50000 -0.00000
vt 1 0
v 0.90039 0.22400 1.02600
vn 0.86603 -0.50000 -0.00000
vt 1 1
f 835/835/835 836/836/836 837/837/837
usemtl steel
v 0.90039 0.23600 1.01500
vn 0.86603 0.50000 -0.00000
vt 0 0
v 0.90039 0.22400 1.02600
vn 0.86603 -0.50000 -0.00000
vt 1 0
v 0.90039 0.22400 1.01500
vn 0.86603 -0.50000 -0.00000
vt 1 1
f 838/838/838 839/839/839 840/840/840
usemtl steel
v 0.90039 0.22400 1.01500
vn 0.86603 -0.50000 -0.00000
vt 0 0
v 0.90039 0.22400 1.02600
vn 0.86603 -0.50000 -0.00000
vt 1 0
v 0.89000 0.21800 1.02600
vn 0.00000 -1.00000 -0.00000
vt 1 1
f 841/841/841 842/842/842 843/843/843
usemtl steel
v 0.90039 0.22400 1.01500
vn 0.86603 -0.50000 -0.00000
vt 0 0
v 0.89000 0.21800 1.02600
vn 0.00000 -1.00000 -0.00000
vt 1 0
v 0.89000 0.21800 1.01500
vn 0.00000 -1.00000 -0.00000
vt 1 1
f 844/844/844 845/845/845 846/846/846
usemtl steel
v 0.89000 0.21800 1.01500
vn 0.00000 -1.00000 -0.00000
vt 0 0
v 0.89000 0.21800 1.02600
vn 0.00000 -1.00000 -0.00000
vt 1 0
v 0.87961 0.22400 1.02600
vn -0.86603 -0.50000 -0.00000
vt 1 1
f 847/847/847 848/848/848 849/849/849
usemtl steel
v 0.89000 0.21800 1.01500
vn 0.00000 -1.00000 -0.00000
vt 0 0
v 0.87961 0.22400 1.02600
vn -0.86603 -0.50000 -0.00000
vt 1 0
v 0.87961 0.22400 1.01500
vn -0.86603 -0.50000 -0.00000
vt 1 1
f 850/850/850 851/851/851 852/852/852
usemtl steel
v 0.90039 0.22400 1.02600
vn 0.00000 0.00000 1.00000
vt 0 0
v 0.90039 0.23600 1.02600
vn 0.00000 0.00000 1.00000
vt 1 0
v 0.89000 0.24200 1.02600
vn 0.00000 0.00000 1.00000
vt 1 1
f 853/853/853 854/854/854 855/855/855
usemtl steel
v 0.89000 0.24200 1.02600
vn 0.00000 0.00000 1.00000
vt 0 0
v 0.87961 0.23600 1.02600
vn 0.00000 0.00000 1.00000
vt 1 0
v 0.87961 0.22400 1.02600
vn 0.00000 0.00000 1.00000
vt 1 1
f 856/856/856 857/857/857 858/858/858
usemtl steel
v 0.87961 0.22400 1.02600
vn 0.00000 0.00000 1.00000
vt 0 0
v 0.89000 0.21800 1.02600
vn 0.00000 0.00000 1.00000
vt 1 0
v 0.90039 0.22400 1.02600
vn 0.00000 0.00000 1.00000
vt 1 1
f 859/859/859 860/860/860 861/861/861
usemtl steel
v 0.89000 0.24200 1.02600
vn 0.00000 0.00000 1.00000
vt 0 0
v 0.87961 0.22400 1.02600
vn 0.00000 0.00000 1.00000
vt 1 0
v 0.90039 0.22400 1.02600
vn 0.00000 0.00000 1.00000
vt 1 1
f 862/862/862 863/863/863 864/864/864
usemtl steel
v 0.87961 0.22400 1.01500
vn -0.86603 -0.50000 -0.00000
vt 0 0
v 0.87961 0.22400 1.02600
vn -0.86603 -0.50000 -0.00000
vt 1 0
v 0.87961 0.23600 1.02600
vn -0.86603 0.50000 -0.00000
vt 1 1
f 865/865/865 866/866/866 867/867/867
usemtl steel
v 0.87961 0.22400 1.01500
vn -0.86603 -0.50000 -0.00000
vt 0 0
v 0.87961 0.23600 1.02600
vn -0.86603 0.50000 -0.00000
vt 1 0
v 0.87961 0.23600 1.01500
vn -0.86603 0.50000 -0.00000
vt 1 1
f 868/868/868 869/869/869 870/870/870
usemtl steel
v 0.87961 0.23600 1.01500
vn -0.86603 0.50000 -0.00000
vt 0 0
v 0.87961 0.23600 1.02600
vn -0.86603 0.50000 -0.00000
vt 1 0
v 0.89000 0.24200 1.02600
vn 0.00000 1.00000 -0.00000
vt 1 1
f 871/871/871 872/872/872 873/873/873
usemtl steel
v 0.87961 0.23600 1.01500
vn -0.86603 0.50000 -0.00000
vt 0 0
v 0.89000 0.24200 1.02600
vn 0.00000 1.00000 -0.00000
vt 1 0
v 0.89000 0.24200 1.01500
vn 0.00000 1.00000 -0.00000
vt 1 1
f 874/874/874 875/875/875 876/876/876
usemtl steel
v 0.87961 0.23600 1.01500
vn 0.00000 0.00000 -1.00000
vt 0 0
v 0.89000 0.24200 1.01500
vn 0.00000 0.00000 -1.00000
vt 1 0
v 0.90039 0.23600 1.01500
vn 0.00000 0.00000 -1.00000
vt 1 1
f 877/877/877 878/878/878 879/879/879
usemtl steel
v 0.90039 0.23600 1.01500
vn 0.00000 0.00000 -1.00000
vt 0 0
v 0.90039 0.22400 1.01500
vn 0.00000 0.00000 -1.00000
vt 1 0
v 0.89000 0.21800 1.01500
vn 0.00000 0.00000 -1.00000
vt 1 1
f 880/880/880 881/881/881 882/882/882
usemtl steel
v 0.89000 0.21800 1.01500
vn 0.00000 0.00000 -1.00000
vt 0 0
v 0.87961 0.22400 1.01500
vn 0.00000 0.00000 -1.00000
vt 1 0
v 0.87961 0.23600 1.01500
vn 0.00000 0.00000 -1.00000
vt 1 1
f 883/883/883 884/884/884 885/885/885
usemtl steel
v 0.90039 0.23600 1.01500
vn 0.00000 0.00000 -1.00000
vt 0 0
v 0.89000 0.21800 1.01500
vn 0.00000 0.00000 -1.00000
vt 1 0
v 0.87961 0.23600 1.01500
vn 0.00000 0.00000 -1.00000
vt 1 1
f 886/886/886 887/887/887 888/888/888
usemtl steel
v 0.89000 0.74200 1.01500
vn 0.00000 1.00000 -0.00000
vt 0 0
v 0.89000 0.74200 1.02600
vn 0.00000 1.00000 -0.00000
vt 1 0
v 0.90039 0.73600 1.02600
vn 0.86603 0.50000 -0.00000
vt 1 1
f 889/889/889 890/890/890 891/891/891
usemtl steel
v 0.89000 0.74200 1.01500
vn 0.00000 1.00000 -0.00000
vt 0 0
v 0.90039 0.73600 1.02600
vn 0.86603 0.50000 -0.00000
vt 1 0
v 0.90039 0.73600 1.01500
vn 0.86603 0.50000 -0.00000
vt 1 1
f 892/892/892 893/893/893 894/894/894
usemtl steel
v 0.90039 0.73600 1.01500
vn 0.86603 0.50000 -0.00000
vt 0 0
v 0.90039 0.73600 1.02600
vn 0.86603 0.50000 -0.00000
vt 1 0
v 0.90039 0.72400 1.02600
vn 0.86602 -0.50000 -0.00000
vt 1 1
f 895/895/895 896/896/896 897/897/897
usemtl steel
v 0.90039 0.73600 1.01500
vn 0.86603 0.50000 -0.00000
vt 0 0
v 0.90039 0.72400 1.02600
vn 0.86602 -0.50000 -0.00000
vt 1 0
v 0.90039 0.72400 1.01500
vn 0.86602 -0.50000 -0.00000
vt 1 1
f 898/898/898 899/899/899 900/900/900
usemtl steel
v 0.90039 0.72400 1.01500
vn 0.86602 -0.50000 -0.00000
vt 0 0
v 0.90039 0.72400 1.02600
vn 0.86602 -0.50000 -0.00000
vt 1 0
v 0.89000 0.71800 1.02600
vn 0.00000 -1.00000 -0.00000
vt 1 1
f 901/901/901 902/902/902 903/903/903
usemtl steel
v 0.90039 0.72400 1.01500
vn 0.86602 -0.50000 -0.00000
vt 0 0
v 0.89000 0.71800 1.02600
vn 0.00000 -1.00000 -0.00000
vt 1 0
v 0.89000 0.71800 1.01500
vn 0.00000 -1.00000 -0.00000
vt 1 1
f 904/904/904 905/905/905 906/906/906
usemtl steel
v 0.89000 0.71800 1.01500
vn 0.00000 -1.00000 -0.00000
vt 0 0
v 0.89000 0.71800 1.02600
vn 0.00000 -1.00000 -0.00000
vt 1 0
v 0.87961 0.72400 1.02600
vn -0.86602 -0.50000 -0.00000
vt 1 1
f 907/907/907 908/908/908 909/909/909
usemtl steel
v 0.89000 0.71800 1.01500
vn 0.00000 -1.00000 -0.00000
vt 0 0
v 0.87961 0.72400 1.02600
vn -0.86602 -0.50000 -0.00000
vt 1 0
v 0.87961 0.72400 1.01500
vn -0.86602 -0.50000 -0.00000
vt 1 1
f 910/910/910 911/911/911 912/912/912
usemtl steel
v 0.90039 0.72400 1.02600
vn 0.00000 0.00000 1.00000
vt 0 0
v 0.90039 0.73600 1.02600
vn 0.00000 0.00000 1.00000
vt 1 0
v 0.89000 0.74200 1.02600
vn 0.00000 0.00000 1.00000
vt 1 1
f 913/913/913 914/914/914 915/915/915
usemtl steel
v 0.89000 0.74200 1.02600
vn 0.00000 0.00000 1.00000
vt 0 0
v 0.87961 0.73600 1.02600
vn 0.00000 0.00000 1.00000
vt 1 0
v 0.87961 0.72400 1.02600
vn 0.00000 0.00000 1.00000
vt 1 1
f 916/916/916 917/917/917 918/918/918
usemtl steel
v 0.87961 0.72400 1.02600
vn 0.00000 0.00000 1.00000
vt 0 0
v 0.89000 0.71800 1.02600
vn 0.00000 0.00000 1.00000
vt 1 0
v 0.90039 0.72400 1.02600
vn 0.00000 0.00000 1.00000
vt 1 1
f 919/919/919 920/920/920 921/921/921
usemtl steel
v 0.89000 0.74200 1.02600
vn 0.00000 0.00000 1.00000
vt 0 0
v 0.87961 0.72400 1.02600
vn 0.00000 0.00000 1.00000
vt 1 0
v 0.90039 0.72400 1.02600
vn 0.00000 0.00000 1.00000
vt 1 1
f 922/922/922 923/923/923 924/924/924
usemtl steel
v 0.87961 0.72400 1.01500
vn -0.86602 -0.50000 -0.00000
vt 0 0
v 0.87961 0.72400 1.02600
vn -0.86602 -0.50000 -0.00000
vt 1 0
v 0.87961 0.73600 1.02600
vn -0.86603 0.50000 -0.00000
vt 1 1
f 925/925/925 926/926/926 927/927/927
usemtl steel
v 0.87961 0.72400 1.01500
vn -0.86602 -0.50000 -0.00000
vt 0 0
v 0.87961 0.73600 1.02600
vn -0.86603 0.50000 -0.00000
vt 1 0
v 0.87961 0.73600 1.01500
vn -0.86603 0.50000 -0.00000
vt 1 1
f 928/928/928 929/929/929 930/930/930
usemtl steel
v 0.87961 0.73600 1.01500
vn -0.86603 0.50000 -0.00000
vt 0 0
v 0.87961 0.73600 1.02600
vn -0.86603 0.50000 -0.00000
vt 1 0
v 0.89000 0.74200 1.02600
vn 0.00000 1.00000 -0.00000
vt 1 1
f 931/931/931 932/932/932 933/933/933
usemtl steel
v 0.87961 0.73600 1.01500
vn -0.86603 0.50000 -0.00000
vt 0 0
v 0.89000 0.74200 1.02600
vn 0.00000 1.00000 -0.00000
vt 1 0
v 0.89000 0.74200 1.01500
vn 0.00000 1.00000 -0.00000
vt 1 1
f 934/934/934 935/935/935 936/936/936
usemtl steel
v 0.87961 0.73600 1.01500
vn 0.00000 0.00000 -1.00000
vt 0 0
v 0.89000 0.74200 1.01500
vn 0.00000 0.00000 -1.00000
vt 1 0
v 0.90039 0.73600 1.01500
vn 0.00000 0.00000 -1.00000
vt 1 1
f 937/937/937 938/938/938 939/939/939
usemtl steel
v 0.90039 0.73600 1.01500
vn 0.00000 0.00000 -1.00000
vt 0 0
v 0.90039 0.72400 1.01500
vn 0.00000 0.00000 -1.00000
vt 1 0
v 0.89000 0.71800 1.01500
vn 0.00000 0.00000 -1.00000
vt 1 1
f 940/940/940 941/941/941 942/942/942
usemtl steel
v 0.89000 0.71800 1.01500
vn 0.00000 0.00000 -1.00000
vt 0 0
v 0.87961 0.72400 1.01500
vn 0.00000 0.00000 -1.00000
vt 1 0
v 0.87961 0.73600 1.01500
vn 0.00000 0.00000 -1.00000
vt 1 1
f 943/943/943 944/944/944 945/945/945
usemtl steel
v 0.90039 0.73600 1.01500
vn 0.00000 0.00000 -1.00000
vt 0 0
v 0.89000 0.71800 1.01500
vn 0.00000 0.00000 -1.00000
vt 1 0
v 0.87961 0.73600 1.01500
vn 0.00000 0.00000 -1.00000
vt 1 1
f 946/946/946 947/947/947 948/948/948
usemtl edge
v 0.01500 0.91399 0.94680
vn -1.00000 0.00000 0.00000
vt 0 0
v 0.01500 0.93080 0.94036
vn -1.00000 0.00000 0.00000
vt 1 0
v 0.01500 0.59101 0.05320
vn -1.00000 0.00000 0.00000
vt 1 1
f 949/949/949 950/950/950 951/951/951
usemtl edge
v 0.01500 0.91399 0.94680
vn -1.00000 0.00000 0.00000
vt 0 0
v 0.01500 0.59101 0.05320
vn -1.00000 0.00000 0.00000
vt 1 0
v 0.01500 0.57420 0.05964
vn -1.00000 0.00000 0.00000
vt 1 1
f 952/952/952 953/953/953 954/954/954
usemtl edge
v 0.01500 0.57420 0.05964
vn 0.00000 -0.35766 -0.93385
vt 0 0
v 0.01500 0.59101 0.05320
vn 0.00000 -0.35766 -0.93385
vt 1 0
v 0.98500 0.59101 0.05320
vn 0.00000 -0.35766 -0.93385
vt 1 1
f 955/955/955 956/956/956 957/957/957
usemtl edge
v 0.01500 0.57420 0.05964
vn 0.00000 -0.35766 -0.93385
vt 0 0
v 0.98500 0.59101 0.05320
vn 0.00000 -0.35766 -0.93385
vt 1 0
v 0.98500 0.57420 0.05964
vn 0.00000 -0.35766 -0.93385
vt 1 1
f 958/958/958 959/959/959 960/960/960
usemtl edge
v 0.98500 0.57420 0.05964
vn 1.00000 0.00000 -0.00000
vt 0 0
v 0.98500 0.59101 0.05320
vn 1.00000 0.00000 -0.00000
vt 1 0
v 0.98500 0.93080 0.94036
vn 1.00000 0.00000 -0.00000
vt 1 1
f 961/961/961 962/962/962 963/963/963
usemtl edge
v 0.98500 0.57420 0.05964
vn 1.00000 0.00000 -0.00000
vt 0 0
v 0.98500 0.93080 0.94036
vn 1.00000 0.00000 -0.00000
vt 1 0
v 0.98500 0.91399 0.94680
vn 1.00000 0.00000 -0.00000
vt 1 1
f 964/964/964 965/965/965 966/966/966
usemtl edge
v 0.98500 0.91399 0.94680
vn 0.00000 0.35766 0.93385
vt 0 0
v 0.98500 0.93080 0.94036
vn 0.00000 0.35766 0.93385
vt 1 0
v 0.01500 0.93080 0.94036
vn 0.00000 0.35766 0.93385
vt 1 1
f 967/967/967 968/968/968 969/969/969
usemtl edge
v 0.98500 0.91399 0.94680
vn 0.00000 0.35766 0.93385
vt 0 0
v 0.01500 0.93080 0.94036
vn 0.00000 0.35766 0.93385
vt 1 0
v 0.01500 0.91399 0.94680
vn 0.00000 0.35766 0.93385
vt 1 1
f 970/970/970 971/971/971 972/972/972
usemtl edge
v 0.01500 0.57420 0.05964
vn 0.00000 -0.93385 0.35766
vt 0 0
v 0.98500 0.57420 0.05964
vn 0.00000 -0.93385 0.35766
vt 1 0
v 0.98500 0.91399 0.94680
vn 0.00000 -0.93385 0.35766
vt 1 1
f 973/973/973 974/974/974 975/975/975
usemtl edge
v 0.01500 0.57420 0.05964
vn 0.00000 -0.93385 0.35766
vt 0 0
v 0.98500 0.91399 0.94680
vn 0.00000 -0.93385 0.35766
vt 1 0
v 0.01500 0.91399 0.94680
vn 0.00000 -0.93385 0.35766
vt 1 1
f 976/976/976 977/977/977 978/978/978
usemtl edge
v 0.98500 0.59101 0.05320
vn 0.00000 0.93385 -0.35766
vt 0 0
v 0.01500 0.59101 0.05320
vn 0.00000 0.93385 -0.35766
vt 1 0
v 0.01500 0.93080 0.94036
vn 0.00000 0.93385 -0.35766
vt 1 1
f 979/979/979 980/980/980 981/981/981
usemtl edge
v 0.98500 0.59101 0.05320
vn 0.00000 0.93385 -0.35766
vt 0 0
v 0.01500 0.93080 0.94036
vn 0.00000 0.93385 -0.35766
vt 1 0
v 0.98500 0.93080 0.94036
vn 0.00000 0.93385 -0.35766
vt 1 1
f 982/982/982 983/983/983 984/984/984
usemtl panel
v 0.03750 0.91283 0.92812
vn -1.00000 0.00000 0.00000
vt 0 0
v 0.03750 0.92964 0.92168
vn -1.00000 0.00000 0.00000
vt 1 0
v 0.03750 0.60417 0.07188
vn -1.00000 0.00000 0.00000
vt 1 1
f 985/985/985 986/986/986 987/987/987
usemtl panel
v 0.03750 0.91283 0.92812
vn -1.00000 0.00000 0.00000
vt 0 0
v 0.03750 0.60417 0.07188
vn -1.00000 0.00000 0.00000
vt 1 0
v 0.03750 0.58736 0.07832
vn -1.00000 0.00000 0.00000
vt 1 1
f 988/988/988 989/989/989 990/990/990
usemtl panel
v 0.03750 0.58736 0.07832
vn 0.00000 -0.35766 -0.93385
vt 0 0
v 0.03750 0.60417 0.07188
vn 0.00000 -0.35766 -0.93385
vt 1 0
v 0.96250 0.60417 0.07188
vn 0.00000 -0.35766 -0.93385
vt 1 1
f 991/991/991 992/992/992 993/993/993
usemtl panel
v 0.03750 0.58736 0.07832
vn 0.00000 -0.35766 -0.93385
vt 0 0
v 0.96250 0.60417 0.07188
vn 0.00000 -0.35766 -0.93385
vt 1 0
v 0.96250 0.58736 0.07832
vn 0.00000 -0.35766 -0.93385
vt 1 1
f 994/994/994 995/995/995 996/996/996
usemtl panel
v 0.96250 0.58736 0.07832
vn 1.00000 0.00000 -0.00000
vt 0 0
v 0.96250 0.60417 0.07188
vn 1.00000 0.00000 -0.00000
vt 1 0
v 0.96250 0.92964 0.92168
vn 1.00000 0.00000 -0.00000
vt 1 1
f 997/997/997 998/998/998 999/999/999
usemtl panel
v 0.96250 0.58736 0.07832
vn 1.00000 0.00000 -0.00000
vt 0 0
v 0.96250 0.92964 0.92168
vn 1.00000 0.00000 -0.00000
vt 1 0
v 0.96250 0.91283 0.92812
vn 1.00000 0.00000 -0.00000
vt 1 1
f 1000/1000/1000 1001/1001/1001 1002/1002/1002
usemtl panel
v 0.96250 0.91283 0.92812
vn 0.00000 0.35766 0.93385
vt 0 0
v 0.96250 0.92964 0.92168
vn 0.00000 0.35766 0.93385
vt 1 0
v 0.03750 0.92964 0.92168
vn 0.00000 0.35766 0.93385
vt 1 1
f 1003/1003/1003 1004/1004/1004 1005/1005/1005
usemtl panel
v 0.96250 0.91283 0.92812
vn 0.00000 0.35766 0.93385
vt 0 0
v 0.03750 0.92964 0.92168
vn 0.00000 0.35766 0.93385
vt 1 0
v 0.03750 0.91283 0.92812
vn 0.00000 0.35766 0.93385
vt 1 1
f 1006/1006/1006 1007/1007/1007 1008/1008/1008
usemtl panel
v 0.03750 0.58736 0.07832
vn 0.00000 -0.93385 0.35766
vt 0 0
v 0.96250 0.58736 0.07832
vn 0.00000 -0.93385 0.35766
vt 1 0
v 0.96250 0.91283 0.92812
vn 0.00000 -0.93385 0.35766
vt 1 1
f 1009/1009/1009 1010/1010/1010 1011/1011/1011
usemtl panel
v 0.03750 0.58736 0.07832
vn 0.00000 -0.93385 0.35766
vt 0 0
v 0.96250 0.91283 0.92812
vn 0.00000 -0.93385 0.35766
vt 1 0
v 0.03750 0.91283 0.92812
vn 0.00000 -0.93385 0.35766
vt 1 1
f 1012/1012/1012 1013/1013/1013 1014/1014/1014
usemtl panel
v 0.96250 0.60417 0.07188
vn 0.00000 0.93385 -0.35766
vt 0 0
v 0.03750 0.60417 0.07188
vn 0.00000 0.93385 -0.35766
vt 1 0
v 0.03750 0.92964 0.92168
vn 0.00000 0.93385 -0.35766
vt 1 1
f 1015/1015/1015 1016/1016/1016 1017/1017/1017
usemtl panel
v 0.96250 0.60417 0.07188
vn 0.00000 0.93385 -0.35766
vt 0 0
v 0.03750 0.92964 0.92168
vn 0.00000 0.93385 -0.35766
vt 1 0
v 0.96250 0.92964 0.92168
vn 0.00000 0.93385 -0.35766
vt 1 1
f 1018/1018/1018 1019/1019/1019 1020/1020/1020
usemtl steel
v 0.07862 0.62961 0.10977
vn 0.25882 0.34548 0.90203
vt 0 0
v 0.07500 0.62978 0.11021
vn -0.00000 0.35767 0.93385
vt 1 0
v 0.07500 0.62231 0.11307
vn -0.00000 0.35767 0.93385
vt 1 1
f 1021/1021/1021 1022/1022/1022 1023/1023/1023
usemtl steel
v 0.07862 0.62961 0.10977
vn 0.25882 0.34548 0.90203
vt 0 0
v 0.07500 0.62231 0.11307
vn -0.00000 0.35767 0.93385
vt 1 0
v 0.07862 0.62214 0.11263
vn 0.25882 0.34548 0.90203
vt 1 1
f 1024/1024/1024 1025/1025/1025 1026/1026/1026
usemtl steel
v 0.07138 0.62961 0.10977
vn -0.25882 0.34548 0.90203
vt 0 0
v 0.06800 0.62911 0.10846
vn -0.50000 0.30975 0.80874
vt 1 0
v 0.06800 0.62164 0.11132
vn -0.50000 0.30975 0.80874
vt 1 1
f 1027/1027/1027 1028/1028/1028 1029/1029/1029
usemtl steel
v 0.07138 0.62961 0.10977
vn -0.25882 0.34548 0.90203
vt 0 0
v 0.06800 0.62164 0.11132
vn -0.50000 0.30975 0.80874
vt 1 0
v 0.07138 0.62214 0.11263
vn -0.25882 0.34548 0.90203
vt 1 1
f 1030/1030/1030 1031/1031/1031 1032/1032/1032
usemtl steel
v 0.06800 0.62911 0.10846
vn -0.50000 0.30975 0.80874
vt 0 0
v 0.06510 0.62831 0.10638
vn -0.70711 0.25291 0.66033
vt 1 0
v 0.06510 0.62084 0.10924
vn -0.70711 0.25291 0.66033
vt 1 1
f 1033/1033/1033 1034/1034/1034 1035/1035/1035
usemtl steel
v 0.06800 0.62911 0.10846
vn -0.50000 0.30975 0.80874
vt 0 0
v 0.06510 0.62084 0.10924
vn -0.70711 0.25291 0.66033
vt 1 0
v 0.06800 0.62164 0.11132
vn -0.50000 0.30975 0.80874
vt 1 1
f 1036/1036/1036 1037/1037/1037 1038/1038/1038
usemtl steel
v 0.06510 0.62831 0.10638
vn -0.70711 0.25291 0.66033
vt 0 0
v 0.06288 0.62727 0.10368
vn -0.86603 0.17883 0.46692
vt 1 0
v 0.06288 0.61980 0.10654
vn -0.86603 0.17883 0.46692
vt 1 1
f 1039/1039/1039 1040/1040/1040 1041/1041/1041
usemtl steel
v 0.06510 0.62831 0.10638
vn -0.70711 0.25291 0.66033
vt 0 0
v 0.06288 0.61980 0.10654
vn -0.86603 0.17883 0.46692
vt 1 0
v 0.06510 0.62084 0.10924
vn -0.70711 0.25291 0.66033
vt 1 1
f 1042/1042/1042 1043/1043/1043 1044/1044/1044
usemtl steel
v 0.06288 0.62727 0.10368
vn -0.86603 0.17883 0.46692
vt 0 0
v 0.06148 0.62607 0.10052
vn -0.96593 0.09257 0.24170
vt 1 0
v 0.06148 0.61860 0.10338
vn -0.96592 0.09257 0.24170
vt 1 1
f 1045/1045/1045 1046/1046/1046 1047/1047/1047
usemtl steel
v 0.06288 0.62727 0.10368
vn -0.86603 0.17883 0.46692
vt 0 0
v 0.06148 0.61860 0.10338
vn -0.96592 0.09257 0.24170
vt 1 0
v 0.06288 0.61980 0.10654
vn -0.86603 0.17883 0.46692
vt 1 1
f 1048/1048/1048 1049/1049/1049 1050/1050/1050
usemtl steel
v 0.06148 0.62607 0.10052
vn -0.96593 0.09257 0.24170
vt 0 0
v 0.06100 0.62477 0.09714
vn -1.00000 0.00000 0.00000
vt 1 0
v 0.06100 0.61730 0.10000
vn -1.00000 -0.00000 0.00000
vt 1 1
f 1051/1051/1051 1052/1052/1052 1053/1053/1053
usemtl steel
v 0.06148 0.62607 0.10052
vn -0.96593 0.09257 0.24170
vt 0 0
v 0.06100 0.61730 0.10000
vn -1.00000 -0.00000 0.00000
vt 1 0
v 0.06148 0.61860 0.10338
vn -0.96592 0.09257 0.24170
vt 1 1
f 1054/1054/1054 1055/1055/1055 1056/1056/1056
usemtl steel
v 0.06100 0.62477 0.09714
vn -1.00000 0.00000 0.00000
vt 0 0
v 0.06148 0.62347 0.09375
vn -0.96593 -0.09257 -0.24170
vt 1 0
v 0.06148 0.61600 0.09662
vn -0.96593 -0.09257 -0.24170
vt 1 1
f 1057/1057/1057 1058/1058/1058 1059/1059/1059
usemtl steel
v 0.06100 0.62477 0.09714
vn -1.00000 0.00000 0.00000
vt 0 0
v 0.06148 0.61600 0.09662
vn -0.96593 -0.09257 -0.24170
vt 1 0
v 0.06100 0.61730 0.10000
vn -1.00000 -0.00000 0.00000
vt 1 1
f 1060/1060/1060 1061/1061/1061 1062/1062/1062
usemtl steel
v 0.06148 0.62347 0.09375
vn -0.96593 -0.09257 -0.24170
vt 0 0
v 0.06288 0.62227 0.09060
vn -0.86603 -0.17883 -0.46692
vt 1 0
v 0.06288 0.61480 0.09346
vn -0.86603 -0.17883 -0.46692
vt 1 1
f 1063/1063/1063 1064/1064/1064 1065/1065/1065
usemtl steel
v 0.06148 0.62347 0.09375
vn -0.96593 -0.09257 -0.24170
vt 0 0
v 0.06288 0.61480 0.09346
vn -0.86603 -0.17883 -0.46692
vt 1 0
v 0.06148 0.61600 0.09662
vn -0.96593 -0.09257 -0.24170
vt 1 1
f 1066/1066/1066 1067/1067/1067 1068/1068/1068
usemtl steel
v 0.06288 0.62227 0.09060
vn -0.86603 -0.17883 -0.46692
vt 0 0
v 0.06510 0.62123 0.08789
vn -0.70711 -0.25291 -0.66033
vt 1 0
v 0.06510 0.61376 0.09076
vn -0.70711 -0.25291 -0.66033
vt 1 1
f 1069/1069/1069 1070/1070/1070 1071/1071/1071
usemtl steel
v 0.06288 0.62227 0.09060
vn -0.86603 -0.17883 -0.46692
vt 0 0
v 0.06510 0.61376 0.09076
vn -0.70711 -0.25291 -0.66033
vt 1 0
v 0.06288 0.61480 0.09346
vn -0.86603 -0.17883 -0.46692
vt 1 1
f 1072/1072/1072 1073/1073/1073 1074/1074/1074
usemtl steel
v 0.06510 0.62123 0.08789
vn -0.70711 -0.25291 -0.66033
vt 0 0
v 0.06800 0.62043 0.08582
vn -0.49999 -0.30975 -0.80874
vt 1 0
v 0.06800 0.61296 0.08868
vn -0.49999 -0.30975 -0.80874
vt 1 1
f 1075/1075/1075 1076/1076/1076 1077/1077/1077
usemtl steel
v 0.06510 0.62123 0.08789
vn -0.70711 -0.25291 -0.66033
vt 0 0
v 0.06800 0.61296 0.08868
vn -0.49999 -0.30975 -0.80874
vt 1 0
v 0.06510 0.61376 0.09076
vn -0.70711 -0.25291 -0.66033
vt 1 1
f 1078/1078/1078 1079/1079/1079 1080/1080/1080
usemtl steel
v 0.06800 0.62043 0.08582
vn -0.49999 -0.30975 -0.80874
vt 0 0
v 0.07138 0.61993 0.08451
vn -0.25882 -0.34548 -0.90203
vt 1 0
v 0.07138 0.61246 0.08737
vn -0.25882 -0.34548 -0.90203
vt 1 1
f 1081/1081/1081 1082/1082/1082 1083/1083/1083
usemtl steel
v 0.06800 0.62043 0.08582
vn -0.49999 -0.30975 -0.80874
vt 0 0
v 0.07138 0.61246 0.08737
vn -0.25882 -0.34548 -0.90203
vt 1 0
v 0.06800 0.61296 0.08868
vn -0.49999 -0.30975 -0.80874
vt 1 1
f 1084/1084/1084 1085/1085/1085 1086/1086/1086
usemtl steel
v 0.07138 0.61993 0.08451
vn -0.25882 -0.34548 -0.90203
vt 0 0
v 0.07500 0.61976 0.08406
vn 0.00000 -0.35766 -0.93385
vt 1 0
v 0.07500 0.61229 0.08693
vn 0.00000 -0.35766 -0.93385
vt 1 1
f 1087/1087/1087 1088/1088/1088 1089/1089/1089
usemtl steel
v 0.07138 0.61993 0.08451
vn -0.25882 -0.34548 -0.90203
vt 0 0
v 0.07500 0.61229 0.08693
vn 0.00000 -0.35766 -0.93385
vt 1 0
v 0.07138 0.61246 0.08737
vn -0.25882 -0.34548 -0.90203
vt 1 1
f 1090/1090/1090 1091/1091/1091 1092/1092/1092
usemtl steel
v 0.07500 0.61976 0.08406
vn 0.00000 -0.35766 -0.93385
vt 0 0
v 0.07862 0.61993 0.08451
vn 0.25882 -0.34548 -0.90203
vt 1 0
v 0.07862 0.61246 0.08737
vn 0.25882 -0.34548 -0.90203
vt 1 1
f 1093/1093/1093 1094/1094/1094 1095/1095/1095
usemtl steel
v 0.07500 0.61976 0.08406
vn 0.00000 -0.35766 -0.93385
vt 0 0
v 0.07862 0.61246 0.08737
vn 0.25882 -0.34548 -0.90203
vt 1 0
v 0.07500 0.61229 0.08693
vn 0.00000 -0.35766 -0.93385
vt 1 1
f 1096/1096/1096 1097/1097/1097 1098/1098/1098
usemtl steel
v 0.07862 0.61993 0.08451
vn 0.25882 -0.34548 -0.90203
vt 0 0
v 0.08200 0.62043 0.08582
vn 0.50000 -0.30975 -0.80874
vt 1 0
v 0.08200 0.61296 0.08868
vn 0.50000 -0.30975 -0.80874
vt 1 1
f 1099/1099/1099 1100/1100/1100 1101/1101/1101
usemtl steel
v 0.07862 0.61993 0.08451
vn 0.25882 -0.34548 -0.90203
vt 0 0
v 0.08200 0.61296 0.08868
vn 0.50000 -0.30975 -0.80874
vt 1 0
v 0.07862 0.61246 0.08737
vn 0.25882 -0.34548 -0.90203
vt 1 1
f 1102/1102/1102 1103/1103/1103 1104/1104/1104
usemtl steel
v 0.08200 0.62043 0.08582
vn 0.50000 -0.30975 -0.80874
vt 0 0
v 0.08490 0.62123 0.08789
vn 0.70711 -0.25291 -0.66033
vt 1 0
v 0.08490 0.61376 0.09076
vn 0.70711 -0.25291 -0.66033
vt 1 1
f 1105/1105/1105 1106/1106/1106 1107/1107/1107
usemtl steel
v 0.08200 0.62043 0.08582
vn 0.50000 -0.30975 -0.80874
vt 0 0
v 0.08490 0.61376 0.09076
vn 0.70711 -0.25291 -0.66033
vt 1 0
v 0.08200 0.61296 0.08868
vn 0.50000 -0.30975 -0.80874
vt 1 1
f 1108/1108/1108 1109/1109/1109 1110/1110/1110
usemtl steel
v 0.08490 0.62123 0.08789
vn 0.70711 -0.25291 -0.66033
vt 0 0
v 0.08712 0.62227 0.09060
vn 0.86603 -0.17883 -0.46692
vt 1 0
v 0.08712 0.61480 0.09346
vn 0.86603 -0.17883 -0.46692
vt 1 1
f 1111/1111/1111 1112/1112/1112 1113/1113/1113
usemtl steel
v 0.08490 0.62123 0.08789
vn 0.70711 -0.25291 -0.66033
vt 0 0
v 0.08712 0.61480 0.09346
vn 0.86603 -0.17883 -0.46692
vt 1 0
v 0.08490 0.61376 0.09076
vn 0.70711 -0.25291 -0.66033
vt 1 1
f 1114/1114/1114 1115/1115/1115 1116/1116/1116
usemtl steel
v 0.08712 0.62227 0.09060
vn 0.86603 -0.17883 -0.46692
vt 0 0
v 0.08852 0.62347 0.09375
vn 0.96593 -0.09257 -0.24170
vt 1 0
v 0.08852 0.61600 0.09662
vn 0.96593 -0.09257 -0.24170
vt 1 1
f 1117/1117/1117 1118/1118/1118 1119/1119/1119
usemtl steel
v 0.08712 0.62227 0.09060
vn 0.86603 -0.17883 -0.46692
vt 0 0
v 0.08852 0.61600 0.09662
vn 0.96593 -0.09257 -0.24170
vt 1 0
v 0.08712 0.61480 0.09346
vn 0.86603 -0.17883 -0.46692
vt 1 1
f 1120/1120/1120 1121/1121/1121 1122/1122/1122
usemtl steel
v 0.08852 0.62347 0.09375
vn 0.96593 -0.09257 -0.24170
vt 0 0
v 0.08900 0.62477 0.09714
vn 1.00000 0.00000 0.00000
vt 1 0
v 0.08900 0.61730 0.10000
vn 1.00000 0.00000 -0.00000
vt 1 1
f 1123/1123/1123 1124/1124/1124 1125/1125/1125
usemtl steel
v 0.08852 0.62347 0.09375
vn 0.96593 -0.09257 -0.24170
vt 0 0
v 0.08900 0.61730 0.10000
vn 1.00000 0.00000 -0.00000
vt 1 0
v 0.08852 0.61600 0.09662
vn 0.96593 -0.09257 -0.24170
vt 1 1
f 1126/1126/1126 1127/1127/1127 1128/1128/1128
usemtl steel
v 0.08900 0.62477 0.09714
vn 1.00000 0.00000 0.00000
vt 0 0
v 0.08852 0.62607 0.10052
vn 0.96593 0.09257 0.24169
vt 1 0
v 0.08852 0.61860 0.10338
vn 0.96593 0.09257 0.24169
vt 1 1
f 1129/1129/1129 1130/1130/1130 1131/1131/1131
usemtl steel
v 0.08900 0.62477 0.09714
vn 1.00000 0.00000 0.00000
vt 0 0
v 0.08852 0.61860 0.10338
vn 0.96593 0.09257 0.24169
vt 1 0
v 0.08900 0.61730 0.10000
vn 1.00000 0.00000 -0.00000
vt 1 1
f 1132/1132/1132 1133/1133/1133 1134/1134/1134
usemtl steel
v 0.08852 0.62607 0.10052
vn 0.96593 0.09257 0.24169
vt 0 0
v 0.08712 0.62727 0.10368
vn 0.86603 0.17883 0.46692
vt 1 0
v 0.08712 0.61980 0.10654
vn 0.86603 0.17883 0.46692
vt 1 1
f 1135/1135/1135 1136/1136/1136 1137/1137/1137
usemtl steel
v 0.08852 0.62607 0.10052
vn 0.96593 0.09257 0.24169
vt 0 0
v 0.08712 0.61980 0.10654
vn 0.86603 0.17883 0.46692
vt 1 0
v 0.08852 0.61860 0.10338
vn 0.96593 0.09257 0.24169
vt 1 1
f 1138/1138/1138 1139/1139/1139 1140/1140/1140
usemtl steel
v 0.08712 0.62727 0.10368
vn 0.86603 0.17883 0.46692
vt 0 0
v 0.08490 0.62831 0.10638
vn 0.70711 0.25291 0.66033
vt 1 0
v 0.08490 0.62084 0.10924
vn 0.70711 0.25291 0.66033
vt 1 1
f 1141/1141/1141 1142/1142/1142 1143/1143/1143
usemtl steel
v 0.08712 0.62727 0.10368
vn 0.86603 0.17883 0.46692
vt 0 0
v 0.08490 0.62084 0.10924
vn 0.70711 0.25291 0.66033
vt 1 0
v 0.08712 0.61980 0.10654
vn 0.86603 0.17883 0.46692
vt 1 1
f 1144/1144/1144 1145/1145/1145 1146/1146/1146
usemtl steel
v 0.08490 0.62831 0.10638
vn 0.70711 0.25291 0.66033
vt 0 0
v 0.08200 0.62911 0.10846
vn 0.50000 0.30975 0.80874
vt 1 0
v 0.08200 0.62164 0.11132
vn 0.50000 0.30975 0.80874
vt 1 1
f 1147/1147/1147 1148/1148/1148 1149/1149/1149
usemtl steel
v 0.08490 0.62831 0.10638
vn 0.70711 0.25291 0.66033
vt 0 0
v 0.08200 0.62164 0.11132
vn 0.50000 0.30975 0.80874
vt 1 0
v 0.08490 0.62084 0.10924
vn 0.70711 0.25291 0.66033
vt 1 1
f 1150/1150/1150 1151/1151/1151 1152/1152/1152
usemtl steel
v 0.07138 0.62961 0.10977
vn -0.00000 0.93385 -0.35767
vt 0 0
v 0.07500 0.62978 0.11021
vn -0.00000 0.93385 -0.35767
vt 1 0
v 0.07862 0.62961 0.10977
vn -0.00000 0.93385 -0.35767
vt 1 1
f 1153/1153/1153 1154/1154/1154 1155/1155/1155
usemtl steel
v 0.07862 0.62961 0.10977
vn -0.00000 0.93385 -0.35767
vt 0 0
v 0.08200 0.62911 0.10846
vn -0.00000 0.93385 -0.35767
vt 1 0
v 0.08490 0.62831 0.10638
vn -0.00000 0.93385 -0.35767
vt 1 1
f 1156/1156/1156 1157/1157/1157 1158/1158/1158
usemtl steel
v 0.08490 0.62831 0.10638
vn -0.00000 0.93385 -0.35767
vt 0 0
v 0.08712 0.62727 0.10368
vn -0.00000 0.93385 -0.35767
vt 1 0
v 0.08852 0.62607 0.10052
vn -0.00000 0.93385 -0.35767
vt 1 1
f 1159/1159/1159 1160/1160/1160 1161/1161/1161
usemtl steel
v 0.08852 0.62607 0.10052
vn -0.00000 0.93385 -0.35767
vt 0 0
v 0.08900 0.62477 0.09714
vn -0.00000 0.93385 -0.35767
vt 1 0
v 0.08852 0.62347 0.09375
vn -0.00000 0.93385 -0.35767
vt 1 1
f 1162/1162/1162 1163/1163/1163 1164/1164/1164
usemtl steel
v 0.08852 0.62347 0.09375
vn -0.00000 0.93385 -0.35767
vt 0 0
v 0.08712 0.62227 0.09060
vn -0.00000 0.93385 -0.35767
vt 1 0
v 0.08490 0.62123 0.08789
vn -0.00000 0.93385 -0.35767
vt 1 1
f 1165/1165/1165 1166/1166/1166 1167/1167/1167
usemtl steel
v 0.08490 0.62123 0.08789
vn -0.00000 0.93385 -0.35767
vt 0 0
v 0.08200 0.62043 0.08582
vn -0.00000 0.93385 -0.35767
vt 1 0
v 0.07862 0.61993 0.08451
vn -0.00000 0.93385 -0.35767
vt 1 1
f 1168/1168/1168 1169/1169/1169 1170/1170/1170
usemtl steel
v 0.07862 0.61993 0.08451
vn -0.00000 0.93385 -0.35767
vt 0 0
v 0.07500 0.61976 0.08406
vn -0.00000 0.93385 -0.35767
vt 1 0
v 0.07138 0.61993 0.08451
vn -0.00000 0.93385 -0.35767
vt 1 1
f 1171/1171/1171 1172/1172/1172 1173/1173/1173
usemtl steel
v 0.07138 0.61993 0.08451
vn -0.00000 0.93385 -0.35767
vt 0 0
v 0.06800 0.62043 0.08582
vn -0.00000 0.93385 -0.35767
vt 1 0
v 0.06510 0.62123 0.08789
vn -0.00000 0.93385 -0.35767
vt 1 1
f 1174/1174/1174 1175/1175/1175 1176/1176/1176
usemtl steel
v 0.06510 0.62123 0.08789
vn -0.00000 0.93385 -0.35767
vt 0 0
v 0.06288 0.62227 0.09060
vn -0.00000 0.93385 -0.35767
vt 1 0
v 0.06148 0.62347 0.09375
vn -0.00000 0.93385 -0.35767
vt 1 1
f 1177/1177/1177 1178/1178/1178 1179/1179/1179
usemtl steel
v 0.06148 0.62347 0.09375
vn -0.00000 0.93385 -0.35767
vt 0 0
v 0.06100 0.62477 0.09714
vn -0.00000 0.93385 -0.35767
vt 1 0
v 0.06148 0.62607 0.10052
vn -0.00000 0.93385 -0.35767
vt 1 1
f 1180/1180/1180 1181/1181/1181 1182/1182/1182
usemtl steel
v 0.06148 0.62607 0.10052
vn -0.00000 0.93385 -0.35767
vt 0 0
v 0.06288 0.62727 0.10368
vn -0.00000 0.93385 -0.35767
vt 1 0
v 0.06510 0.62831 0.10638
vn -0.00000 0.93385 -0.35767
vt 1 1
f 1183/1183/1183 1184/1184/1184 1185/1185/1185
usemtl steel
v 0.06510 0.62831 0.10638
vn -0.00000 0.93385 -0.35767
vt 0 0
v 0.06800 0.62911 0.10846
vn -0.00000 0.93385 -0.35767
vt 1 0
v 0.07138 0.62961 0.10977
vn -0.00000 0.93385 -0.35767
vt 1 1
f 1186/1186/1186 1187/1187/1187 1188/1188/1188
usemtl steel
v 0.07138 0.62961 0.10977
vn -0.00000 0.93385 -0.35767
vt 0 0
v 0.07862 0.62961 0.10977
vn -0.00000 0.93385 -0.35767
vt 1 0
v 0.08490 0.62831 0.10638
vn -0.00000 0.93385 -0.35767
vt 1 1
f 1189/1189/1189 1190/1190/1190 1191/1191/1191
usemtl steel
v 0.08490 0.62831 0.10638
vn -0.00000 0.93385 -0.35767
vt 0 0
v 0.08852 0.62607 0.10052
vn -0.00000 0.93385 -0.35767
vt 1 0
v 0.08852 0.62347 0.09375
vn -0.00000 0.93385 -0.35767
vt 1 1
f 1192/1192/1192 1193/1193/1193 1194/1194/1194
usemtl steel
v 0.08852 0.62347 0.09375
vn -0.00000 0.93385 -0.35767
vt 0 0
v 0.08490 0.62123 0.08789
vn -0.00000 0.93385 -0.35767
vt 1 0
v 0.07862 0.61993 0.08451
vn -0.00000 0.93385 -0.35767
vt 1 1
f 1195/1195/1195 1196/1196/1196 1197/1197/1197
usemtl steel
v 0.07862 0.61993 0.08451
vn -0.00000 0.93385 -0.35767
vt 0 0
v 0.07138 0.61993 0.08451
vn -0.00000 0.93385 -0.35767
vt 1 0
v 0.06510 0.62123 0.08789
vn -0.00000 0.93385 -0.35767
vt 1 1
f 1198/1198/1198 1199/1199/1199 1200/1200/1200
usemtl steel
v 0.06510 0.62123 0.08789
vn -0.00000 0.93385 -0.35767
vt 0 0
v 0.06148 0.62347 0.09375
vn -0.00000 0.93385 -0.35767
vt 1 0
v 0.06148 0.62607 0.10052
vn -0.00000 0.93385 -0.35767
vt 1 1
f 1201/1201/1201 1202/1202/1202 1203/1203/1203
usemtl steel
v 0.06148 0.62607 0.10052
vn -0.00000 0.93385 -0.35767
vt 0 0
v 0.06510 0.62831 0.10638
vn -0.00000 0.93385 -0.35767
vt 1 0
v 0.07138 0.62961 0.10977
vn -0.00000 0.93385 -0.35767
vt 1 1
f 1204/1204/1204 1205/1205/1205 1206/1206/1206
usemtl steel
v 0.07138 0.62961 0.10977
vn -0.00000 0.93385 -0.35767
vt 0 0
v 0.08490 0.62831 0.10638
vn -0.00000 0.93385 -0.35767
vt 1 0
v 0.08852 0.62347 0.09375
vn -0.00000 0.93385 -0.35767
vt 1 1
f 1207/1207/1207 1208/1208/1208 1209/1209/1209
usemtl steel
v 0.08852 0.62347 0.09375
vn -0.00000 0.93385 -0.35767
vt 0 0
v 0.07862 0.61993 0.08451
vn -0.00000 0.93385 -0.35767
vt 1 0
v 0.06510 0.62123 0.08789
vn -0.00000 0.93385 -0.35767
vt 1 1
f 1210/1210/1210 1211/1211/1211 1212/1212/1212
usemtl steel
v 0.06510 0.62123 0.08789
vn -0.00000 0.93385 -0.35767
vt 0 0
v 0.06148 0.62607 0.10052
vn -0.00000 0.93385 -0.35767
vt 1 0
v 0.07138 0.62961 0.10977
vn -0.00000 0.93385 -0.35767
vt 1 1
f 1213/1213/1213 1214/1214/1214 1215/1215/1215
usemtl steel
v 0.08852 0.62347 0.09375
vn -0.00000 0.93385 -0.35767
vt 0 0
v 0.06510 0.62123 0.08789
vn -0.00000 0.93385 -0.35767
vt 1 0
v 0.07138 0.62961 0.10977
vn -0.00000 0.93385 -0.35767
vt 1 1
f 1216/1216/1216 1217/1217/1217 1218/1218/1218
usemtl steel
v 0.08200 0.62911 0.10846
vn 0.50000 0.30975 0.80874
vt 0 0
v 0.07862 0.62961 0.10977
vn 0.25882 0.34548 0.90203
vt 1 0
v 0.07862 0.62214 0.11263
vn 0.25882 0.34548 0.90203
vt 1 1
f 1219/1219/1219 1220/1220/1220 1221/1221/1221
usemtl steel
v 0.08200 0.62911 0.10846
vn 0.50000 0.30975 0.80874
vt 0 0
v 0.07862 0.62214 0.11263
vn 0.25882 0.34548 0.90203
vt 1 0
v 0.08200 0.62164 0.11132
vn 0.50000 0.30975 0.80874
vt 1 1
f 1222/1222/1222 1223/1223/1223 1224/1224/1224
usemtl steel
v 0.07862 0.62214 0.11263
vn -0.00000 -0.93385 0.35767
vt 0 0
v 0.07500 0.62231 0.11307
vn -0.00000 -0.93385 0.35767
vt 1 0
v 0.07138 0.62214 0.11263
vn -0.00000 -0.93385 0.35767
vt 1 1
f 1225/1225/1225 1226/1226/1226 1227/1227/1227
usemtl steel
v 0.07138 0.62214 0.11263
vn -0.00000 -0.93385 0.35767
vt 0 0
v 0.06800 0.62164 0.11132
vn -0.00000 -0.93385 0.35767
vt 1 0
v 0.06510 0.62084 0.10924
vn -0.00000 -0.93385 0.35767
vt 1 1
f 1228/1228/1228 1229/1229/1229 1230/1230/1230
usemtl steel
v 0.06510 0.62084 0.10924
vn -0.00000 -0.93385 0.35767
vt 0 0
v 0.06288 0.61980 0.10654
vn -0.00000 -0.93385 0.35767
vt 1 0
v 0.06148 0.61860 0.10338
vn -0.00000 -0.93385 0.35767
vt 1 1
f 1231/1231/1231 1232/1232/1232 1233/1233/1233
usemtl steel
v 0.06148 0.61860 0.10338
vn -0.00000 -0.93385 0.35767
vt 0 0
v 0.06100 0.61730 0.10000
vn -0.00000 -0.93385 0.35767
vt 1 0
v 0.06148 0.61600 0.09662
vn -0.00000 -0.93385 0.35767
vt 1 1
f 1234/1234/1234 1235/1235/1235 1236/1236/1236
usemtl steel
v 0.06148 0.61600 0.09662
vn -0.00000 -0.93385 0.35767
vt 0 0
v 0.06288 0.61480 0.09346
vn -0.00000 -0.93385 0.35767
vt 1 0
v 0.06510 0.61376 0.09076
vn -0.00000 -0.93385 0.35767
vt 1 1
f 1237/1237/1237 1238/1238/1238 1239/1239/1239
usemtl steel
v 0.06510 0.61376 0.09076
vn -0.00000 -0.93385 0.35767
vt 0 0
v 0.06800 0.61296 0.08868
vn -0.00000 -0.93385 0.35767
vt 1 0
v 0.07138 0.61246 0.08737
vn -0.00000 -0.93385 0.35767
vt 1 1
f 1240/1240/1240 1241/1241/1241 1242/1242/1242
usemtl steel
v 0.07138 0.61246 0.08737
vn -0.00000 -0.93385 0.35767
vt 0 0
v 0.07500 0.61229 0.08693
vn -0.00000 -0.93385 0.35767
vt 1 0
v 0.07862 0.61246 0.08737
vn -0.00000 -0.93385 0.35767
vt 1 1
f 1243/1243/1243 1244/1244/1244 1245/1245/1245
usemtl steel
v 0.07862 0.61246 0.08737
vn -0.00000 -0.93385 0.35767
vt 0 0
v 0.08200 0.61296 0.08868
vn -0.00000 -0.93385 0.35767
vt 1 0
v 0.08490 0.61376 0.09076
vn -0.00000 -0.93385 0.35767
vt 1 1
f 1246/1246/1246 1247/1247/1247 1248/1248/1248
usemtl steel
v 0.08490 0.61376 0.09076
vn -0.00000 -0.93385 0.35767
vt 0 0
v 0.08712 0.61480 0.09346
vn -0.00000 -0.93385 0.35767
vt 1 0
v 0.08852 0.61600 0.09662
vn -0.00000 -0.93385 0.35767
vt 1 1
f 1249/1249/1249 1250/1250/1250 1251/1251/1251
usemtl steel
v 0.08852 0.61600 0.09662
vn -0.00000 -0.93385 0.35767
vt 0 0
v 0.08900 0.61730 0.10000
vn -0.00000 -0.93385 0.35767
vt 1 0
v 0.08852 0.61860 0.10338
vn -0.00000 -0.93385 0.35767
vt 1 1
f 1252/1252/1252 1253/1253/1253 1254/1254/1254
usemtl steel
v 0.08852 0.61860 0.10338
vn -0.00000 -0.93385 0.35767
vt 0 0
v 0.08712 0.61980 0.10654
vn -0.00000 -0.93385 0.35767
vt 1 0
v 0.08490 0.62084 0.10924
vn -0.00000 -0.93385 0.35767
vt 1 1
f 1255/1255/1255 1256/1256/1256 1257/1257/1257
usemtl steel
v 0.08490 0.62084 0.10924
vn -0.00000 -0.93385 0.35767
vt 0 0
v 0.08200 0.62164 0.11132
vn -0.00000 -0.93385 0.35767
vt 1 0
v 0.07862 0.62214 0.11263
vn -0.00000 -0.93385 0.35767
vt 1 1
f 1258/1258/1258 1259/1259/1259 1260/1260/1260
usemtl steel
v 0.07862 0.62214 0.11263
vn -0.00000 -0.93385 0.35767
vt 0 0
v 0.07138 0.62214 0.11263
vn -0.00000 -0.93385 0.35767
vt 1 0
v 0.06510 0.62084 0.10924
vn -0.00000 -0.93385 0.35767
vt 1 1
f 1261/1261/1261 1262/1262/1262 1263/1263/1263
usemtl steel
v 0.06510 0.62084 0.10924
vn -0.00000 -0.93385 0.35767
vt 0 0
v 0.06148 0.61860 0.10338
vn -0.00000 -0.93385 0.35767
vt 1 0
v 0.06148 0.61600 0.09662
vn -0.00000 -0.93385 0.35767
vt 1 1
f 1264/1264/1264 1265/1265/1265 1266/1266/1266
usemtl steel
v 0.06148 0.61600 0.09662
vn -0.00000 -0.93385 0.35767
vt 0 0
v 0.06510 0.61376 0.09076
vn -0.00000 -0.93385 0.35767
vt 1 0
v 0.07138 0.61246 0.08737
vn -0.00000 -0.93385 0.35767
vt 1 1
f 1267/1267/1267 1268/1268/1268 1269/1269/1269
usemtl steel
v 0.07138 0.61246 0.08737
vn -0.00000 -0.93385 0.35767
vt 0 0
v 0.07862 0.61246 0.08737
vn -0.00000 -0.93385 0.35767
vt 1 0
v 0.08490 0.61376 0.09076
vn -0.00000 -0.93385 0.35767
vt 1 1
f 1270/1270/1270 1271/1271/1271 1272/1272/1272
usemtl steel
v 0.08490 0.61376 0.09076
vn -0.00000 -0.93385 0.35767
vt 0 0
v 0.08852 0.61600 0.09662
vn -0.00000 -0.93385 0.35767
vt 1 0
v 0.08852 0.61860 0.10338
vn -0.00000 -0.93385 0.35767
vt 1 1
f 1273/1273/1273 1274/1274/1274 1275/1275/1275
usemtl steel
v 0.08852 0.61860 0.10338
vn -0.00000 -0.93385 0.35767
vt 0 0
v 0.08490 0.62084 0.10924
vn -0.00000 -0.93385 0.35767
vt 1 0
v 0.07862 0.62214 0.11263
vn -0.00000 -0.93385 0.35767
vt 1 1
f 1276/1276/1276 1277/1277/1277 1278/1278/1278
usemtl steel
v 0.07862 0.62214 0.11263
vn -0.00000 -0.93385 0.35767
vt 0 0
v 0.06510 0.62084 0.10924
vn -0.00000 -0.93385 0.35767
vt 1 0
v 0.06148 0.61600 0.09662
vn -0.00000 -0.93385 0.35767
vt 1 1
f 1279/1279/1279 1280/1280/1280 1281/1281/1281
usemtl steel
v 0.06148 0.61600 0.09662
vn -0.00000 -0.93385 0.35767
vt 0 0
v 0.07138 0.61246 0.08737
vn -0.00000 -0.93385 0.35767
vt 1 0
v 0.08490 0.61376 0.09076
vn -0.00000 -0.93385 0.35767
vt 1 1
f 1282/1282/1282 1283/1283/1283 1284/1284/1284
usemtl steel
v 0.08490 0.61376 0.09076
vn -0.00000 -0.93385 0.35767
vt 0 0
v 0.08852 0.61860 0.10338
vn -0.00000 -0.93385 0.35767
vt 1 0
v 0.07862 0.62214 0.11263
vn -0.00000 -0.93385 0.35767
vt 1 1
f 1285/1285/1285 1286/1286/1286 1287/1287/1287
usemtl steel
v 0.06148 0.61600 0.09662
vn -0.00000 -0.93385 0.35767
vt 0 0
v 0.08490 0.61376 0.09076
vn -0.00000 -0.93385 0.35767
vt 1 0
v 0.07862 0.62214 0.11263
vn -0.00000 -0.93385 0.35767
vt 1 1
f 1288/1288/1288 1289/1289/1289 1290/1290/1290
usemtl steel
v 0.07500 0.62978 0.11021
vn -0.00000 0.35767 0.93385
vt 0 0
v 0.07138 0.62961 0.10977
vn -0.25882 0.34548 0.90203
vt 1 0
v 0.07138 0.62214 0.11263
vn -0.25882 0.34548 0.90203
vt 1 1
f 1291/1291/1291 1292/1292/1292 1293/1293/1293
usemtl steel
v 0.07500 0.62978 0.11021
vn -0.00000 0.35767 0.93385
vt 0 0
v 0.07138 0.62214 0.11263
vn -0.25882 0.34548 0.90203
vt 1 0
v 0.07500 0.62231 0.11307
vn -0.00000 0.35767 0.93385
vt 1 1
f 1294/1294/1294 1295/1295/1295 1296/1296/1296
usemtl steel
v 0.07862 0.93601 0.90977
vn 0.25882 0.34548 0.90203
vt 0 0
v 0.07500 0.93618 0.91021
vn -0.00000 0.35767 0.93385
vt 1 0
v 0.07500 0.92871 0.91307
vn -0.00000 0.35767 0.93385
vt 1 1
f 1297/1297/1297 1298/1298/1298 1299/1299/1299
usemtl steel
v 0.07862 0.93601 0.90977
vn 0.25882 0.34548 0.90203
vt 0 0
v 0.07500 0.92871 0.91307
vn -0.00000 0.35767 0.93385
vt 1 0
v 0.07862 0.92854 0.91263
vn 0.25882 0.34548 0.90203
vt 1 1
f 1300/1300/1300 1301/1301/1301 1302/1302/1302
usemtl steel
v 0.07138 0.93601 0.90977
vn -0.25882 0.34548 0.90203
vt 0 0
v 0.06800 0.93551 0.90846
vn -0.50000 0.30975 0.80874
vt 1 0
v 0.06800 0.92804 0.91132
vn -0.50000 0.30975 0.80874
vt 1 1
f 1303/1303/1303 1304/1304/1304 1305/1305/1305
usemtl steel
v 0.07138 0.93601 0.90977
vn -0.25882 0.34548 0.90203
vt 0 0
v 0.06800 0.92804 0.91132
vn -0.50000 0.30975 0.80874
vt 1 0
v 0.07138 0.92854 0.91263
vn -0.25882 0.34548 0.90203
vt 1 1
f 1306/1306/1306 1307/1307/1307 1308/1308/1308
usemtl steel
v 0.06800 0.93551 0.90846
vn -0.50000 0.30975 0.80874
vt 0 0
v 0.06510 0.93471 0.90638
vn -0.70710 0.25291 0.66033
vt 1 0
v 0.06510 0.92724 0.90924
vn -0.70710 0.25291 0.66033
vt 1 1
f 1309/1309/1309 1310/1310/1310 1311/1311/1311
usemtl steel
v 0.06800 0.93551 0.90846
vn -0.50000 0.30975 0.80874
vt 0 0
v 0.06510 0.92724 0.90924
vn -0.70710 0.25291 0.66033
vt 1 0
v 0.06800 0.92804 0.91132
vn -0.50000 0.30975 0.80874
vt 1 1
f 1312/1312/1312 1313/1313/1313 1314/1314/1314
usemtl steel
v 0.06510 0.93471 0.90638
vn -0.70710 0.25291 0.66033
vt 0 0
v 0.06288 0.93367 0.90368
vn -0.86603 0.17883 0.46692
vt 1 0
v 0.06288 0.92620 0.90654
vn -0.86603 0.17883 0.46692
vt 1 1
f 1315/1315/1315 1316/1316/1316 1317/1317/1317
usemtl steel
v 0.06510 0.93471 0.90638
vn -0.70710 0.25291 0.66033
vt 0 0
v 0.06288 0.92620 0.90654
vn -0.86603 0.17883 0.46692
vt 1 0
v 0.06510 0.92724 0.90924
vn -0.70710 0.25291 0.66033
vt 1 1
f 1318/1318/1318 1319/1319/1319 1320/1320/1320
usemtl steel
v 0.06288 0.93367 0.90368
vn -0.86603 0.17883 0.46692
vt 0 0
v 0.06148 0.93247 0.90052
vn -0.96593 0.09257 0.24170
vt 1 0
v 0.06148 0.92500 0.90338
vn -0.96592 0.09257 0.24170
vt 1 1
f 1321/1321/1321 1322/1322/1322 1323/1323/1323
usemtl steel
v 0.06288 0.93367 0.90368
vn -0.86603 0.17883 0.46692
vt 0 0
v 0.06148 0.92500 0.90338
vn -0.96592 0.09257 0.24170
vt 1 0
v 0.06288 0.92620 0.90654
vn -0.86603 0.17883 0.46692
vt 1 1
f 1324/1324/1324 1325/1325/1325 1326/1326/1326
usemtl steel
v 0.06148 0.93247 0.90052
vn -0.96593 0.09257 0.24170
vt 0 0
v 0.06100 0.93117 0.89714
vn -1.00000 -0.00000 0.00000
vt 1 0
v 0.06100 0.92370 0.90000
vn -1.00000 -0.00000 0.00000
vt 1 1
f 1327/1327/1327 1328/1328/1328 1329/1329/1329
usemtl steel
v 0.06148 0.93247 0.90052
vn -0.96593 0.09257 0.24170
vt 0 0
v 0.06100 0.92370 0.90000
vn -1.00000 -0.00000 0.00000
vt 1 0
v 0.06148 0.92500 0.90338
vn -0.96592 0.09257 0.24170
vt 1 1
f 1330/1330/1330 1331/1331/1331 1332/1332/1332
usemtl steel
v 0.06100 0.93117 0.89714
vn -1.00000 -0.00000 0.00000
vt 0 0
v 0.06148 0.92987 0.89375
vn -0.96593 -0.09257 -0.24170
vt 1 0
v 0.06148 0.92240 0.89662
vn -0.96593 -0.09257 -0.24170
vt 1 1
f 1333/1333/1333 1334/1334/1334 1335/1335/1335
usemtl steel
v 0.06100 0.93117 0.89714
vn -1.00000 -0.00000 0.00000
vt 0 0
v 0.06148 0.92240 0.89662
vn -0.96593 -0.09257 -0.24170
vt 1 0
v 0.06100 0.92370 0.90000
vn -1.00000 -0.00000 0.00000
vt 1 1
f 1336/1336/1336 1337/1337/1337 1338/1338/1338
usemtl steel
v 0.06148 0.92987 0.89375
vn -0.96593 -0.09257 -0.24170
vt 0 0
v 0.06288 0.92867 0.89060
vn -0.86603 -0.17883 -0.46692
vt 1 0
v 0.06288 0.92120 0.89346
vn -0.86603 -0.17883 -0.46692
vt 1 1
f 1339/1339/1339 1340/1340/1340 1341/1341/1341
usemtl steel
v 0.06148 0.92987 0.89375
vn -0.96593 -0.09257 -0.24170
vt 0 0
v 0.06288 0.92120 0.89346
vn -0.86603 -0.17883 -0.46692
vt 1 0
v 0.06148 0.92240 0.89662
vn -0.96593 -0.09257 -0.24170
vt 1 1
f 1342/1342/1342 1343/1343/1343 1344/1344/1344
usemtl steel
v 0.06288 0.92867 0.89060
vn -0.86603 -0.17883 -0.46692
vt 0 0
v 0.06510 0.92763 0.88789
vn -0.70711 -0.25291 -0.66033
vt 1 0
v 0.06510 0.92016 0.89076
vn -0.70711 -0.25291 -0.66033
vt 1 1
f 1345/1345/1345 1346/1346/1346 1347/1347/1347
usemtl steel
v 0.06288 0.92867 0.89060
vn -0.86603 -0.17883 -0.46692
vt 0 0
v 0.06510 0.92016 0.89076
vn -0.70711 -0.25291 -0.66033
vt 1 0
v 0.06288 0.92120 0.89346
vn -0.86603 -0.17883 -0.46692
vt 1 1
f 1348/1348/1348 1349/1349/1349 1350/1350/1350
usemtl steel
v 0.06510 0.92763 0.88789
vn -0.70711 -0.25291 -0.66033
vt 0 0
v 0.06800 0.92683 0.88582
vn -0.50000 -0.30975 -0.80874
vt 1 0
v 0.06800 0.91936 0.88868
vn -0.50000 -0.30975 -0.80874
vt 1 1
f 1351/1351/1351 1352/1352/1352 1353/1353/1353
usemtl steel
v 0.06510 0.92763 0.88789
vn -0.70711 -0.25291 -0.66033
vt 0 0
v 0.06800 0.91936 0.88868
vn -0.50000 -0.30975 -0.80874
vt 1 0
v 0.06510 0.92016 0.89076
vn -0.70711 -0.25291 -0.66033
vt 1 1
f 1354/1354/1354 1355/1355/1355 1356/1356/1356
usemtl steel
v 0.06800 0.92683 0.88582
vn -0.50000 -0.30975 -0.80874
vt 0 0
v 0.07138 0.92633 0.88451
vn -0.25882 -0.34548 -0.90203
vt 1 0
v 0.07138 0.91886 0.88737
vn -0.25882 -0.34548 -0.90203
vt 1 1
f 1357/1357/1357 1358/1358/1358 1359/1359/1359
usemtl steel
v 0.06800 0.92683 0.88582
vn -0.50000 -0.30975 -0.80874
vt 0 0
v 0.07138 0.91886 0.88737
vn -0.25882 -0.34548 -0.90203
vt 1 0
v 0.06800 0.91936 0.88868
vn -0.50000 -0.30975 -0.80874
vt 1 1
f 1360/1360/1360 1361/1361/1361 1362/1362/1362
usemtl steel
v 0.07138 0.92633 0.88451
vn -0.25882 -0.34548 -0.90203
vt 0 0
v 0.07500 0.92616 0.88406
vn 0.00000 -0.35766 -0.93385
vt 1 0
v 0.07500 0.91869 0.88693
vn 0.00000 -0.35766 -0.93385
vt 1 1
f 1363/1363/1363 1364/1364/1364 1365/1365/1365
usemtl steel
v 0.07138 0.92633 0.88451
vn -0.25882 -0.34548 -0.90203
vt 0 0
v 0.07500 0.91869 0.88693
vn 0.00000 -0.35766 -0.93385
vt 1 0
v 0.07138 0.91886 0.88737
vn -0.25882 -0.34548 -0.90203
vt 1 1
f 1366/1366/1366 1367/1367/1367 1368/1368/1368
usemtl steel
v 0.07500 0.92616 0.88406
vn 0.00000 -0.35766 -0.93385
vt 0 0
v 0.07862 0.92633 0.88451
vn 0.25882 -0.34548 -0.90203
vt 1 0
v 0.07862 0.91886 0.88737
vn 0.25882 -0.34548 -0.90203
vt 1 1
f 1369/1369/1369 1370/1370/1370 1371/1371/1371
usemtl steel
v 0.07500 0.92616 0.88406
vn 0.00000 -0.35766 -0.93385
vt 0 0
v 0.07862 0.91886 0.88737
vn 0.25882 -0.34548 -0.90203
vt 1 0
v 0.07500 0.91869 0.88693
vn 0.00000 -0.35766 -0.93385
vt 1 1
f 1372/1372/1372 1373/1373/1373 1374/1374/1374
usemtl steel
v 0.07862 0.92633 0.88451
vn 0.25882 -0.34548 -0.90203
vt 0 0
v 0.08200 0.92683 0.88582
vn 0.50000 -0.30975 -0.80874
vt 1 0
v 0.08200 0.91936 0.88868
vn 0.50000 -0.30975 -0.80874
vt 1 1
f 1375/1375/1375 1376/1376/1376 1377/1377/1377
usemtl steel
v 0.07862 0.92633 0.88451
vn 0.25882 -0.34548 -0.90203
vt 0 0
v 0.08200 0.91936 0.88868
vn 0.50000 -0.30975 -0.80874
vt 1 0
v 0.07862 0.91886 0.88737
vn 0.25882 -0.34548 -0.90203
vt 1 1
f 1378/1378/1378 1379/1379/1379 1380/1380/1380
usemtl steel
v 0.08200 0.92683 0.88582
vn 0.50000 -0.30975 -0.80874
vt 0 0
v 0.08490 0.92763 0.88789
vn 0.70711 -0.25291 -0.66033
vt 1 0
v 0.08490 0.92016 0.89076
vn 0.70711 -0.25291 -0.66033
vt 1 1
f 1381/1381/1381 1382/1382/1382 1383/1383/1383
usemtl steel
v 0.08200 0.92683 0.88582
vn 0.50000 -0.30975 -0.80874
vt 0 0
v 0.08490 0.92016 0.89076
vn 0.70711 -0.25291 -0.66033
vt 1 0
v 0.08200 0.91936 0.88868
vn 0.50000 -0.30975 -0.80874
vt 1 1
f 1384/1384/1384 1385/1385/1385 1386/1386/1386
usemtl steel
v 0.08490 0.92763 0.88789
vn 0.70711 -0.25291 -0.66033
vt 0 0
v 0.08712 0.92867 0.89060
vn 0.86603 -0.17883 -0.46692
vt 1 0
v 0.08712 0.92120 0.89346
vn 0.86603 -0.17883 -0.46692
vt 1 1
f 1387/1387/1387 1388/1388/1388 1389/1389/1389
usemtl steel
v 0.08490 0.92763 0.88789
vn 0.70711 -0.25291 -0.66033
vt 0 0
v 0.08712 0.92120 0.89346
vn 0.86603 -0.17883 -0.46692
vt 1 0
v 0.08490 0.92016 0.89076
vn 0.70711 -0.25291 -0.66033
vt 1 1
f 1390/1390/1390 1391/1391/1391 1392/1392/1392
usemtl steel
v 0.08712 0.92867 0.89060
vn 0.86603 -0.17883 -0.46692
vt 0 0
v 0.08852 0.92987 0.89375
vn 0.96593 -0.09257 -0.24169
vt 1 0
v 0.08852 0.92240 0.89662
vn 0.96593 -0.09257 -0.24169
vt 1 1
f 1393/1393/1393 1394/1394/1394 1395/1395/1395
usemtl steel
v 0.08712 0.92867 0.89060
vn 0.86603 -0.17883 -0.46692
vt 0 0
v 0.08852 0.92240 0.89662
vn 0.96593 -0.09257 -0.24169
vt 1 0
v 0.08712 0.92120 0.89346
vn 0.86603 -0.17883 -0.46692
vt 1 1
f 1396/1396/1396 1397/1397/1397 1398/1398/1398
usemtl steel
v 0.08852 0.92987 0.89375
vn 0.96593 -0.09257 -0.24169
vt 0 0
v 0.08900 0.93117 0.89714
vn 1.00000 0.00000 -0.00000
vt 1 0
v 0.08900 0.92370 0.90000
vn 1.00000 0.00000 -0.00000
vt 1 1
f 1399/1399/1399 1400/1400/1400 1401/1401/1401
usemtl steel
v 0.08852 0.92987 0.89375
vn 0.96593 -0.09257 -0.24169
vt 0 0
v 0.08900 0.92370 0.90000
vn 1.00000 0.00000 -0.00000
vt 1 0
v 0.08852 0.92240 0.89662
vn 0.96593 -0.09257 -0.24169
vt 1 1
f 1402/1402/1402 1403/1403/1403 1404/1404/1404
usemtl steel
v 0.08900 0.93117 0.89714
vn 1.00000 0.00000 -0.00000
vt 0 0
v 0.08852 0.93247 0.90052
vn 0.96593 0.09257 0.24170
vt 1 0
v 0.08852 0.92500 0.90338
vn 0.96593 0.09257 0.24170
vt 1 1
f 1405/1405/1405 1406/1406/1406 1407/1407/1407
usemtl steel
v 0.08900 0.93117 0.89714
vn 1.00000 0.00000 -0.00000
vt 0 0
v 0.08852 0.92500 0.90338
vn 0.96593 0.09257 0.24170
vt 1 0
v 0.08900 0.92370 0.90000
vn 1.00000 0.00000 -0.00000
vt 1 1
f 1408/1408/1408 1409/1409/1409 1410/1410/1410
usemtl steel
v 0.08852 0.93247 0.90052
vn 0.96593 0.09257 0.24170
vt 0 0
v 0.08712 0.93367 0.90368
vn 0.86603 0.17883 0.46692
vt 1 0
v 0.08712 0.92620 0.90654
vn 0.86603 0.17883 0.46692
vt 1 1
f 1411/1411/1411 1412/1412/1412 1413/1413/1413
usemtl steel
v 0.08852 0.93247 0.90052
vn 0.96593 0.09257 0.24170
vt 0 0
v 0.08712 0.92620 0.90654
vn 0.86603 0.17883 0.46692
vt 1 0
v 0.08852 0.92500 0.90338
vn 0.96593 0.09257 0.24170
vt 1 1
f 1414/1414/1414 1415/1415/1415 1416/1416/1416
usemtl steel
v 0.08712 0.93367 0.90368
vn 0.86603 0.17883 0.46692
vt 0 0
v 0.08490 0.93471 0.90638
vn 0.70710 0.25291 0.66033
vt 1 0
v 0.08490 0.92724 0.90924
vn 0.70710 0.25291 0.66033
vt 1 1
f 1417/1417/1417 1418/1418/1418 1419/1419/1419
usemtl steel
v 0.08712 0.93367 0.90368
vn 0.86603 0.17883 0.46692
vt 0 0
v 0.08490 0.92724 0.90924
vn 0.70710 0.25291 0.66033
vt 1 0
v 0.08712 0.92620 0.90654
vn 0.86603 0.17883 0.46692
vt 1 1
f 1420/1420/1420 1421/1421/1421 1422/1422/1422
usemtl steel
v 0.08490 0.93471 0.90638
vn 0.70710 0.25291 0.66033
vt 0 0
v 0.08200 0.93551 0.90846
vn 0.50000 0.30975 0.80874
vt 1 0
v 0.08200 0.92804 0.91132
vn 0.50000 0.30975 0.80874
vt 1 1
f 1423/1423/1423 1424/1424/1424 1425/1425/1425
usemtl steel
v 0.08490 0.93471 0.90638
vn 0.70710 0.25291 0.66033
vt 0 0
v 0.08200 0.92804 0.91132
vn 0.50000 0.30975 0.80874
vt 1 0
v 0.08490 0.92724 0.90924
vn 0.70710 0.25291 0.66033
vt 1 1
f 1426/1426/1426 1427/1427/1427 1428/1428/1428
usemtl steel
v 0.07138 0.93601 0.90977
vn 0.00000 0.93385 -0.35767
vt 0 0
v 0.07500 0.93618 0.91021
vn 0.00000 0.93385 -0.35767
vt 1 0
v 0.07862 0.93601 0.90977
vn 0.00000 0.93385 -0.35767
vt 1 1
f 1429/1429/1429 1430/1430/1430 1431/1431/1431
usemtl steel
v 0.07862 0.93601 0.90977
vn 0.00000 0.93385 -0.35767
vt 0 0
v 0.08200 0.93551 0.90846
vn 0.00000 0.93385 -0.35767
vt 1 0
v 0.08490 0.93471 0.90638
vn 0.00000 0.93385 -0.35767
vt 1 1
f 1432/1432/1432 1433/1433/1433 1434/1434/1434
usemtl steel
v 0.08490 0.93471 0.90638
vn 0.00000 0.93385 -0.35767
vt 0 0
v 0.08712 0.93367 0.90368
vn 0.00000 0.93385 -0.35767
vt 1 0
v 0.08852 0.93247 0.90052
vn 0.00000 0.93385 -0.35767
vt 1 1
f 1435/1435/1435 1436/1436/1436 1437/1437/1437
usemtl steel
v 0.08852 0.93247 0.90052
vn 0.00000 0.93385 -0.35767
vt 0 0
v 0.08900 0.93117 0.89714
vn 0.00000 0.93385 -0.35767
vt 1 0
v 0.08852 0.92987 0.89375
vn 0.00000 0.93385 -0.35767
vt 1 1
f 1438/1438/1438 1439/1439/1439 1440/1440/1440
usemtl steel
v 0.08852 0.92987 0.89375
vn 0.00000 0.93385 -0.35767
vt 0 0
v 0.08712 0.92867 0.89060
vn 0.00000 0.93385 -0.35767
vt 1 0
v 0.08490 0.92763 0.88789
vn 0.00000 0.93385 -0.35767
vt 1 1
f 1441/1441/1441 1442/1442/1442 1443/1443/1443
usemtl steel
v 0.08490 0.92763 0.88789
vn 0.00000 0.93385 -0.35767
vt 0 0
v 0.08200 0.92683 0.88582
vn 0.00000 0.93385 -0.35767
vt 1 0
v 0.07862 0.92633 0.88451
vn 0.00000 0.93385 -0.35767
vt 1 1
f 1444/1444/1444 1445/1445/1445 1446/1446/1446
usemtl steel
v 0.07862 0.92633 0.88451
vn 0.00000 0.93385 -0.35767
vt 0 0
v 0.07500 0.92616 0.88406
vn 0.00000 0.93385 -0.35767
vt 1 0
v 0.07138 0.92633 0.88451
vn 0.00000 0.93385 -0.35767
vt 1 1
f 1447/1447/1447 1448/1448/1448 1449/1449/1449
usemtl steel
v 0.07138 0.92633 0.88451
vn 0.00000 0.93385 -0.35767
vt 0 0
v 0.06800 0.92683 0.88582
vn 0.00000 0.93385 -0.35767
vt 1 0
v 0.06510 0.92763 0.88789
vn 0.00000 0.93385 -0.35767
vt 1 1
f 1450/1450/1450 1451/1451/1451 1452/1452/1452
usemtl steel
v 0.06510 0.92763 0.88789
vn 0.00000 0.93385 -0.35767
vt 0 0
v 0.06288 0.92867 0.89060
vn 0.00000 0.93385 -0.35767
vt 1 0
v 0.06148 0.92987 0.89375
vn 0.00000 0.93385 -0.35767
vt 1 1
f 1453/1453/1453 1454/1454/1454 1455/1455/1455
usemtl steel
v 0.06148 0.92987 0.89375
vn 0.00000 0.93385 -0.35767
vt 0 0
v 0.06100 0.93117 0.89714
vn 0.00000 0.93385 -0.35767
vt 1 0
v 0.06148 0.93247 0.90052
vn 0.00000 0.93385 -0.35767
vt 1 1
f 1456/1456/1456 1457/1457/1457 1458/1458/1458
usemtl steel
v 0.06148 0.93247 0.90052
vn 0.00000 0.93385 -0.35767
vt 0 0
v 0.06288 0.93367 0.90368
vn 0.00000 0.93385 -0.35767
vt 1 0
v 0.06510 0.93471 0.90638
vn 0.00000 0.93385 -0.35767
vt 1 1
f 1459/1459/1459 1460/1460/1460 1461/1461/1461
usemtl steel
v 0.06510 0.93471 0.90638
vn 0.00000 0.93385 -0.35767
vt 0 0
v 0.06800 0.93551 0.90846
vn 0.00000 0.93385 -0.35767
vt 1 0
v 0.07138 0.93601 0.90977
vn 0.00000 0.93385 -0.35767
vt 1 1
f 1462/1462/1462 1463/1463/1463 1464/1464/1464
usemtl steel
v 0.07138 0.93601 0.90977
vn 0.00000 0.93385 -0.35767
vt 0 0
v 0.07862 0.93601 0.90977
vn 0.00000 0.93385 -0.35767
vt 1 0
v 0.08490 0.93471 0.90638
vn 0.00000 0.93385 -0.35767
vt 1 1
f 1465/1465/1465 1466/1466/1466 1467/1467/1467
usemtl steel
v 0.08490 0.93471 0.90638
vn 0.00000 0.93385 -0.35767
vt 0 0
v 0.08852 0.93247 0.90052
vn 0.00000 0.93385 -0.35767
vt 1 0
v 0.08852 0.92987 0.89375
vn 0.00000 0.93385 -0.35767
vt 1 1
f 1468/1468/1468 1469/1469/1469 1470/1470/1470
usemtl steel
v 0.08852 0.92987 0.89375
vn 0.00000 0.93385 -0.35767
vt 0 0
v 0.08490 0.92763 0.88789
vn 0.00000 0.93385 -0.35767
vt 1 0
v 0.07862 0.92633 0.88451
vn 0.00000 0.93385 -0.35767
vt 1 1
f 1471/1471/1471 1472/1472/1472 1473/1473/1473
usemtl steel
v 0.07862 0.92633 0.88451
vn 0.00000 0.93385 -0.35767
vt 0 0
v 0.07138 0.92633 0.88451
vn 0.00000 0.93385 -0.35767
vt 1 0
v 0.06510 0.92763 0.88789
vn 0.00000 0.93385 -0.35767
vt 1 1
f 1474/1474/1474 1475/1475/1475 1476/1476/1476
usemtl steel
v 0.06510 0.92763 0.88789
vn 0.00000 0.93385 -0.35767
vt 0 0
v 0.06148 0.92987 0.89375
vn 0.00000 0.93385 -0.35767
vt 1 0
v 0.06148 0.93247 0.90052
vn 0.00000 0.93385 -0.35767
vt 1 1
f 1477/1477/1477 1478/1478/1478 1479/1479/1479
usemtl steel
v 0.06148 0.93247 0.90052
vn 0.00000 0.93385 -0.35767
vt 0 0
v 0.06510 0.93471 0.90638
vn 0.00000 0.93385 -0.35767
vt 1 0
v 0.07138 0.93601 0.90977
vn 0.00000 0.93385 -0.35767
vt 1 1
f 1480/1480/1480 1481/1481/1481 1482/1482/1482
usemtl steel
v 0.07138 0.93601 0.90977
vn 0.00000 0.93385 -0.35767
vt 0 0
v 0.08490 0.93471 0.90638
vn 0.00000 0.93385 -0.35767
vt 1 0
v 0.08852 0.92987 0.89375
vn 0.00000 0.93385 -0.35767
vt 1 1
f 1483/1483/1483 1484/1484/1484 1485/1485/1485
usemtl steel
v 0.08852 0.92987 0.89375
vn 0.00000 0.93385 -0.35767
vt 0 0
v 0.07862 0.92633 0.88451
vn 0.00000 0.93385 -0.35767
vt 1 0
v 0.06510 0.92763 0.88789
vn 0.00000 0.93385 -0.35767
vt 1 1
f 1486/1486/1486 1487/1487/1487 1488/1488/1488
usemtl steel
v 0.06510 0.92763 0.88789
vn 0.00000 0.93385 -0.35767
vt 0 0
v 0.06148 0.93247 0.90052
vn 0.00000 0.93385 -0.35767
vt 1 0
v 0.07138 0.93601 0.90977
vn 0.00000 0.93385 -0.35767
vt 1 1
f 1489/1489/1489 1490/1490/1490 1491/1491/1491
usemtl steel
v 0.08852 0.92987 0.89375
vn 0.00000 0.93385 -0.35767
vt 0 0
v 0.06510 0.92763 0.88789
vn 0.00000 0.93385 -0.35767
vt 1 0
v 0.07138 0.93601 0.90977
vn 0.00000 0.93385 -0.35767
vt 1 1
f 1492/1492/1492 1493/1493/1493 1494/1494/1494
usemtl steel
v 0.08200 0.93551 0.90846
vn 0.50000 0.30975 0.80874
vt 0 0
v 0.07862 0.93601 0.90977
vn 0.25882 0.34548 0.90203
vt 1 0
v 0.07862 0.92854 0.91263
vn 0.25882 0.34548 0.90203
vt 1 1
f 1495/1495/1495 1496/1496/1496 1497/1497/1497
usemtl steel
v 0.08200 0.93551 0.90846
vn 0.50000 0.30975 0.80874
vt 0 0
v 0.07862 0.92854 0.91263
vn 0.25882 0.34548 0.90203
vt 1 0
v 0.08200 0.92804 0.91132
vn 0.50000 0.30975 0.80874
vt 1 1
f 1498/1498/1498 1499/1499/1499 1500/1500/1500
usemtl steel
v 0.07862 0.92854 0.91263
vn -0.00000 -0.93385 0.35767
vt 0 0
v 0.07500 0.92871 0.91307
vn -0.00000 -0.93385 0.35767
vt 1 0
v 0.07138 0.92854 0.91263
vn -0.00000 -0.93385 0.35767
vt 1 1
f 1501/1501/1501 1502/1502/1502 1503/1503/1503
usemtl steel
v 0.07138 0.92854 0.91263
vn -0.00000 -0.93385 0.35767
vt 0 0
v 0.06800 0.92804 0.91132
vn -0.00000 -0.93385 0.35767
vt 1 0
v 0.06510 0.92724 0.90924
vn -0.00000 -0.93385 0.35767
vt 1 1
f 1504/1504/1504 1505/1505/1505 1506/1506/1506
usemtl steel
v 0.06510 0.92724 0.90924
vn -0.00000 -0.93385 0.35767
vt 0 0
v 0.06288 0.92620 0.90654
vn -0.00000 -0.93385 0.35767
vt 1 0
v 0.06148 0.92500 0.90338
vn -0.00000 -0.93385 0.35767
vt 1 1
f 1507/1507/1507 1508/1508/1508 1509/1509/1509
usemtl steel
v 0.06148 0.92500 0.90338
vn -0.00000 -0.93385 0.35767
vt 0 0
v 0.06100 0.92370 0.90000
vn -0.00000 -0.93385 0.35767
vt 1 0
v 0.06148 0.92240 0.89662
vn -0.00000 -0.93385 0.35767
vt 1 1
f 1510/1510/1510 1511/1511/1511 1512/1512/1512
usemtl steel
v 0.06148 0.92240 0.89662
vn -0.00000 -0.93385 0.35767
vt 0 0
v 0.06288 0.92120 0.89346
vn -0.00000 -0.93385 0.35767
vt 1 0
v 0.06510 0.92016 0.89076
vn -0.00000 -0.93385 0.35767
vt 1 1
f 1513/1513/1513 1514/1514/1514 1515/1515/1515
usemtl steel
v 0.06510 0.92016 0.89076
vn -0.00000 -0.93385 0.35767
vt 0 0
v 0.06800 0.91936 0.88868
vn -0.00000 -0.93385 0.35767
vt 1 0
v 0.07138 0.91886 0.88737
vn -0.00000 -0.93385 0.35767
vt 1 1
f 1516/1516/1516 1517/1517/1517 1518/1518/1518
usemtl steel
v 0.07138 0.91886 0.88737
vn -0.00000 -0.93385 0.35767
vt 0 0
v 0.07500 0.91869 0.88693
vn -0.00000 -0.93385 0.35767
vt 1 0
v 0.07862 0.91886 0.88737
vn -0.00000 -0.93385 0.35767
vt 1 1
f 1519/1519/1519 1520/1520/1520 1521/1521/1521
usemtl steel
v 0.07862 0.91886 0.88737
vn -0.00000 -0.93385 0.35767
vt 0 0
v 0.08200 0.91936 0.88868
vn -0.00000 -0.93385 0.35767
vt 1 0
v 0.08490 0.92016 0.89076
vn -0.00000 -0.93385 0.35767
vt 1 1
f 1522/1522/1522 1523/1523/1523 1524/1524/1524
usemtl steel
v 0.08490 0.92016 0.89076
vn -0.00000 -0.93385 0.35767
vt 0 0
v 0.08712 0.92120 0.89346
vn -0.00000 -0.93385 0.35767
vt 1 0
v 0.08852 0.92240 0.89662
vn -0.00000 -0.93385 0.35767
vt 1 1
f 1525/1525/1525 1526/1526/1526 1527/1527/1527
usemtl steel
v 0.08852 0.92240 0.89662
vn -0.00000 -0.93385 0.35767
vt 0 0
v 0.08900 0.92370 0.90000
vn -0.00000 -0.93385 0.35767
vt 1 0
v 0.08852 0.92500 0.90338
vn -0.00000 -0.93385 0.35767
vt 1 1
f 1528/1528/1528 1529/1529/1529 1530/1530/1530
usemtl steel
v 0.08852 0.92500 0.90338
vn -0.00000 -0.93385 0.35767
vt 0 0
v 0.08712 0.92620 0.90654
vn -0.00000 -0.93385 0.35767
vt 1 0
v 0.08490 0.92724 0.90924
vn -0.00000 -0.93385 0.35767
vt 1 1
f 1531/1531/1531 1532/1532/1532 1533/1533/1533
usemtl steel
v 0.08490 0.92724 0.90924
vn -0.00000 -0.93385 0.35767
vt 0 0
v 0.08200 0.92804 0.91132
vn -0.00000 -0.93385 0.35767
vt 1 0
v 0.07862 0.92854 0.91263
vn -0.00000 -0.93385 0.35767
vt 1 1
f 1534/1534/1534 1535/1535/1535 1536/1536/1536
usemtl steel
v 0.07862 0.92854 0.91263
vn -0.00000 -0.93385 0.35767
vt 0 0
v 0.07138 0.92854 0.91263
vn -0.00000 -0.93385 0.35767
vt 1 0
v 0.06510 0.92724 0.90924
vn -0.00000 -0.93385 0.35767
vt 1 1
f 1537/1537/1537 1538/1538/1538 1539/1539/1539
usemtl steel
v 0.06510 0.92724 0.90924
vn -0.00000 -0.93385 0.35767
vt 0 0
v 0.06148 0.92500 0.90338
vn -0.00000 -0.93385 0.35767
vt 1 0
v 0.06148 0.92240 0.89662
vn -0.00000 -0.93385 0.35767
vt 1 1
f 1540/1540/1540 1541/1541/1541 1542/1542/1542
usemtl steel
v 0.06148 0.92240 0.89662
vn -0.00000 -0.93385 0.35767
vt 0 0
v 0.06510 0.92016 0.89076
vn -0.00000 -0.93385 0.35767
vt 1 0
v 0.07138 0.91886 0.88737
vn -0.00000 -0.93385 0.35767
vt 1 1
f 1543/1543/1543 1544/1544/1544 1545/1545/1545
usemtl steel
v 0.07138 0.91886 0.88737
vn -0.00000 -0.93385 0.35767
vt 0 0
v 0.07862 0.91886 0.88737
vn -0.00000 -0.93385 0.35767
vt 1 0
v 0.08490 0.92016 0.89076
vn -0.00000 -0.93385 0.35767
vt 1 1
f 1546/1546/1546 1547/1547/1547 1548/1548/1548
usemtl steel
v 0.08490 0.92016 0.89076
vn -0.00000 -0.93385 0.35767
vt 0 0
v 0.08852 0.92240 0.89662
vn -0.00000 -0.93385 0.35767
vt 1 0
v 0.08852 0.92500 0.90338
vn -0.00000 -0.93385 0.35767
vt 1 1
f 1549/1549/1549 1550/1550/1550 1551/1551/1551
usemtl steel
v 0.08852 0.92500 0.90338
vn -0.00000 -0.93385 0.35767
vt 0 0
v 0.08490 0.92724 0.90924
vn -0.00000 -0.93385 0.35767
vt 1 0
v 0.07862 0.92854 0.91263
vn -0.00000 -0.93385 0.35767
vt 1 1
f 1552/1552/1552 1553/1553/1553 1554/1554/1554
usemtl steel
v 0.07862 0.92854 0.91263
vn -0.00000 -0.93385 0.35767
vt 0 0
v 0.06510 0.92724 0.90924
vn -0.00000 -0.93385 0.35767
vt 1 0
v 0.06148 0.92240 0.89662
vn -0.00000 -0.93385 0.35767
vt 1 1
f 1555/1555/1555 1556/1556/1556 1557/1557/1557
usemtl steel
v 0.06148 0.92240 0.89662
vn -0.00000 -0.93385 0.35767
vt 0 0
v 0.07138 0.91886 0.88737
vn -0.00000 -0.93385 0.35767
vt 1 0
v 0.08490 0.92016 0.89076
vn -0.00000 -0.93385 0.35767
vt 1 1
f 1558/1558/1558 1559/1559/1559 1560/1560/1560
usemtl steel
v 0.08490 0.92016 0.89076
vn -0.00000 -0.93385 0.35767
vt 0 0
v 0.08852 0.92500 0.90338
vn -0.00000 -0.93385 0.35767
vt 1 0
v 0.07862 0.92854 0.91263
vn -0.00000 -0.93385 0.35767
vt 1 1
f 1561/1561/1561 1562/1562/1562 1563/1563/1563
usemtl steel
v 0.06148 0.92240 0.89662
vn -0.00000 -0.93385 0.35767
vt 0 0
v 0.08490 0.92016 0.89076
vn -0.00000 -0.93385 0.35767
vt 1 0
v 0.07862 0.92854 0.91263
vn -0.00000 -0.93385 0.35767
vt 1 1
f 1564/1564/1564 1565/1565/1565 1566/1566/1566
usemtl steel
v 0.07500 0.93618 0.91021
vn -0.00000 0.35767 0.93385
vt 0 0
v 0.07138 0.93601 0.90977
vn -0.25882 0.34548 0.90203
vt 1 0
v 0.07138 0.92854 0.91263
vn -0.25882 0.34548 0.90203
vt 1 1
f 1567/1567/1567 1568/1568/1568 1569/1569/1569
usemtl steel
v 0.07500 0.93618 0.91021
vn -0.00000 0.35767 0.93385
vt 0 0
v 0.07138 0.92854 0.91263
vn -0.25882 0.34548 0.90203
vt 1 0
v 0.07500 0.92871 0.91307
vn -0.00000 0.35767 0.93385
vt 1 1
f 1570/1570/1570 1571/1571/1571 1572/1572/1572
usemtl steel
v 0.92862 0.62961 0.10977
vn 0.25882 0.34548 0.90203
vt 0 0
v 0.92500 0.62978 0.11021
vn 0.00000 0.35767 0.93385
vt 1 0
v 0.92500 0.62231 0.11307
vn 0.00000 0.35767 0.93385
vt 1 1
f 1573/1573/1573 1574/1574/1574 1575/1575/1575
usemtl steel
v 0.92862 0.62961 0.10977
vn 0.25882 0.34548 0.90203
vt 0 0
v 0.92500 0.62231 0.11307
vn 0.00000 0.35767 0.93385
vt 1 0
v 0.92862 0.62214 0.11263
vn 0.25882 0.34548 0.90203
vt 1 1
f 1576/1576/1576 1577/1577/1577 1578/1578/1578
usemtl steel
v 0.92138 0.62961 0.10977
vn -0.25882 0.34548 0.90203
vt 0 0
v 0.91800 0.62911 0.10846
vn -0.50000 0.30975 0.80874
vt 1 0
v 0.91800 0.62164 0.11132
vn -0.50000 0.30975 0.80874
vt 1 1
f 1579/1579/1579 1580/1580/1580 1581/1581/1581
usemtl steel
v 0.92138 0.62961 0.10977
vn -0.25882 0.34548 0.90203
vt 0 0
v 0.91800 0.62164 0.11132
vn -0.50000 0.30975 0.80874
vt 1 0
v 0.92138 0.62214 0.11263
vn -0.25882 0.34548 0.90203
vt 1 1
f 1582/1582/1582 1583/1583/1583 1584/1584/1584
usemtl steel
v 0.91800 0.62911 0.10846
vn -0.50000 0.30975 0.80874
vt 0 0
v 0.91510 0.62831 0.10638
vn -0.70711 0.25291 0.66033
vt 1 0
v 0.91510 0.62084 0.10924
vn -0.70711 0.25291 0.66033
vt 1 1
f 1585/1585/1585 1586/1586/1586 1587/1587/1587
usemtl steel
v 0.91800 0.62911 0.10846
vn -0.50000 0.30975 0.80874
vt 0 0
v 0.91510 0.62084 0.10924
vn -0.70711 0.25291 0.66033
vt 1 0
v 0.91800 0.62164 0.11132
vn -0.50000 0.30975 0.80874
vt 1 1
f 1588/1588/1588 1589/1589/1589 1590/1590/1590
usemtl steel
v 0.91510 0.62831 0.10638
vn -0.70711 0.25291 0.66033
vt 0 0
v 0.91288 0.62727 0.10368
vn -0.86603 0.17883 0.46692
vt 1 0
v 0.91288 0.61980 0.10654
vn -0.86603 0.17883 0.46692
vt 1 1
f 1591/1591/1591 1592/1592/1592 1593/1593/1593
usemtl steel
v 0.91510 0.62831 0.10638
vn -0.70711 0.25291 0.66033
vt 0 0
v 0.91288 0.61980 0.10654
vn -0.86603 0.17883 0.46692
vt 1 0
v 0.91510 0.62084 0.10924
vn -0.70711 0.25291 0.66033
vt 1 1
f 1594/1594/1594 1595/1595/1595 1596/1596/1596
usemtl steel
v 0.91288 0.62727 0.10368
vn -0.86603 0.17883 0.46692
vt 0 0
v 0.91148 0.62607 0.10052
vn -0.96593 0.09257 0.24170
vt 1 0
v 0.91148 0.61860 0.10338
vn -0.96593 0.09257 0.24170
vt 1 1
f 1597/1597/1597 1598/1598/1598 1599/1599/1599
usemtl steel
v 0.91288 0.62727 0.10368
vn -0.86603 0.17883 0.46692
vt 0 0
v 0.91148 0.61860 0.10338
vn -0.96593 0.09257 0.24170
vt 1 0
v 0.91288 0.61980 0.10654
vn -0.86603 0.17883 0.46692
vt 1 1
f 1600/1600/1600 1601/1601/1601 1602/1602/1602
usemtl steel
v 0.91148 0.62607 0.10052
vn -0.96593 0.09257 0.24170
vt 0 0
v 0.91100 0.62477 0.09714
vn -1.00000 0.00000 -0.00000
vt 1 0
v 0.91100 0.61730 0.10000
vn -1.00000 -0.00000 -0.00000
vt 1 1
f 1603/1603/1603 1604/1604/1604 1605/1605/1605
usemtl steel
v 0.91148 0.62607 0.10052
vn -0.96593 0.09257 0.24170
vt 0 0
v 0.91100 0.61730 0.10000
vn -1.00000 -0.00000 -0.00000
vt 1 0
v 0.91148 0.61860 0.10338
vn -0.96593 0.09257 0.24170
vt 1 1
f 1606/1606/1606 1607/1607/1607 1608/1608/1608
usemtl steel
v 0.91100 0.62477 0.09714
vn -1.00000 0.00000 -0.00000
vt 0 0
v 0.91148 0.62347 0.09375
vn -0.96593 -0.09257 -0.24170
vt 1 0
v 0.91148 0.61600 0.09662
vn -0.96593 -0.09257 -0.24170
vt 1 1
f 1609/1609/1609 1610/1610/1610 1611/1611/1611
usemtl steel
v 0.91100 0.62477 0.09714
vn -1.00000 0.00000 -0.00000
vt 0 0
v 0.91148 0.61600 0.09662
vn -0.96593 -0.09257 -0.24170
vt 1 0
v 0.91100 0.61730 0.10000
vn -1.00000 -0.00000 -0.00000
vt 1 1
f 1612/1612/1612 1613/1613/1613 1614/1614/1614
usemtl steel
v 0.91148 0.62347 0.09375
vn -0.96593 -0.09257 -0.24170
vt 0 0
v 0.91288 0.62227 0.09060
vn -0.86603 -0.17883 -0.46692
vt 1 0
v 0.91288 0.61480 0.09346
vn -0.86603 -0.17883 -0.46692
vt 1 1
f 1615/1615/1615 1616/1616/1616 1617/1617/1617
usemtl steel
v 0.91148 0.62347 0.09375
vn -0.96593 -0.09257 -0.24170
vt 0 0
v 0.91288 0.61480 0.09346
vn -0.86603 -0.17883 -0.46692
vt 1 0
v 0.91148 0.61600 0.09662
vn -0.96593 -0.09257 -0.24170
vt 1 1
f 1618/1618/1618 1619/1619/1619 1620/1620/1620
usemtl steel
v 0.91288 0.62227 0.09060
vn -0.86603 -0.17883 -0.46692
vt 0 0
v 0.91510 0.62123 0.08789
vn -0.70711 -0.25291 -0.66033
vt 1 0
v 0.91510 0.61376 0.09076
vn -0.70711 -0.25291 -0.66033
vt 1 1
f 1621/1621/1621 1622/1622/1622 1623/1623/1623
usemtl steel
v 0.91288 0.62227 0.09060
vn -0.86603 -0.17883 -0.46692
vt 0 0
v 0.91510 0.61376 0.09076
vn -0.70711 -0.25291 -0.66033
vt 1 0
v 0.91288 0.61480 0.09346
vn -0.86603 -0.17883 -0.46692
vt 1 1
f 1624/1624/1624 1625/1625/1625 1626/1626/1626
usemtl steel
v 0.91510 0.62123 0.08789
vn -0.70711 -0.25291 -0.66033
vt 0 0
v 0.91800 0.62043 0.08582
vn -0.50000 -0.30975 -0.80874
vt 1 0
v 0.91800 0.61296 0.08868
vn -0.50000 -0.30975 -0.80874
vt 1 1
f 1627/1627/1627 1628/1628/1628 1629/1629/1629
usemtl steel
v 0.91510 0.62123 0.08789
vn -0.70711 -0.25291 -0.66033
vt 0 0
v 0.91800 0.61296 0.08868
vn -0.50000 -0.30975 -0.80874
vt 1 0
v 0.91510 0.61376 0.09076
vn -0.70711 -0.25291 -0.66033
vt 1 1
f 1630/1630/1630 1631/1631/1631 1632/1632/1632
usemtl steel
v 0.91800 0.62043 0.08582
vn -0.50000 -0.30975 -0.80874
vt 0 0
v 0.92138 0.61993 0.08451
vn -0.25882 -0.34548 -0.90203
vt 1 0
v 0.92138 0.61246 0.08737
vn -0.25882 -0.34548 -0.90203
vt 1 1
f 1633/1633/1633 1634/1634/1634 1635/1635/1635
usemtl steel
v 0.91800 0.62043 0.08582
vn -0.50000 -0.30975 -0.80874
vt 0 0
v 0.92138 0.61246 0.08737
vn -0.25882 -0.34548 -0.90203
vt 1 0
v 0.91800 0.61296 0.08868
vn -0.50000 -0.30975 -0.80874
vt 1 1
f 1636/1636/1636 1637/1637/1637 1638/1638/1638
usemtl steel
v 0.92138 0.61993 0.08451
vn -0.25882 -0.34548 -0.90203
vt 0 0
v 0.92500 0.61976 0.08406
vn -0.00000 -0.35766 -0.93385
vt 1 0
v 0.92500 0.61229 0.08693
vn -0.00000 -0.35766 -0.93385
vt 1 1
f 1639/1639/1639 1640/1640/1640 1641/1641/1641
usemtl steel
v 0.92138 0.61993 0.08451
vn -0.25882 -0.34548 -0.90203
vt 0 0
v 0.92500 0.61229 0.08693
vn -0.00000 -0.35766 -0.93385
vt 1 0
v 0.92138 0.61246 0.08737
vn -0.25882 -0.34548 -0.90203
vt 1 1
f 1642/1642/1642 1643/1643/1643 1644/1644/1644
usemtl steel
v 0.92500 0.61976 0.08406
vn -0.00000 -0.35766 -0.93385
vt 0 0
v 0.92862 0.61993 0.08451
vn 0.25882 -0.34548 -0.90203
vt 1 0
v 0.92862 0.61246 0.08737
vn 0.25882 -0.34548 -0.90203
vt 1 1
f 1645/1645/1645 1646/1646/1646 1647/1647/1647
usemtl steel
v 0.92500 0.61976 0.08406
vn -0.00000 -0.35766 -0.93385
vt 0 0
v 0.92862 0.61246 0.08737
vn 0.25882 -0.34548 -0.90203
vt 1 0
v 0.92500 0.61229 0.08693
vn -0.00000 -0.35766 -0.93385
vt 1 1
f 1648/1648/1648 1649/1649/1649 1650/1650/1650
usemtl steel
v 0.92862 0.61993 0.08451
vn 0.25882 -0.34548 -0.90203
vt 0 0
v 0.93200 0.62043 0.08582
vn 0.50000 -0.30975 -0.80874
vt 1 0
v 0.93200 0.61296 0.08868
vn 0.50000 -0.30975 -0.80874
vt 1 1
f 1651/1651/1651 1652/1652/1652 1653/1653/1653
usemtl steel
v 0.92862 0.61993 0.08451
vn 0.25882 -0.34548 -0.90203
vt 0 0
v 0.93200 0.61296 0.08868
vn 0.50000 -0.30975 -0.80874
vt 1 0
v 0.92862 0.61246 0.08737
vn 0.25882 -0.34548 -0.90203
vt 1 1
f 1654/1654/1654 1655/1655/1655 1656/1656/1656
usemtl steel
v 0.93200 0.62043 0.08582
vn 0.50000 -0.30975 -0.80874
vt 0 0
v 0.93490 0.62123 0.08789
vn 0.70711 -0.25291 -0.66033
vt 1 0
v 0.93490 0.61376 0.09076
vn 0.70711 -0.25291 -0.66033
vt 1 1
f 1657/1657/1657 1658/1658/1658 1659/1659/1659
usemtl steel
v 0.93200 0.62043 0.08582
vn 0.50000 -0.30975 -0.80874
vt 0 0
v 0.93490 0.61376 0.09076
vn 0.70711 -0.25291 -0.66033
vt 1 0
v 0.93200 0.61296 0.08868
vn 0.50000 -0.30975 -0.80874
vt 1 1
f 1660/1660/1660 1661/1661/1661 1662/1662/1662
usemtl steel
v 0.93490 0.62123 0.08789
vn 0.70711 -0.25291 -0.66033
vt 0 0
v 0.93712 0.62227 0.09060
vn 0.86603 -0.17883 -0.46692
vt 1 0
v 0.93712 0.61480 0.09346
vn 0.86603 -0.17883 -0.46692
vt 1 1
f 1663/1663/1663 1664/1664/1664 1665/1665/1665
usemtl steel
v 0.93490 0.62123 0.08789
vn 0.70711 -0.25291 -0.66033
vt 0 0
v 0.93712 0.61480 0.09346
vn 0.86603 -0.17883 -0.46692
vt 1 0
v 0.93490 0.61376 0.09076
vn 0.70711 -0.25291 -0.66033
vt 1 1
f 1666/1666/1666 1667/1667/1667 1668/1668/1668
usemtl steel
v 0.93712 0.62227 0.09060
vn 0.86603 -0.17883 -0.46692
vt 0 0
v 0.93852 0.62347 0.09375
vn 0.96593 -0.09257 -0.24170
vt 1 0
v 0.93852 0.61600 0.09662
vn 0.96593 -0.09257 -0.24170
vt 1 1
f 1669/1669/1669 1670/1670/1670 1671/1671/1671
usemtl steel
v 0.93712 0.62227 0.09060
vn 0.86603 -0.17883 -0.46692
vt 0 0
v 0.93852 0.61600 0.09662
vn 0.96593 -0.09257 -0.24170
vt 1 0
v 0.93712 0.61480 0.09346
vn 0.86603 -0.17883 -0.46692
vt 1 1
f 1672/1672/1672 1673/1673/1673 1674/1674/1674
usemtl steel
v 0.93852 0.62347 0.09375
vn 0.96593 -0.09257 -0.24170
vt 0 0
v 0.93900 0.62477 0.09714
vn 1.00000 0.00000 0.00000
vt 1 0
v 0.93900 0.61730 0.10000
vn 1.00000 0.00000 0.00000
vt 1 1
f 1675/1675/1675 1676/1676/1676 1677/1677/1677
usemtl steel
v 0.93852 0.62347 0.09375
vn 0.96593 -0.09257 -0.24170
vt 0 0
v 0.93900 0.61730 0.10000
vn 1.00000 0.00000 0.00000
vt 1 0
v 0.93852 0.61600 0.09662
vn 0.96593 -0.09257 -0.24170
vt 1 1
f 1678/1678/1678 1679/1679/1679 1680/1680/1680
usemtl steel
v 0.93900 0.62477 0.09714
vn 1.00000 0.00000 0.00000
vt 0 0
v 0.93852 0.62607 0.10052
vn 0.96593 0.09257 0.24170
vt 1 0
v 0.93852 0.61860 0.10338
vn 0.96593 0.09257 0.24170
vt 1 1
f 1681/1681/1681 1682/1682/1682 1683/1683/1683
usemtl steel
v 0.93900 0.62477 0.09714
vn 1.00000 0.00000 0.00000
vt 0 0
v 0.93852 0.61860 0.10338
vn 0.96593 0.09257 0.24170
vt 1 0
v 0.93900 0.61730 0.10000
vn 1.00000 0.00000 0.00000
vt 1 1
f 1684/1684/1684 1685/1685/1685 1686/1686/1686
usemtl steel
v 0.93852 0.62607 0.10052
vn 0.96593 0.09257 0.24170
vt 0 0
v 0.93712 0.62727 0.10368
vn 0.86603 0.17883 0.46692
vt 1 0
v 0.93712 0.61980 0.10654
vn 0.86603 0.17883 0.46692
vt 1 1
f 1687/1687/1687 1688/1688/1688 1689/1689/1689
usemtl steel
v 0.93852 0.62607 0.10052
vn 0.96593 0.09257 0.24170
vt 0 0
v 0.93712 0.61980 0.10654
vn 0.86603 0.17883 0.46692
vt 1 0
v 0.93852 0.61860 0.10338
vn 0.96593 0.09257 0.24170
vt 1 1
f 1690/1690/1690 1691/1691/1691 1692/1692/1692
usemtl steel
v 0.93712 0.62727 0.10368
vn 0.86603 0.17883 0.46692
vt 0 0
v 0.93490 0.62831 0.10638
vn 0.70711 0.25291 0.66033
vt 1 0
v 0.93490 0.62084 0.10924
vn 0.70711 0.25291 0.66033
vt 1 1
f 1693/1693/1693 1694/1694/1694 1695/1695/1695
usemtl steel
v 0.93712 0.62727 0.10368
vn 0.86603 0.17883 0.46692
vt 0 0
v 0.93490 0.62084 0.10924
vn 0.70711 0.25291 0.66033
vt 1 0
v 0.93712 0.61980 0.10654
vn 0.86603 0.17883 0.46692
vt 1 1
f 1696/1696/1696 1697/1697/1697 1698/1698/1698
usemtl steel
v 0.93490 0.62831 0.10638
vn 0.70711 0.25291 0.66033
vt 0 0
v 0.93200 0.62911 0.10846
vn 0.50000 0.30975 0.80874
vt 1 0
v 0.93200 0.62164 0.11132
vn 0.50000 0.30975 0.80874
vt 1 1
f 1699/1699/1699 1700/1700/1700 1701/1701/1701
usemtl steel
v 0.93490 0.62831 0.10638
vn 0.70711 0.25291 0.66033
vt 0 0
v 0.93200 0.62164 0.11132
vn 0.50000 0.30975 0.80874
vt 1 0
v 0.93490 0.62084 0.10924
vn 0.70711 0.25291 0.66033
vt 1 1
f 1702/1702/1702 1703/1703/1703 1704/1704/1704
usemtl steel
v 0.92138 0.62961 0.10977
vn -0.00000 0.93385 -0.35767
vt 0 0
v 0.92500 0.62978 0.11021
vn -0.00000 0.93385 -0.35767
vt 1 0
v 0.92862 0.62961 0.10977
vn -0.00000 0.93385 -0.35767
vt 1 1
f 1705/1705/1705 1706/1706/1706 1707/1707/1707
usemtl steel
v 0.92862 0.62961 0.10977
vn -0.00000 0.93385 -0.35767
vt 0 0
v 0.93200 0.62911 0.10846
vn -0.00000 0.93385 -0.35767
vt 1 0
v 0.93490 0.62831 0.10638
vn -0.00000 0.93385 -0.35767
vt 1 1
f 1708/1708/1708 1709/1709/1709 1710/1710/1710
usemtl steel
v 0.93490 0.62831 0.10638
vn -0.00000 0.93385 -0.35767
vt 0 0
v 0.93712 0.62727 0.10368
vn -0.00000 0.93385 -0.35767
vt 1 0
v 0.93852 0.62607 0.10052
vn -0.00000 0.93385 -0.35767
vt 1 1
f 1711/1711/1711 1712/1712/1712 1713/1713/1713
usemtl steel
v 0.93852 0.62607 0.10052
vn -0.00000 0.93385 -0.35767
vt 0 0
v 0.93900 0.62477 0.09714
vn -0.00000 0.93385 -0.35767
vt 1 0
v 0.93852 0.62347 0.09375
vn -0.00000 0.93385 -0.35767
vt 1 1
f 1714/1714/1714 1715/1715/1715 1716/1716/1716
usemtl steel
v 0.93852 0.62347 0.09375
vn -0.00000 0.93385 -0.35767
vt 0 0
v 0.93712 0.62227 0.09060
vn -0.00000 0.93385 -0.35767
vt 1 0
v 0.93490 0.62123 0.08789
vn -0.00000 0.93385 -0.35767
vt 1 1
f 1717/1717/1717 1718/1718/1718 1719/1719/1719
usemtl steel
v 0.93490 0.62123 0.08789
vn -0.00000 0.93385 -0.35767
vt 0 0
v 0.93200 0.62043 0.08582
vn -0.00000 0.93385 -0.35767
vt 1 0
v 0.92862 0.61993 0.08451
vn -0.00000 0.93385 -0.35767
vt 1 1
f 1720/1720/1720 1721/1721/1721 1722/1722/1722
usemtl steel
v 0.92862 0.61993 0.08451
vn -0.00000 0.93385 -0.35767
vt 0 0
v 0.92500 0.61976 0.08406
vn -0.00000 0.93385 -0.35767
vt 1 0
v 0.92138 0.61993 0.08451
vn -0.00000 0.93385 -0.35767
vt 1 1
f 1723/1723/1723 1724/1724/1724 1725/1725/1725
usemtl steel
v 0.92138 0.61993 0.08451
vn -0.00000 0.93385 -0.35767
vt 0 0
v 0.91800 0.62043 0.08582
vn -0.00000 0.93385 -0.35767
vt 1 0
v 0.91510 0.62123 0.08789
vn -0.00000 0.93385 -0.35767
vt 1 1
f 1726/1726/1726 1727/1727/1727 1728/1728/1728
usemtl steel
v 0.91510 0.62123 0.08789
vn -0.00000 0.93385 -0.35767
vt 0 0
v 0.91288 0.62227 0.09060
vn -0.00000 0.93385 -0.35767
vt 1 0
v 0.91148 0.62347 0.09375
vn -0.00000 0.93385 -0.35767
vt 1 1
f 1729/1729/1729 1730/1730/1730 1731/1731/1731
usemtl steel
v 0.91148 0.62347 0.09375
vn -0.00000 0.93385 -0.35767
vt 0 0
v 0.91100 0.62477 0.09714
vn -0.00000 0.93385 -0.35767
vt 1 0
v 0.91148 0.62607 0.10052
vn -0.00000 0.93385 -0.35767
vt 1 1
f 1732/1732/1732 1733/1733/1733 1734/1734/1734
usemtl steel
v 0.91148 0.62607 0.10052
vn -0.00000 0.93385 -0.35767
vt 0 0
v 0.91288 0.62727 0.10368
vn -0.00000 0.93385 -0.35767
vt 1 0
v 0.91510 0.62831 0.10638
vn -0.00000 0.93385 -0.35767
vt 1 1
f 1735/1735/1735 1736/1736/1736 1737/1737/1737
usemtl steel
v 0.91510 0.62831 0.10638
vn -0.00000 0.93385 -0.35767
vt 0 0
v 0.91800 0.62911 0.10846
vn -0.00000 0.93385 -0.35767
vt 1 0
v 0.92138 0.62961 0.10977
vn -0.00000 0.93385 -0.35767
vt 1 1
f 1738/1738/1738 1739/1739/1739 1740/1740/1740
usemtl steel
v 0.92138 0.62961 0.10977
vn -0.00000 0.93385 -0.35767
vt 0 0
v 0.92862 0.62961 0.10977
vn -0.00000 0.93385 -0.35767
vt 1 0
v 0.93490 0.62831 0.10638
vn -0.00000 0.93385 -0.35767
vt 1 1
f 1741/1741/1741 1742/1742/1742 1743/1743/1743
usemtl steel
v 0.93490 0.62831 0.10638
vn -0.00000 0.93385 -0.35767
vt 0 0
v 0.93852 0.62607 0.10052
vn -0.00000 0.93385 -0.35767
vt 1 0
v 0.93852 0.62347 0.09375
vn -0.00000 0.93385 -0.35767
vt 1 1
f 1744/1744/1744 1745/1745/1745 1746/1746/1746
usemtl steel
v 0.93852 0.62347 0.09375
vn -0.00000 0.93385 -0.35767
vt 0 0
v 0.93490 0.62123 0.08789
vn -0.00000 0.93385 -0.35767
vt 1 0
v 0.92862 0.61993 0.08451
vn -0.00000 0.93385 -0.35767
vt 1 1
f 1747/1747/1747 1748/1748/1748 1749/1749/1749
usemtl steel
v 0.92862 0.61993 0.08451
vn -0.00000 0.93385 -0.35767
vt 0 0
v 0.92138 0.61993 0.08451
vn -0.00000 0.93385 -0.35767
vt 1 0
v 0.91510 0.62123 0.08789
vn -0.00000 0.93385 -0.35767
vt 1 1
f 1750/1750/1750 1751/1751/1751 1752/1752/1752
usemtl steel
v 0.91510 0.62123 0.08789
vn -0.00000 0.93385 -0.35767
vt 0 0
v 0.91148 0.62347 0.09375
vn -0.00000 0.93385 -0.35767
vt 1 0
v 0.91148 0.62607 0.10052
vn -0.00000 0.93385 -0.35767
vt 1 1
f 1753/1753/1753 1754/1754/1754 1755/1755/1755
usemtl steel
v 0.91148 0.62607 0.10052
vn -0.00000 0.93385 -0.35767
vt 0 0
v 0.91510 0.62831 0.10638
vn -0.00000 0.93385 -0.35767
vt 1 0
v 0.92138 0.62961 0.10977
vn -0.00000 0.93385 -0.35767
vt 1 1
f 1756/1756/1756 1757/1757/1757 1758/1758/1758
usemtl steel
v 0.92138 0.62961 0.10977
vn -0.00000 0.93385 -0.35767
vt 0 0
v 0.93490 0.62831 0.10638
vn -0.00000 0.93385 -0.35767
vt 1 0
v 0.93852 0.62347 0.09375
vn -0.00000 0.93385 -0.35767
vt 1 1
f 1759/1759/1759 1760/1760/1760 1761/1761/1761
usemtl steel
v 0.93852 0.62347 0.09375
vn -0.00000 0.93385 -0.35767
vt 0 0
v 0.92862 0.61993 0.08451
vn -0.00000 0.93385 -0.35767
vt 1 0
v 0.91510 0.62123 0.08789
vn -0.00000 0.93385 -0.35767
vt 1 1
f 1762/1762/1762 1763/1763/1763 1764/1764/1764
usemtl steel
v 0.91510 0.62123 0.08789
vn -0.00000 0.93385 -0.35767
vt 0 0
v 0.91148 0.62607 0.10052
vn -0.00000 0.93385 -0.35767
vt 1 0
v 0.92138 0.62961 0.10977
vn -0.00000 0.93385 -0.35767
vt 1 1
f 1765/1765/1765 1766/1766/1766 1767/1767/1767
usemtl steel
v 0.93852 0.62347 0.09375
vn -0.00000 0.93385 -0.35767
vt 0 0
v 0.91510 0.62123 0.08789
vn -0.00000 0.93385 -0.35767
vt 1 0
v 0.92138 0.62961 0.10977
vn -0.00000 0.93385 -0.35767
vt 1 1
f 1768/1768/1768 1769/1769/1769 1770/1770/1770
usemtl steel
v 0.93200 0.62911 0.10846
vn 0.50000 0.30975 0.80874
vt 0 0
v 0.92862 0.62961 0.10977
vn 0.25882 0.34548 0.90203
vt 1 0
v 0.92862 0.62214 0.11263
vn 0.25882 0.34548 0.90203
vt 1 1
f 1771/1771/1771 1772/1772/1772 1773/1773/1773
usemtl steel
v 0.93200 0.62911 0.10846
vn 0.50000 0.30975 0.80874
vt 0 0
v 0.92862 0.62214 0.11263
vn 0.25882 0.34548 0.90203
vt 1 0
v 0.93200 0.62164 0.11132
vn 0.50000 0.30975 0.80874
vt 1 1
f 1774/1774/1774 1775/1775/1775 1776/1776/1776
usemtl steel
v 0.92862 0.62214 0.11263
vn -0.00000 -0.93385 0.35767
vt 0 0
v 0.92500 0.62231 0.11307
vn -0.00000 -0.93385 0.35767
vt 1 0
v 0.92138 0.62214 0.11263
vn -0.00000 -0.93385 0.35767
vt 1 1
f 1777/1777/1777 1778/1778/1778 1779/1779/1779
usemtl steel
v 0.92138 0.62214 0.11263
vn -0.00000 -0.93385 0.35767
vt 0 0
v 0.91800 0.62164 0.11132
vn -0.00000 -0.93385 0.35767
vt 1 0
v 0.91510 0.62084 0.10924
vn -0.00000 -0.93385 0.35767
vt 1 1
f 1780/1780/1780 1781/1781/1781 1782/1782/1782
usemtl steel
v 0.91510 0.62084 0.10924
vn -0.00000 -0.93385 0.35767
vt 0 0
v 0.91288 0.61980 0.10654
vn -0.00000 -0.93385 0.35767
vt 1 0
v 0.91148 0.61860 0.10338
vn -0.00000 -0.93385 0.35767
vt 1 1
f 1783/1783/1783 1784/1784/1784 1785/1785/1785
usemtl steel
v 0.91148 0.61860 0.10338
vn -0.00000 -0.93385 0.35767
vt 0 0
v 0.91100 0.61730 0.10000
vn -0.00000 -0.93385 0.35767
vt 1 0
v 0.91148 0.61600 0.09662
vn -0.00000 -0.93385 0.35767
vt 1 1
f 1786/1786/1786 1787/1787/1787 1788/1788/1788
usemtl steel
v 0.91148 0.61600 0.09662
vn -0.00000 -0.93385 0.35767
vt 0 0
v 0.91288 0.61480 0.09346
vn -0.00000 -0.93385 0.35767
vt 1 0
v 0.91510 0.61376 0.09076
vn -0.00000 -0.93385 0.35767
vt 1 1
f 1789/1789/1789 1790/1790/1790 1791/1791/1791
usemtl steel
v 0.91510 0.61376 0.09076
vn -0.00000 -0.93385 0.35767
vt 0 0
v 0.91800 0.61296 0.08868
vn -0.00000 -0.93385 0.35767
vt 1 0
v 0.92138 0.61246 0.08737
vn -0.00000 -0.93385 0.35767
vt 1 1
f 1792/1792/1792 1793/1793/1793 1794/1794/1794
usemtl steel
v 0.92138 0.61246 0.08737
vn -0.00000 -0.93385 0.35767
vt 0 0
v 0.92500 0.61229 0.08693
vn -0.00000 -0.93385 0.35767
vt 1 0
v 0.92862 0.61246 0.08737
vn -0.00000 -0.93385 0.35767
vt 1 1
f 1795/1795/1795 1796/1796/1796 1797/1797/1797
usemtl steel
v 0.92862 0.61246 0.08737
vn -0.00000 -0.93385 0.35767
vt 0 0
v 0.93200 0.61296 0.08868
vn -0.00000 -0.93385 0.35767
vt 1 0
v 0.93490 0.61376 0.09076
vn -0.00000 -0.93385 0.35767
vt 1 1
f 1798/1798/1798 1799/1799/1799 1800/1800/1800
usemtl steel
v 0.93490 0.61376 0.09076
vn -0.00000 -0.93385 0.35767
vt 0 0
v 0.93712 0.61480 0.09346
vn -0.00000 -0.93385 0.35767
vt 1 0
v 0.93852 0.61600 0.09662
vn -0.00000 -0.93385 0.35767
vt 1 1
f 1801/1801/1801 1802/1802/1802 1803/1803/1803
usemtl steel
v 0.93852 0.61600 0.09662
vn -0.00000 -0.93385 0.35767
vt 0 0
v 0.93900 0.61730 0.10000
vn -0.00000 -0.93385 0.35767
vt 1 0
v 0.93852 0.61860 0.10338
vn -0.00000 -0.93385 0.35767
vt 1 1
f 1804/1804/1804 1805/1805/1805 1806/1806/1806
usemtl steel
v 0.93852 0.61860 0.10338
vn -0.00000 -0.93385 0.35767
vt 0 0
v 0.93712 0.61980 0.10654
vn -0.00000 -0.93385 0.35767
vt 1 0
v 0.93490 0.62084 0.10924
vn -0.00000 -0.93385 0.35767
vt 1 1
f 1807/1807/1807 1808/1808/1808 1809/1809/1809
usemtl steel
v 0.93490 0.62084 0.10924
vn -0.00000 -0.93385 0.35767
vt 0 0
v 0.93200 0.62164 0.11132
vn -0.00000 -0.93385 0.35767
vt 1 0
v 0.92862 0.62214 0.11263
vn -0.00000 -0.93385 0.35767
vt 1 1
f 1810/1810/1810 1811/1811/1811 1812/1812/1812
usemtl steel
v 0.92862 0.62214 0.11263
vn -0.00000 -0.93385 0.35767
vt 0 0
v 0.92138 0.62214 0.11263
vn -0.00000 -0.93385 0.35767
vt 1 0
v 0.91510 0.62084 0.10924
vn -0.00000 -0.93385 0.35767
vt 1 1
f 1813/1813/1813 1814/1814/1814 1815/1815/1815
usemtl steel
v 0.91510 0.62084 0.10924
vn -0.00000 -0.93385 0.35767
vt 0 0
v 0.91148 0.61860 0.10338
vn -0.00000 -0.93385 0.35767
vt 1 0
v 0.91148 0.61600 0.09662
vn -0.00000 -0.93385 0.35767
vt 1 1
f 1816/1816/1816 1817/1817/1817 1818/1818/1818
usemtl steel
v 0.91148 0.61600 0.09662
vn -0.00000 -0.93385 0.35767
vt 0 0
v 0.91510 0.61376 0.09076
vn -0.00000 -0.93385 0.35767
vt 1 0
v 0.92138 0.61246 0.08737
vn -0.00000 -0.93385 0.35767
vt 1 1
f 1819/1819/1819 1820/1820/1820 1821/1821/1821
usemtl steel
v 0.92138 0.61246 0.08737
vn -0.00000 -0.93385 0.35767
vt 0 0
v 0.92862 0.61246 0.08737
vn -0.00000 -0.93385 0.35767
vt 1 0
v 0.93490 0.61376 0.09076
vn -0.00000 -0.93385 0.35767
vt 1 1
f 1822/1822/1822 1823/1823/1823 1824/1824/1824
usemtl steel
v 0.93490 0.61376 0.09076
vn -0.00000 -0.93385 0.35767
vt 0 0
v 0.93852 0.61600 0.09662
vn -0.00000 -0.93385 0.35767
vt 1 0
v 0.93852 0.61860 0.10338
vn -0.00000 -0.93385 0.35767
vt 1 1
f 1825/1825/1825 1826/1826/1826 1827/1827/1827
usemtl steel
v 0.93852 0.61860 0.10338
vn -0.00000 -0.93385 0.35767
vt 0 0
v 0.93490 0.62084 0.10924
vn -0.00000 -0.93385 0.35767
vt 1 0
v 0.92862 0.62214 0.11263
vn -0.00000 -0.93385 0.35767
vt 1 1
f 1828/1828/1828 1829/1829/1829 1830/1830/1830
usemtl steel
v 0.92862 0.62214 0.11263
vn -0.00000 -0.93385 0.35767
vt 0 0
v 0.91510 0.62084 0.10924
vn -0.00000 -0.93385 0.35767
vt 1 0
v 0.91148 0.61600 0.09662
vn -0.00000 -0.93385 0.35767
vt 1 1
f 1831/1831/1831 1832/1832/1832 1833/1833/1833
usemtl steel
v 0.91148 0.61600 0.09662
vn -0.00000 -0.93385 0.35767
vt 0 0
v 0.92138 0.61246 0.08737
vn -0.00000 -0.93385 0.35767
vt 1 0
v 0.93490 0.61376 0.09076
vn -0.00000 -0.93385 0.35767
vt 1 1
f 1834/1834/1834 1835/1835/1835 1836/1836/1836
usemtl steel
v 0.93490 0.61376 0.09076
vn -0.00000 -0.93385 0.35767
vt 0 0
v 0.93852 0.61860 0.10338
vn -0.00000 -0.93385 0.35767
vt 1 0
v 0.92862 0.62214 0.11263
vn -0.00000 -0.93385 0.35767
vt 1 1
f 1837/1837/1837 1838/1838/1838 1839/1839/1839
usemtl steel
v 0.91148 0.61600 0.09662
vn -0.00000 -0.93385 0.35767
vt 0 0
v 0.93490 0.61376 0.09076
vn -0.00000 -0.93385 0.35767
vt 1 0
v 0.92862 0.62214 0.11263
vn -0.00000 -0.93385 0.35767
vt 1 1
f 1840/1840/1840 1841/1841/1841 1842/1842/1842
usemtl steel
v 0.92500 0.62978 0.11021
vn 0.00000 0.35767 0.93385
vt 0 0
v 0.92138 0.62961 0.10977
vn -0.25882 0.34548 0.90203
vt 1 0
v 0.92138 0.62214 0.11263
vn -0.25882 0.34548 0.90203
vt 1 1
f 1843/1843/1843 1844/1844/1844 1845/1845/1845
usemtl steel
v 0.92500 0.62978 0.11021
vn 0.00000 0.35767 0.93385
vt 0 0
v 0.92138 0.62214 0.11263
vn -0.25882 0.34548 0.90203
vt 1 0
v 0.92500 0.62231 0.11307
vn 0.00000 0.35767 0.93385
vt 1 1
f 1846/1846/1846 1847/1847/1847 1848/1848/1848
usemtl steel
v 0.92862 0.93601 0.90977
vn 0.25882 0.34548 0.90203
vt 0 0
v 0.92500 0.93618 0.91021
vn 0.00000 0.35767 0.93385
vt 1 0
v 0.92500 0.92871 0.91307
vn 0.00000 0.35767 0.93385
vt 1 1
f 1849/1849/1849 1850/1850/1850 1851/1851/1851
usemtl steel
v 0.92862 0.93601 0.90977
vn 0.25882 0.34548 0.90203
vt 0 0
v 0.92500 0.92871 0.91307
vn 0.00000 0.35767 0.93385
vt 1 0
v 0.92862 0.92854 0.91263
vn 0.25882 0.34548 0.90203
vt 1 1
f 1852/1852/1852 1853/1853/1853 1854/1854/1854
usemtl steel
v 0.92138 0.93601 0.90977
vn -0.25882 0.34548 0.90203
vt 0 0
v 0.91800 0.93551 0.90846
vn -0.50000 0.30975 0.80874
vt 1 0
v 0.91800 0.92804 0.91132
vn -0.50000 0.30975 0.80874
vt 1 1
f 1855/1855/1855 1856/1856/1856 1857/1857/1857
usemtl steel
v 0.92138 0.93601 0.90977
vn -0.25882 0.34548 0.90203
vt 0 0
v 0.91800 0.92804 0.91132
vn -0.50000 0.30975 0.80874
vt 1 0
v 0.92138 0.92854 0.91263
vn -0.25882 0.34548 0.90203
vt 1 1
f 1858/1858/1858 1859/1859/1859 1860/1860/1860
usemtl steel
v 0.91800 0.93551 0.90846
vn -0.50000 0.30975 0.80874
vt 0 0
v 0.91510 0.93471 0.90638
vn -0.70711 0.25291 0.66033
vt 1 0
v 0.91510 0.92724 0.90924
vn -0.70710 0.25291 0.66033
vt 1 1
f 1861/1861/1861 1862/1862/1862 1863/1863/1863
usemtl steel
v 0.91800 0.93551 0.90846
vn -0.50000 0.30975 0.80874
vt 0 0
v 0.91510 0.92724 0.90924
vn -0.70710 0.25291 0.66033
vt 1 0
v 0.91800 0.92804 0.91132
vn -0.50000 0.30975 0.80874
vt 1 1
f 1864/1864/1864 1865/1865/1865 1866/1866/1866
usemtl steel
v 0.91510 0.93471 0.90638
vn -0.70711 0.25291 0.66033
vt 0 0
v 0.91288 0.93367 0.90368
vn -0.86603 0.17883 0.46692
vt 1 0
v 0.91288 0.92620 0.90654
vn -0.86603 0.17883 0.46692
vt 1 1
f 1867/1867/1867 1868/1868/1868 1869/1869/1869
usemtl steel
v 0.91510 0.93471 0.90638
vn -0.70711 0.25291 0.66033
vt 0 0
v 0.91288 0.92620 0.90654
vn -0.86603 0.17883 0.46692
vt 1 0
v 0.91510 0.92724 0.90924
vn -0.70710 0.25291 0.66033
vt 1 1
f 1870/1870/1870 1871/1871/1871 1872/1872/1872
usemtl steel
v 0.91288 0.93367 0.90368
vn -0.86603 0.17883 0.46692
vt 0 0
v 0.91148 0.93247 0.90052
vn -0.96593 0.09257 0.24170
vt 1 0
v 0.91148 0.92500 0.90338
vn -0.96593 0.09257 0.24170
vt 1 1
f 1873/1873/1873 1874/1874/1874 1875/1875/1875
usemtl steel
v 0.91288 0.93367 0.90368
vn -0.86603 0.17883 0.46692
vt 0 0
v 0.91148 0.92500 0.90338
vn -0.96593 0.09257 0.24170
vt 1 0
v 0.91288 0.92620 0.90654
vn -0.86603 0.17883 0.46692
vt 1 1
f 1876/1876/1876 1877/1877/1877 1878/1878/1878
usemtl steel
v 0.91148 0.93247 0.90052
vn -0.96593 0.09257 0.24170
vt 0 0
v 0.91100 0.93117 0.89714
vn -1.00000 -0.00000 -0.00000
vt 1 0
v 0.91100 0.92370 0.90000
vn -1.00000 -0.00000 -0.00000
vt 1 1
f 1879/1879/1879 1880/1880/1880 1881/1881/1881
usemtl steel
v 0.91148 0.93247 0.90052
vn -0.96593 0.09257 0.24170
vt 0 0
v 0.91100 0.92370 0.90000
vn -1.00000 -0.00000 -0.00000
vt 1 0
v 0.91148 0.92500 0.90338
vn -0.96593 0.09257 0.24170
vt 1 1
f 1882/1882/1882 1883/1883/1883 1884/1884/1884
usemtl steel
v 0.91100 0.93117 0.89714
vn -1.00000 -0.00000 -0.00000
vt 0 0
v 0.91148 0.92987 0.89375
vn -0.96593 -0.09257 -0.24170
vt 1 0
v 0.91148 0.92240 0.89662
vn -0.96593 -0.09257 -0.24170
vt 1 1
f 1885/1885/1885 1886/1886/1886 1887/1887/1887
usemtl steel
v 0.91100 0.93117 0.89714
vn -1.00000 -0.00000 -0.00000
vt 0 0
v 0.91148 0.92240 0.89662
vn -0.96593 -0.09257 -0.24170
vt 1 0
v 0.91100 0.92370 0.90000
vn -1.00000 -0.00000 -0.00000
vt 1 1
f 1888/1888/1888 1889/1889/1889 1890/1890/1890
usemtl steel
v 0.91148 0.92987 0.89375
vn -0.96593 -0.09257 -0.24170
vt 0 0
v 0.91288 0.92867 0.89060
vn -0.86603 -0.17883 -0.46692
vt 1 0
v 0.91288 0.92120 0.89346
vn -0.86603 -0.17883 -0.46692
vt 1 1
f 1891/1891/1891 1892/1892/1892 1893/1893/1893
usemtl steel
v 0.91148 0.92987 0.89375
vn -0.96593 -0.09257 -0.24170
vt 0 0
v 0.91288 0.92120 0.89346
vn -0.86603 -0.17883 -0.46692
vt 1 0
v 0.91148 0.92240 0.89662
vn -0.96593 -0.09257 -0.24170
vt 1 1
f 1894/1894/1894 1895/1895/1895 1896/1896/1896
usemtl steel
v 0.91288 0.92867 0.89060
vn -0.86603 -0.17883 -0.46692
vt 0 0
v 0.91510 0.92763 0.88789
vn -0.70711 -0.25291 -0.66033
vt 1 0
v 0.91510 0.92016 0.89076
vn -0.70711 -0.25291 -0.66033
vt 1 1
f 1897/1897/1897 1898/1898/1898 1899/1899/1899
usemtl steel
v 0.91288 0.92867 0.89060
vn -0.86603 -0.17883 -0.46692
vt 0 0
v 0.91510 0.92016 0.89076
vn -0.70711 -0.25291 -0.66033
vt 1 0
v 0.91288 0.92120 0.89346
vn -0.86603 -0.17883 -0.46692
vt 1 1
f 1900/1900/1900 1901/1901/1901 1902/1902/1902
usemtl steel
v 0.91510 0.92763 0.88789
vn -0.70711 -0.25291 -0.66033
vt 0 0
v 0.91800 0.92683 0.88582
vn -0.50000 -0.30975 -0.80874
vt 1 0
v 0.91800 0.91936 0.88868
vn -0.50000 -0.30975 -0.80874
vt 1 1
f 1903/1903/1903 1904/1904/1904 1905/1905/1905
usemtl steel
v 0.91510 0.92763 0.88789
vn -0.70711 -0.25291 -0.66033
vt 0 0
v 0.91800 0.91936 0.88868
vn -0.50000 -0.30975 -0.80874
vt 1 0
v 0.91510 0.92016 0.89076
vn -0.70711 -0.25291 -0.66033
vt 1 1
f 1906/1906/1906 1907/1907/1907 1908/1908/1908
usemtl steel
v 0.91800 0.92683 0.88582
vn -0.50000 -0.30975 -0.80874
vt 0 0
v 0.92138 0.92633 0.88451
vn -0.25882 -0.34548 -0.90203
vt 1 0
v 0.92138 0.91886 0.88737
vn -0.25882 -0.34548 -0.90203
vt 1 1
f 1909/1909/1909 1910/1910/1910 1911/1911/1911
usemtl steel
v 0.91800 0.92683 0.88582
vn -0.50000 -0.30975 -0.80874
vt 0 0
v 0.92138 0.91886 0.88737
vn -0.25882 -0.34548 -0.90203
vt 1 0
v 0.91800 0.91936 0.88868
vn -0.50000 -0.30975 -0.80874
vt 1 1
f 1912/1912/1912 1913/1913/1913 1914/1914/1914
usemtl steel
v 0.92138 0.92633 0.88451
vn -0.25882 -0.34548 -0.90203
vt 0 0
v 0.92500 0.92616 0.88406
vn -0.00000 -0.35766 -0.93385
vt 1 0
v 0.92500 0.91869 0.88693
vn -0.00000 -0.35766 -0.93385
vt 1 1
f 1915/1915/1915 1916/1916/1916 1917/1917/1917
usemtl steel
v 0.92138 0.92633 0.88451
vn -0.25882 -0.34548 -0.90203
vt 0 0
v 0.92500 0.91869 0.88693
vn -0.00000 -0.35766 -0.93385
vt 1 0
v 0.92138 0.91886 0.88737
vn -0.25882 -0.34548 -0.90203
vt 1 1
f 1918/1918/1918 1919/1919/1919 1920/1920/1920
usemtl steel
v 0.92500 0.92616 0.88406
vn -0.00000 -0.35766 -0.93385
vt 0 0
v 0.92862 0.92633 0.88451
vn 0.25882 -0.34548 -0.90203
vt 1 0
v 0.92862 0.91886 0.88737
vn 0.25882 -0.34548 -0.90203
vt 1 1
f 1921/1921/1921 1922/1922/1922 1923/1923/1923
usemtl steel
v 0.92500 0.92616 0.88406
vn -0.00000 -0.35766 -0.93385
vt 0 0
v 0.92862 0.91886 0.88737
vn 0.25882 -0.34548 -0.90203
vt 1 0
v 0.92500 0.91869 0.88693
vn -0.00000 -0.35766 -0.93385
vt 1 1
f 1924/1924/1924 1925/1925/1925 1926/1926/1926
usemtl steel
v 0.92862 0.92633 0.88451
vn 0.25882 -0.34548 -0.90203
vt 0 0
v 0.93200 0.92683 0.88582
vn 0.50000 -0.30975 -0.80874
vt 1 0
v 0.93200 0.91936 0.88868
vn 0.50000 -0.30975 -0.80874
vt 1 1
f 1927/1927/1927 1928/1928/1928 1929/1929/1929
usemtl steel
v 0.92862 0.92633 0.88451
vn 0.25882 -0.34548 -0.90203
vt 0 0
v 0.93200 0.91936 0.88868
vn 0.50000 -0.30975 -0.80874
vt 1 0
v 0.92862 0.91886 0.88737
vn 0.25882 -0.34548 -0.90203
vt 1 1
f 1930/1930/1930 1931/1931/1931 1932/1932/1932
usemtl steel
v 0.93200 0.92683 0.88582
vn 0.50000 -0.30975 -0.80874
vt 0 0
v 0.93490 0.92763 0.88789
vn 0.70711 -0.25291 -0.66033
vt 1 0
v 0.93490 0.92016 0.89076
vn 0.70711 -0.25291 -0.66033
vt 1 1
f 1933/1933/1933 1934/1934/1934 1935/1935/1935
usemtl steel
v 0.93200 0.92683 0.88582
vn 0.50000 -0.30975 -0.80874
vt 0 0
v 0.93490 0.92016 0.89076
vn 0.70711 -0.25291 -0.66033
vt 1 0
v 0.93200 0.91936 0.88868
vn 0.50000 -0.30975 -0.80874
vt 1 1
f 1936/1936/1936 1937/1937/1937 1938/1938/1938
usemtl steel
v 0.93490 0.92763 0.88789
vn 0.70711 -0.25291 -0.66033
vt 0 0
v 0.93712 0.92867 0.89060
vn 0.86603 -0.17883 -0.46692
vt 1 0
v 0.93712 0.92120 0.89346
vn 0.86603 -0.17883 -0.46692
vt 1 1
f 1939/1939/1939 1940/1940/1940 1941/1941/1941
usemtl steel
v 0.93490 0.92763 0.88789
vn 0.70711 -0.25291 -0.66033
vt 0 0
v 0.93712 0.92120 0.89346
vn 0.86603 -0.17883 -0.46692
vt 1 0
v 0.93490 0.92016 0.89076
vn 0.70711 -0.25291 -0.66033
vt 1 1
f 1942/1942/1942 1943/1943/1943 1944/1944/1944
usemtl steel
v 0.93712 0.92867 0.89060
vn 0.86603 -0.17883 -0.46692
vt 0 0
v 0.93852 0.92987 0.89375
vn 0.96593 -0.09257 -0.24170
vt 1 0
v 0.93852 0.92240 0.89662
vn 0.96593 -0.09257 -0.24170
vt 1 1
f 1945/1945/1945 1946/1946/1946 1947/1947/1947
usemtl steel
v 0.93712 0.92867 0.89060
vn 0.86603 -0.17883 -0.46692
vt 0 0
v 0.93852 0.92240 0.89662
vn 0.96593 -0.09257 -0.24170
vt 1 0
v 0.93712 0.92120 0.89346
vn 0.86603 -0.17883 -0.46692
vt 1 1
f 1948/1948/1948 1949/1949/1949 1950/1950/1950
usemtl steel
v 0.93852 0.92987 0.89375
vn 0.96593 -0.09257 -0.24170
vt 0 0
v 0.93900 0.93117 0.89714
vn 1.00000 0.00000 0.00000
vt 1 0
v 0.93900 0.92370 0.90000
vn 1.00000 0.00000 0.00000
vt 1 1
f 1951/1951/1951 1952/1952/1952 1953/1953/1953
usemtl steel
v 0.93852 0.92987 0.89375
vn 0.96593 -0.09257 -0.24170
vt 0 0
v 0.93900 0.92370 0.90000
vn 1.00000 0.00000 0.00000
vt 1 0
v 0.93852 0.92240 0.89662
vn 0.96593 -0.09257 -0.24170
vt 1 1
f 1954/1954/1954 1955/1955/1955 1956/1956/1956
usemtl steel
v 0.93900 0.93117 0.89714
vn 1.00000 0.00000 0.00000
vt 0 0
v 0.93852 0.93247 0.90052
vn 0.96592 0.09257 0.24170
vt 1 0
v 0.93852 0.92500 0.90338
vn 0.96592 0.09257 0.24170
vt 1 1
f 1957/1957/1957 1958/1958/1958 1959/1959/1959
usemtl steel
v 0.93900 0.93117 0.89714
vn 1.00000 0.00000 0.00000
vt 0 0
v 0.93852 0.92500 0.90338
vn 0.96592 0.09257 0.24170
vt 1 0
v 0.93900 0.92370 0.90000
vn 1.00000 0.00000 0.00000
vt 1 1
f 1960/1960/1960 1961/1961/1961 1962/1962/1962
usemtl steel
v 0.93852 0.93247 0.90052
vn 0.96592 0.09257 0.24170
vt 0 0
v 0.93712 0.93367 0.90368
vn 0.86603 0.17883 0.46692
vt 1 0
v 0.93712 0.92620 0.90654
vn 0.86603 0.17883 0.46692
vt 1 1
f 1963/1963/1963 1964/1964/1964 1965/1965/1965
usemtl steel
v 0.93852 0.93247 0.90052
vn 0.96592 0.09257 0.24170
vt 0 0
v 0.93712 0.92620 0.90654
vn 0.86603 0.17883 0.46692
vt 1 0
v 0.93852 0.92500 0.90338
vn 0.96592 0.09257 0.24170
vt 1 1
f 1966/1966/1966 1967/1967/1967 1968/1968/1968
usemtl steel
v 0.93712 0.93367 0.90368
vn 0.86603 0.17883 0.46692
vt 0 0
v 0.93490 0.93471 0.90638
vn 0.70711 0.25291 0.66033
vt 1 0
v 0.93490 0.92724 0.90924
vn 0.70711 0.25291 0.66033
vt 1 1
f 1969/1969/1969 1970/1970/1970 1971/1971/1971
usemtl steel
v 0.93712 0.93367 0.90368
vn 0.86603 0.17883 0.46692
vt 0 0
v 0.93490 0.92724 0.90924
vn 0.70711 0.25291 0.66033
vt 1 0
v 0.93712 0.92620 0.90654
vn 0.86603 0.17883 0.46692
vt 1 1
f 1972/1972/1972 1973/1973/1973 1974/1974/1974
usemtl steel
v 0.93490 0.93471 0.90638
vn 0.70711 0.25291 0.66033
vt 0 0
v 0.93200 0.93551 0.90846
vn 0.50000 0.30975 0.80874
vt 1 0
v 0.93200 0.92804 0.91132
vn 0.50000 0.30975 0.80874
vt 1 1
f 1975/1975/1975 1976/1976/1976 1977/1977/1977
usemtl steel
v 0.93490 0.93471 0.90638
vn 0.70711 0.25291 0.66033
vt 0 0
v 0.93200 0.92804 0.91132
vn 0.50000 0.30975 0.80874
vt 1 0
v 0.93490 0.92724 0.90924
vn 0.70711 0.25291 0.66033
vt 1 1
f 1978/1978/1978 1979/1979/1979 1980/1980/1980
usemtl steel
v 0.92138 0.93601 0.90977
vn 0.00000 0.93385 -0.35767
vt 0 0
v 0.92500 0.93618 0.91021
vn 0.00000 0.93385 -0.35767
vt 1 0
v 0.92862 0.93601 0.90977
vn 0.00000 0.93385 -0.35767
vt 1 1
f 1981/1981/1981 1982/1982/1982 1983/1983/1983
usemtl steel
v 0.92862 0.93601 0.90977
vn 0.00000 0.93385 -0.35767
vt 0 0
v 0.93200 0.93551 0.90846
vn 0.00000 0.93385 -0.35767
vt 1 0
v 0.93490 0.93471 0.90638
vn 0.00000 0.93385 -0.35767
vt 1 1
f 1984/1984/1984 1985/1985/1985 1986/1986/1986
usemtl steel
v 0.93490 0.93471 0.90638
vn 0.00000 0.93385 -0.35767
vt 0 0
v 0.93712 0.93367 0.90368
vn 0.00000 0.93385 -0.35767
vt 1 0
v 0.93852 0.93247 0.90052
vn 0.00000 0.93385 -0.35767
vt 1 1
f 1987/1987/1987 1988/1988/1988 1989/1989/1989
usemtl steel
v 0.93852 0.93247 0.90052
vn 0.00000 0.93385 -0.35767
vt 0 0
v 0.93900 0.93117 0.89714
vn 0.00000 0.93385 -0.35767
vt 1 0
v 0.93852 0.92987 0.89375
vn 0.00000 0.93385 -0.35767
vt 1 1
f 1990/1990/1990 1991/1991/1991 1992/1992/1992
usemtl steel
v 0.93852 0.92987 0.89375
vn 0.00000 0.93385 -0.35767
vt 0 0
v 0.93712 0.92867 0.89060
vn 0.00000 0.93385 -0.35767
vt 1 0
v 0.93490 0.92763 0.88789
vn 0.00000 0.93385 -0.35767
vt 1 1
f 1993/1993/1993 1994/1994/1994 1995/1995/1995
usemtl steel
v 0.93490 0.92763 0.88789
vn 0.00000 0.93385 -0.35767
vt 0 0
v 0.93200 0.92683 0.88582
vn 0.00000 0.93385 -0.35767
vt 1 0
v 0.92862 0.92633 0.88451
vn 0.00000 0.93385 -0.35767
vt 1 1
f 1996/1996/1996 1997/1997/1997 1998/1998/1998
usemtl steel
v 0.92862 0.92633 0.88451
vn 0.00000 0.93385 -0.35767
vt 0 0
v 0.92500 0.92616 0.88406
vn 0.00000 0.93385 -0.35767
vt 1 0
v 0.92138 0.92633 0.88451
vn 0.00000 0.93385 -0.35767
vt 1 1
f 1999/1999/1999 2000/2000/2000 2001/2001/2001
usemtl steel
v 0.92138 0.92633 0.88451
vn 0.00000 0.93385 -0.35767
vt 0 0
v 0.91800 0.92683 0.88582
vn 0.00000 0.93385 -0.35767
vt 1 0
v 0.91510 0.92763 0.88789
vn 0.00000 0.93385 -0.35767
vt 1 1
f 2002/2002/2002 2003/2003/2003 2004/2004/2004
usemtl steel
v 0.91510 0.92763 0.88789
vn 0.00000 0.93385 -0.35767
vt 0 0
v 0.91288 0.92867 0.89060
vn 0.00000 0.93385 -0.35767
vt 1 0
v 0.91148 0.92987 0.89375
vn 0.00000 0.93385 -0.35767
vt 1 1
f 2005/2005/2005 2006/2006/2006 2007/2007/2007
usemtl steel
v 0.91148 0.92987 0.89375
vn 0.00000 0.93385 -0.35767
vt 0 0
v 0.91100 0.93117 0.89714
vn 0.00000 0.93385 -0.35767
vt 1 0
v 0.91148 0.93247 0.90052
vn 0.00000 0.93385 -0.35767
vt 1 1
f 2008/2008/2008 2009/2009/2009 2010/2010/2010
usemtl steel
v 0.91148 0.93247 0.90052
vn 0.00000 0.93385 -0.35767
vt 0 0
v 0.91288 0.93367 0.90368
vn 0.00000 0.93385 -0.35767
vt 1 0
v 0.91510 0.93471 0.90638
vn 0.00000 0.93385 -0.35767
vt 1 1
f 2011/2011/2011 2012/2012/2012 2013/2013/2013
usemtl steel
v 0.91510 0.93471 0.90638
vn 0.00000 0.93385 -0.35767
vt 0 0
v 0.91800 0.93551 0.90846
vn 0.00000 0.93385 -0.35767
vt 1 0
v 0.92138 0.93601 0.90977
vn 0.00000 0.93385 -0.35767
vt 1 1
f 2014/2014/2014 2015/2015/2015 2016/2016/2016
usemtl steel
v 0.92138 0.93601 0.90977
vn 0.00000 0.93385 -0.35767
vt 0 0
v 0.92862 0.93601 0.90977
vn 0.00000 0.93385 -0.35767
vt 1 0
v 0.93490 0.93471 0.90638
vn 0.00000 0.93385 -0.35767
vt 1 1
f 2017/2017/2017 2018/2018/2018 2019/2019/2019
usemtl steel
v 0.93490 0.93471 0.90638
vn 0.00000 0.93385 -0.35767
vt 0 0
v 0.93852 0.93247 0.90052
vn 0.00000 0.93385 -0.35767
vt 1 0
v 0.93852 0.92987 0.89375
vn 0.00000 0.93385 -0.35767
vt 1 1
f 2020/2020/2020 2021/2021/2021 2022/2022/2022
usemtl steel
v 0.93852 0.92987 0.89375
vn 0.00000 0.93385 -0.35767
vt 0 0
v 0.93490 0.92763 0.88789
vn 0.00000 0.93385 -0.35767
vt 1 0
v 0.92862 0.92633 0.88451
vn 0.00000 0.93385 -0.35767
vt 1 1
f 2023/2023/2023 2024/2024/2024 2025/2025/2025
usemtl steel
v 0.92862 0.92633 0.88451
vn 0.00000 0.93385 -0.35767
vt 0 0
v 0.92138 0.92633 0.88451
vn 0.00000 0.93385 -0.35767
vt 1 0
v 0.91510 0.92763 0.88789
vn 0.00000 0.93385 -0.35767
vt 1 1
f 2026/2026/2026 2027/2027/2027 2028/2028/2028
usemtl steel
v 0.91510 0.92763 0.88789
vn 0.00000 0.93385 -0.35767
vt 0 0
v 0.91148 0.92987 0.89375
vn 0.00000 0.93385 -0.35767
vt 1 0
v 0.91148 0.93247 0.90052
vn 0.00000 0.93385 -0.35767
vt 1 1
f 2029/2029/2029 2030/2030/2030 2031/2031/2031
usemtl steel
v 0.91148 0.93247 0.90052
vn 0.00000 0.93385 -0.35767
vt 0 0
v 0.91510 0.93471 0.90638
vn 0.00000 0.93385 -0.35767
vt 1 0
v 0.92138 0.93601 0.90977
vn 0.00000 0.93385 -0.35767
vt 1 1
f 2032/2032/2032 2033/2033/2033 2034/2034/2034
usemtl steel
v 0.92138 0.93601 0.90977
vn 0.00000 0.93385 -0.35767
vt 0 0
v 0.93490 0.93471 0.90638
vn 0.00000 0.93385 -0.35767
vt 1 0
v 0.93852 0.92987 0.89375
vn 0.00000 0.93385 -0.35767
vt 1 1
f 2035/2035/2035 2036/2036/2036 2037/2037/2037
usemtl steel
v 0.93852 0.92987 0.89375
vn 0.00000 0.93385 -0.35767
vt 0 0
v 0.92862 0.92633 0.88451
vn 0.00000 0.93385 -0.35767
vt 1 0
v 0.91510 0.92763 0.88789
vn 0.00000 0.93385 -0.35767
vt 1 1
f 2038/2038/2038 2039/2039/2039 2040/2040/2040
usemtl steel
v 0.91510 0.92763 0.88789
vn 0.00000 0.93385 -0.35767
vt 0 0
v 0.91148 0.93247 0.90052
vn 0.00000 0.93385 -0.35767
vt 1 0
v 0.92138 0.93601 0.90977
vn 0.00000 0.93385 -0.35767
vt 1 1
f 2041/2041/2041 2042/2042/2042 2043/2043/2043
usemtl steel
v 0.93852 0.92987 0.89375
vn 0.00000 0.93385 -0.35767
vt 0 0
v 0.91510 0.92763 0.88789
vn 0.00000 0.93385 -0.35767
vt 1 0
v 0.92138 0.93601 0.90977
vn 0.00000 0.93385 -0.35767
vt 1 1
f 2044/2044/2044 2045/2045/2045 2046/2046/2046
usemtl steel
v 0.93200 0.93551 0.90846
vn 0.50000 0.30975 0.80874
vt 0 0
v 0.92862 0.93601 0.90977
vn 0.25882 0.34548 0.90203
vt 1 0
v 0.92862 0.92854 0.91263
vn 0.25882 0.34548 0.90203
vt 1 1
f 2047/2047/2047 2048/2048/2048 2049/2049/2049
usemtl steel
v 0.93200 0.93551 0.90846
vn 0.50000 0.30975 0.80874
vt 0 0
v 0.92862 0.92854 0.91263
vn 0.25882 0.34548 0.90203
vt 1 0
v 0.93200 0.92804 0.91132
vn 0.50000 0.30975 0.80874
vt 1 1
f 2050/2050/2050 2051/2051/2051 2052/2052/2052
usemtl steel
v 0.92862 0.92854 0.91263
vn -0.00000 -0.93385 0.35767
vt 0 0
v 0.92500 0.92871 0.91307
vn -0.00000 -0.93385 0.35767
vt 1 0
v 0.92138 0.92854 0.91263
vn -0.00000 -0.93385 0.35767
vt 1 1
f 2053/2053/2053 2054/2054/2054 2055/2055/2055
usemtl steel
v 0.92138 0.92854 0.91263
vn -0.00000 -0.93385 0.35767
vt 0 0
v 0.91800 0.92804 0.91132
vn -0.00000 -0.93385 0.35767
vt 1 0
v 0.91510 0.92724 0.90924
vn -0.00000 -0.93385 0.35767
vt 1 1
f 2056/2056/2056 2057/2057/2057 2058/2058/2058
usemtl steel
v 0.91510 0.92724 0.90924
vn -0.00000 -0.93385 0.35767
vt 0 0
v 0.91288 0.92620 0.90654
vn -0.00000 -0.93385 0.35767
vt 1 0
v 0.91148 0.92500 0.90338
vn -0.00000 -0.93385 0.35767
vt 1 1
f 2059/2059/2059 2060/2060/2060 2061/2061/2061
usemtl steel
v 0.91148 0.92500 0.90338
vn -0.00000 -0.93385 0.35767
vt 0 0
v 0.91100 0.92370 0.90000
vn -0.00000 -0.93385 0.35767
vt 1 0
v 0.91148 0.92240 0.89662
vn -0.00000 -0.93385 0.35767
vt 1 1
f 2062/2062/2062 2063/2063/2063 2064/2064/2064
usemtl steel
v 0.91148 0.92240 0.89662
vn -0.00000 -0.93385 0.35767
vt 0 0
v 0.91288 0.92120 0.89346
vn -0.00000 -0.93385 0.35767
vt 1 0
v 0.91510 0.92016 0.89076
vn -0.00000 -0.93385 0.35767
vt 1 1
f 2065/2065/2065 2066/2066/2066 2067/2067/2067
usemtl steel
v 0.91510 0.92016 0.89076
vn -0.00000 -0.93385 0.35767
vt 0 0
v 0.91800 0.91936 0.88868
vn -0.00000 -0.93385 0.35767
vt 1 0
v 0.92138 0.91886 0.88737
vn -0.00000 -0.93385 0.35767
vt 1 1
f 2068/2068/2068 2069/2069/2069 2070/2070/2070
usemtl steel
v 0.92138 0.91886 0.88737
vn -0.00000 -0.93385 0.35767
vt 0 0
v 0.92500 0.91869 0.88693
vn -0.00000 -0.93385 0.35767
vt 1 0
v 0.92862 0.91886 0.88737
vn -0.00000 -0.93385 0.35767
vt 1 1
f 2071/2071/2071 2072/2072/2072 2073/2073/2073
usemtl steel
v 0.92862 0.91886 0.88737
vn -0.00000 -0.93385 0.35767
vt 0 0
v 0.93200 0.91936 0.88868
vn -0.00000 -0.93385 0.35767
vt 1 0
v 0.93490 0.92016 0.89076
vn -0.00000 -0.93385 0.35767
vt 1 1
f 2074/2074/2074 2075/2075/2075 2076/2076/2076
usemtl steel
v 0.93490 0.92016 0.89076
vn -0.00000 -0.93385 0.35767
vt 0 0
v 0.93712 0.92120 0.89346
vn -0.00000 -0.93385 0.35767
vt 1 0
v 0.93852 0.92240 0.89662
vn -0.00000 -0.93385 0.35767
vt 1 1
f 2077/2077/2077 2078/2078/2078 2079/2079/2079
usemtl steel
v 0.93852 0.92240 0.89662
vn -0.00000 -0.93385 0.35767
vt 0 0
v 0.93900 0.92370 0.90000
vn -0.00000 -0.93385 0.35767
vt 1 0
v 0.93852 0.92500 0.90338
vn -0.00000 -0.93385 0.35767
vt 1 1
f 2080/2080/2080 2081/2081/2081 2082/2082/2082
usemtl steel
v 0.93852 0.92500 0.90338
vn -0.00000 -0.93385 0.35767
vt 0 0
v 0.93712 0.92620 0.90654
vn -0.00000 -0.93385 0.35767
vt 1 0
v 0.93490 0.92724 0.90924
vn -0.00000 -0.93385 0.35767
vt 1 1
f 2083/2083/2083 2084/2084/2084 2085/2085/2085
usemtl steel
v 0.93490 0.92724 0.90924
vn -0.00000 -0.93385 0.35767
vt 0 0
v 0.93200 0.92804 0.91132
vn -0.00000 -0.93385 0.35767
vt 1 0
v 0.92862 0.92854 0.91263
vn -0.00000 -0.93385 0.35767
vt 1 1
f 2086/2086/2086 2087/2087/2087 2088/2088/2088
usemtl steel
v 0.92862 0.92854 0.91263
vn -0.00000 -0.93385 0.35767
vt 0 0
v 0.92138 0.92854 0.91263
vn -0.00000 -0.93385 0.35767
vt 1 0
v 0.91510 0.92724 0.90924
vn -0.00000 -0.93385 0.35767
vt 1 1
f 2089/2089/2089 2090/2090/2090 2091/2091/2091
usemtl steel
v 0.91510 0.92724 0.90924
vn -0.00000 -0.93385 0.35767
vt 0 0
v 0.91148 0.92500 0.90338
vn -0.00000 -0.93385 0.35767
vt 1 0
v 0.91148 0.92240 0.89662
vn -0.00000 -0.93385 0.35767
vt 1 1
f 2092/2092/2092 2093/2093/2093 2094/2094/2094
usemtl steel
v 0.91148 0.92240 0.89662
vn -0.00000 -0.93385 0.35767
vt 0 0
v 0.91510 0.92016 0.89076
vn -0.00000 -0.93385 0.35767
vt 1 0
v 0.92138 0.91886 0.88737
vn -0.00000 -0.93385 0.35767
vt 1 1
f 2095/2095/2095 2096/2096/2096 2097/2097/2097
usemtl steel
v 0.92138 0.91886 0.88737
vn -0.00000 -0.93385 0.35767
vt 0 0
v 0.92862 0.91886 0.88737
vn -0.00000 -0.93385 0.35767
vt 1 0
v 0.93490 0.92016 0.89076
vn -0.00000 -0.93385 0.35767
vt 1 1
f 2098/2098/2098 2099/2099/2099 2100/2100/2100
usemtl steel
v 0.93490 0.92016 0.89076
vn -0.00000 -0.93385 0.35767
vt 0 0
v 0.93852 0.92240 0.89662
vn -0.00000 -0.93385 0.35767
vt 1 0
v 0.93852 0.92500 0.90338
vn -0.00000 -0.93385 0.35767
vt 1 1
f 2101/2101/2101 2102/2102/2102 2103/2103/2103
usemtl steel
v 0.93852 0.92500 0.90338
vn -0.00000 -0.93385 0.35767
vt 0 0
v 0.93490 0.92724 0.90924
vn -0.00000 -0.93385 0.35767
vt 1 0
v 0.92862 0.92854 0.91263
vn -0.00000 -0.93385 0.35767
vt 1 1
f 2104/2104/2104 2105/2105/2105 2106/2106/2106
usemtl steel
v 0.92862 0.92854 0.91263
vn -0.00000 -0.93385 0.35767
vt 0 0
v 0.91510 0.92724 0.90924
vn -0.00000 -0.93385 0.35767
vt 1 0
v 0.91148 0.92240 0.89662
vn -0.00000 -0.93385 0.35767
vt 1 1
f 2107/2107/2107 2108/2108/2108 2109/2109/2109
usemtl steel
v 0.91148 0.92240 0.89662
vn -0.00000 -0.93385 0.35767
vt 0 0
v 0.92138 0.91886 0.88737
vn -0.00000 -0.93385 0.35767
vt 1 0
v 0.93490 0.92016 0.89076
vn -0.00000 -0.93385 0.35767
vt 1 1
f 2110/2110/2110 2111/2111/2111 2112/2112/2112
usemtl steel
v 0.93490 0.92016 0.89076
vn -0.00000 -0.93385 0.35767
vt 0 0
v 0.93852 0.92500 0.90338
vn -0.00000 -0.93385 0.35767
vt 1 0
v 0.92862 0.92854 0.91263
vn -0.00000 -0.93385 0.35767
vt 1 1
f 2113/2113/2113 2114/2114/2114 2115/2115/2115
usemtl steel
v 0.91148 0.92240 0.89662
vn -0.00000 -0.93385 0.35767
vt 0 0
v 0.93490 0.92016 0.89076
vn -0.00000 -0.93385 0.35767
vt 1 0
v 0.92862 0.92854 0.91263
vn -0.00000 -0.93385 0.35767
vt 1 1
f 2116/2116/2116 2117/2117/2117 2118/2118/2118
usemtl steel
v 0.92500 0.93618 0.91021
vn 0.00000 0.35767 0.93385
vt 0 0
v 0.92138 0.93601 0.90977
vn -0.25882 0.34548 0.90203
vt 1 0
v 0.92138 0.92854 0.91263
vn -0.25882 0.34548 0.90203
vt 1 1
f 2119/2119/2119 2120/2120/2120 2121/2121/2121
usemtl steel
v 0.92500 0.93618 0.91021
vn 0.00000 0.35767 0.93385
vt 0 0
v 0.92138 0.92854 0.91263
vn -0.25882 0.34548 0.90203
vt 1 0
v 0.92500 0.92871 0.91307
vn 0.00000 0.35767 0.93385
vt 1 1
f 2122/2122/2122 2123/2123/2123 2124/2124/2124
usemtl letters
v 0.39148 0.90780 0.84543
vn 0.00000 0.93385 -0.35767
vt 0 0
v 0.38742 0.92048 0.87855
vn 0.00000 0.93385 -0.35767
vt 1 0
v 0.39148 0.92048 0.87855
vn 0.00000 0.93385 -0.35767
vt 1 1
f 2125/2125/2125 2126/2126/2126 2127/2127/2127
usemtl letters
v 0.39148 0.90780 0.84543
vn 0.00005 0.93385 -0.35766
vt 0 0
v 0.38669 0.91756 0.87093
vn 0.00005 0.93385 -0.35766
vt 1 0
v 0.38742 0.92048 0.87855
vn 0.00005 0.93385 -0.35766
vt 1 1
f 2128/2128/2128 2129/2129/2129 2130/2130/2130
usemtl letters
v 0.38669 0.91756 0.87093
vn -0.00002 0.93385 -0.35766
vt 0 0
v 0.36340 0.91066 0.85291
vn -0.00002 0.93385 -0.35766
vt 1 0
v 0.38742 0.92048 0.87855
vn -0.00002 0.93385 -0.35766
vt 1 1
f 2131/2131/2131 2132/2132/2132 2133/2133/2133
usemtl letters
v 0.36340 0.91066 0.85291
vn 0.00000 0.93385 -0.35767
vt 0 0
v 0.35861 0.92048 0.87855
vn 0.00000 0.93385 -0.35767
vt 1 0
v 0.36340 0.92048 0.87855
vn 0.00000 0.93385 -0.35767
vt 1 1
f 2134/2134/2134 2135/2135/2135 2136/2136/2136
usemtl letters
v 0.36340 0.91066 0.85291
vn 0.00000 0.93385 -0.35767
vt 0 0
v 0.35861 0.90780 0.84543
vn 0.00000 0.93385 -0.35767
vt 1 0
v 0.35861 0.92048 0.87855
vn 0.00000 0.93385 -0.35767
vt 1 1
f 2137/2137/2137 2138/2138/2138 2139/2139/2139
usemtl letters
v 0.39148 0.90780 0.84543
vn 0.00000 0.93385 -0.35766
vt 0 0
v 0.38669 0.90780 0.84543
vn 0.00000 0.93385 -0.35766
vt 1 0
v 0.38669 0.91756 0.87093
vn 0.00000 0.93385 -0.35766
vt 1 1
f 2140/2140/2140 2141/2141/2141 2142/2142/2142
usemtl letters
v 0.36298 0.90780 0.84543
vn 0.00000 0.93385 -0.35766
vt 0 0
v 0.36340 0.91066 0.85291
vn 0.00000 0.93385 -0.35766
vt 1 0
v 0.38669 0.91756 0.87093
vn 0.00000 0.93385 -0.35766
vt 1 1
f 2143/2143/2143 2144/2144/2144 2145/2145/2145
usemtl letters
v 0.36298 0.90780 0.84543
vn 0.00000 0.93385 -0.35766
vt 0 0
v 0.35861 0.90780 0.84543
vn 0.00000 0.93385 -0.35766
vt 1 0
v 0.36340 0.91066 0.85291
vn 0.00000 0.93385 -0.35766
vt 1 1
f 2146/2146/2146 2147/2147/2147 2148/2148/2148
usemtl letters
v 0.40437 0.90780 0.84543
vn 0.00000 0.93385 -0.35766
vt 0 0
v 0.39928 0.92048 0.87855
vn 0.00000 0.93385 -0.35766
vt 1 0
v 0.40437 0.92048 0.87855
vn 0.00000 0.93385 -0.35766
vt 1 1
f 2149/2149/2149 2150/2150/2150 2151/2151/2151
usemtl letters
v 0.40437 0.90780 0.84543
vn 0.00000 0.93385 -0.35766
vt 0 0
v 0.39928 0.90780 0.84543
vn 0.00000 0.93385 -0.35766
vt 1 0
v 0.39928 0.92048 0.87855
vn 0.00000 0.93385 -0.35766
vt 1 1
f 2152/2152/2152 2153/2153/2153 2154/2154/2154
usemtl letters
v 0.44301 0.90780 0.84543
vn 0.00000 0.93385 -0.35767
vt 0 0
v 0.42418 0.92056 0.87874
vn 0.00000 0.93385 -0.35767
vt 1 0
v 0.42777 0.92056 0.87874
vn 0.00000 0.93385 -0.35767
vt 1 1
f 2155/2155/2155 2156/2156/2156 2157/2157/2157
usemtl letters
v 0.44301 0.90780 0.84543
vn 0.00003 0.93386 -0.35765
vt 0 0
v 0.42606 0.91777 0.87146
vn 0.00003 0.93386 -0.35765
vt 1 0
v 0.42418 0.92056 0.87874
vn 0.00003 0.93386 -0.35765
vt 1 1
f 2158/2158/2158 2159/2159/2159 2160/2160/2160
usemtl letters
v 0.42606 0.91777 0.87146
vn 0.00000 0.93385 -0.35766
vt 0 0
v 0.40832 0.90780 0.84543
vn 0.00000 0.93385 -0.35766
vt 1 0
v 0.42418 0.92056 0.87874
vn 0.00000 0.93385 -0.35766
vt 1 1
f 2161/2161/2161 2162/2162/2162 2163/2163/2163
usemtl letters
v 0.44301 0.90780 0.84543
vn 0.00000 0.93385 -0.35766
vt 0 0
v 0.43136 0.91318 0.85947
vn 0.00000 0.93385 -0.35766
vt 1 0
v 0.42606 0.91777 0.87146
vn 0.00000 0.93385 -0.35766
vt 1 1
f 2164/2164/2164 2165/2165/2165 2166/2166/2166
usemtl letters
v 0.42034 0.91318 0.85947
vn 0.00000 0.93385 -0.35767
vt 0 0
v 0.40832 0.90780 0.84543
vn 0.00000 0.93385 -0.35767
vt 1 0
v 0.42606 0.91777 0.87146
vn 0.00000 0.93385 -0.35767
vt 1 1
f 2167/2167/2167 2168/2168/2168 2169/2169/2169
usemtl letters
v 0.44301 0.90780 0.84543
vn 0.00000 0.93385 -0.35767
vt 0 0
v 0.43334 0.91154 0.85519
vn 0.00000 0.93385 -0.35767
vt 1 0
v 0.43136 0.91318 0.85947
vn 0.00000 0.93385 -0.35767
vt 1 1
f 2170/2170/2170 2171/2171/2171 2172/2172/2172
usemtl letters
v 0.43334 0.91154 0.85519
vn 0.00000 0.93385 -0.35767
vt 0 0
v 0.42034 0.91318 0.85947
vn 0.00000 0.93385 -0.35767
vt 1 0
v 0.43136 0.91318 0.85947
vn 0.00000 0.93385 -0.35767
vt 1 1
f 2173/2173/2173 2174/2174/2174 2175/2175/2175
usemtl letters
v 0.43334 0.91154 0.85519
vn 0.00000 0.93385 -0.35767
vt 0 0
v 0.41826 0.91154 0.85519
vn 0.00000 0.93385 -0.35767
vt 1 0
v 0.42034 0.91318 0.85947
vn 0.00000 0.93385 -0.35767
vt 1 1
f 2176/2176/2176 2177/2177/2177 2178/2178/2178
usemtl letters
v 0.41826 0.91154 0.85519
vn 0.00000 0.93385 -0.35766
vt 0 0
v 0.40832 0.90780 0.84543
vn 0.00000 0.93385 -0.35766
vt 1 0
v 0.42034 0.91318 0.85947
vn 0.00000 0.93385 -0.35766
vt 1 1
f 2179/2179/2179 2180/2180/2180 2181/2181/2181
usemtl letters
v 0.44301 0.90780 0.84543
vn 0.00000 0.93385 -0.35767
vt 0 0
v 0.43781 0.90780 0.84543
vn 0.00000 0.93385 -0.35767
vt 1 0
v 0.43334 0.91154 0.85519
vn 0.00000 0.93385 -0.35767
vt 1 1
f 2182/2182/2182 2183/2183/2183 2184/2184/2184
usemtl letters
v 0.41352 0.90780 0.84543
vn 0.00000 0.93385 -0.35767
vt 0 0
v 0.40832 0.90780 0.84543
vn 0.00000 0.93385 -0.35767
vt 1 0
v 0.41826 0.91154 0.85519
vn 0.00000 0.93385 -0.35767
vt 1 1
f 2185/2185/2185 2186/2186/2186 2187/2187/2187
usemtl letters
v 0.47041 0.90780 0.84543
vn 0.00002 0.93385 -0.35766
vt 0 0
v 0.46532 0.91892 0.87447
vn 0.00002 0.93385 -0.35766
vt 1 0
v 0.47041 0.92048 0.87855
vn 0.00002 0.93385 -0.35766
vt 1 1
f 2188/2188/2188 2189/2189/2189 2190/2190/2190
usemtl letters
v 0.46532 0.91892 0.87447
vn 0.00000 0.93385 -0.35766
vt 0 0
v 0.46147 0.92048 0.87855
vn 0.00000 0.93385 -0.35766
vt 1 0
v 0.47041 0.92048 0.87855
vn 0.00000 0.93385 -0.35766
vt 1 1
f 2191/2191/2191 2192/2192/2192 2193/2193/2193
usemtl letters
v 0.46532 0.91892 0.87447
vn 0.00000 0.93385 -0.35766
vt 0 0
v 0.45295 0.91953 0.87606
vn 0.00000 0.93385 -0.35766
vt 1 0
v 0.46147 0.92048 0.87855
vn 0.00000 0.93385 -0.35766
vt 1 1
f 2194/2194/2194 2195/2195/2195 2196/2196/2196
usemtl letters
v 0.46532 0.91892 0.87447
vn 0.00000 0.93386 -0.35764
vt 0 0
v 0.46204 0.91892 0.87447
vn 0.00000 0.93386 -0.35764
vt 1 0
v 0.45295 0.91953 0.87606
vn 0.00000 0.93386 -0.35764
vt 1 1
f 2197/2197/2197 2198/2198/2198 2199/2199/2199
usemtl letters
v 0.46204 0.91892 0.87447
vn 0.00002 0.93385 -0.35766
vt 0 0
v 0.45672 0.91841 0.87314
vn 0.00002 0.93385 -0.35766
vt 1 0
v 0.45295 0.91953 0.87606
vn 0.00002 0.93385 -0.35766
vt 1 1
f 2200/2200/2200 2201/2201/2201 2202/2202/2202
usemtl letters
v 0.45672 0.91841 0.87314
vn 0.00000 0.93385 -0.35767
vt 0 0
v 0.44982 0.91693 0.86928
vn 0.00000 0.93385 -0.35767
vt 1 0
v 0.45295 0.91953 0.87606
vn 0.00000 0.93385 -0.35767
vt 1 1
f 2203/2203/2203 2204/2204/2204 2205/2205/2205
usemtl letters
v 0.47041 0.90780 0.84543
vn 0.00007 0.93385 -0.35767
vt 0 0
v 0.46532 0.91494 0.86408
vn 0.00007 0.93385 -0.35767
vt 1 0
v 0.46532 0.91892 0.87447
vn 0.00007 0.93385 -0.35767
vt 1 1
f 2206/2206/2206 2207/2207/2207 2208/2208/2208
usemtl letters
v 0.45507 0.91701 0.86947
vn 0.00000 0.93384 -0.35768
vt 0 0
v 0.44982 0.91693 0.86928
vn 0.00000 0.93384 -0.35768
vt 1 0
v 0.45672 0.91841 0.87314
vn 0.00000 0.93384 -0.35768
vt 1 1
f 2209/2209/2209 2210/2210/2210 2211/2211/2211
usemtl letters
v 0.45649 0.91558 0.86574
vn 0.00001 0.93385 -0.35766
vt 0 0
v 0.44982 0.91693 0.86928
vn 0.00001 0.93385 -0.35766
vt 1 0
v 0.45507 0.91701 0.86947
vn 0.00001 0.93385 -0.35766
vt 1 1
f 2212/2212/2212 2213/2213/2213 2214/2214/2214
usemtl letters
v 0.45649 0.91558 0.86574
vn 0.00000 0.93385 -0.35766
vt 0 0
v 0.45136 0.91503 0.86431
vn 0.00000 0.93385 -0.35766
vt 1 0
v 0.44982 0.91693 0.86928
vn 0.00000 0.93385 -0.35766
vt 1 1
f 2215/2215/2215 2216/2216/2216 2217/2217/2217
usemtl letters
v 0.46204 0.91494 0.86408
vn 0.00000 0.93385 -0.35766
vt 0 0
v 0.45136 0.91503 0.86431
vn 0.00000 0.93385 -0.35766
vt 1 0
v 0.45649 0.91558 0.86574
vn 0.00000 0.93385 -0.35766
vt 1 1
f 2218/2218/2218 2219/2219/2219 2220/2220/2220
usemtl letters
v 0.46204 0.91494 0.86408
vn 0.00000 0.93385 -0.35767
vt 0 0
v 0.45575 0.91383 0.86117
vn 0.00000 0.93385 -0.35767
vt 1 0
v 0.45136 0.91503 0.86431
vn 0.00000 0.93385 -0.35767
vt 1 1
f 2221/2221/2221 2222/2222/2222 2223/2223/2223
usemtl letters
v 0.47041 0.90780 0.84543
vn -0.00012 0.93385 -0.35766
vt 0 0
v 0.46532 0.91331 0.85981
vn -0.00012 0.93385 -0.35766
vt 1 0
v 0.46532 0.91494 0.86408
vn -0.00012 0.93385 -0.35766
vt 1 1
f 2224/2224/2224 2225/2225/2225 2226/2226/2226
usemtl letters
v 0.46532 0.91331 0.85981
vn 0.00000 0.93385 -0.35767
vt 0 0
v 0.46204 0.91494 0.86408
vn 0.00000 0.93385 -0.35767
vt 1 0
v 0.46532 0.91494 0.86408
vn 0.00000 0.93385 -0.35767
vt 1 1
f 2227/2227/2227 2228/2228/2228 2229/2229/2229
usemtl letters
v 0.46532 0.91331 0.85981
vn 0.00001 0.93385 -0.35766
vt 0 0
v 0.45575 0.91383 0.86117
vn 0.00001 0.93385 -0.35766
vt 1 0
v 0.46204 0.91494 0.86408
vn 0.00001 0.93385 -0.35766
vt 1 1
f 2230/2230/2230 2231/2231/2231 2232/2232/2232
usemtl letters
v 0.46532 0.91331 0.85981
vn 0.00000 0.93386 -0.35763
vt 0 0
v 0.46318 0.91331 0.85981
vn 0.00000 0.93386 -0.35763
vt 1 0
v 0.45575 0.91383 0.86117
vn 0.00000 0.93386 -0.35763
vt 1 1
f 2233/2233/2233 2234/2234/2234 2235/2235/2235
usemtl letters
v 0.46318 0.91331 0.85981
vn 0.00000 0.93385 -0.35767
vt 0 0
v 0.45160 0.91238 0.85738
vn 0.00000 0.93385 -0.35767
vt 1 0
v 0.45575 0.91383 0.86117
vn 0.00000 0.93385 -0.35767
vt 1 1
f 2236/2236/2236 2237/2237/2237 2238/2238/2238
usemtl letters
v 0.47041 0.90780 0.84543
vn 0.00000 0.93385 -0.35767
vt 0 0
v 0.46532 0.90780 0.84543
vn 0.00000 0.93385 -0.35767
vt 1 0
v 0.46532 0.91331 0.85981
vn 0.00000 0.93385 -0.35767
vt 1 1
f 2239/2239/2239 2240/2240/2240 2241/2241/2241
usemtl letters
v 0.45926 0.91283 0.85857
vn 0.00000 0.93386 -0.35764
vt 0 0
v 0.45160 0.91238 0.85738
vn 0.00000 0.93386 -0.35764
vt 1 0
v 0.46318 0.91331 0.85981
vn 0.00000 0.93386 -0.35764
vt 1 1
f 2242/2242/2242 2243/2243/2243 2244/2244/2244
usemtl letters
v 0.45377 0.91040 0.85223
vn 0.00001 0.93385 -0.35766
vt 0 0
v 0.45160 0.91238 0.85738
vn 0.00001 0.93385 -0.35766
vt 1 0
v 0.45926 0.91283 0.85857
vn 0.00001 0.93385 -0.35766
vt 1 1
f 2245/2245/2245 2246/2246/2246 2247/2247/2247
usemtl letters
v 0.45377 0.91040 0.85223
vn 0.00000 0.93385 -0.35766
vt 0 0
v 0.44784 0.91031 0.85199
vn 0.00000 0.93385 -0.35766
vt 1 0
v 0.45160 0.91238 0.85738
vn 0.00000 0.93385 -0.35766
vt 1 1
f 2248/2248/2248 2249/2249/2249 2250/2250/2250
usemtl letters
v 0.44909 0.90780 0.84543
vn 0.00002 0.93385 -0.35767
vt 0 0
v 0.44784 0.91031 0.85199
vn 0.00002 0.93385 -0.35767
vt 1 0
v 0.45377 0.91040 0.85223
vn 0.00002 0.93385 -0.35767
vt 1 1
f 2251/2251/2251 2252/2252/2252 2253/2253/2253
usemtl letters
v 0.44909 0.90780 0.84543
vn -0.00003 0.93385 -0.35767
vt 0 0
v 0.44578 0.90918 0.84904
vn -0.00003 0.93385 -0.35767
vt 1 0
v 0.44784 0.91031 0.85199
vn -0.00003 0.93385 -0.35767
vt 1 1
f 2254/2254/2254 2255/2255/2255 2256/2256/2256
usemtl letters
v 0.44909 0.90780 0.84543
vn 0.00000 0.93385 -0.35768
vt 0 0
v 0.44301 0.90780 0.84543
vn 0.00000 0.93385 -0.35768
vt 1 0
v 0.44578 0.90918 0.84904
vn 0.00000 0.93385 -0.35768
vt 1 1
f 2257/2257/2257 2258/2258/2258 2259/2259/2259
usemtl letters
v 0.50946 0.90780 0.84543
vn -0.00001 0.93385 -0.35766
vt 0 0
v 0.50437 0.91885 0.87428
vn -0.00001 0.93385 -0.35766
vt 1 0
v 0.50946 0.92048 0.87855
vn -0.00001 0.93385 -0.35766
vt 1 1
f 2260/2260/2260 2261/2261/2261 2262/2262/2262
usemtl letters
v 0.50437 0.91885 0.87428
vn 0.00000 0.93385 -0.35767
vt 0 0
v 0.49568 0.92048 0.87855
vn 0.00000 0.93385 -0.35767
vt 1 0
v 0.50946 0.92048 0.87855
vn 0.00000 0.93385 -0.35767
vt 1 1
f 2263/2263/2263 2264/2264/2264 2265/2265/2265
usemtl letters
v 0.50437 0.91885 0.87428
vn 0.00000 0.93385 -0.35767
vt 0 0
v 0.49652 0.91885 0.87428
vn 0.00000 0.93385 -0.35767
vt 1 0
v 0.49568 0.92048 0.87855
vn 0.00000 0.93385 -0.35767
vt 1 1
f 2266/2266/2266 2267/2267/2267 2268/2268/2268
usemtl letters
v 0.49652 0.91885 0.87428
vn 0.00000 0.93385 -0.35766
vt 0 0
v 0.48133 0.91844 0.87320
vn 0.00000 0.93385 -0.35766
vt 1 0
v 0.49568 0.92048 0.87855
vn 0.00000 0.93385 -0.35766
vt 1 1
f 2269/2269/2269 2270/2270/2270 2271/2271/2271
usemtl letters
v 0.50946 0.90780 0.84543
vn 0.00000 0.93385 -0.35766
vt 0 0
v 0.50437 0.90944 0.84971
vn 0.00000 0.93385 -0.35766
vt 1 0
v 0.50437 0.91885 0.87428
vn 0.00000 0.93385 -0.35766
vt 1 1
f 2272/2272/2272 2273/2273/2273 2274/2274/2274
usemtl letters
v 0.48556 0.91745 0.87063
vn -0.00001 0.93385 -0.35766
vt 0 0
v 0.48133 0.91844 0.87320
vn -0.00001 0.93385 -0.35766
vt 1 0
v 0.49652 0.91885 0.87428
vn -0.00001 0.93385 -0.35766
vt 1 1
f 2275/2275/2275 2276/2276/2276 2277/2277/2277
usemtl letters
v 0.48556 0.91745 0.87063
vn 0.00000 0.93385 -0.35767
vt 0 0
v 0.47681 0.91414 0.86199
vn 0.00000 0.93385 -0.35767
vt 1 0
v 0.48133 0.91844 0.87320
vn 0.00000 0.93385 -0.35767
vt 1 1
f 2278/2278/2278 2279/2279/2279 2280/2280/2280
usemtl letters
v 0.48206 0.91414 0.86199
vn 0.00000 0.93385 -0.35766
vt 0 0
v 0.47681 0.91414 0.86199
vn 0.00000 0.93385 -0.35766
vt 1 0
v 0.48556 0.91745 0.87063
vn 0.00000 0.93385 -0.35766
vt 1 1
f 2281/2281/2281 2282/2282/2282 2283/2283/2283
usemtl letters
v 0.48483 0.91120 0.85432
vn 0.00000 0.93385 -0.35766
vt 0 0
v 0.47681 0.91414 0.86199
vn 0.00000 0.93385 -0.35766
vt 1 0
v 0.48206 0.91414 0.86199
vn 0.00000 0.93385 -0.35766
vt 1 1
f 2284/2284/2284 2285/2285/2285 2286/2286/2286
usemtl letters
v 0.48483 0.91120 0.85432
vn 0.00000 0.93385 -0.35766
vt 0 0
v 0.48183 0.90975 0.85052
vn 0.00000 0.93385 -0.35766
vt 1 0
v 0.47681 0.91414 0.86199
vn 0.00000 0.93385 -0.35766
vt 1 1
f 2287/2287/2287 2288/2288/2288 2289/2289/2289
usemtl letters
v 0.49626 0.90944 0.84971
vn -0.00001 0.93385 -0.35766
vt 0 0
v 0.48183 0.90975 0.85052
vn -0.00001 0.93385 -0.35766
vt 1 0
v 0.48483 0.91120 0.85432
vn -0.00001 0.93385 -0.35766
vt 1 1
f 2290/2290/2290 2291/2291/2291 2292/2292/2292
usemtl letters
v 0.49626 0.90944 0.84971
vn 0.00000 0.93385 -0.35767
vt 0 0
v 0.49563 0.90780 0.84543
vn 0.00000 0.93385 -0.35767
vt 1 0
v 0.48183 0.90975 0.85052
vn 0.00000 0.93385 -0.35767
vt 1 1
f 2293/2293/2293 2294/2294/2294 2295/2295/2295
usemtl letters
v 0.50946 0.90780 0.84543
vn 0.00000 0.93385 -0.35767
vt 0 0
v 0.49626 0.90944 0.84971
vn 0.00000 0.93385 -0.35767
vt 1 0
v 0.50437 0.90944 0.84971
vn 0.00000 0.93385 -0.35767
vt 1 1
f 2296/2296/2296 2297/2297/2297 2298/2298/2298
usemtl letters
v 0.50946 0.90780 0.84543
vn 0.00000 0.93385 -0.35767
vt 0 0
v 0.49563 0.90780 0.84543
vn 0.00000 0.93385 -0.35767
vt 1 0
v 0.49626 0.90944 0.84971
vn 0.00000 0.93385 -0.35767
vt 1 1
f 2299/2299/2299 2300/2300/2300 2301/2301/2301
usemtl letters
v 0.54207 0.90763 0.84499
vn 0.00000 0.93385 -0.35767
vt 0 0
v 0.52824 0.92065 0.87899
vn 0.00000 0.93385 -0.35767
vt 1 0
v 0.53188 0.92065 0.87899
vn 0.00000 0.93385 -0.35767
vt 1 1
f 2302/2302/2302 2303/2303/2303 2304/2304/2304
usemtl letters
v 0.54207 0.90763 0.84499
vn 0.00000 0.93385 -0.35767
vt 0 0
v 0.53843 0.90763 0.84499
vn 0.00000 0.93385 -0.35767
vt 1 0
v 0.52824 0.92065 0.87899
vn 0.00000 0.93385 -0.35767
vt 1 1
f 2305/2305/2305 2306/2306/2306 2307/2307/2307
usemtl letters
v 0.57857 0.90780 0.84543
vn 0.00000 0.93385 -0.35766
vt 0 0
v 0.57348 0.92048 0.87855
vn 0.00000 0.93385 -0.35766
vt 1 0
v 0.57857 0.92048 0.87855
vn 0.00000 0.93385 -0.35766
vt 1 1
f 2308/2308/2308 2309/2309/2309 2310/2310/2310
usemtl letters
v 0.57857 0.90780 0.84543
vn 0.00002 0.93385 -0.35766
vt 0 0
v 0.57348 0.90944 0.84971
vn 0.00002 0.93385 -0.35766
vt 1 0
v 0.57348 0.92048 0.87855
vn 0.00002 0.93385 -0.35766
vt 1 1
f 2311/2311/2311 2312/2312/2312 2313/2313/2313
usemtl letters
v 0.57857 0.90780 0.84543
vn 0.00000 0.93385 -0.35767
vt 0 0
v 0.55746 0.90944 0.84971
vn 0.00000 0.93385 -0.35767
vt 1 0
v 0.57348 0.90944 0.84971
vn 0.00000 0.93385 -0.35767
vt 1 1
f 2314/2314/2314 2315/2315/2315 2316/2316/2316
usemtl letters
v 0.57857 0.90780 0.84543
vn 0.00000 0.93385 -0.35767
vt 0 0
v 0.55746 0.90780 0.84543
vn 0.00000 0.93385 -0.35767
vt 1 0
v 0.55746 0.90944 0.84971
vn 0.00000 0.93385 -0.35767
vt 1 1
f 2317/2317/2317 2318/2318/2318 2319/2319/2319
usemtl letters
v 0.60405 0.90780 0.84543
vn 0.00000 0.93385 -0.35767
vt 0 0
v 0.59896 0.92048 0.87855
vn 0.00000 0.93385 -0.35767
vt 1 0
v 0.60405 0.92048 0.87855
vn 0.00000 0.93385 -0.35767
vt 1 1
f 2320/2320/2320 2321/2321/2321 2322/2322/2322
usemtl letters
v 0.60405 0.90780 0.84543
vn 0.00002 0.93385 -0.35766
vt 0 0
v 0.59896 0.90944 0.84971
vn 0.00002 0.93385 -0.35766
vt 1 0
v 0.59896 0.92048 0.87855
vn 0.00002 0.93385 -0.35766
vt 1 1
f 2323/2323/2323 2324/2324/2324 2325/2325/2325
usemtl letters
v 0.60405 0.90780 0.84543
vn 0.00000 0.93385 -0.35766
vt 0 0
v 0.58294 0.90944 0.84971
vn 0.00000 0.93385 -0.35766
vt 1 0
v 0.59896 0.90944 0.84971
vn 0.00000 0.93385 -0.35766
vt 1 1
f 2326/2326/2326 2327/2327/2327 2328/2328/2328
usemtl letters
v 0.60405 0.90780 0.84543
vn 0.00000 0.93385 -0.35767
vt 0 0
v 0.58294 0.90780 0.84543
vn 0.00000 0.93385 -0.35767
vt 1 0
v 0.58294 0.90944 0.84971
vn 0.00000 0.93385 -0.35767
vt 1 1
f 2329/2329/2329 2330/2330/2330 2331/2331/2331
usemtl letters
v 0.61695 0.90780 0.84543
vn 0.00000 0.93385 -0.35766
vt 0 0
v 0.61185 0.92048 0.87855
vn 0.00000 0.93385 -0.35766
vt 1 0
v 0.61695 0.92048 0.87855
vn 0.00000 0.93385 -0.35766
vt 1 1
f 2332/2332/2332 2333/2333/2333 2334/2334/2334
usemtl letters
v 0.61695 0.90780 0.84543
vn 0.00000 0.93385 -0.35767
vt 0 0
v 0.61185 0.90780 0.84543
vn 0.00000 0.93385 -0.35767
vt 1 0
v 0.61185 0.92048 0.87855
vn 0.00000 0.93385 -0.35767
vt 1 1
f 2335/2335/2335 2336/2336/2336 2337/2337/2337
usemtl letters
v 0.64134 0.90780 0.84543
vn -0.00001 0.93385 -0.35766
vt 0 0
v 0.63624 0.91885 0.87428
vn -0.00001 0.93385 -0.35766
vt 1 0
v 0.64134 0.92048 0.87855
vn -0.00001 0.93385 -0.35766
vt 1 1
f 2338/2338/2338 2339/2339/2339 2340/2340/2340
usemtl letters
v 0.63624 0.91885 0.87428
vn 0.00000 0.93385 -0.35767
vt 0 0
v 0.62241 0.92048 0.87855
vn 0.00000 0.93385 -0.35767
vt 1 0
v 0.64134 0.92048 0.87855
vn 0.00000 0.93385 -0.35767
vt 1 1
f 2341/2341/2341 2342/2342/2342 2343/2343/2343
usemtl letters
v 0.63624 0.91885 0.87428
vn 0.00000 0.93385 -0.35767
vt 0 0
v 0.62241 0.91885 0.87428
vn 0.00000 0.93385 -0.35767
vt 1 0
v 0.62241 0.92048 0.87855
vn 0.00000 0.93385 -0.35767
vt 1 1
f 2344/2344/2344 2345/2345/2345 2346/2346/2346
usemtl letters
v 0.64134 0.90780 0.84543
vn 0.00000 0.93385 -0.35766
vt 0 0
v 0.63624 0.91533 0.86510
vn 0.00000 0.93385 -0.35766
vt 1 0
v 0.63624 0.91885 0.87428
vn 0.00000 0.93385 -0.35766
vt 1 1
f 2347/2347/2347 2348/2348/2348 2349/2349/2349
usemtl letters
v 0.64134 0.90780 0.84543
vn 0.00000 0.93385 -0.35766
vt 0 0
v 0.63624 0.91370 0.86083
vn 0.00000 0.93385 -0.35766
vt 1 0
v 0.63624 0.91533 0.86510
vn 0.00000 0.93385 -0.35766
vt 1 1
f 2350/2350/2350 2351/2351/2351 2352/2352/2352
usemtl letters
v 0.63624 0.91370 0.86083
vn 0.00000 0.93385 -0.35766
vt 0 0
v 0.62241 0.91533 0.86510
vn 0.00000 0.93385 -0.35766
vt 1 0
v 0.63624 0.91533 0.86510
vn 0.00000 0.93385 -0.35766
vt 1 1
f 2353/2353/2353 2354/2354/2354 2355/2355/2355
usemtl letters
v 0.63624 0.91370 0.86083
vn 0.00000 0.93385 -0.35766
vt 0 0
v 0.62241 0.91370 0.86083
vn 0.00000 0.93385 -0.35766
vt 1 0
v 0.62241 0.91533 0.86510
vn 0.00000 0.93385 -0.35766
vt 1 1
f 2356/2356/2356 2357/2357/2357 2358/2358/2358
usemtl letters
v 0.64134 0.90780 0.84543
vn 0.00000 0.93385 -0.35767
vt 0 0
v 0.63624 0.90780 0.84543
vn 0.00000 0.93385 -0.35767
vt 1 0
v 0.63624 0.91370 0.86083
vn 0.00000 0.93385 -0.35767
vt 1 1
f 2359/2359/2359 2360/2360/2360 2361/2361/2361
usemtl letters
v 0.70816 0.88684 0.79072
vn 0.00000 0.93385 -0.35766
vt 0 0
v 0.70613 0.89319 0.80727
vn 0.00000 0.93385 -0.35766
vt 1 0
v 0.70816 0.89319 0.80727
vn 0.00000 0.93385 -0.35766
vt 1 1
f 2362/2362/2362 2363/2363/2363 2364/2364/2364
usemtl letters
v 0.70816 0.88684 0.79072
vn -0.00006 0.93385 -0.35767
vt 0 0
v 0.70577 0.89173 0.80346
vn -0.00006 0.93385 -0.35767
vt 1 0
v 0.70613 0.89319 0.80727
vn -0.00006 0.93385 -0.35767
vt 1 1
f 2365/2365/2365 2366/2366/2366 2367/2367/2367
usemtl letters
v 0.70577 0.89173 0.80346
vn 0.00004 0.93385 -0.35767
vt 0 0
v 0.69412 0.88828 0.79446
vn 0.00004 0.93385 -0.35767
vt 1 0
v 0.70613 0.89319 0.80727
vn 0.00004 0.93385 -0.35767
vt 1 1
f 2368/2368/2368 2369/2369/2369 2370/2370/2370
usemtl letters
v 0.69412 0.88828 0.79446
vn 0.00000 0.93385 -0.35766
vt 0 0
v 0.69173 0.89319 0.80727
vn 0.00000 0.93385 -0.35766
vt 1 0
v 0.69412 0.89319 0.80727
vn 0.00000 0.93385 -0.35766
vt 1 1
f 2371/2371/2371 2372/2372/2372 2373/2373/2373
usemtl letters
v 0.69412 0.88828 0.79446
vn 0.00000 0.93385 -0.35766
vt 0 0
v 0.69173 0.88684 0.79072
vn 0.00000 0.93385 -0.35766
vt 1 0
v 0.69173 0.89319 0.80727
vn 0.00000 0.93385 -0.35766
vt 1 1
f 2374/2374/2374 2375/2375/2375 2376/2376/2376
usemtl letters
v 0.70816 0.88684 0.79072
vn 0.00000 0.93385 -0.35766
vt 0 0
v 0.70577 0.88684 0.79072
vn 0.00000 0.93385 -0.35766
vt 1 0
v 0.70577 0.89173 0.80346
vn 0.00000 0.93385 -0.35766
vt 1 1
f 2377/2377/2377 2378/2378/2378 2379/2379/2379
usemtl letters
v 0.69391 0.88684 0.79072
vn 0.00000 0.93385 -0.35767
vt 0 0
v 0.69412 0.88828 0.79446
vn 0.00000 0.93385 -0.35767
vt 1 0
v 0.70577 0.89173 0.80346
vn 0.00000 0.93385 -0.35767
vt 1 1
f 2380/2380/2380 2381/2381/2381 2382/2382/2382
usemtl letters
v 0.69391 0.88684 0.79072
vn 0.00000 0.93385 -0.35767
vt 0 0
v 0.69173 0.88684 0.79072
vn 0.00000 0.93385 -0.35767
vt 1 0
v 0.69412 0.88828 0.79446
vn 0.00000 0.93385 -0.35767
vt 1 1
f 2383/2383/2383 2384/2384/2384 2385/2385/2385
usemtl letters
v 0.72379 0.88684 0.79072
vn -0.00004 0.93385 -0.35766
vt 0 0
v 0.72124 0.89241 0.80524
vn -0.00004 0.93385 -0.35766
vt 1 0
v 0.72379 0.89319 0.80727
vn -0.00004 0.93385 -0.35766
vt 1 1
f 2386/2386/2386 2387/2387/2387 2388/2388/2388
usemtl letters
v 0.72124 0.89241 0.80524
vn 0.00000 0.93386 -0.35765
vt 0 0
v 0.71931 0.89319 0.80727
vn 0.00000 0.93386 -0.35765
vt 1 0
v 0.72379 0.89319 0.80727
vn 0.00000 0.93386 -0.35765
vt 1 1
f 2389/2389/2389 2390/2390/2390 2391/2391/2391
usemtl letters
v 0.72124 0.89241 0.80524
vn 0.00000 0.93385 -0.35765
vt 0 0
v 0.71506 0.89271 0.80603
vn 0.00000 0.93385 -0.35765
vt 1 0
v 0.71931 0.89319 0.80727
vn 0.00000 0.93385 -0.35765
vt 1 1
f 2392/2392/2392 2393/2393/2393 2394/2394/2394
usemtl letters
v 0.72124 0.89241 0.80524
vn 0.00000 0.93386 -0.35764
vt 0 0
v 0.71960 0.89241 0.80524
vn 0.00000 0.93386 -0.35764
vt 1 0
v 0.71506 0.89271 0.80603
vn 0.00000 0.93386 -0.35764
vt 1 1
f 2395/2395/2395 2396/2396/2396 2397/2397/2397
usemtl letters
v 0.71960 0.89241 0.80524
vn 0.00000 0.93384 -0.35768
vt 0 0
v 0.71694 0.89215 0.80457
vn 0.00000 0.93384 -0.35768
vt 1 0
v 0.71506 0.89271 0.80603
vn 0.00000 0.93384 -0.35768
vt 1 1
f 2398/2398/2398 2399/2399/2399 2400/2400/2400
usemtl letters
v 0.71694 0.89215 0.80457
vn 0.00000 0.93385 -0.35766
vt 0 0
v 0.71349 0.89141 0.80264
vn 0.00000 0.93385 -0.35766
vt 1 0
v 0.71506 0.89271 0.80603
vn 0.00000 0.93385 -0.35766
vt 1 1
f 2401/2401/2401 2402/2402/2402 2403/2403/2403
usemtl letters
v 0.72379 0.88684 0.79072
vn -0.00007 0.93385 -0.35767
vt 0 0
v 0.72124 0.89042 0.80004
vn -0.00007 0.93385 -0.35767
vt 1 0
v 0.72124 0.89241 0.80524
vn -0.00007 0.93385 -0.35767
vt 1 1
f 2404/2404/2404 2405/2405/2405 2406/2406/2406
usemtl letters
v 0.71612 0.89145 0.80273
vn 0.00000 0.93385 -0.35766
vt 0 0
v 0.71349 0.89141 0.80264
vn 0.00000 0.93385 -0.35766
vt 1 0
v 0.71694 0.89215 0.80457
vn 0.00000 0.93385 -0.35766
vt 1 1
f 2407/2407/2407 2408/2408/2408 2409/2409/2409
usemtl letters
v 0.71682 0.89073 0.80087
vn 0.00001 0.93385 -0.35767
vt 0 0
v 0.71349 0.89141 0.80264
vn 0.00001 0.93385 -0.35767
vt 1 0
v 0.71612 0.89145 0.80273
vn 0.00001 0.93385 -0.35767
vt 1 1
f 2410/2410/2410 2411/2411/2411 2412/2412/2412
usemtl letters
v 0.71682 0.89073 0.80087
vn 0.00000 0.93385 -0.35767
vt 0 0
v 0.71426 0.89046 0.80015
vn 0.00000 0.93385 -0.35767
vt 1 0
v 0.71349 0.89141 0.80264
vn 0.00000 0.93385 -0.35767
vt 1 1
f 2413/2413/2413 2414/2414/2414 2415/2415/2415
usemtl letters
v 0.71960 0.89042 0.80004
vn 0.00000 0.93385 -0.35765
vt 0 0
v 0.71426 0.89046 0.80015
vn 0.00000 0.93385 -0.35765
vt 1 0
v 0.71682 0.89073 0.80087
vn 0.00000 0.93385 -0.35765
vt 1 1
f 2416/2416/2416 2417/2417/2417 2418/2418/2418
usemtl letters
v 0.71960 0.89042 0.80004
vn 0.00000 0.93385 -0.35767
vt 0 0
v 0.71645 0.88986 0.79858
vn 0.00000 0.93385 -0.35767
vt 1 0
v 0.71426 0.89046 0.80015
vn 0.00000 0.93385 -0.35767
vt 1 1
f 2419/2419/2419 2420/2420/2420 2421/2421/2421
usemtl letters
v 0.72379 0.88684 0.79072
vn 0.00008 0.93385 -0.35766
vt 0 0
v 0.72124 0.88960 0.79790
vn 0.00008 0.93385 -0.35766
vt 1 0
v 0.72124 0.89042 0.80004
vn 0.00008 0.93385 -0.35766
vt 1 1
f 2422/2422/2422 2423/2423/2423 2424/2424/2424
usemtl letters
v 0.72124 0.88960 0.79790
vn 0.00000 0.93386 -0.35764
vt 0 0
v 0.71960 0.89042 0.80004
vn 0.00000 0.93386 -0.35764
vt 1 0
v 0.72124 0.89042 0.80004
vn 0.00000 0.93386 -0.35764
vt 1 1
f 2425/2425/2425 2426/2426/2426 2427/2427/2427
usemtl letters
v 0.72124 0.88960 0.79790
vn 0.00000 0.93385 -0.35766
vt 0 0
v 0.71645 0.88986 0.79858
vn 0.00000 0.93385 -0.35766
vt 1 0
v 0.71960 0.89042 0.80004
vn 0.00000 0.93385 -0.35766
vt 1 1
f 2428/2428/2428 2429/2429/2429 2430/2430/2430
usemtl letters
v 0.72124 0.88960 0.79790
vn 0.00000 0.93388 -0.35758
vt 0 0
v 0.72017 0.88960 0.79790
vn 0.00000 0.93388 -0.35758
vt 1 0
v 0.71645 0.88986 0.79858
vn 0.00000 0.93388 -0.35758
vt 1 1
f 2431/2431/2431 2432/2432/2432 2433/2433/2433
usemtl letters
v 0.72017 0.88960 0.79790
vn 0.00000 0.93385 -0.35765
vt 0 0
v 0.71438 0.88913 0.79669
vn 0.00000 0.93385 -0.35765
vt 1 0
v 0.71645 0.88986 0.79858
vn 0.00000 0.93385 -0.35765
vt 1 1
f 2434/2434/2434 2435/2435/2435 2436/2436/2436
usemtl letters
v 0.72379 0.88684 0.79072
vn 0.00000 0.93385 -0.35766
vt 0 0
v 0.72124 0.88684 0.79072
vn 0.00000 0.93385 -0.35766
vt 1 0
v 0.72124 0.88960 0.79790
vn 0.00000 0.93385 -0.35766
vt 1 1
f 2437/2437/2437 2438/2438/2438 2439/2439/2439
usemtl letters
v 0.71821 0.88936 0.79728
vn -0.00018 0.93388 -0.35758
vt 0 0
v 0.71438 0.88913 0.79669
vn -0.00018 0.93388 -0.35758
vt 1 0
v 0.72017 0.88960 0.79790
vn -0.00018 0.93388 -0.35758
vt 1 1
f 2440/2440/2440 2441/2441/2441 2442/2442/2442
usemtl letters
v 0.71547 0.88815 0.79412
vn 0.00001 0.93385 -0.35767
vt 0 0
v 0.71438 0.88913 0.79669
vn 0.00001 0.93385 -0.35767
vt 1 0
v 0.71821 0.88936 0.79728
vn 0.00001 0.93385 -0.35767
vt 1 1
f 2443/2443/2443 2444/2444/2444 2445/2445/2445
usemtl letters
v 0.71547 0.88815 0.79412
vn -0.00006 0.93385 -0.35767
vt 0 0
v 0.71250 0.88810 0.79399
vn -0.00006 0.93385 -0.35767
vt 1 0
v 0.71438 0.88913 0.79669
vn -0.00006 0.93385 -0.35767
vt 1 1
f 2446/2446/2446 2447/2447/2447 2448/2448/2448
usemtl letters
v 0.71313 0.88684 0.79072
vn -0.00002 0.93385 -0.35765
vt 0 0
v 0.71250 0.88810 0.79399
vn -0.00002 0.93385 -0.35765
vt 1 0
v 0.71547 0.88815 0.79412
vn -0.00002 0.93385 -0.35765
vt 1 1
f 2449/2449/2449 2450/2450/2450 2451/2451/2451
usemtl letters
v 0.71313 0.88684 0.79072
vn 0.00000 0.93385 -0.35765
vt 0 0
v 0.71147 0.88753 0.79252
vn 0.00000 0.93385 -0.35765
vt 1 0
v 0.71250 0.88810 0.79399
vn 0.00000 0.93385 -0.35765
vt 1 1
f 2452/2452/2452 2453/2453/2453 2454/2454/2454
usemtl letters
v 0.71313 0.88684 0.79072
vn 0.00000 0.93385 -0.35766
vt 0 0
v 0.71008 0.88684 0.79072
vn 0.00000 0.93385 -0.35766
vt 1 0
v 0.71147 0.88753 0.79252
vn 0.00000 0.93385 -0.35766
vt 1 1
f 2455/2455/2455 2456/2456/2456 2457/2457/2457
usemtl letters
v 0.74313 0.88684 0.79072
vn 0.00000 0.93385 -0.35766
vt 0 0
v 0.73372 0.89322 0.80737
vn 0.00000 0.93385 -0.35766
vt 1 0
v 0.73551 0.89322 0.80737
vn 0.00000 0.93385 -0.35766
vt 1 1
f 2458/2458/2458 2459/2459/2459 2460/2460/2460
usemtl letters
v 0.74313 0.88684 0.79072
vn -0.00007 0.93386 -0.35764
vt 0 0
v 0.73465 0.89183 0.80373
vn -0.00007 0.93386 -0.35764
vt 1 0
v 0.73372 0.89322 0.80737
vn -0.00007 0.93386 -0.35764
vt 1 1
f 2461/2461/2461 2462/2462/2462 2463/2463/2463
usemtl letters
v 0.73465 0.89183 0.80373
vn 0.00000 0.93385 -0.35766
vt 0 0
v 0.72579 0.88684 0.79072
vn 0.00000 0.93385 -0.35766
vt 1 0
v 0.73372 0.89322 0.80737
vn 0.00000 0.93385 -0.35766
vt 1 1
f 2464/2464/2464 2465/2465/2465 2466/2466/2466
usemtl letters
v 0.74313 0.88684 0.79072
vn 0.00005 0.93385 -0.35767
vt 0 0
v 0.73731 0.88953 0.79773
vn 0.00005 0.93385 -0.35767
vt 1 0
v 0.73465 0.89183 0.80373
vn 0.00005 0.93385 -0.35767
vt 1 1
f 2467/2467/2467 2468/2468/2468 2469/2469/2469
usemtl letters
v 0.73179 0.88953 0.79773
vn 0.00000 0.93385 -0.35766
vt 0 0
v 0.72579 0.88684 0.79072
vn 0.00000 0.93385 -0.35766
vt 1 0
v 0.73465 0.89183 0.80373
vn 0.00000 0.93385 -0.35766
vt 1 1
f 2470/2470/2470 2471/2471/2471 2472/2472/2472
usemtl letters
v 0.74313 0.88684 0.79072
vn -0.00004 0.93383 -0.35771
vt 0 0
v 0.73829 0.88871 0.79560
vn -0.00004 0.93383 -0.35771
vt 1 0
v 0.73731 0.88953 0.79773
vn -0.00004 0.93383 -0.35771
vt 1 1
f 2473/2473/2473 2474/2474/2474 2475/2475/2475
usemtl letters
v 0.73829 0.88871 0.79560
vn 0.00000 0.93384 -0.35768
vt 0 0
v 0.73179 0.88953 0.79773
vn 0.00000 0.93384 -0.35768
vt 1 0
v 0.73731 0.88953 0.79773
vn 0.00000 0.93384 -0.35768
vt 1 1
f 2476/2476/2476 2477/2477/2477 2478/2478/2478
usemtl letters
v 0.73829 0.88871 0.79560
vn 0.00000 0.93384 -0.35768
vt 0 0
v 0.73075 0.88871 0.79560
vn 0.00000 0.93384 -0.35768
vt 1 0
v 0.73179 0.88953 0.79773
vn 0.00000 0.93384 -0.35768
vt 1 1
f 2479/2479/2479 2480/2480/2480 2481/2481/2481
usemtl letters
v 0.73075 0.88871 0.79560
vn 0.00000 0.93384 -0.35770
vt 0 0
v 0.72579 0.88684 0.79072
vn 0.00000 0.93384 -0.35770
vt 1 0
v 0.73179 0.88953 0.79773
vn 0.00000 0.93384 -0.35770
vt 1 1
f 2482/2482/2482 2483/2483/2483 2484/2484/2484
usemtl letters
v 0.74313 0.88684 0.79072
vn 0.00000 0.93385 -0.35767
vt 0 0
v 0.74053 0.88684 0.79072
vn 0.00000 0.93385 -0.35767
vt 1 0
v 0.73829 0.88871 0.79560
vn 0.00000 0.93385 -0.35767
vt 1 1
f 2485/2485/2485 2486/2486/2486 2487/2487/2487
usemtl letters
v 0.72839 0.88684 0.79072
vn 0.00000 0.93385 -0.35766
vt 0 0
v 0.72579 0.88684 0.79072
vn 0.00000 0.93385 -0.35766
vt 1 0
v 0.73075 0.88871 0.79560
vn 0.00000 0.93385 -0.35766
vt 1 1
f 2488/2488/2488 2489/2489/2489 2490/2490/2490
usemtl letters
v 0.76305 0.88679 0.79057
vn 0.00000 0.93385 -0.35766
vt 0 0
v 0.76767 0.89319 0.80728
vn 0.00000 0.93385 -0.35766
vt 1 0
v 0.77022 0.89319 0.80728
vn 0.00000 0.93385 -0.35766
vt 1 1
f 2491/2491/2491 2492/2492/2492 2493/2493/2493
usemtl letters
v 0.76305 0.88679 0.79057
vn 0.00000 0.93385 -0.35767
vt 0 0
v 0.76279 0.88882 0.79586
vn 0.00000 0.93385 -0.35767
vt 1 0
v 0.76767 0.89319 0.80728
vn 0.00000 0.93385 -0.35767
vt 1 1
f 2494/2494/2494 2495/2495/2495 2496/2496/2496
usemtl letters
v 0.76279 0.88882 0.79586
vn 0.00004 0.93385 -0.35765
vt 0 0
v 0.75545 0.89319 0.80727
vn 0.00004 0.93385 -0.35765
vt 1 0
v 0.75787 0.89319 0.80728
vn 0.00004 0.93385 -0.35765
vt 1 1
f 2497/2497/2497 2498/2498/2498 2499/2499/2499
usemtl letters
v 0.76279 0.88882 0.79586
vn -0.00019 0.93384 -0.35768
vt 0 0
v 0.75668 0.89198 0.80412
vn -0.00019 0.93384 -0.35768
vt 1 0
v 0.75545 0.89319 0.80727
vn -0.00019 0.93384 -0.35768
vt 1 1
f 2500/2500/2500 2501/2501/2501 2502/2502/2502
usemtl letters
v 0.75668 0.89198 0.80412
vn 0.00006 0.93385 -0.35767
vt 0 0
v 0.75051 0.88882 0.79586
vn 0.00006 0.93385 -0.35767
vt 1 0
v 0.75545 0.89319 0.80727
vn 0.00006 0.93385 -0.35767
vt 1 1
f 2503/2503/2503 2504/2504/2504 2505/2505/2505
usemtl letters
v 0.75051 0.88882 0.79586
vn 0.00000 0.93385 -0.35766
vt 0 0
v 0.74316 0.89319 0.80727
vn 0.00000 0.93385 -0.35766
vt 1 0
v 0.74568 0.89319 0.80727
vn 0.00000 0.93385 -0.35766
vt 1 1
f 2506/2506/2506 2507/2507/2507 2508/2508/2508
usemtl letters
v 0.75051 0.88882 0.79586
vn -0.00004 0.93385 -0.35767
vt 0 0
v 0.75036 0.88679 0.79057
vn -0.00004 0.93385 -0.35767
vt 1 0
v 0.74316 0.89319 0.80727
vn -0.00004 0.93385 -0.35767
vt 1 1
f 2509/2509/2509 2510/2510/2510 2511/2511/2511
usemtl letters
v 0.76279 0.88882 0.79586
vn -0.00005 0.93385 -0.35767
vt 0 0
v 0.76255 0.88679 0.79057
vn -0.00005 0.93385 -0.35767
vt 1 0
v 0.75668 0.89198 0.80412
vn -0.00005 0.93385 -0.35767
vt 1 1
f 2512/2512/2512 2513/2513/2513 2514/2514/2514
usemtl letters
v 0.75085 0.88679 0.79057
vn 0.00002 0.93385 -0.35767
vt 0 0
v 0.75051 0.88882 0.79586
vn 0.00002 0.93385 -0.35767
vt 1 0
v 0.75668 0.89198 0.80412
vn 0.00002 0.93385 -0.35767
vt 1 1
f 2515/2515/2515 2516/2516/2516 2517/2517/2517
usemtl letters
v 0.76305 0.88679 0.79057
vn 0.00000 0.93386 -0.35763
vt 0 0
v 0.76255 0.88679 0.79057
vn 0.00000 0.93386 -0.35763
vt 1 0
v 0.76279 0.88882 0.79586
vn 0.00000 0.93386 -0.35763
vt 1 1
f 2518/2518/2518 2519/2519/2519 2520/2520/2520
usemtl letters
v 0.75085 0.88679 0.79057
vn 0.00000 0.93384 -0.35768
vt 0 0
v 0.75036 0.88679 0.79057
vn 0.00000 0.93384 -0.35768
vt 1 0
v 0.75051 0.88882 0.79586
vn 0.00000 0.93384 -0.35768
vt 1 1
f 2521/2521/2521 2522/2522/2522 2523/2523/2523
usemtl steel
v 0.74475 0.88832 0.74890
vn 0.25882 0.34548 0.90203
vt 0 0
v 0.73000 0.88901 0.75072
vn 0.00000 0.35766 0.93385
vt 1 0
v 0.73000 0.86940 0.75823
vn 0.00000 0.35766 0.93385
vt 1 1
f 2524/2524/2524 2525/2525/2525 2526/2526/2526
usemtl steel
v 0.74475 0.88832 0.74890
vn 0.25882 0.34548 0.90203
vt 0 0
v 0.73000 0.86940 0.75823
vn 0.00000 0.35766 0.93385
vt 1 0
v 0.74475 0.86871 0.75642
vn 0.25882 0.34548 0.90203
vt 1 1
f 2527/2527/2527 2528/2528/2528 2529/2529/2529
usemtl steel
v 0.71525 0.88832 0.74890
vn -0.25882 0.34548 0.90203
vt 0 0
v 0.70150 0.88628 0.74359
vn -0.50000 0.30975 0.80874
vt 1 0
v 0.70150 0.86667 0.75110
vn -0.50000 0.30975 0.80874
vt 1 1
f 2530/2530/2530 2531/2531/2531 2532/2532/2532
usemtl steel
v 0.71525 0.88832 0.74890
vn -0.25882 0.34548 0.90203
vt 0 0
v 0.70150 0.86667 0.75110
vn -0.50000 0.30975 0.80874
vt 1 0
v 0.71525 0.86871 0.75642
vn -0.25882 0.34548 0.90203
vt 1 1
f 2533/2533/2533 2534/2534/2534 2535/2535/2535
usemtl steel
v 0.70150 0.88628 0.74359
vn -0.50000 0.30975 0.80874
vt 0 0
v 0.68969 0.88304 0.73513
vn -0.70711 0.25291 0.66033
vt 1 0
v 0.68969 0.86343 0.74264
vn -0.70711 0.25291 0.66033
vt 1 1
f 2536/2536/2536 2537/2537/2537 2538/2538/2538
usemtl steel
v 0.70150 0.88628 0.74359
vn -0.50000 0.30975 0.80874
vt 0 0
v 0.68969 0.86343 0.74264
vn -0.70711 0.25291 0.66033
vt 1 0
v 0.70150 0.86667 0.75110
vn -0.50000 0.30975 0.80874
vt 1 1
f 2539/2539/2539 2540/2540/2540 2541/2541/2541
usemtl steel
v 0.68969 0.88304 0.73513
vn -0.70711 0.25291 0.66033
vt 0 0
v 0.68064 0.87882 0.72410
vn -0.86603 0.17883 0.46692
vt 1 0
v 0.68064 0.85921 0.73161
vn -0.86603 0.17883 0.46692
vt 1 1
f 2542/2542/2542 2543/2543/2543 2544/2544/2544
usemtl steel
v 0.68969 0.88304 0.73513
vn -0.70711 0.25291 0.66033
vt 0 0
v 0.68064 0.85921 0.73161
vn -0.86603 0.17883 0.46692
vt 1 0
v 0.68969 0.86343 0.74264
vn -0.70711 0.25291 0.66033
vt 1 1
f 2545/2545/2545 2546/2546/2546 2547/2547/2547
usemtl steel
v 0.68064 0.87882 0.72410
vn -0.86603 0.17883 0.46692
vt 0 0
v 0.67494 0.87390 0.71127
vn -0.96593 0.09257 0.24170
vt 1 0
v 0.67494 0.85429 0.71878
vn -0.96593 0.09257 0.24170
vt 1 1
f 2548/2548/2548 2549/2549/2549 2550/2550/2550
usemtl steel
v 0.68064 0.87882 0.72410
vn -0.86603 0.17883 0.46692
vt 0 0
v 0.67494 0.85429 0.71878
vn -0.96593 0.09257 0.24170
vt 1 0
v 0.68064 0.85921 0.73161
vn -0.86603 0.17883 0.46692
vt 1 1
f 2551/2551/2551 2552/2552/2552 2553/2553/2553
usemtl steel
v 0.67494 0.87390 0.71127
vn -0.96593 0.09257 0.24170
vt 0 0
v 0.67300 0.86863 0.69749
vn -1.00000 0.00000 0.00000
vt 1 0
v 0.67300 0.84902 0.70500
vn -1.00000 0.00000 0.00000
vt 1 1
f 2554/2554/2554 2555/2555/2555 2556/2556/2556
usemtl steel
v 0.67494 0.87390 0.71127
vn -0.96593 0.09257 0.24170
vt 0 0
v 0.67300 0.84902 0.70500
vn -1.00000 0.00000 0.00000
vt 1 0
v 0.67494 0.85429 0.71878
vn -0.96593 0.09257 0.24170
vt 1 1
f 2557/2557/2557 2558/2558/2558 2559/2559/2559
usemtl steel
v 0.67300 0.86863 0.69749
vn -1.00000 0.00000 0.00000
vt 0 0
v 0.67494 0.86335 0.68371
vn -0.96593 -0.09257 -0.24170
vt 1 0
v 0.67494 0.84374 0.69122
vn -0.96593 -0.09257 -0.24170
vt 1 1
f 2560/2560/2560 2561/2561/2561 2562/2562/2562
usemtl steel
v 0.67300 0.86863 0.69749
vn -1.00000 0.00000 0.00000
vt 0 0
v 0.67494 0.84374 0.69122
vn -0.96593 -0.09257 -0.24170
vt 1 0
v 0.67300 0.84902 0.70500
vn -1.00000 0.00000 0.00000
vt 1 1
f 2563/2563/2563 2564/2564/2564 2565/2565/2565
usemtl steel
v 0.67494 0.86335 0.68371
vn -0.96593 -0.09257 -0.24170
vt 0 0
v 0.68064 0.85843 0.67087
vn -0.86603 -0.17883 -0.46693
vt 1 0
v 0.68064 0.83882 0.67839
vn -0.86603 -0.17883 -0.46693
vt 1 1
f 2566/2566/2566 2567/2567/2567 2568/2568/2568
usemtl steel
v 0.67494 0.86335 0.68371
vn -0.96593 -0.09257 -0.24170
vt 0 0
v 0.68064 0.83882 0.67839
vn -0.86603 -0.17883 -0.46693
vt 1 0
v 0.67494 0.84374 0.69122
vn -0.96593 -0.09257 -0.24170
vt 1 1
f 2569/2569/2569 2570/2570/2570 2571/2571/2571
usemtl steel
v 0.68064 0.85843 0.67087
vn -0.86603 -0.17883 -0.46693
vt 0 0
v 0.68969 0.85421 0.65985
vn -0.70711 -0.25291 -0.66033
vt 1 0
v 0.68969 0.83460 0.66736
vn -0.70711 -0.25291 -0.66033
vt 1 1
f 2572/2572/2572 2573/2573/2573 2574/2574/2574
usemtl steel
v 0.68064 0.85843 0.67087
vn -0.86603 -0.17883 -0.46693
vt 0 0
v 0.68969 0.83460 0.66736
vn -0.70711 -0.25291 -0.66033
vt 1 0
v 0.68064 0.83882 0.67839
vn -0.86603 -0.17883 -0.46693
vt 1 1
f 2575/2575/2575 2576/2576/2576 2577/2577/2577
usemtl steel
v 0.68969 0.85421 0.65985
vn -0.70711 -0.25291 -0.66033
vt 0 0
v 0.70150 0.85097 0.65139
vn -0.50000 -0.30975 -0.80874
vt 1 0
v 0.70150 0.83136 0.65890
vn -0.50000 -0.30975 -0.80874
vt 1 1
f 2578/2578/2578 2579/2579/2579 2580/2580/2580
usemtl steel
v 0.68969 0.85421 0.65985
vn -0.70711 -0.25291 -0.66033
vt 0 0
v 0.70150 0.83136 0.65890
vn -0.50000 -0.30975 -0.80874
vt 1 0
v 0.68969 0.83460 0.66736
vn -0.70711 -0.25291 -0.66033
vt 1 1
f 2581/2581/2581 2582/2582/2582 2583/2583/2583
usemtl steel
v 0.70150 0.85097 0.65139
vn -0.50000 -0.30975 -0.80874
vt 0 0
v 0.71525 0.84893 0.64607
vn -0.25882 -0.34548 -0.90203
vt 1 0
v 0.71525 0.82932 0.65358
vn -0.25882 -0.34548 -0.90203
vt 1 1
f 2584/2584/2584 2585/2585/2585 2586/2586/2586
usemtl steel
v 0.70150 0.85097 0.65139
vn -0.50000 -0.30975 -0.80874
vt 0 0
v 0.71525 0.82932 0.65358
vn -0.25882 -0.34548 -0.90203
vt 1 0
v 0.70150 0.83136 0.65890
vn -0.50000 -0.30975 -0.80874
vt 1 1
f 2587/2587/2587 2588/2588/2588 2589/2589/2589
usemtl steel
v 0.71525 0.84893 0.64607
vn -0.25882 -0.34548 -0.90203
vt 0 0
v 0.73000 0.84824 0.64426
vn -0.00000 -0.35767 -0.93385
vt 1 0
v 0.73000 0.82863 0.65177
vn -0.00000 -0.35767 -0.93385
vt 1 1
f 2590/2590/2590 2591/2591/2591 2592/2592/2592
usemtl steel
v 0.71525 0.84893 0.64607
vn -0.25882 -0.34548 -0.90203
vt 0 0
v 0.73000 0.82863 0.65177
vn -0.00000 -0.35767 -0.93385
vt 1 0
v 0.71525 0.82932 0.65358
vn -0.25882 -0.34548 -0.90203
vt 1 1
f 2593/2593/2593 2594/2594/2594 2595/2595/2595
usemtl steel
v 0.73000 0.84824 0.64426
vn -0.00000 -0.35767 -0.93385
vt 0 0
v 0.74475 0.84893 0.64607
vn 0.25882 -0.34548 -0.90203
vt 1 0
v 0.74475 0.82932 0.65358
vn 0.25882 -0.34548 -0.90203
vt 1 1
f 2596/2596/2596 2597/2597/2597 2598/2598/2598
usemtl steel
v 0.73000 0.84824 0.64426
vn -0.00000 -0.35767 -0.93385
vt 0 0
v 0.74475 0.82932 0.65358
vn 0.25882 -0.34548 -0.90203
vt 1 0
v 0.73000 0.82863 0.65177
vn -0.00000 -0.35767 -0.93385
vt 1 1
f 2599/2599/2599 2600/2600/2600 2601/2601/2601
usemtl steel
v 0.74475 0.84893 0.64607
vn 0.25882 -0.34548 -0.90203
vt 0 0
v 0.75850 0.85097 0.65139
vn 0.50000 -0.30975 -0.80874
vt 1 0
v 0.75850 0.83136 0.65890
vn 0.50000 -0.30975 -0.80874
vt 1 1
f 2602/2602/2602 2603/2603/2603 2604/2604/2604
usemtl steel
v 0.74475 0.84893 0.64607
vn 0.25882 -0.34548 -0.90203
vt 0 0
v 0.75850 0.83136 0.65890
vn 0.50000 -0.30975 -0.80874
vt 1 0
v 0.74475 0.82932 0.65358
vn 0.25882 -0.34548 -0.90203
vt 1 1
f 2605/2605/2605 2606/2606/2606 2607/2607/2607
usemtl steel
v 0.75850 0.85097 0.65139
vn 0.50000 -0.30975 -0.80874
vt 0 0
v 0.77031 0.85421 0.65985
vn 0.70711 -0.25291 -0.66033
vt 1 0
v 0.77031 0.83460 0.66736
vn 0.70711 -0.25291 -0.66033
vt 1 1
f 2608/2608/2608 2609/2609/2609 2610/2610/2610
usemtl steel
v 0.75850 0.85097 0.65139
vn 0.50000 -0.30975 -0.80874
vt 0 0
v 0.77031 0.83460 0.66736
vn 0.70711 -0.25291 -0.66033
vt 1 0
v 0.75850 0.83136 0.65890
vn 0.50000 -0.30975 -0.80874
vt 1 1
f 2611/2611/2611 2612/2612/2612 2613/2613/2613
usemtl steel
v 0.77031 0.85421 0.65985
vn 0.70711 -0.25291 -0.66033
vt 0 0
v 0.77936 0.85843 0.67087
vn 0.86603 -0.17883 -0.46693
vt 1 0
v 0.77936 0.83882 0.67839
vn 0.86603 -0.17883 -0.46693
vt 1 1
f 2614/2614/2614 2615/2615/2615 2616/2616/2616
usemtl steel
v 0.77031 0.85421 0.65985
vn 0.70711 -0.25291 -0.66033
vt 0 0
v 0.77936 0.83882 0.67839
vn 0.86603 -0.17883 -0.46693
vt 1 0
v 0.77031 0.83460 0.66736
vn 0.70711 -0.25291 -0.66033
vt 1 1
f 2617/2617/2617 2618/2618/2618 2619/2619/2619
usemtl steel
v 0.77936 0.85843 0.67087
vn 0.86603 -0.17883 -0.46693
vt 0 0
v 0.78506 0.86335 0.68371
vn 0.96593 -0.09257 -0.24170
vt 1 0
v 0.78506 0.84374 0.69122
vn 0.96593 -0.09257 -0.24170
vt 1 1
f 2620/2620/2620 2621/2621/2621 2622/2622/2622
usemtl steel
v 0.77936 0.85843 0.67087
vn 0.86603 -0.17883 -0.46693
vt 0 0
v 0.78506 0.84374 0.69122
vn 0.96593 -0.09257 -0.24170
vt 1 0
v 0.77936 0.83882 0.67839
vn 0.86603 -0.17883 -0.46693
vt 1 1
f 2623/2623/2623 2624/2624/2624 2625/2625/2625
usemtl steel
v 0.78506 0.86335 0.68371
vn 0.96593 -0.09257 -0.24170
vt 0 0
v 0.78700 0.86863 0.69749
vn 1.00000 -0.00000 0.00000
vt 1 0
v 0.78700 0.84901 0.70500
vn 1.00000 -0.00000 -0.00000
vt 1 1
f 2626/2626/2626 2627/2627/2627 2628/2628/2628
usemtl steel
v 0.78506 0.86335 0.68371
vn 0.96593 -0.09257 -0.24170
vt 0 0
v 0.78700 0.84901 0.70500
vn 1.00000 -0.00000 -0.00000
vt 1 0
v 0.78506 0.84374 0.69122
vn 0.96593 -0.09257 -0.24170
vt 1 1
f 2629/2629/2629 2630/2630/2630 2631/2631/2631
usemtl steel
v 0.78700 0.86863 0.69749
vn 1.00000 -0.00000 0.00000
vt 0 0
v 0.78506 0.87390 0.71127
vn 0.96593 0.09257 0.24170
vt 1 0
v 0.78506 0.85429 0.71878
vn 0.96593 0.09257 0.24170
vt 1 1
f 2632/2632/2632 2633/2633/2633 2634/2634/2634
usemtl steel
v 0.78700 0.86863 0.69749
vn 1.00000 -0.00000 0.00000
vt 0 0
v 0.78506 0.85429 0.71878
vn 0.96593 0.09257 0.24170
vt 1 0
v 0.78700 0.84901 0.70500
vn 1.00000 -0.00000 -0.00000
vt 1 1
f 2635/2635/2635 2636/2636/2636 2637/2637/2637
usemtl steel
v 0.78506 0.87390 0.71127
vn 0.96593 0.09257 0.24170
vt 0 0
v 0.77936 0.87882 0.72410
vn 0.86603 0.17883 0.46692
vt 1 0
v 0.77936 0.85921 0.73161
vn 0.86603 0.17883 0.46692
vt 1 1
f 2638/2638/2638 2639/2639/2639 2640/2640/2640
usemtl steel
v 0.78506 0.87390 0.71127
vn 0.96593 0.09257 0.24170
vt 0 0
v 0.77936 0.85921 0.73161
vn 0.86603 0.17883 0.46692
vt 1 0
v 0.78506 0.85429 0.71878
vn 0.96593 0.09257 0.24170
vt 1 1
f 2641/2641/2641 2642/2642/2642 2643/2643/2643
usemtl steel
v 0.77936 0.87882 0.72410
vn 0.86603 0.17883 0.46692
vt 0 0
v 0.77031 0.88304 0.73513
vn 0.70711 0.25291 0.66033
vt 1 0
v 0.77031 0.86343 0.74264
vn 0.70711 0.25291 0.66033
vt 1 1
f 2644/2644/2644 2645/2645/2645 2646/2646/2646
usemtl steel
v 0.77936 0.87882 0.72410
vn 0.86603 0.17883 0.46692
vt 0 0
v 0.77031 0.86343 0.74264
vn 0.70711 0.25291 0.66033
vt 1 0
v 0.77936 0.85921 0.73161
vn 0.86603 0.17883 0.46692
vt 1 1
f 2647/2647/2647 2648/2648/2648 2649/2649/2649
usemtl steel
v 0.77031 0.88304 0.73513
vn 0.70711 0.25291 0.66033
vt 0 0
v 0.75850 0.88628 0.74359
vn 0.50000 0.30975 0.80874
vt 1 0
v 0.75850 0.86667 0.75110
vn 0.50000 0.30975 0.80874
vt 1 1
f 2650/2650/2650 2651/2651/2651 2652/2652/2652
usemtl steel
v 0.77031 0.88304 0.73513
vn 0.70711 0.25291 0.66033
vt 0 0
v 0.75850 0.86667 0.75110
vn 0.50000 0.30975 0.80874
vt 1 0
v 0.77031 0.86343 0.74264
vn 0.70711 0.25291 0.66033
vt 1 1
f 2653/2653/2653 2654/2654/2654 2655/2655/2655
usemtl steel
v 0.71525 0.88832 0.74890
vn 0.00000 0.93385 -0.35767
vt 0 0
v 0.73000 0.88901 0.75072
vn 0.00000 0.93385 -0.35767
vt 1 0
v 0.74475 0.88832 0.74890
vn 0.00000 0.93385 -0.35767
vt 1 1
f 2656/2656/2656 2657/2657/2657 2658/2658/2658
usemtl steel
v 0.74475 0.88832 0.74890
vn 0.00000 0.93385 -0.35767
vt 0 0
v 0.75850 0.88628 0.74359
vn 0.00000 0.93385 -0.35767
vt 1 0
v 0.77031 0.88304 0.73513
vn 0.00000 0.93385 -0.35767
vt 1 1
f 2659/2659/2659 2660/2660/2660 2661/2661/2661
usemtl steel
v 0.77031 0.88304 0.73513
vn 0.00000 0.93385 -0.35767
vt 0 0
v 0.77936 0.87882 0.72410
vn 0.00000 0.93385 -0.35767
vt 1 0
v 0.78506 0.87390 0.71127
vn 0.00000 0.93385 -0.35767
vt 1 1
f 2662/2662/2662 2663/2663/2663 2664/2664/2664
usemtl steel
v 0.78506 0.87390 0.71127
vn 0.00000 0.93385 -0.35767
vt 0 0
v 0.78700 0.86863 0.69749
vn 0.00000 0.93385 -0.35767
vt 1 0
v 0.78506 0.86335 0.68371
vn 0.00000 0.93385 -0.35767
vt 1 1
f 2665/2665/2665 2666/2666/2666 2667/2667/2667
usemtl steel
v 0.78506 0.86335 0.68371
vn 0.00000 0.93385 -0.35767
vt 0 0
v 0.77936 0.85843 0.67087
vn 0.00000 0.93385 -0.35767
vt 1 0
v 0.77031 0.85421 0.65985
vn 0.00000 0.93385 -0.35767
vt 1 1
f 2668/2668/2668 2669/2669/2669 2670/2670/2670
usemtl steel
v 0.77031 0.85421 0.65985
vn 0.00000 0.93385 -0.35767
vt 0 0
v 0.75850 0.85097 0.65139
vn 0.00000 0.93385 -0.35767
vt 1 0
v 0.74475 0.84893 0.64607
vn 0.00000 0.93385 -0.35767
vt 1 1
f 2671/2671/2671 2672/2672/2672 2673/2673/2673
usemtl steel
v 0.74475 0.84893 0.64607
vn 0.00000 0.93385 -0.35767
vt 0 0
v 0.73000 0.84824 0.64426
vn 0.00000 0.93385 -0.35767
vt 1 0
v 0.71525 0.84893 0.64607
vn 0.00000 0.93385 -0.35767
vt 1 1
f 2674/2674/2674 2675/2675/2675 2676/2676/2676
usemtl steel
v 0.71525 0.84893 0.64607
vn 0.00000 0.93385 -0.35767
vt 0 0
v 0.70150 0.85097 0.65139
vn 0.00000 0.93385 -0.35767
vt 1 0
v 0.68969 0.85421 0.65985
vn 0.00000 0.93385 -0.35767
vt 1 1
f 2677/2677/2677 2678/2678/2678 2679/2679/2679
usemtl steel
v 0.68969 0.85421 0.65985
vn 0.00000 0.93385 -0.35767
vt 0 0
v 0.68064 0.85843 0.67087
vn 0.00000 0.93385 -0.35767
vt 1 0
v 0.67494 0.86335 0.68371
vn 0.00000 0.93385 -0.35767
vt 1 1
f 2680/2680/2680 2681/2681/2681 2682/2682/2682
usemtl steel
v 0.67494 0.86335 0.68371
vn 0.00000 0.93385 -0.35767
vt 0 0
v 0.67300 0.86863 0.69749
vn 0.00000 0.93385 -0.35767
vt 1 0
v 0.67494 0.87390 0.71127
vn 0.00000 0.93385 -0.35767
vt 1 1
f 2683/2683/2683 2684/2684/2684 2685/2685/2685
usemtl steel
v 0.67494 0.87390 0.71127
vn 0.00000 0.93385 -0.35767
vt 0 0
v 0.68064 0.87882 0.72410
vn 0.00000 0.93385 -0.35767
vt 1 0
v 0.68969 0.88304 0.73513
vn 0.00000 0.93385 -0.35767
vt 1 1
f 2686/2686/2686 2687/2687/2687 2688/2688/2688
usemtl steel
v 0.68969 0.88304 0.73513
vn 0.00000 0.93385 -0.35767
vt 0 0
v 0.70150 0.88628 0.74359
vn 0.00000 0.93385 -0.35767
vt 1 0
v 0.71525 0.88832 0.74890
vn 0.00000 0.93385 -0.35767
vt 1 1
f 2689/2689/2689 2690/2690/2690 2691/2691/2691
usemtl steel
v 0.71525 0.88832 0.74890
vn 0.00000 0.93385 -0.35767
vt 0 0
v 0.74475 0.88832 0.74890
vn 0.00000 0.93385 -0.35767
vt 1 0
v 0.77031 0.88304 0.73513
vn 0.00000 0.93385 -0.35767
vt 1 1
f 2692/2692/2692 2693/2693/2693 2694/2694/2694
usemtl steel
v 0.77031 0.88304 0.73513
vn 0.00000 0.93385 -0.35767
vt 0 0
v 0.78506 0.87390 0.71127
vn 0.00000 0.93385 -0.35767
vt 1 0
v 0.78506 0.86335 0.68371
vn 0.00000 0.93385 -0.35767
vt 1 1
f 2695/2695/2695 2696/2696/2696 2697/2697/2697
usemtl steel
v 0.78506 0.86335 0.68371
vn 0.00000 0.93385 -0.35767
vt 0 0
v 0.77031 0.85421 0.65985
vn 0.00000 0.93385 -0.35767
vt 1 0
v 0.74475 0.84893 0.64607
vn 0.00000 0.93385 -0.35767
vt 1 1
f 2698/2698/2698 2699/2699/2699 2700/2700/2700
usemtl steel
v 0.74475 0.84893 0.64607
vn 0.00000 0.93385 -0.35767
vt 0 0
v 0.71525 0.84893 0.64607
vn 0.00000 0.93385 -0.35767
vt 1 0
v 0.68969 0.85421 0.65985
vn 0.00000 0.93385 -0.35767
vt 1 1
f 2701/2701/2701 2702/2702/2702 2703/2703/2703
usemtl steel
v 0.68969 0.85421 0.65985
vn 0.00000 0.93385 -0.35767
vt 0 0
v 0.67494 0.86335 0.68371
vn 0.00000 0.93385 -0.35767
vt 1 0
v 0.67494 0.87390 0.71127
vn 0.00000 0.93385 -0.35767
vt 1 1
f 2704/2704/2704 2705/2705/2705 2706/2706/2706
usemtl steel
v 0.67494 0.87390 0.71127
vn 0.00000 0.93385 -0.35767
vt 0 0
v 0.68969 0.88304 0.73513
vn 0.00000 0.93385 -0.35767
vt 1 0
v 0.71525 0.88832 0.74890
vn 0.00000 0.93385 -0.35767
vt 1 1
f 2707/2707/2707 2708/2708/2708 2709/2709/2709
usemtl steel
v 0.71525 0.88832 0.74890
vn 0.00000 0.93385 -0.35767
vt 0 0
v 0.77031 0.88304 0.73513
vn 0.00000 0.93385 -0.35767
vt 1 0
v 0.78506 0.86335 0.68371
vn 0.00000 0.93385 -0.35767
vt 1 1
f 2710/2710/2710 2711/2711/2711 2712/2712/2712
usemtl steel
v 0.78506 0.86335 0.68371
vn 0.00000 0.93385 -0.35767
vt 0 0
v 0.74475 0.84893 0.64607
vn 0.00000 0.93385 -0.35767
vt 1 0
v 0.68969 0.85421 0.65985
vn 0.00000 0.93385 -0.35767
vt 1 1
f 2713/2713/2713 2714/2714/2714 2715/2715/2715
usemtl steel
v 0.68969 0.85421 0.65985
vn 0.00000 0.93385 -0.35767
vt 0 0
v 0.67494 0.87390 0.71127
vn 0.00000 0.93385 -0.35767
vt 1 0
v 0.71525 0.88832 0.74890
vn 0.00000 0.93385 -0.35767
vt 1 1
f 2716/2716/2716 2717/2717/2717 2718/2718/2718
usemtl steel
v 0.78506 0.86335 0.68371
vn 0.00000 0.93385 -0.35767
vt 0 0
v 0.68969 0.85421 0.65985
vn 0.00000 0.93385 -0.35767
vt 1 0
v 0.71525 0.88832 0.74890
vn 0.00000 0.93385 -0.35767
vt 1 1
f 2719/2719/2719 2720/2720/2720 2721/2721/2721
usemtl steel
v 0.75850 0.88628 0.74359
vn 0.50000 0.30975 0.80874
vt 0 0
v 0.74475 0.88832 0.74890
vn 0.25882 0.34548 0.90203
vt 1 0
v 0.74475 0.86871 0.75642
vn 0.25882 0.34548 0.90203
vt 1 1
f 2722/2722/2722 2723/2723/2723 2724/2724/2724
usemtl steel
v 0.75850 0.88628 0.74359
vn 0.50000 0.30975 0.80874
vt 0 0
v 0.74475 0.86871 0.75642
vn 0.25882 0.34548 0.90203
vt 1 0
v 0.75850 0.86667 0.75110
vn 0.50000 0.30975 0.80874
vt 1 1
f 2725/2725/2725 2726/2726/2726 2727/2727/2727
usemtl steel
v 0.74475 0.86871 0.75642
vn -0.00000 -0.93385 0.35767
vt 0 0
v 0.73000 0.86940 0.75823
vn -0.00000 -0.93385 0.35767
vt 1 0
v 0.71525 0.86871 0.75642
vn -0.00000 -0.93385 0.35767
vt 1 1
f 2728/2728/2728 2729/2729/2729 2730/2730/2730
usemtl steel
v 0.71525 0.86871 0.75642
vn -0.00000 -0.93385 0.35767
vt 0 0
v 0.70150 0.86667 0.75110
vn -0.00000 -0.93385 0.35767
vt 1 0
v 0.68969 0.86343 0.74264
vn -0.00000 -0.93385 0.35767
vt 1 1
f 2731/2731/2731 2732/2732/2732 2733/2733/2733
usemtl steel
v 0.68969 0.86343 0.74264
vn -0.00000 -0.93385 0.35767
vt 0 0
v 0.68064 0.85921 0.73161
vn -0.00000 -0.93385 0.35767
vt 1 0
v 0.67494 0.85429 0.71878
vn -0.00000 -0.93385 0.35767
vt 1 1
f 2734/2734/2734 2735/2735/2735 2736/2736/2736
usemtl steel
v 0.67494 0.85429 0.71878
vn -0.00000 -0.93385 0.35767
vt 0 0
v 0.67300 0.84902 0.70500
vn -0.00000 -0.93385 0.35767
vt 1 0
v 0.67494 0.84374 0.69122
vn -0.00000 -0.93385 0.35767
vt 1 1
f 2737/2737/2737 2738/2738/2738 2739/2739/2739
usemtl steel
v 0.67494 0.84374 0.69122
vn -0.00000 -0.93385 0.35767
vt 0 0
v 0.68064 0.83882 0.67839
vn -0.00000 -0.93385 0.35767
vt 1 0
v 0.68969 0.83460 0.66736
vn -0.00000 -0.93385 0.35767
vt 1 1
f 2740/2740/2740 2741/2741/2741 2742/2742/2742
usemtl steel
v 0.68969 0.83460 0.66736
vn -0.00000 -0.93385 0.35767
vt 0 0
v 0.70150 0.83136 0.65890
vn -0.00000 -0.93385 0.35767
vt 1 0
v 0.71525 0.82932 0.65358
vn -0.00000 -0.93385 0.35767
vt 1 1
f 2743/2743/2743 2744/2744/2744 2745/2745/2745
usemtl steel
v 0.71525 0.82932 0.65358
vn -0.00000 -0.93385 0.35767
vt 0 0
v 0.73000 0.82863 0.65177
vn -0.00000 -0.93385 0.35767
vt 1 0
v 0.74475 0.82932 0.65358
vn -0.00000 -0.93385 0.35767
vt 1 1
f 2746/2746/2746 2747/2747/2747 2748/2748/2748
usemtl steel
v 0.74475 0.82932 0.65358
vn -0.00000 -0.93385 0.35767
vt 0 0
v 0.75850 0.83136 0.65890
vn -0.00000 -0.93385 0.35767
vt 1 0
v 0.77031 0.83460 0.66736
vn -0.00000 -0.93385 0.35767
vt 1 1
f 2749/2749/2749 2750/2750/2750 2751/2751/2751
usemtl steel
v 0.77031 0.83460 0.66736
vn -0.00000 -0.93385 0.35767
vt 0 0
v 0.77936 0.83882 0.67839
vn -0.00000 -0.93385 0.35767
vt 1 0
v 0.78506 0.84374 0.69122
vn -0.00000 -0.93385 0.35767
vt 1 1
f 2752/2752/2752 2753/2753/2753 2754/2754/2754
usemtl steel
v 0.78506 0.84374 0.69122
vn -0.00000 -0.93385 0.35767
vt 0 0
v 0.78700 0.84901 0.70500
vn -0.00000 -0.93385 0.35767
vt 1 0
v 0.78506 0.85429 0.71878
vn -0.00000 -0.93385 0.35767
vt 1 1
f 2755/2755/2755 2756/2756/2756 2757/2757/2757
usemtl steel
v 0.78506 0.85429 0.71878
vn -0.00000 -0.93385 0.35767
vt 0 0
v 0.77936 0.85921 0.73161
vn -0.00000 -0.93385 0.35767
vt 1 0
v 0.77031 0.86343 0.74264
vn -0.00000 -0.93385 0.35767
vt 1 1
f 2758/2758/2758 2759/2759/2759 2760/2760/2760
usemtl steel
v 0.77031 0.86343 0.74264
vn -0.00000 -0.93385 0.35767
vt 0 0
v 0.75850 0.86667 0.75110
vn -0.00000 -0.93385 0.35767
vt 1 0
v 0.74475 0.86871 0.75642
vn -0.00000 -0.93385 0.35767
vt 1 1
f 2761/2761/2761 2762/2762/2762 2763/2763/2763
usemtl steel
v 0.74475 0.86871 0.75642
vn -0.00000 -0.93385 0.35767
vt 0 0
v 0.71525 0.86871 0.75642
vn -0.00000 -0.93385 0.35767
vt 1 0
v 0.68969 0.86343 0.74264
vn -0.00000 -0.93385 0.35767
vt 1 1
f 2764/2764/2764 2765/2765/2765 2766/2766/2766
usemtl steel
v 0.68969 0.86343 0.74264
vn -0.00000 -0.93385 0.35767
vt 0 0
v 0.67494 0.85429 0.71878
vn -0.00000 -0.93385 0.35767
vt 1 0
v 0.67494 0.84374 0.69122
vn -0.00000 -0.93385 0.35767
vt 1 1
f 2767/2767/2767 2768/2768/2768 2769/2769/2769
usemtl steel
v 0.67494 0.84374 0.69122
vn -0.00000 -0.93385 0.35767
vt 0 0
v 0.68969 0.83460 0.66736
vn -0.00000 -0.93385 0.35767
vt 1 0
v 0.71525 0.82932 0.65358
vn -0.00000 -0.93385 0.35767
vt 1 1
f 2770/2770/2770 2771/2771/2771 2772/2772/2772
usemtl steel
v 0.71525 0.82932 0.65358
vn -0.00000 -0.93385 0.35767
vt 0 0
v 0.74475 0.82932 0.65358
vn -0.00000 -0.93385 0.35767
vt 1 0
v 0.77031 0.83460 0.66736
vn -0.00000 -0.93385 0.35767
vt 1 1
f 2773/2773/2773 2774/2774/2774 2775/2775/2775
usemtl steel
v 0.77031 0.83460 0.66736
vn -0.00000 -0.93385 0.35767
vt 0 0
v 0.78506 0.84374 0.69122
vn -0.00000 -0.93385 0.35767
vt 1 0
v 0.78506 0.85429 0.71878
vn -0.00000 -0.93385 0.35767
vt 1 1
f 2776/2776/2776 2777/2777/2777 2778/2778/2778
usemtl steel
v 0.78506 0.85429 0.71878
vn -0.00000 -0.93385 0.35767
vt 0 0
v 0.77031 0.86343 0.74264
vn -0.00000 -0.93385 0.35767
vt 1 0
v 0.74475 0.86871 0.75642
vn -0.00000 -0.93385 0.35767
vt 1 1
f 2779/2779/2779 2780/2780/2780 2781/2781/2781
usemtl steel
v 0.74475 0.86871 0.75642
vn -0.00000 -0.93385 0.35767
vt 0 0
v 0.68969 0.86343 0.74264
vn -0.00000 -0.93385 0.35767
vt 1 0
v 0.67494 0.84374 0.69122
vn -0.00000 -0.93385 0.35767
vt 1 1
f 2782/2782/2782 2783/2783/2783 2784/2784/2784
usemtl steel
v 0.67494 0.84374 0.69122
vn -0.00000 -0.93385 0.35767
vt 0 0
v 0.71525 0.82932 0.65358
vn -0.00000 -0.93385 0.35767
vt 1 0
v 0.77031 0.83460 0.66736
vn -0.00000 -0.93385 0.35767
vt 1 1
f 2785/2785/2785 2786/2786/2786 2787/2787/2787
usemtl steel
v 0.77031 0.83460 0.66736
vn -0.00000 -0.93385 0.35767
vt 0 0
v 0.78506 0.85429 0.71878
vn -0.00000 -0.93385 0.35767
vt 1 0
v 0.74475 0.86871 0.75642
vn -0.00000 -0.93385 0.35767
vt 1 1
f 2788/2788/2788 2789/2789/2789 2790/2790/2790
usemtl steel
v 0.67494 0.84374 0.69122
vn -0.00000 -0.93385 0.35767
vt 0 0
v 0.77031 0.83460 0.66736
vn -0.00000 -0.93385 0.35767
vt 1 0
v 0.74475 0.86871 0.75642
vn -0.00000 -0.93385 0.35767
vt 1 1
f 2791/2791/2791 2792/2792/2792 2793/2793/2793
usemtl steel
v 0.73000 0.88901 0.75072
vn 0.00000 0.35766 0.93385
vt 0 0
v 0.71525 0.88832 0.74890
vn -0.25882 0.34548 0.90203
vt 1 0
v 0.71525 0.86871 0.75642
vn -0.25882 0.34548 0.90203
vt 1 1
f 2794/2794/2794 2795/2795/2795 2796/2796/2796
usemtl steel
v 0.73000 0.88901 0.75072
vn 0.00000 0.35766 0.93385
vt 0 0
v 0.71525 0.86871 0.75642
vn -0.25882 0.34548 0.90203
vt 1 0
v 0.73000 0.86940 0.75823
vn 0.00000 0.35766 0.93385
vt 1 1
f 2797/2797/2797 2798/2798/2798 2799/2799/2799
usemtl rubber
v 0.74216 0.89140 0.73738
vn 0.25882 0.34548 0.90203
vt 0 0
v 0.73000 0.89197 0.73888
vn -0.00000 0.35767 0.93385
vt 1 0
v 0.73000 0.86583 0.74889
vn 0.00000 0.35767 0.93385
vt 1 1
f 2800/2800/2800 2801/2801/2801 2802/2802/2802
usemtl rubber
v 0.74216 0.89140 0.73738
vn 0.25882 0.34548 0.90203
vt 0 0
v 0.73000 0.86583 0.74889
vn 0.00000 0.35767 0.93385
vt 1 0
v 0.74216 0.86525 0.74740
vn 0.25882 0.34548 0.90203
vt 1 1
f 2803/2803/2803 2804/2804/2804 2805/2805/2805
usemtl rubber
v 0.71784 0.89140 0.73738
vn -0.25882 0.34548 0.90203
vt 0 0
v 0.70650 0.88972 0.73300
vn -0.50000 0.30975 0.80874
vt 1 0
v 0.70650 0.86357 0.74301
vn -0.50000 0.30975 0.80874
vt 1 1
f 2806/2806/2806 2807/2807/2807 2808/2808/2808
usemtl rubber
v 0.71784 0.89140 0.73738
vn -0.25882 0.34548 0.90203
vt 0 0
v 0.70650 0.86357 0.74301
vn -0.50000 0.30975 0.80874
vt 1 0
v 0.71784 0.86525 0.74740
vn -0.25882 0.34548 0.90203
vt 1 1
f 2809/2809/2809 2810/2810/2810 2811/2811/2811
usemtl rubber
v 0.70650 0.88972 0.73300
vn -0.50000 0.30975 0.80874
vt 0 0
v 0.69677 0.88705 0.72602
vn -0.70711 0.25291 0.66033
vt 1 0
v 0.69677 0.86090 0.73604
vn -0.70711 0.25291 0.66033
vt 1 1
f 2812/2812/2812 2813/2813/2813 2814/2814/2814
usemtl rubber
v 0.70650 0.88972 0.73300
vn -0.50000 0.30975 0.80874
vt 0 0
v 0.69677 0.86090 0.73604
vn -0.70711 0.25291 0.66033
vt 1 0
v 0.70650 0.86357 0.74301
vn -0.50000 0.30975 0.80874
vt 1 1
f 2815/2815/2815 2816/2816/2816 2817/2817/2817
usemtl rubber
v 0.69677 0.88705 0.72602
vn -0.70711 0.25291 0.66033
vt 0 0
v 0.68930 0.88357 0.71693
vn -0.86602 0.17883 0.46693
vt 1 0
v 0.68930 0.85742 0.72695
vn -0.86602 0.17883 0.46693
vt 1 1
f 2818/2818/2818 2819/2819/2819 2820/2820/2820
usemtl rubber
v 0.69677 0.88705 0.72602
vn -0.70711 0.25291 0.66033
vt 0 0
v 0.68930 0.85742 0.72695
vn -0.86602 0.17883 0.46693
vt 1 0
v 0.69677 0.86090 0.73604
vn -0.70711 0.25291 0.66033
vt 1 1
f 2821/2821/2821 2822/2822/2822 2823/2823/2823
usemtl rubber
v 0.68930 0.88357 0.71693
vn -0.86602 0.17883 0.46693
vt 0 0
v 0.68460 0.87951 0.70635
vn -0.96593 0.09257 0.24170
vt 1 0
v 0.68460 0.85337 0.71636
vn -0.96593 0.09257 0.24170
vt 1 1
f 2824/2824/2824 2825/2825/2825 2826/2826/2826
usemtl rubber
v 0.68930 0.88357 0.71693
vn -0.86602 0.17883 0.46693
vt 0 0
v 0.68460 0.85337 0.71636
vn -0.96593 0.09257 0.24170
vt 1 0
v 0.68930 0.85742 0.72695
vn -0.86602 0.17883 0.46693
vt 1 1
f 2827/2827/2827 2828/2828/2828 2829/2829/2829
usemtl rubber
v 0.68460 0.87951 0.70635
vn -0.96593 0.09257 0.24170
vt 0 0
v 0.68300 0.87516 0.69499
vn -1.00000 0.00000 0.00000
vt 1 0
v 0.68300 0.84902 0.70500
vn -1.00000 0.00000 0.00000
vt 1 1
f 2830/2830/2830 2831/2831/2831 2832/2832/2832
usemtl rubber
v 0.68460 0.87951 0.70635
vn -0.96593 0.09257 0.24170
vt 0 0
v 0.68300 0.84902 0.70500
vn -1.00000 0.00000 0.00000
vt 1 0
v 0.68460 0.85337 0.71636
vn -0.96593 0.09257 0.24170
vt 1 1
f 2833/2833/2833 2834/2834/2834 2835/2835/2835
usemtl rubber
v 0.68300 0.87516 0.69499
vn -1.00000 0.00000 0.00000
vt 0 0
v 0.68460 0.87081 0.68363
vn -0.96593 -0.09257 -0.24170
vt 1 0
v 0.68460 0.84466 0.69364
vn -0.96593 -0.09257 -0.24170
vt 1 1
f 2836/2836/2836 2837/2837/2837 2838/2838/2838
usemtl rubber
v 0.68300 0.87516 0.69499
vn -1.00000 0.00000 0.00000
vt 0 0
v 0.68460 0.84466 0.69364
vn -0.96593 -0.09257 -0.24170
vt 1 0
v 0.68300 0.84902 0.70500
vn -1.00000 0.00000 0.00000
vt 1 1
f 2839/2839/2839 2840/2840/2840 2841/2841/2841
usemtl rubber
v 0.68460 0.87081 0.68363
vn -0.96593 -0.09257 -0.24170
vt 0 0
v 0.68930 0.86676 0.67304
vn -0.86603 -0.17883 -0.46693
vt 1 0
v 0.68930 0.84061 0.68305
vn -0.86603 -0.17883 -0.46693
vt 1 1
f 2842/2842/2842 2843/2843/2843 2844/2844/2844
usemtl rubber
v 0.68460 0.87081 0.68363
vn -0.96593 -0.09257 -0.24170
vt 0 0
v 0.68930 0.84061 0.68305
vn -0.86603 -0.17883 -0.46693
vt 1 0
v 0.68460 0.84466 0.69364
vn -0.96593 -0.09257 -0.24170
vt 1 1
f 2845/2845/2845 2846/2846/2846 2847/2847/2847
usemtl rubber
v 0.68930 0.86676 0.67304
vn -0.86603 -0.17883 -0.46693
vt 0 0
v 0.69677 0.86328 0.66395
vn -0.70711 -0.25291 -0.66033
vt 1 0
v 0.69677 0.83713 0.67396
vn -0.70711 -0.25291 -0.66033
vt 1 1
f 2848/2848/2848 2849/2849/2849 2850/2850/2850
usemtl rubber
v 0.68930 0.86676 0.67304
vn -0.86603 -0.17883 -0.46693
vt 0 0
v 0.69677 0.83713 0.67396
vn -0.70711 -0.25291 -0.66033
vt 1 0
v 0.68930 0.84061 0.68305
vn -0.86603 -0.17883 -0.46693
vt 1 1
f 2851/2851/2851 2852/2852/2852 2853/2853/2853
usemtl rubber
v 0.69677 0.86328 0.66395
vn -0.70711 -0.25291 -0.66033
vt 0 0
v 0.70650 0.86060 0.65697
vn -0.50000 -0.30975 -0.80874
vt 1 0
v 0.70650 0.83446 0.66699
vn -0.50000 -0.30975 -0.80874
vt 1 1
f 2854/2854/2854 2855/2855/2855 2856/2856/2856
usemtl rubber
v 0.69677 0.86328 0.66395
vn -0.70711 -0.25291 -0.66033
vt 0 0
v 0.70650 0.83446 0.66699
vn -0.50000 -0.30975 -0.80874
vt 1 0
v 0.69677 0.83713 0.67396
vn -0.70711 -0.25291 -0.66033
vt 1 1
f 2857/2857/2857 2858/2858/2858 2859/2859/2859
usemtl rubber
v 0.70650 0.86060 0.65697
vn -0.50000 -0.30975 -0.80874
vt 0 0
v 0.71784 0.85893 0.65259
vn -0.25882 -0.34548 -0.90203
vt 1 0
v 0.71784 0.83278 0.66260
vn -0.25882 -0.34548 -0.90203
vt 1 1
f 2860/2860/2860 2861/2861/2861 2862/2862/2862
usemtl rubber
v 0.70650 0.86060 0.65697
vn -0.50000 -0.30975 -0.80874
vt 0 0
v 0.71784 0.83278 0.66260
vn -0.25882 -0.34548 -0.90203
vt 1 0
v 0.70650 0.83446 0.66699
vn -0.50000 -0.30975 -0.80874
vt 1 1
f 2863/2863/2863 2864/2864/2864 2865/2865/2865
usemtl rubber
v 0.71784 0.85893 0.65259
vn -0.25882 -0.34548 -0.90203
vt 0 0
v 0.73000 0.85835 0.65109
vn -0.00000 -0.35767 -0.93385
vt 1 0
v 0.73000 0.83220 0.66111
vn 0.00000 -0.35767 -0.93385
vt 1 1
f 2866/2866/2866 2867/2867/2867 2868/2868/2868
usemtl rubber
v 0.71784 0.85893 0.65259
vn -0.25882 -0.34548 -0.90203
vt 0 0
v 0.73000 0.83220 0.66111
vn 0.00000 -0.35767 -0.93385
vt 1 0
v 0.71784 0.83278 0.66260
vn -0.25882 -0.34548 -0.90203
vt 1 1
f 2869/2869/2869 2870/2870/2870 2871/2871/2871
usemtl rubber
v 0.73000 0.85835 0.65109
vn -0.00000 -0.35767 -0.93385
vt 0 0
v 0.74216 0.85893 0.65259
vn 0.25882 -0.34548 -0.90203
vt 1 0
v 0.74216 0.83278 0.66260
vn 0.25882 -0.34548 -0.90203
vt 1 1
f 2872/2872/2872 2873/2873/2873 2874/2874/2874
usemtl rubber
v 0.73000 0.85835 0.65109
vn -0.00000 -0.35767 -0.93385
vt 0 0
v 0.74216 0.83278 0.66260
vn 0.25882 -0.34548 -0.90203
vt 1 0
v 0.73000 0.83220 0.66111
vn 0.00000 -0.35767 -0.93385
vt 1 1
f 2875/2875/2875 2876/2876/2876 2877/2877/2877
usemtl rubber
v 0.74216 0.85893 0.65259
vn 0.25882 -0.34548 -0.90203
vt 0 0
v 0.75350 0.86060 0.65697
vn 0.50000 -0.30975 -0.80874
vt 1 0
v 0.75350 0.83446 0.66699
vn 0.50000 -0.30975 -0.80874
vt 1 1
f 2878/2878/2878 2879/2879/2879 2880/2880/2880
usemtl rubber
v 0.74216 0.85893 0.65259
vn 0.25882 -0.34548 -0.90203
vt 0 0
v 0.75350 0.83446 0.66699
vn 0.50000 -0.30975 -0.80874
vt 1 0
v 0.74216 0.83278 0.66260
vn 0.25882 -0.34548 -0.90203
vt 1 1
f 2881/2881/2881 2882/2882/2882 2883/2883/2883
usemtl rubber
v 0.75350 0.86060 0.65697
vn 0.50000 -0.30975 -0.80874
vt 0 0
v 0.76323 0.86328 0.66395
vn 0.70711 -0.25291 -0.66033
vt 1 0
v 0.76323 0.83713 0.67396
vn 0.70711 -0.25291 -0.66033
vt 1 1
f 2884/2884/2884 2885/2885/2885 2886/2886/2886
usemtl rubber
v 0.75350 0.86060 0.65697
vn 0.50000 -0.30975 -0.80874
vt 0 0
v 0.76323 0.83713 0.67396
vn 0.70711 -0.25291 -0.66033
vt 1 0
v 0.75350 0.83446 0.66699
vn 0.50000 -0.30975 -0.80874
vt 1 1
f 2887/2887/2887 2888/2888/2888 2889/2889/2889
usemtl rubber
v 0.76323 0.86328 0.66395
vn 0.70711 -0.25291 -0.66033
vt 0 0
v 0.77070 0.86676 0.67304
vn 0.86603 -0.17883 -0.46693
vt 1 0
v 0.77070 0.84061 0.68305
vn 0.86603 -0.17883 -0.46693
vt 1 1
f 2890/2890/2890 2891/2891/2891 2892/2892/2892
usemtl rubber
v 0.76323 0.86328 0.66395
vn 0.70711 -0.25291 -0.66033
vt 0 0
v 0.77070 0.84061 0.68305
vn 0.86603 -0.17883 -0.46693
vt 1 0
v 0.76323 0.83713 0.67396
vn 0.70711 -0.25291 -0.66033
vt 1 1
f 2893/2893/2893 2894/2894/2894 2895/2895/2895
usemtl rubber
v 0.77070 0.86676 0.67304
vn 0.86603 -0.17883 -0.46693
vt 0 0
v 0.77540 0.87081 0.68363
vn 0.96593 -0.09257 -0.24170
vt 1 0
v 0.77540 0.84466 0.69364
vn 0.96593 -0.09257 -0.24170
vt 1 1
f 2896/2896/2896 2897/2897/2897 2898/2898/2898
usemtl rubber
v 0.77070 0.86676 0.67304
vn 0.86603 -0.17883 -0.46693
vt 0 0
v 0.77540 0.84466 0.69364
vn 0.96593 -0.09257 -0.24170
vt 1 0
v 0.77070 0.84061 0.68305
vn 0.86603 -0.17883 -0.46693
vt 1 1
f 2899/2899/2899 2900/2900/2900 2901/2901/2901
usemtl rubber
v 0.77540 0.87081 0.68363
vn 0.96593 -0.09257 -0.24170
vt 0 0
v 0.77700 0.87516 0.69499
vn 1.00000 0.00000 0.00000
vt 1 0
v 0.77700 0.84901 0.70500
vn 1.00000 0.00000 0.00000
vt 1 1
f 2902/2902/2902 2903/2903/2903 2904/2904/2904
usemtl rubber
v 0.77540 0.87081 0.68363
vn 0.96593 -0.09257 -0.24170
vt 0 0
v 0.77700 0.84901 0.70500
vn 1.00000 0.00000 0.00000
vt 1 0
v 0.77540 0.84466 0.69364
vn 0.96593 -0.09257 -0.24170
vt 1 1
f 2905/2905/2905 2906/2906/2906 2907/2907/2907
usemtl rubber
v 0.77700 0.87516 0.69499
vn 1.00000 0.00000 0.00000
vt 0 0
v 0.77540 0.87951 0.70635
vn 0.96593 0.09257 0.24170
vt 1 0
v 0.77540 0.85337 0.71636
vn 0.96593 0.09257 0.24170
vt 1 1
f 2908/2908/2908 2909/2909/2909 2910/2910/2910
usemtl rubber
v 0.77700 0.87516 0.69499
vn 1.00000 0.00000 0.00000
vt 0 0
v 0.77540 0.85337 0.71636
vn 0.96593 0.09257 0.24170
vt 1 0
v 0.77700 0.84901 0.70500
vn 1.00000 0.00000 0.00000
vt 1 1
f 2911/2911/2911 2912/2912/2912 2913/2913/2913
usemtl rubber
v 0.77540 0.87951 0.70635
vn 0.96593 0.09257 0.24170
vt 0 0
v 0.77070 0.88357 0.71693
vn 0.86603 0.17883 0.46692
vt 1 0
v 0.77070 0.85742 0.72695
vn 0.86603 0.17883 0.46692
vt 1 1
f 2914/2914/2914 2915/2915/2915 2916/2916/2916
usemtl rubber
v 0.77540 0.87951 0.70635
vn 0.96593 0.09257 0.24170
vt 0 0
v 0.77070 0.85742 0.72695
vn 0.86603 0.17883 0.46692
vt 1 0
v 0.77540 0.85337 0.71636
vn 0.96593 0.09257 0.24170
vt 1 1
f 2917/2917/2917 2918/2918/2918 2919/2919/2919
usemtl rubber
v 0.77070 0.88357 0.71693
vn 0.86603 0.17883 0.46692
vt 0 0
v 0.76323 0.88705 0.72602
vn 0.70711 0.25291 0.66033
vt 1 0
v 0.76323 0.86090 0.73604
vn 0.70711 0.25291 0.66033
vt 1 1
f 2920/2920/2920 2921/2921/2921 2922/2922/2922
usemtl rubber
v 0.77070 0.88357 0.71693
vn 0.86603 0.17883 0.46692
vt 0 0
v 0.76323 0.86090 0.73604
vn 0.70711 0.25291 0.66033
vt 1 0
v 0.77070 0.85742 0.72695
vn 0.86603 0.17883 0.46692
vt 1 1
f 2923/2923/2923 2924/2924/2924 2925/2925/2925
usemtl rubber
v 0.76323 0.88705 0.72602
vn 0.70711 0.25291 0.66033
vt 0 0
v 0.75350 0.88972 0.73300
vn 0.50000 0.30975 0.80874
vt 1 0
v 0.75350 0.86357 0.74301
vn 0.50000 0.30975 0.80874
vt 1 1
f 2926/2926/2926 2927/2927/2927 2928/2928/2928
usemtl rubber
v 0.76323 0.88705 0.72602
vn 0.70711 0.25291 0.66033
vt 0 0
v 0.75350 0.86357 0.74301
vn 0.50000 0.30975 0.80874
vt 1 0
v 0.76323 0.86090 0.73604
vn 0.70711 0.25291 0.66033
vt 1 1
f 2929/2929/2929 2930/2930/2930 2931/2931/2931
usemtl rubber
v 0.71784 0.89140 0.73738
vn 0.00000 0.93385 -0.35767
vt 0 0
v 0.73000 0.89197 0.73888
vn 0.00000 0.93385 -0.35767
vt 1 0
v 0.74216 0.89140 0.73738
vn 0.00000 0.93385 -0.35767
vt 1 1
f 2932/2932/2932 2933/2933/2933 2934/2934/2934
usemtl rubber
v 0.74216 0.89140 0.73738
vn 0.00000 0.93385 -0.35767
vt 0 0
v 0.75350 0.88972 0.73300
vn 0.00000 0.93385 -0.35767
vt 1 0
v 0.76323 0.88705 0.72602
vn 0.00000 0.93385 -0.35767
vt 1 1
f 2935/2935/2935 2936/2936/2936 2937/2937/2937
usemtl rubber
v 0.76323 0.88705 0.72602
vn 0.00000 0.93385 -0.35767
vt 0 0
v 0.77070 0.88357 0.71693
vn 0.00000 0.93385 -0.35767
vt 1 0
v 0.77540 0.87951 0.70635
vn 0.00000 0.93385 -0.35767
vt 1 1
f 2938/2938/2938 2939/2939/2939 2940/2940/2940
usemtl rubber
v 0.77540 0.87951 0.70635
vn 0.00000 0.93385 -0.35767
vt 0 0
v 0.77700 0.87516 0.69499
vn 0.00000 0.93385 -0.35767
vt 1 0
v 0.77540 0.87081 0.68363
vn 0.00000 0.93385 -0.35767
vt 1 1
f 2941/2941/2941 2942/2942/2942 2943/2943/2943
usemtl rubber
v 0.77540 0.87081 0.68363
vn 0.00000 0.93385 -0.35767
vt 0 0
v 0.77070 0.86676 0.67304
vn 0.00000 0.93385 -0.35767
vt 1 0
v 0.76323 0.86328 0.66395
vn 0.00000 0.93385 -0.35767
vt 1 1
f 2944/2944/2944 2945/2945/2945 2946/2946/2946
usemtl rubber
v 0.76323 0.86328 0.66395
vn 0.00000 0.93385 -0.35767
vt 0 0
v 0.75350 0.86060 0.65697
vn 0.00000 0.93385 -0.35767
vt 1 0
v 0.74216 0.85893 0.65259
vn 0.00000 0.93385 -0.35767
vt 1 1
f 2947/2947/2947 2948/2948/2948 2949/2949/2949
usemtl rubber
v 0.74216 0.85893 0.65259
vn 0.00000 0.93385 -0.35767
vt 0 0
v 0.73000 0.85835 0.65109
vn 0.00000 0.93385 -0.35767
vt 1 0
v 0.71784 0.85893 0.65259
vn 0.00000 0.93385 -0.35767
vt 1 1
f 2950/2950/2950 2951/2951/2951 2952/2952/2952
usemtl rubber
v 0.71784 0.85893 0.65259
vn 0.00000 0.93385 -0.35767
vt 0 0
v 0.70650 0.86060 0.65697
vn 0.00000 0.93385 -0.35767
vt 1 0
v 0.69677 0.86328 0.66395
vn 0.00000 0.93385 -0.35767
vt 1 1
f 2953/2953/2953 2954/2954/2954 2955/2955/2955
usemtl rubber
v 0.69677 0.86328 0.66395
vn 0.00000 0.93385 -0.35767
vt 0 0
v 0.68930 0.86676 0.67304
vn 0.00000 0.93385 -0.35767
vt 1 0
v 0.68460 0.87081 0.68363
vn 0.00000 0.93385 -0.35767
vt 1 1
f 2956/2956/2956 2957/2957/2957 2958/2958/2958
usemtl rubber
v 0.68460 0.87081 0.68363
vn 0.00000 0.93385 -0.35767
vt 0 0
v 0.68300 0.87516 0.69499
vn 0.00000 0.93385 -0.35767
vt 1 0
v 0.68460 0.87951 0.70635
vn 0.00000 0.93385 -0.35767
vt 1 1
f 2959/2959/2959 2960/2960/2960 2961/2961/2961
usemtl rubber
v 0.68460 0.87951 0.70635
vn 0.00000 0.93385 -0.35767
vt 0 0
v 0.68930 0.88357 0.71693
vn 0.00000 0.93385 -0.35767
vt 1 0
v 0.69677 0.88705 0.72602
vn 0.00000 0.93385 -0.35767
vt 1 1
f 2962/2962/2962 2963/2963/2963 2964/2964/2964
usemtl rubber
v 0.69677 0.88705 0.72602
vn 0.00000 0.93385 -0.35767
vt 0 0
v 0.70650 0.88972 0.73300
vn 0.00000 0.93385 -0.35767
vt 1 0
v 0.71784 0.89140 0.73738
vn 0.00000 0.93385 -0.35767
vt 1 1
f 2965/2965/2965 2966/2966/2966 2967/2967/2967
usemtl rubber
v 0.71784 0.89140 0.73738
vn 0.00000 0.93385 -0.35767
vt 0 0
v 0.74216 0.89140 0.73738
vn 0.00000 0.93385 -0.35767
vt 1 0
v 0.76323 0.88705 0.72602
vn 0.00000 0.93385 -0.35767
vt 1 1
f 2968/2968/2968 2969/2969/2969 2970/2970/2970
usemtl rubber
v 0.76323 0.88705 0.72602
vn 0.00000 0.93385 -0.35767
vt 0 0
v 0.77540 0.87951 0.70635
vn 0.00000 0.93385 -0.35767
vt 1 0
v 0.77540 0.87081 0.68363
vn 0.00000 0.93385 -0.35767
vt 1 1
f 2971/2971/2971 2972/2972/2972 2973/2973/2973
usemtl rubber
v 0.77540 0.87081 0.68363
vn 0.00000 0.93385 -0.35767
vt 0 0
v 0.76323 0.86328 0.66395
vn 0.00000 0.93385 -0.35767
vt 1 0
v 0.74216 0.85893 0.65259
vn 0.00000 0.93385 -0.35767
vt 1 1
f 2974/2974/2974 2975/2975/2975 2976/2976/2976
usemtl rubber
v 0.74216 0.85893 0.65259
vn 0.00000 0.93385 -0.35767
vt 0 0
v 0.71784 0.85893 0.65259
vn 0.00000 0.93385 -0.35767
vt 1 0
v 0.69677 0.86328 0.66395
vn 0.00000 0.93385 -0.35767
vt 1 1
f 2977/2977/2977 2978/2978/2978 2979/2979/2979
usemtl rubber
v 0.69677 0.86328 0.66395
vn 0.00000 0.93385 -0.35767
vt 0 0
v 0.68460 0.87081 0.68363
vn 0.00000 0.93385 -0.35767
vt 1 0
v 0.68460 0.87951 0.70635
vn 0.00000 0.93385 -0.35767
vt 1 1
f 2980/2980/2980 2981/2981/2981 2982/2982/2982
usemtl rubber
v 0.68460 0.87951 0.70635
vn 0.00000 0.93385 -0.35767
vt 0 0
v 0.69677 0.88705 0.72602
vn 0.00000 0.93385 -0.35767
vt 1 0
v 0.71784 0.89140 0.73738
vn 0.00000 0.93385 -0.35767
vt 1 1
f 2983/2983/2983 2984/2984/2984 2985/2985/2985
usemtl rubber
v 0.71784 0.89140 0.73738
vn 0.00000 0.93385 -0.35767
vt 0 0
v 0.76323 0.88705 0.72602
vn 0.00000 0.93385 -0.35767
vt 1 0
v 0.77540 0.87081 0.68363
vn 0.00000 0.93385 -0.35767
vt 1 1
f 2986/2986/2986 2987/2987/2987 2988/2988/2988
usemtl rubber
v 0.77540 0.87081 0.68363
vn 0.00000 0.93385 -0.35767
vt 0 0
v 0.74216 0.85893 0.65259
vn 0.00000 0.93385 -0.35767
vt 1 0
v 0.69677 0.86328 0.66395
vn 0.00000 0.93385 -0.35767
vt 1 1
f 2989/2989/2989 2990/2990/2990 2991/2991/2991
usemtl rubber
v 0.69677 0.86328 0.66395
vn 0.00000 0.93385 -0.35767
vt 0 0
v 0.68460 0.87951 0.70635
vn 0.00000 0.93385 -0.35767
vt 1 0
v 0.71784 0.89140 0.73738
vn 0.00000 0.93385 -0.35767
vt 1 1
f 2992/2992/2992 2993/2993/2993 2994/2994/2994
usemtl rubber
v 0.77540 0.87081 0.68363
vn 0.00000 0.93385 -0.35767
vt 0 0
v 0.69677 0.86328 0.66395
vn 0.00000 0.93385 -0.35767
vt 1 0
v 0.71784 0.89140 0.73738
vn 0.00000 0.93385 -0.35767
vt 1 1
f 2995/2995/2995 2996/2996/2996 2997/2997/2997
usemtl rubber
v 0.75350 0.88972 0.73300
vn 0.50000 0.30975 0.80874
vt 0 0
v 0.74216 0.89140 0.73738
vn 0.25882 0.34548 0.90203
vt 1 0
v 0.74216 0.86525 0.74740
vn 0.25882 0.34548 0.90203
vt 1 1
f 2998/2998/2998 2999/2999/2999 3000/3000/3000
usemtl rubber
v 0.75350 0.88972 0.73300
vn 0.50000 0.30975 0.80874
vt 0 0
v 0.74216 0.86525 0.74740
vn 0.25882 0.34548 0.90203
vt 1 0
v 0.75350 0.86357 0.74301
vn 0.50000 0.30975 0.80874
vt 1 1
f 3001/3001/3001 3002/3002/3002 3003/3003/3003
usemtl rubber
v 0.74216 0.86525 0.74740
vn 0.00000 -0.93385 0.35766
vt 0 0
v 0.73000 0.86583 0.74889
vn 0.00000 -0.93385 0.35766
vt 1 0
v 0.71784 0.86525 0.74740
vn 0.00000 -0.93385 0.35766
vt 1 1
f 3004/3004/3004 3005/3005/3005 3006/3006/3006
usemtl rubber
v 0.71784 0.86525 0.74740
vn 0.00000 -0.93385 0.35766
vt 0 0
v 0.70650 0.86357 0.74301
vn 0.00000 -0.93385 0.35766
vt 1 0
v 0.69677 0.86090 0.73604
vn 0.00000 -0.93385 0.35766
vt 1 1
f 3007/3007/3007 3008/3008/3008 3009/3009/3009
usemtl rubber
v 0.69677 0.86090 0.73604
vn 0.00000 -0.93385 0.35766
vt 0 0
v 0.68930 0.85742 0.72695
vn 0.00000 -0.93385 0.35766
vt 1 0
v 0.68460 0.85337 0.71636
vn 0.00000 -0.93385 0.35766
vt 1 1
f 3010/3010/3010 3011/3011/3011 3012/3012/3012
usemtl rubber
v 0.68460 0.85337 0.71636
vn 0.00000 -0.93385 0.35766
vt 0 0
v 0.68300 0.84902 0.70500
vn 0.00000 -0.93385 0.35766
vt 1 0
v 0.68460 0.84466 0.69364
vn 0.00000 -0.93385 0.35766
vt 1 1
f 3013/3013/3013 3014/3014/3014 3015/3015/3015
usemtl rubber
v 0.68460 0.84466 0.69364
vn 0.00000 -0.93385 0.35766
vt 0 0
v 0.68930 0.84061 0.68305
vn 0.00000 -0.93385 0.35766
vt 1 0
v 0.69677 0.83713 0.67396
vn 0.00000 -0.93385 0.35766
vt 1 1
f 3016/3016/3016 3017/3017/3017 3018/3018/3018
usemtl rubber
v 0.69677 0.83713 0.67396
vn 0.00000 -0.93385 0.35766
vt 0 0
v 0.70650 0.83446 0.66699
vn 0.00000 -0.93385 0.35766
vt 1 0
v 0.71784 0.83278 0.66260
vn 0.00000 -0.93385 0.35766
vt 1 1
f 3019/3019/3019 3020/3020/3020 3021/3021/3021
usemtl rubber
v 0.71784 0.83278 0.66260
vn 0.00000 -0.93385 0.35766
vt 0 0
v 0.73000 0.83220 0.66111
vn 0.00000 -0.93385 0.35766
vt 1 0
v 0.74216 0.83278 0.66260
vn 0.00000 -0.93385 0.35766
vt 1 1
f 3022/3022/3022 3023/3023/3023 3024/3024/3024
usemtl rubber
v 0.74216 0.83278 0.66260
vn 0.00000 -0.93385 0.35766
vt 0 0
v 0.75350 0.83446 0.66699
vn 0.00000 -0.93385 0.35766
vt 1 0
v 0.76323 0.83713 0.67396
vn 0.00000 -0.93385 0.35766
vt 1 1
f 3025/3025/3025 3026/3026/3026 3027/3027/3027
usemtl rubber
v 0.76323 0.83713 0.67396
vn 0.00000 -0.93385 0.35766
vt 0 0
v 0.77070 0.84061 0.68305
vn 0.00000 -0.93385 0.35766
vt 1 0
v 0.77540 0.84466 0.69364
vn 0.00000 -0.93385 0.35766
vt 1 1
f 3028/3028/3028 3029/3029/3029 3030/3030/3030
usemtl rubber
v 0.77540 0.84466 0.69364
vn 0.00000 -0.93385 0.35766
vt 0 0
v 0.77700 0.84901 0.70500
vn 0.00000 -0.93385 0.35766
vt 1 0
v 0.77540 0.85337 0.71636
vn 0.00000 -0.93385 0.35766
vt 1 1
f 3031/3031/3031 3032/3032/3032 3033/3033/3033
usemtl rubber
v 0.77540 0.85337 0.71636
vn 0.00000 -0.93385 0.35766
vt 0 0
v 0.77070 0.85742 0.72695
vn 0.00000 -0.93385 0.35766
vt 1 0
v 0.76323 0.86090 0.73604
vn 0.00000 -0.93385 0.35766
vt 1 1
f 3034/3034/3034 3035/3035/3035 3036/3036/3036
usemtl rubber
v 0.76323 0.86090 0.73604
vn 0.00000 -0.93385 0.35766
vt 0 0
v 0.75350 0.86357 0.74301
vn 0.00000 -0.93385 0.35766
vt 1 0
v 0.74216 0.86525 0.74740
vn 0.00000 -0.93385 0.35766
vt 1 1
f 3037/3037/3037 3038/3038/3038 3039/3039/3039
usemtl rubber
v 0.74216 0.86525 0.74740
vn 0.00000 -0.93385 0.35766
vt 0 0
v 0.71784 0.86525 0.74740
vn 0.00000 -0.93385 0.35766
vt 1 0
v 0.69677 0.86090 0.73604
vn 0.00000 -0.93385 0.35766
vt 1 1
f 3040/3040/3040 3041/3041/3041 3042/3042/3042
usemtl rubber
v 0.69677 0.86090 0.73604
vn 0.00000 -0.93385 0.35766
vt 0 0
v 0.68460 0.85337 0.71636
vn 0.00000 -0.93385 0.35766
vt 1 0
v 0.68460 0.84466 0.69364
vn 0.00000 -0.93385 0.35766
vt 1 1
f 3043/3043/3043 3044/3044/3044 3045/3045/3045
usemtl rubber
v 0.68460 0.84466 0.69364
vn 0.00000 -0.93385 0.35766
vt 0 0
v 0.69677 0.83713 0.67396
vn 0.00000 -0.93385 0.35766
vt 1 0
v 0.71784 0.83278 0.66260
vn 0.00000 -0.93385 0.35766
vt 1 1
f 3046/3046/3046 3047/3047/3047 3048/3048/3048
usemtl rubber
v 0.71784 0.83278 0.66260
vn 0.00000 -0.93385 0.35766
vt 0 0
v 0.74216 0.83278 0.66260
vn 0.00000 -0.93385 0.35766
vt 1 0
v 0.76323 0.83713 0.67396
vn 0.00000 -0.93385 0.35766
vt 1 1
f 3049/3049/3049 3050/3050/3050 3051/3051/3051
usemtl rubber
v 0.76323 0.83713 0.67396
vn 0.00000 -0.93385 0.35766
vt 0 0
v 0.77540 0.84466 0.69364
vn 0.00000 -0.93385 0.35766
vt 1 0
v 0.77540 0.85337 0.71636
vn 0.00000 -0.93385 0.35766
vt 1 1
f 3052/3052/3052 3053/3053/3053 3054/3054/3054
usemtl rubber
v 0.77540 0.85337 0.71636
vn 0.00000 -0.93385 0.35766
vt 0 0
v 0.76323 0.86090 0.73604
vn 0.00000 -0.93385 0.35766
vt 1 0
v 0.74216 0.86525 0.74740
vn 0.00000 -0.93385 0.35766
vt 1 1
f 3055/3055/3055 3056/3056/3056 3057/3057/3057
usemtl rubber
v 0.74216 0.86525 0.74740
vn 0.00000 -0.93385 0.35766
vt 0 0
v 0.69677 0.86090 0.73604
vn 0.00000 -0.93385 0.35766
vt 1 0
v 0.68460 0.84466 0.69364
vn 0.00000 -0.93385 0.35766
vt 1 1
f 3058/3058/3058 3059/3059/3059 3060/3060/3060
usemtl rubber
v 0.68460 0.84466 0.69364
vn 0.00000 -0.93385 0.35766
vt 0 0
v 0.71784 0.83278 0.66260
vn 0.00000 -0.93385 0.35766
vt 1 0
v 0.76323 0.83713 0.67396
vn 0.00000 -0.93385 0.35766
vt 1 1
f 3061/3061/3061 3062/3062/3062 3063/3063/3063
usemtl rubber
v 0.76323 0.83713 0.67396
vn 0.00000 -0.93385 0.35766
vt 0 0
v 0.77540 0.85337 0.71636
vn 0.00000 -0.93385 0.35766
vt 1 0
v 0.74216 0.86525 0.74740
vn 0.00000 -0.93385 0.35766
vt 1 1
f 3064/3064/3064 3065/3065/3065 3066/3066/3066
usemtl rubber
v 0.68460 0.84466 0.69364
vn 0.00000 -0.93385 0.35766
vt 0 0
v 0.76323 0.83713 0.67396
vn 0.00000 -0.93385 0.35766
vt 1 0
v 0.74216 0.86525 0.74740
vn 0.00000 -0.93385 0.35766
vt 1 1
f 3067/3067/3067 3068/3068/3068 3069/3069/3069
usemtl rubber
v 0.73000 0.89197 0.73888
vn -0.00000 0.35767 0.93385
vt 0 0
v 0.71784 0.89140 0.73738
vn -0.25882 0.34548 0.90203
vt 1 0
v 0.71784 0.86525 0.74740
vn -0.25882 0.34548 0.90203
vt 1 1
f 3070/3070/3070 3071/3071/3071 3072/3072/3072
usemtl rubber
v 0.73000 0.89197 0.73888
vn -0.00000 0.35767 0.93385
vt 0 0
v 0.71784 0.86525 0.74740
vn -0.25882 0.34548 0.90203
vt 1 0
v 0.73000 0.86583 0.74889
vn 0.00000 0.35767 0.93385
vt 1 1
f 3073/3073/3073 3074/3074/3074 3075/3075/3075
usemtl letters
v 0.48320 0.88679 0.79057
vn 0.00000 0.93385 -0.35767
vt 0 0
v 0.48783 0.89319 0.80727
vn 0.00000 0.93385 -0.35767
vt 1 0
v 0.49038 0.89319 0.80727
vn 0.00000 0.93385 -0.35767
vt 1 1
f 3076/3076/3076 3077/3077/3077 3078/3078/3078
usemtl letters
v 0.48320 0.88679 0.79057
vn 0.00006 0.93385 -0.35767
vt 0 0
v 0.48294 0.88882 0.79586
vn 0.00006 0.93385 -0.35767
vt 1 0
v 0.48783 0.89319 0.80727
vn 0.00006 0.93385 -0.35767
vt 1 1
f 3079/3079/3079 3080/3080/3080 3081/3081/3081
usemtl letters
v 0.48294 0.88882 0.79586
vn 0.00000 0.93385 -0.35766
vt 0 0
v 0.47561 0.89319 0.80727
vn 0.00000 0.93385 -0.35766
vt 1 0
v 0.47803 0.89319 0.80727
vn 0.00000 0.93385 -0.35766
vt 1 1
f 3082/3082/3082 3083/3083/3083 3084/3084/3084
usemtl letters
v 0.48294 0.88882 0.79586
vn -0.00019 0.93385 -0.35768
vt 0 0
v 0.47683 0.89198 0.80412
vn -0.00019 0.93385 -0.35768
vt 1 0
v 0.47561 0.89319 0.80727
vn -0.00019 0.93385 -0.35768
vt 1 1
f 3085/3085/3085 3086/3086/3086 3087/3087/3087
usemtl letters
v 0.47683 0.89198 0.80412
vn 0.00006 0.93385 -0.35767
vt 0 0
v 0.47067 0.88882 0.79586
vn 0.00006 0.93385 -0.35767
vt 1 0
v 0.47561 0.89319 0.80727
vn 0.00006 0.93385 -0.35767
vt 1 1
f 3088/3088/3088 3089/3089/3089 3090/3090/3090
usemtl letters
v 0.47067 0.88882 0.79586
vn 0.00000 0.93385 -0.35766
vt 0 0
v 0.46331 0.89319 0.80727
vn 0.00000 0.93385 -0.35766
vt 1 0
v 0.46584 0.89319 0.80727
vn 0.00000 0.93385 -0.35766
vt 1 1
f 3091/3091/3091 3092/3092/3092 3093/3093/3093
usemtl letters
v 0.47067 0.88882 0.79586
vn -0.00004 0.93385 -0.35768
vt 0 0
v 0.47052 0.88679 0.79057
vn -0.00004 0.93385 -0.35768
vt 1 0
v 0.46331 0.89319 0.80727
vn -0.00004 0.93385 -0.35768
vt 1 1
f 3094/3094/3094 3095/3095/3095 3096/3096/3096
usemtl letters
v 0.48294 0.88882 0.79586
vn -0.00005 0.93385 -0.35767
vt 0 0
v 0.48271 0.88679 0.79057
vn -0.00005 0.93385 -0.35767
vt 1 0
v 0.47683 0.89198 0.80412
vn -0.00005 0.93385 -0.35767
vt 1 1
f 3097/3097/3097 3098/3098/3098 3099/3099/3099
usemtl letters
v 0.47101 0.88679 0.79057
vn 0.00002 0.93385 -0.35767
vt 0 0
v 0.47067 0.88882 0.79586
vn 0.00002 0.93385 -0.35767
vt 1 0
v 0.47683 0.89198 0.80412
vn 0.00002 0.93385 -0.35767
vt 1 1
f 3100/3100/3100 3101/3101/3101 3102/3102/3102
usemtl letters
v 0.48320 0.88679 0.79057
vn 0.00000 0.93385 -0.35767
vt 0 0
v 0.48271 0.88679 0.79057
vn 0.00000 0.93385 -0.35767
vt 1 0
v 0.48294 0.88882 0.79586
vn 0.00000 0.93385 -0.35767
vt 1 1
f 3103/3103/3103 3104/3104/3104 3105/3105/3105
usemtl letters
v 0.47101 0.88679 0.79057
vn 0.00000 0.93385 -0.35767
vt 0 0
v 0.47052 0.88679 0.79057
vn 0.00000 0.93385 -0.35767
vt 1 0
v 0.47067 0.88882 0.79586
vn 0.00000 0.93385 -0.35767
vt 1 1
f 3106/3106/3106 3107/3107/3107 3108/3108/3108
usemtl letters
v 0.50800 0.89230 0.80497
vn 0.00000 0.93386 -0.35764
vt 0 0
v 0.50109 0.89243 0.80531
vn 0.00000 0.93386 -0.35764
vt 1 0
v 0.50109 0.89327 0.80749
vn 0.00000 0.93386 -0.35764
vt 1 1
f 3109/3109/3109 3110/3110/3110 3111/3111/3111
usemtl letters
v 0.50109 0.89243 0.80531
vn 0.00003 0.93385 -0.35766
vt 0 0
v 0.49413 0.89231 0.80497
vn 0.00003 0.93385 -0.35766
vt 1 0
v 0.50109 0.89327 0.80749
vn 0.00003 0.93385 -0.35766
vt 1 1
f 3112/3112/3112 3113/3113/3113 3114/3114/3114
usemtl letters
v 0.50800 0.89230 0.80497
vn 0.00000 0.93385 -0.35765
vt 0 0
v 0.50602 0.89175 0.80352
vn 0.00000 0.93385 -0.35765
vt 1 0
v 0.50109 0.89243 0.80531
vn 0.00000 0.93385 -0.35765
vt 1 1
f 3115/3115/3115 3116/3116/3116 3117/3117/3117
usemtl letters
v 0.49614 0.89175 0.80352
vn -0.00001 0.93385 -0.35767
vt 0 0
v 0.49413 0.89231 0.80497
vn -0.00001 0.93385 -0.35767
vt 1 0
v 0.50109 0.89243 0.80531
vn -0.00001 0.93385 -0.35767
vt 1 1
f 3118/3118/3118 3119/3119/3119 3120/3120/3120
usemtl letters
v 0.49614 0.89175 0.80352
vn 0.00006 0.93385 -0.35767
vt 0 0
v 0.49155 0.89002 0.79900
vn 0.00006 0.93385 -0.35767
vt 1 0
v 0.49413 0.89231 0.80497
vn 0.00006 0.93385 -0.35767
vt 1 1
f 3121/3121/3121 3122/3122/3122 3123/3123/3123
usemtl letters
v 0.51061 0.89002 0.79900
vn -0.00001 0.93385 -0.35766
vt 0 0
v 0.50602 0.89175 0.80352
vn -0.00001 0.93385 -0.35766
vt 1 0
v 0.50800 0.89230 0.80497
vn -0.00001 0.93385 -0.35766
vt 1 1
f 3124/3124/3124 3125/3125/3125 3126/3126/3126
usemtl letters
v 0.51061 0.89002 0.79900
vn 0.00000 0.93385 -0.35766
vt 0 0
v 0.50798 0.89002 0.79900
vn 0.00000 0.93385 -0.35766
vt 1 0
v 0.50602 0.89175 0.80352
vn 0.00000 0.93385 -0.35766
vt 1 1
f 3127/3127/3127 3128/3128/3128 3129/3129/3129
usemtl letters
v 0.49418 0.89002 0.79900
vn 0.00000 0.93385 -0.35766
vt 0 0
v 0.49155 0.89002 0.79900
vn 0.00000 0.93385 -0.35766
vt 1 0
v 0.49614 0.89175 0.80352
vn 0.00000 0.93385 -0.35766
vt 1 1
f 3130/3130/3130 3131/3131/3131 3132/3132/3132
usemtl letters
v 0.50805 0.88774 0.79306
vn 0.00000 0.93385 -0.35767
vt 0 0
v 0.50798 0.89002 0.79900
vn 0.00000 0.93385 -0.35767
vt 1 0
v 0.51061 0.89002 0.79900
vn 0.00000 0.93385 -0.35767
vt 1 1
f 3133/3133/3133 3134/3134/3134 3135/3135/3135
usemtl letters
v 0.50805 0.88774 0.79306
vn 0.00000 0.93385 -0.35766
vt 0 0
v 0.50602 0.88829 0.79448
vn 0.00000 0.93385 -0.35766
vt 1 0
v 0.50798 0.89002 0.79900
vn 0.00000 0.93385 -0.35766
vt 1 1
f 3136/3136/3136 3137/3137/3137 3138/3138/3138
usemtl letters
v 0.49614 0.88829 0.79448
vn 0.00000 0.93385 -0.35767
vt 0 0
v 0.49155 0.89002 0.79900
vn 0.00000 0.93385 -0.35767
vt 1 0
v 0.49418 0.89002 0.79900
vn 0.00000 0.93385 -0.35767
vt 1 1
f 3139/3139/3139 3140/3140/3140 3141/3141/3141
usemtl letters
v 0.49614 0.88829 0.79448
vn 0.00006 0.93385 -0.35766
vt 0 0
v 0.49409 0.88775 0.79307
vn 0.00006 0.93385 -0.35766
vt 1 0
v 0.49155 0.89002 0.79900
vn 0.00006 0.93385 -0.35766
vt 1 1
f 3142/3142/3142 3143/3143/3143 3144/3144/3144
usemtl letters
v 0.50805 0.88774 0.79306
vn 0.00000 0.93385 -0.35767
vt 0 0
v 0.50109 0.88760 0.79268
vn 0.00000 0.93385 -0.35767
vt 1 0
v 0.50602 0.88829 0.79448
vn 0.00000 0.93385 -0.35767
vt 1 1
f 3145/3145/3145 3146/3146/3146 3147/3147/3147
usemtl letters
v 0.50109 0.88760 0.79268
vn 0.00002 0.93386 -0.35765
vt 0 0
v 0.49409 0.88775 0.79307
vn 0.00002 0.93386 -0.35765
vt 1 0
v 0.49614 0.88829 0.79448
vn 0.00002 0.93386 -0.35765
vt 1 1
f 3148/3148/3148 3149/3149/3149 3150/3150/3150
usemtl letters
v 0.50109 0.88760 0.79268
vn 0.00003 0.93386 -0.35765
vt 0 0
v 0.50114 0.88676 0.79050
vn 0.00003 0.93386 -0.35765
vt 1 0
v 0.49409 0.88775 0.79307
vn 0.00003 0.93386 -0.35765
vt 1 1
f 3151/3151/3151 3152/3152/3152 3153/3153/3153
usemtl letters
v 0.50114 0.88676 0.79050
vn -0.00003 0.93386 -0.35765
vt 0 0
v 0.50109 0.88760 0.79268
vn -0.00003 0.93386 -0.35765
vt 1 0
v 0.50805 0.88774 0.79306
vn -0.00003 0.93386 -0.35765
vt 1 1
f 3154/3154/3154 3155/3155/3155 3156/3156/3156
usemtl letters
v 0.52259 0.88684 0.79072
vn 0.00000 0.93385 -0.35767
vt 0 0
v 0.52005 0.89319 0.80727
vn 0.00000 0.93385 -0.35767
vt 1 0
v 0.52259 0.89319 0.80727
vn 0.00000 0.93385 -0.35767
vt 1 1
f 3157/3157/3157 3158/3158/3158 3159/3159/3159
usemtl letters
v 0.52259 0.88684 0.79072
vn 0.00000 0.93385 -0.35766
vt 0 0
v 0.52005 0.88766 0.79285
vn 0.00000 0.93385 -0.35766
vt 1 0
v 0.52005 0.89319 0.80727
vn 0.00000 0.93385 -0.35766
vt 1 1
f 3160/3160/3160 3161/3161/3161 3162/3162/3162
usemtl letters
v 0.52259 0.88684 0.79072
vn 0.00000 0.93384 -0.35768
vt 0 0
v 0.51204 0.88766 0.79285
vn 0.00000 0.93384 -0.35768
vt 1 0
v 0.52005 0.88766 0.79285
vn 0.00000 0.93384 -0.35768
vt 1 1
f 3163/3163/3163 3164/3164/3164 3165/3165/3165
usemtl letters
v 0.52259 0.88684 0.79072
vn 0.00000 0.93384 -0.35768
vt 0 0
v 0.51204 0.88684 0.79072
vn 0.00000 0.93384 -0.35768
vt 1 0
v 0.51204 0.88766 0.79285
vn 0.00000 0.93384 -0.35768
vt 1 1
f 3166/3166/3166 3167/3167/3167 3168/3168/3168
usemtl letters
v 0.53474 0.88684 0.79072
vn -0.00001 0.93385 -0.35766
vt 0 0
v 0.53219 0.89237 0.80514
vn -0.00001 0.93385 -0.35766
vt 1 0
v 0.53474 0.89319 0.80728
vn -0.00001 0.93385 -0.35766
vt 1 1
f 3169/3169/3169 3170/3170/3170 3171/3171/3171
usemtl letters
v 0.53219 0.89237 0.80514
vn 0.00001 0.93385 -0.35765
vt 0 0
v 0.52527 0.89319 0.80727
vn 0.00001 0.93385 -0.35765
vt 1 0
v 0.53474 0.89319 0.80728
vn 0.00001 0.93385 -0.35765
vt 1 1
f 3172/3172/3172 3173/3173/3173 3174/3174/3174
usemtl letters
v 0.53219 0.89237 0.80514
vn 0.00000 0.93385 -0.35766
vt 0 0
v 0.52527 0.89237 0.80514
vn 0.00000 0.93385 -0.35766
vt 1 0
v 0.52527 0.89319 0.80727
vn 0.00000 0.93385 -0.35766
vt 1 1
f 3175/3175/3175 3176/3176/3176 3177/3177/3177
usemtl letters
v 0.53474 0.88684 0.79072
vn 0.00007 0.93385 -0.35767
vt 0 0
v 0.53219 0.89061 0.80055
vn 0.00007 0.93385 -0.35767
vt 1 0
v 0.53219 0.89237 0.80514
vn 0.00007 0.93385 -0.35767
vt 1 1
f 3178/3178/3178 3179/3179/3179 3180/3180/3180
usemtl letters
v 0.53474 0.88684 0.79072
vn -0.00040 0.93385 -0.35767
vt 0 0
v 0.53219 0.88979 0.79841
vn -0.00040 0.93385 -0.35767
vt 1 0
v 0.53219 0.89061 0.80055
vn -0.00040 0.93385 -0.35767
vt 1 1
f 3181/3181/3181 3182/3182/3182 3183/3183/3183
usemtl letters
v 0.53219 0.88979 0.79841
vn 0.00000 0.93385 -0.35767
vt 0 0
v 0.52527 0.89061 0.80055
vn 0.00000 0.93385 -0.35767
vt 1 0
v 0.53219 0.89061 0.80055
vn 0.00000 0.93385 -0.35767
vt 1 1
f 3184/3184/3184 3185/3185/3185 3186/3186/3186
usemtl letters
v 0.53219 0.88979 0.79841
vn 0.00000 0.93384 -0.35768
vt 0 0
v 0.52527 0.88979 0.79841
vn 0.00000 0.93384 -0.35768
vt 1 0
v 0.52527 0.89061 0.80055
vn 0.00000 0.93384 -0.35768
vt 1 1
f 3187/3187/3187 3188/3188/3188 3189/3189/3189
usemtl letters
v 0.53474 0.88684 0.79072
vn 0.00000 0.93385 -0.35767
vt 0 0
v 0.53219 0.88684 0.79072
vn 0.00000 0.93385 -0.35767
vt 1 0
v 0.53219 0.88979 0.79841
vn 0.00000 0.93385 -0.35767
vt 1 1
f 3190/3190/3190 3191/3191/3191 3192/3192/3192
usemtl steel
v 0.51475 0.88832 0.74890
vn 0.25882 0.34548 0.90203
vt 0 0
v 0.50000 0.88901 0.75072
vn 0.00000 0.35766 0.93385
vt 1 0
v 0.50000 0.86940 0.75823
vn 0.00000 0.35766 0.93385
vt 1 1
f 3193/3193/3193 3194/3194/3194 3195/3195/3195
usemtl steel
v 0.51475 0.88832 0.74890
vn 0.25882 0.34548 0.90203
vt 0 0
v 0.50000 0.86940 0.75823
vn 0.00000 0.35766 0.93385
vt 1 0
v 0.51475 0.86871 0.75642
vn 0.25882 0.34548 0.90203
vt 1 1
f 3196/3196/3196 3197/3197/3197 3198/3198/3198
usemtl steel
v 0.48525 0.88832 0.74890
vn -0.25882 0.34548 0.90203
vt 0 0
v 0.47150 0.88628 0.74359
vn -0.50000 0.30975 0.80874
vt 1 0
v 0.47150 0.86667 0.75110
vn -0.50000 0.30975 0.80874
vt 1 1
f 3199/3199/3199 3200/3200/3200 3201/3201/3201
usemtl steel
v 0.48525 0.88832 0.74890
vn -0.25882 0.34548 0.90203
vt 0 0
v 0.47150 0.86667 0.75110
vn -0.50000 0.30975 0.80874
vt 1 0
v 0.48525 0.86871 0.75642
vn -0.25882 0.34548 0.90203
vt 1 1
f 3202/3202/3202 3203/3203/3203 3204/3204/3204
usemtl steel
v 0.47150 0.88628 0.74359
vn -0.50000 0.30975 0.80874
vt 0 0
v 0.45969 0.88304 0.73513
vn -0.70711 0.25291 0.66033
vt 1 0
v 0.45969 0.86343 0.74264
vn -0.70711 0.25291 0.66033
vt 1 1
f 3205/3205/3205 3206/3206/3206 3207/3207/3207
usemtl steel
v 0.47150 0.88628 0.74359
vn -0.50000 0.30975 0.80874
vt 0 0
v 0.45969 0.86343 0.74264
vn -0.70711 0.25291 0.66033
vt 1 0
v 0.47150 0.86667 0.75110
vn -0.50000 0.30975 0.80874
vt 1 1
f 3208/3208/3208 3209/3209/3209 3210/3210/3210
usemtl steel
v 0.45969 0.88304 0.73513
vn -0.70711 0.25291 0.66033
vt 0 0
v 0.45064 0.87882 0.72410
vn -0.86603 0.17883 0.46692
vt 1 0
v 0.45064 0.85921 0.73161
vn -0.86603 0.17883 0.46692
vt 1 1
f 3211/3211/3211 3212/3212/3212 3213/3213/3213
usemtl steel
v 0.45969 0.88304 0.73513
vn -0.70711 0.25291 0.66033
vt 0 0
v 0.45064 0.85921 0.73161
vn -0.86603 0.17883 0.46692
vt 1 0
v 0.45969 0.86343 0.74264
vn -0.70711 0.25291 0.66033
vt 1 1
f 3214/3214/3214 3215/3215/3215 3216/3216/3216
usemtl steel
v 0.45064 0.87882 0.72410
vn -0.86603 0.17883 0.46692
vt 0 0
v 0.44494 0.87390 0.71127
vn -0.96593 0.09257 0.24170
vt 1 0
v 0.44494 0.85429 0.71878
vn -0.96593 0.09257 0.24170
vt 1 1
f 3217/3217/3217 3218/3218/3218 3219/3219/3219
usemtl steel
v 0.45064 0.87882 0.72410
vn -0.86603 0.17883 0.46692
vt 0 0
v 0.44494 0.85429 0.71878
vn -0.96593 0.09257 0.24170
vt 1 0
v 0.45064 0.85921 0.73161
vn -0.86603 0.17883 0.46692
vt 1 1
f 3220/3220/3220 3221/3221/3221 3222/3222/3222
usemtl steel
v 0.44494 0.87390 0.71127
vn -0.96593 0.09257 0.24170
vt 0 0
v 0.44300 0.86863 0.69749
vn -1.00000 0.00000 0.00000
vt 1 0
v 0.44300 0.84902 0.70500
vn -1.00000 0.00000 0.00000
vt 1 1
f 3223/3223/3223 3224/3224/3224 3225/3225/3225
usemtl steel
v 0.44494 0.87390 0.71127
vn -0.96593 0.09257 0.24170
vt 0 0
v 0.44300 0.84902 0.70500
vn -1.00000 0.00000 0.00000
vt 1 0
v 0.44494 0.85429 0.71878
vn -0.96593 0.09257 0.24170
vt 1 1
f 3226/3226/3226 3227/3227/3227 3228/3228/3228
usemtl steel
v 0.44300 0.86863 0.69749
vn -1.00000 0.00000 0.00000
vt 0 0
v 0.44494 0.86335 0.68371
vn -0.96593 -0.09257 -0.24170
vt 1 0
v 0.44494 0.84374 0.69122
vn -0.96593 -0.09257 -0.24170
vt 1 1
f 3229/3229/3229 3230/3230/3230 3231/3231/3231
usemtl steel
v 0.44300 0.86863 0.69749
vn -1.00000 0.00000 0.00000
vt 0 0
v 0.44494 0.84374 0.69122
vn -0.96593 -0.09257 -0.24170
vt 1 0
v 0.44300 0.84902 0.70500
vn -1.00000 0.00000 0.00000
vt 1 1
f 3232/3232/3232 3233/3233/3233 3234/3234/3234
usemtl steel
v 0.44494 0.86335 0.68371
vn -0.96593 -0.09257 -0.24170
vt 0 0
v 0.45064 0.85843 0.67087
vn -0.86603 -0.17883 -0.46693
vt 1 0
v 0.45064 0.83882 0.67839
vn -0.86603 -0.17883 -0.46692
vt 1 1
f 3235/3235/3235 3236/3236/3236 3237/3237/3237
usemtl steel
v 0.44494 0.86335 0.68371
vn -0.96593 -0.09257 -0.24170
vt 0 0
v 0.45064 0.83882 0.67839
vn -0.86603 -0.17883 -0.46692
vt 1 0
v 0.44494 0.84374 0.69122
vn -0.96593 -0.09257 -0.24170
vt 1 1
f 3238/3238/3238 3239/3239/3239 3240/3240/3240
usemtl steel
v 0.45064 0.85843 0.67087
vn -0.86603 -0.17883 -0.46693
vt 0 0
v 0.45969 0.85421 0.65985
vn -0.70711 -0.25291 -0.66033
vt 1 0
v 0.45969 0.83460 0.66736
vn -0.70711 -0.25291 -0.66033
vt 1 1
f 3241/3241/3241 3242/3242/3242 3243/3243/3243
usemtl steel
v 0.45064 0.85843 0.67087
vn -0.86603 -0.17883 -0.46693
vt 0 0
v 0.45969 0.83460 0.66736
vn -0.70711 -0.25291 -0.66033
vt 1 0
v 0.45064 0.83882 0.67839
vn -0.86603 -0.17883 -0.46692
vt 1 1
f 3244/3244/3244 3245/3245/3245 3246/3246/3246
usemtl steel
v 0.45969 0.85421 0.65985
vn -0.70711 -0.25291 -0.66033
vt 0 0
v 0.47150 0.85097 0.65139
vn -0.50000 -0.30975 -0.80874
vt 1 0
v 0.47150 0.83136 0.65890
vn -0.50000 -0.30975 -0.80874
vt 1 1
f 3247/3247/3247 3248/3248/3248 3249/3249/3249
usemtl steel
v 0.45969 0.85421 0.65985
vn -0.70711 -0.25291 -0.66033
vt 0 0
v 0.47150 0.83136 0.65890
vn -0.50000 -0.30975 -0.80874
vt 1 0
v 0.45969 0.83460 0.66736
vn -0.70711 -0.25291 -0.66033
vt 1 1
f 3250/3250/3250 3251/3251/3251 3252/3252/3252
usemtl steel
v 0.47150 0.85097 0.65139
vn -0.50000 -0.30975 -0.80874
vt 0 0
v 0.48525 0.84893 0.64607
vn -0.25882 -0.34548 -0.90203
vt 1 0
v 0.48525 0.82932 0.65358
vn -0.25882 -0.34548 -0.90203
vt 1 1
f 3253/3253/3253 3254/3254/3254 3255/3255/3255
usemtl steel
v 0.47150 0.85097 0.65139
vn -0.50000 -0.30975 -0.80874
vt 0 0
v 0.48525 0.82932 0.65358
vn -0.25882 -0.34548 -0.90203
vt 1 0
v 0.47150 0.83136 0.65890
vn -0.50000 -0.30975 -0.80874
vt 1 1
f 3256/3256/3256 3257/3257/3257 3258/3258/3258
usemtl steel
v 0.48525 0.84893 0.64607
vn -0.25882 -0.34548 -0.90203
vt 0 0
v 0.50000 0.84824 0.64426
vn 0.00000 -0.35767 -0.93385
vt 1 0
v 0.50000 0.82863 0.65177
vn 0.00000 -0.35767 -0.93385
vt 1 1
f 3259/3259/3259 3260/3260/3260 3261/3261/3261
usemtl steel
v 0.48525 0.84893 0.64607
vn -0.25882 -0.34548 -0.90203
vt 0 0
v 0.50000 0.82863 0.65177
vn 0.00000 -0.35767 -0.93385
vt 1 0
v 0.48525 0.82932 0.65358
vn -0.25882 -0.34548 -0.90203
vt 1 1
f 3262/3262/3262 3263/3263/3263 3264/3264/3264
usemtl steel
v 0.50000 0.84824 0.64426
vn 0.00000 -0.35767 -0.93385
vt 0 0
v 0.51475 0.84893 0.64607
vn 0.25882 -0.34548 -0.90203
vt 1 0
v 0.51475 0.82932 0.65358
vn 0.25882 -0.34548 -0.90203
vt 1 1
f 3265/3265/3265 3266/3266/3266 3267/3267/3267
usemtl steel
v 0.50000 0.84824 0.64426
vn 0.00000 -0.35767 -0.93385
vt 0 0
v 0.51475 0.82932 0.65358
vn 0.25882 -0.34548 -0.90203
vt 1 0
v 0.50000 0.82863 0.65177
vn 0.00000 -0.35767 -0.93385
vt 1 1
f 3268/3268/3268 3269/3269/3269 3270/3270/3270
usemtl steel
v 0.51475 0.84893 0.64607
vn 0.25882 -0.34548 -0.90203
vt 0 0
v 0.52850 0.85097 0.65139
vn 0.50000 -0.30975 -0.80874
vt 1 0
v 0.52850 0.83136 0.65890
vn 0.50000 -0.30975 -0.80874
vt 1 1
f 3271/3271/3271 3272/3272/3272 3273/3273/3273
usemtl steel
v 0.51475 0.84893 0.64607
vn 0.25882 -0.34548 -0.90203
vt 0 0
v 0.52850 0.83136 0.65890
vn 0.50000 -0.30975 -0.80874
vt 1 0
v 0.51475 0.82932 0.65358
vn 0.25882 -0.34548 -0.90203
vt 1 1
f 3274/3274/3274 3275/3275/3275 3276/3276/3276
usemtl steel
v 0.52850 0.85097 0.65139
vn 0.50000 -0.30975 -0.80874
vt 0 0
v 0.54031 0.85421 0.65985
vn 0.70711 -0.25291 -0.66033
vt 1 0
v 0.54031 0.83460 0.66736
vn 0.70711 -0.25291 -0.66033
vt 1 1
f 3277/3277/3277 3278/3278/3278 3279/3279/3279
usemtl steel
v 0.52850 0.85097 0.65139
vn 0.50000 -0.30975 -0.80874
vt 0 0
v 0.54031 0.83460 0.66736
vn 0.70711 -0.25291 -0.66033
vt 1 0
v 0.52850 0.83136 0.65890
vn 0.50000 -0.30975 -0.80874
vt 1 1
f 3280/3280/3280 3281/3281/3281 3282/3282/3282
usemtl steel
v 0.54031 0.85421 0.65985
vn 0.70711 -0.25291 -0.66033
vt 0 0
v 0.54936 0.85843 0.67087
vn 0.86603 -0.17883 -0.46692
vt 1 0
v 0.54936 0.83882 0.67839
vn 0.86603 -0.17883 -0.46692
vt 1 1
f 3283/3283/3283 3284/3284/3284 3285/3285/3285
usemtl steel
v 0.54031 0.85421 0.65985
vn 0.70711 -0.25291 -0.66033
vt 0 0
v 0.54936 0.83882 0.67839
vn 0.86603 -0.17883 -0.46692
vt 1 0
v 0.54031 0.83460 0.66736
vn 0.70711 -0.25291 -0.66033
vt 1 1
f 3286/3286/3286 3287/3287/3287 3288/3288/3288
usemtl steel
v 0.54936 0.85843 0.67087
vn 0.86603 -0.17883 -0.46692
vt 0 0
v 0.55506 0.86335 0.68371
vn 0.96593 -0.09257 -0.24170
vt 1 0
v 0.55506 0.84374 0.69122
vn 0.96593 -0.09257 -0.24170
vt 1 1
f 3289/3289/3289 3290/3290/3290 3291/3291/3291
usemtl steel
v 0.54936 0.85843 0.67087
vn 0.86603 -0.17883 -0.46692
vt 0 0
v 0.55506 0.84374 0.69122
vn 0.96593 -0.09257 -0.24170
vt 1 0
v 0.54936 0.83882 0.67839
vn 0.86603 -0.17883 -0.46692
vt 1 1
f 3292/3292/3292 3293/3293/3293 3294/3294/3294
usemtl steel
v 0.55506 0.86335 0.68371
vn 0.96593 -0.09257 -0.24170
vt 0 0
v 0.55700 0.86863 0.69749
vn 1.00000 -0.00000 -0.00000
vt 1 0
v 0.55700 0.84901 0.70500
vn 1.00000 -0.00000 -0.00000
vt 1 1
f 3295/3295/3295 3296/3296/3296 3297/3297/3297
usemtl steel
v 0.55506 0.86335 0.68371
vn 0.96593 -0.09257 -0.24170
vt 0 0
v 0.55700 0.84901 0.70500
vn 1.00000 -0.00000 -0.00000
vt 1 0
v 0.55506 0.84374 0.69122
vn 0.96593 -0.09257 -0.24170
vt 1 1
f 3298/3298/3298 3299/3299/3299 3300/3300/3300
usemtl steel
v 0.55700 0.86863 0.69749
vn 1.00000 -0.00000 -0.00000
vt 0 0
v 0.55506 0.87390 0.71127
vn 0.96593 0.09257 0.24170
vt 1 0
v 0.55506 0.85429 0.71878
vn 0.96593 0.09257 0.24170
vt 1 1
f 3301/3301/3301 3302/3302/3302 3303/3303/3303
usemtl steel
v 0.55700 0.86863 0.69749
vn 1.00000 -0.00000 -0.00000
vt 0 0
v 0.55506 0.85429 0.71878
vn 0.96593 0.09257 0.24170
vt 1 0
v 0.55700 0.84901 0.70500
vn 1.00000 -0.00000 -0.00000
vt 1 1
f 3304/3304/3304 3305/3305/3305 3306/3306/3306
usemtl steel
v 0.55506 0.87390 0.71127
vn 0.96593 0.09257 0.24170
vt 0 0
v 0.54936 0.87882 0.72410
vn 0.86603 0.17883 0.46692
vt 1 0
v 0.54936 0.85921 0.73161
vn 0.86603 0.17883 0.46692
vt 1 1
f 3307/3307/3307 3308/3308/3308 3309/3309/3309
usemtl steel
v 0.55506 0.87390 0.71127
vn 0.96593 0.09257 0.24170
vt 0 0
v 0.54936 0.85921 0.73161
vn 0.86603 0.17883 0.46692
vt 1 0
v 0.55506 0.85429 0.71878
vn 0.96593 0.09257 0.24170
vt 1 1
f 3310/3310/3310 3311/3311/3311 3312/3312/3312
usemtl steel
v 0.54936 0.87882 0.72410
vn 0.86603 0.17883 0.46692
vt 0 0
v 0.54031 0.88304 0.73513
vn 0.70711 0.25291 0.66033
vt 1 0
v 0.54031 0.86343 0.74264
vn 0.70711 0.25291 0.66033
vt 1 1
f 3313/3313/3313 3314/3314/3314 3315/3315/3315
usemtl steel
v 0.54936 0.87882 0.72410
vn 0.86603 0.17883 0.46692
vt 0 0
v 0.54031 0.86343 0.74264
vn 0.70711 0.25291 0.66033
vt 1 0
v 0.54936 0.85921 0.73161
vn 0.86603 0.17883 0.46692
vt 1 1
f 3316/3316/3316 3317/3317/3317 3318/3318/3318
usemtl steel
v 0.54031 0.88304 0.73513
vn 0.70711 0.25291 0.66033
vt 0 0
v 0.52850 0.88628 0.74359
vn 0.50000 0.30975 0.80874
vt 1 0
v 0.52850 0.86667 0.75110
vn 0.50000 0.30975 0.80874
vt 1 1
f 3319/3319/3319 3320/3320/3320 3321/3321/3321
usemtl steel
v 0.54031 0.88304 0.73513
vn 0.70711 0.25291 0.66033
vt 0 0
v 0.52850 0.86667 0.75110
vn 0.50000 0.30975 0.80874
vt 1 0
v 0.54031 0.86343 0.74264
vn 0.70711 0.25291 0.66033
vt 1 1
f 3322/3322/3322 3323/3323/3323 3324/3324/3324
usemtl steel
v 0.48525 0.88832 0.74890
vn 0.00000 0.93385 -0.35767
vt 0 0
v 0.50000 0.88901 0.75072
vn 0.00000 0.93385 -0.35767
vt 1 0
v 0.51475 0.88832 0.74890
vn 0.00000 0.93385 -0.35767
vt 1 1
f 3325/3325/3325 3326/3326/3326 3327/3327/3327
usemtl steel
v 0.51475 0.88832 0.74890
vn 0.00000 0.93385 -0.35767
vt 0 0
v 0.52850 0.88628 0.74359
vn 0.00000 0.93385 -0.35767
vt 1 0
v 0.54031 0.88304 0.73513
vn 0.00000 0.93385 -0.35767
vt 1 1
f 3328/3328/3328 3329/3329/3329 3330/3330/3330
usemtl steel
v 0.54031 0.88304 0.73513
vn 0.00000 0.93385 -0.35767
vt 0 0
v 0.54936 0.87882 0.72410
vn 0.00000 0.93385 -0.35767
vt 1 0
v 0.55506 0.87390 0.71127
vn 0.00000 0.93385 -0.35767
vt 1 1
f 3331/3331/3331 3332/3332/3332 3333/3333/3333
usemtl steel
v 0.55506 0.87390 0.71127
vn 0.00000 0.93385 -0.35767
vt 0 0
v 0.55700 0.86863 0.69749
vn 0.00000 0.93385 -0.35767
vt 1 0
v 0.55506 0.86335 0.68371
vn 0.00000 0.93385 -0.35767
vt 1 1
f 3334/3334/3334 3335/3335/3335 3336/3336/3336
usemtl steel
v 0.55506 0.86335 0.68371
vn 0.00000 0.93385 -0.35767
vt 0 0
v 0.54936 0.85843 0.67087
vn 0.00000 0.93385 -0.35767
vt 1 0
v 0.54031 0.85421 0.65985
vn 0.00000 0.93385 -0.35767
vt 1 1
f 3337/3337/3337 3338/3338/3338 3339/3339/3339
usemtl steel
v 0.54031 0.85421 0.65985
vn 0.00000 0.93385 -0.35767
vt 0 0
v 0.52850 0.85097 0.65139
vn 0.00000 0.93385 -0.35767
vt 1 0
v 0.51475 0.84893 0.64607
vn 0.00000 0.93385 -0.35767
vt 1 1
f 3340/3340/3340 3341/3341/3341 3342/3342/3342
usemtl steel
v 0.51475 0.84893 0.64607
vn 0.00000 0.93385 -0.35767
vt 0 0
v 0.50000 0.84824 0.64426
vn 0.00000 0.93385 -0.35767
vt 1 0
v 0.48525 0.84893 0.64607
vn 0.00000 0.93385 -0.35767
vt 1 1
f 3343/3343/3343 3344/3344/3344 3345/3345/3345
usemtl steel
v 0.48525 0.84893 0.64607
vn 0.00000 0.93385 -0.35767
vt 0 0
v 0.47150 0.85097 0.65139
vn 0.00000 0.93385 -0.35767
vt 1 0
v 0.45969 0.85421 0.65985
vn 0.00000 0.93385 -0.35767
vt 1 1
f 3346/3346/3346 3347/3347/3347 3348/3348/3348
usemtl steel
v 0.45969 0.85421 0.65985
vn 0.00000 0.93385 -0.35767
vt 0 0
v 0.45064 0.85843 0.67087
vn 0.00000 0.93385 -0.35767
vt 1 0
v 0.44494 0.86335 0.68371
vn 0.00000 0.93385 -0.35767
vt 1 1
f 3349/3349/3349 3350/3350/3350 3351/3351/3351
usemtl steel
v 0.44494 0.86335 0.68371
vn 0.00000 0.93385 -0.35767
vt 0 0
v 0.44300 0.86863 0.69749
vn 0.00000 0.93385 -0.35767
vt 1 0
v 0.44494 0.87390 0.71127
vn 0.00000 0.93385 -0.35767
vt 1 1
f 3352/3352/3352 3353/3353/3353 3354/3354/3354
usemtl steel
v 0.44494 0.87390 0.71127
vn 0.00000 0.93385 -0.35767
vt 0 0
v 0.45064 0.87882 0.72410
vn 0.00000 0.93385 -0.35767
vt 1 0
v 0.45969 0.88304 0.73513
vn 0.00000 0.93385 -0.35767
vt 1 1
f 3355/3355/3355 3356/3356/3356 3357/3357/3357
usemtl steel
v 0.45969 0.88304 0.73513
vn 0.00000 0.93385 -0.35767
vt 0 0
v 0.47150 0.88628 0.74359
vn 0.00000 0.93385 -0.35767
vt 1 0
v 0.48525 0.88832 0.74890
vn 0.00000 0.93385 -0.35767
vt 1 1
f 3358/3358/3358 3359/3359/3359 3360/3360/3360
usemtl steel
v 0.48525 0.88832 0.74890
vn 0.00000 0.93385 -0.35767
vt 0 0
v 0.51475 0.88832 0.74890
vn 0.00000 0.93385 -0.35767
vt 1 0
v 0.54031 0.88304 0.73513
vn 0.00000 0.93385 -0.35767
vt 1 1
f 3361/3361/3361 3362/3362/3362 3363/3363/3363
usemtl steel
v 0.54031 0.88304 0.73513
vn 0.00000 0.93385 -0.35767
vt 0 0
v 0.55506 0.87390 0.71127
vn 0.00000 0.93385 -0.35767
vt 1 0
v 0.55506 0.86335 0.68371
vn 0.00000 0.93385 -0.35767
vt 1 1
f 3364/3364/3364 3365/3365/3365 3366/3366/3366
usemtl steel
v 0.55506 0.86335 0.68371
vn 0.00000 0.93385 -0.35767
vt 0 0
v 0.54031 0.85421 0.65985
vn 0.00000 0.93385 -0.35767
vt 1 0
v 0.51475 0.84893 0.64607
vn 0.00000 0.93385 -0.35767
vt 1 1
f 3367/3367/3367 3368/3368/3368 3369/3369/3369
usemtl steel
v 0.51475 0.84893 0.64607
vn 0.00000 0.93385 -0.35767
vt 0 0
v 0.48525 0.84893 0.64607
vn 0.00000 0.93385 -0.35767
vt 1 0
v 0.45969 0.85421 0.65985
vn 0.00000 0.93385 -0.35767
vt 1 1
f 3370/3370/3370 3371/3371/3371 3372/3372/3372
usemtl steel
v 0.45969 0.85421 0.65985
vn 0.00000 0.93385 -0.35767
vt 0 0
v 0.44494 0.86335 0.68371
vn 0.00000 0.93385 -0.35767
vt 1 0
v 0.44494 0.87390 0.71127
vn 0.00000 0.93385 -0.35767
vt 1 1
f 3373/3373/3373 3374/3374/3374 3375/3375/3375
usemtl steel
v 0.44494 0.87390 0.71127
vn 0.00000 0.93385 -0.35767
vt 0 0
v 0.45969 0.88304 0.73513
vn 0.00000 0.93385 -0.35767
vt 1 0
v 0.48525 0.88832 0.74890
vn 0.00000 0.93385 -0.35767
vt 1 1
f 3376/3376/3376 3377/3377/3377 3378/3378/3378
usemtl steel
v 0.48525 0.88832 0.74890
vn 0.00000 0.93385 -0.35767
vt 0 0
v 0.54031 0.88304 0.73513
vn 0.00000 0.93385 -0.35767
vt 1 0
v 0.55506 0.86335 0.68371
vn 0.00000 0.93385 -0.35767
vt 1 1
f 3379/3379/3379 3380/3380/3380 3381/3381/3381
usemtl steel
v 0.55506 0.86335 0.68371
vn 0.00000 0.93385 -0.35767
vt 0 0
v 0.51475 0.84893 0.64607
vn 0.00000 0.93385 -0.35767
vt 1 0
v 0.45969 0.85421 0.65985
vn 0.00000 0.93385 -0.35767
vt 1 1
f 3382/3382/3382 3383/3383/3383 3384/3384/3384
usemtl steel
v 0.45969 0.85421 0.65985
vn 0.00000 0.93385 -0.35767
vt 0 0
v 0.44494 0.87390 0.71127
vn 0.00000 0.93385 -0.35767
vt 1 0
v 0.48525 0.88832 0.74890
vn 0.00000 0.93385 -0.35767
vt 1 1
f 3385/3385/3385 3386/3386/3386 3387/3387/3387
usemtl steel
v 0.55506 0.86335 0.68371
vn 0.00000 0.93385 -0.35767
vt 0 0
v 0.45969 0.85421 0.65985
vn 0.00000 0.93385 -0.35767
vt 1 0
v 0.48525 0.88832 0.74890
vn 0.00000 0.93385 -0.35767
vt 1 1
f 3388/3388/3388 3389/3389/3389 3390/3390/3390
usemtl steel
v 0.52850 0.88628 0.74359
vn 0.50000 0.30975 0.80874
vt 0 0
v 0.51475 0.88832 0.74890
vn 0.25882 0.34548 0.90203
vt 1 0
v 0.51475 0.86871 0.75642
vn 0.25882 0.34548 0.90203
vt 1 1
f 3391/3391/3391 3392/3392/3392 3393/3393/3393
usemtl steel
v 0.52850 0.88628 0.74359
vn 0.50000 0.30975 0.80874
vt 0 0
v 0.51475 0.86871 0.75642
vn 0.25882 0.34548 0.90203
vt 1 0
v 0.52850 0.86667 0.75110
vn 0.50000 0.30975 0.80874
vt 1 1
f 3394/3394/3394 3395/3395/3395 3396/3396/3396
usemtl steel
v 0.51475 0.86871 0.75642
vn -0.00000 -0.93385 0.35767
vt 0 0
v 0.50000 0.86940 0.75823
vn -0.00000 -0.93385 0.35767
vt 1 0
v 0.48525 0.86871 0.75642
vn -0.00000 -0.93385 0.35767
vt 1 1
f 3397/3397/3397 3398/3398/3398 3399/3399/3399
usemtl steel
v 0.48525 0.86871 0.75642
vn -0.00000 -0.93385 0.35767
vt 0 0
v 0.47150 0.86667 0.75110
vn -0.00000 -0.93385 0.35767
vt 1 0
v 0.45969 0.86343 0.74264
vn -0.00000 -0.93385 0.35767
vt 1 1
f 3400/3400/3400 3401/3401/3401 3402/3402/3402
usemtl steel
v 0.45969 0.86343 0.74264
vn -0.00000 -0.93385 0.35767
vt 0 0
v 0.45064 0.85921 0.73161
vn -0.00000 -0.93385 0.35767
vt 1 0
v 0.44494 0.85429 0.71878
vn -0.00000 -0.93385 0.35767
vt 1 1
f 3403/3403/3403 3404/3404/3404 3405/3405/3405
usemtl steel
v 0.44494 0.85429 0.71878
vn -0.00000 -0.93385 0.35767
vt 0 0
v 0.44300 0.84902 0.70500
vn -0.00000 -0.93385 0.35767
vt 1 0
v 0.44494 0.84374 0.69122
vn -0.00000 -0.93385 0.35767
vt 1 1
f 3406/3406/3406 3407/3407/3407 3408/3408/3408
usemtl steel
v 0.44494 0.84374 0.69122
vn -0.00000 -0.93385 0.35767
vt 0 0
v 0.45064 0.83882 0.67839
vn -0.00000 -0.93385 0.35767
vt 1 0
v 0.45969 0.83460 0.66736
vn -0.00000 -0.93385 0.35767
vt 1 1
f 3409/3409/3409 3410/3410/3410 3411/3411/3411
usemtl steel
v 0.45969 0.83460 0.66736
vn -0.00000 -0.93385 0.35767
vt 0 0
v 0.47150 0.83136 0.65890
vn -0.00000 -0.93385 0.35767
vt 1 0
v 0.48525 0.82932 0.65358
vn -0.00000 -0.93385 0.35767
vt 1 1
f 3412/3412/3412 3413/3413/3413 3414/3414/3414
usemtl steel
v 0.48525 0.82932 0.65358
vn -0.00000 -0.93385 0.35767
vt 0 0
v 0.50000 0.82863 0.65177
vn -0.00000 -0.93385 0.35767
vt 1 0
v 0.51475 0.82932 0.65358
vn -0.00000 -0.93385 0.35767
vt 1 1
f 3415/3415/3415 3416/3416/3416 3417/3417/3417
usemtl steel
v 0.51475 0.82932 0.65358
vn -0.00000 -0.93385 0.35767
vt 0 0
v 0.52850 0.83136 0.65890
vn -0.00000 -0.93385 0.35767
vt 1 0
v 0.54031 0.83460 0.66736
vn -0.00000 -0.93385 0.35767
vt 1 1
f 3418/3418/3418 3419/3419/3419 3420/3420/3420
usemtl steel
v 0.54031 0.83460 0.66736
vn -0.00000 -0.93385 0.35767
vt 0 0
v 0.54936 0.83882 0.67839
vn -0.00000 -0.93385 0.35767
vt 1 0
v 0.55506 0.84374 0.69122
vn -0.00000 -0.93385 0.35767
vt 1 1
f 3421/3421/3421 3422/3422/3422 3423/3423/3423
usemtl steel
v 0.55506 0.84374 0.69122
vn -0.00000 -0.93385 0.35767
vt 0 0
v 0.55700 0.84901 0.70500
vn -0.00000 -0.93385 0.35767
vt 1 0
v 0.55506 0.85429 0.71878
vn -0.00000 -0.93385 0.35767
vt 1 1
f 3424/3424/3424 3425/3425/3425 3426/3426/3426
usemtl steel
v 0.55506 0.85429 0.71878
vn -0.00000 -0.93385 0.35767
vt 0 0
v 0.54936 0.85921 0.73161
vn -0.00000 -0.93385 0.35767
vt 1 0
v 0.54031 0.86343 0.74264
vn -0.00000 -0.93385 0.35767
vt 1 1
f 3427/3427/3427 3428/3428/3428 3429/3429/3429
usemtl steel
v 0.54031 0.86343 0.74264
vn -0.00000 -0.93385 0.35767
vt 0 0
v 0.52850 0.86667 0.75110
vn -0.00000 -0.93385 0.35767
vt 1 0
v 0.51475 0.86871 0.75642
vn -0.00000 -0.93385 0.35767
vt 1 1
f 3430/3430/3430 3431/3431/3431 3432/3432/3432
usemtl steel
v 0.51475 0.86871 0.75642
vn -0.00000 -0.93385 0.35767
vt 0 0
v 0.48525 0.86871 0.75642
vn -0.00000 -0.93385 0.35767
vt 1 0
v 0.45969 0.86343 0.74264
vn -0.00000 -0.93385 0.35767
vt 1 1
f 3433/3433/3433 3434/3434/3434 3435/3435/3435
usemtl steel
v 0.45969 0.86343 0.74264
vn -0.00000 -0.93385 0.35767
vt 0 0
v 0.44494 0.85429 0.71878
vn -0.00000 -0.93385 0.35767
vt 1 0
v 0.44494 0.84374 0.69122
vn -0.00000 -0.93385 0.35767
vt 1 1
f 3436/3436/3436 3437/3437/3437 3438/3438/3438
usemtl steel
v 0.44494 0.84374 0.69122
vn -0.00000 -0.93385 0.35767
vt 0 0
v 0.45969 0.83460 0.66736
vn -0.00000 -0.93385 0.35767
vt 1 0
v 0.48525 0.82932 0.65358
vn -0.00000 -0.93385 0.35767
vt 1 1
f 3439/3439/3439 3440/3440/3440 3441/3441/3441
usemtl steel
v 0.48525 0.82932 0.65358
vn -0.00000 -0.93385 0.35767
vt 0 0
v 0.51475 0.82932 0.65358
vn -0.00000 -0.93385 0.35767
vt 1 0
v 0.54031 0.83460 0.66736
vn -0.00000 -0.93385 0.35767
vt 1 1
f 3442/3442/3442 3443/3443/3443 3444/3444/3444
usemtl steel
v 0.54031 0.83460 0.66736
vn -0.00000 -0.93385 0.35767
vt 0 0
v 0.55506 0.84374 0.69122
vn -0.00000 -0.93385 0.35767
vt 1 0
v 0.55506 0.85429 0.71878
vn -0.00000 -0.93385 0.35767
vt 1 1
f 3445/3445/3445 3446/3446/3446 3447/3447/3447
usemtl steel
v 0.55506 0.85429 0.71878
vn -0.00000 -0.93385 0.35767
vt 0 0
v 0.54031 0.86343 0.74264
vn -0.00000 -0.93385 0.35767
vt 1 0
v 0.51475 0.86871 0.75642
vn -0.00000 -0.93385 0.35767
vt 1 1
f 3448/3448/3448 3449/3449/3449 3450/3450/3450
usemtl steel
v 0.51475 0.86871 0.75642
vn -0.00000 -0.93385 0.35767
vt 0 0
v 0.45969 0.86343 0.74264
vn -0.00000 -0.93385 0.35767
vt 1 0
v 0.44494 0.84374 0.69122
vn -0.00000 -0.93385 0.35767
vt 1 1
f 3451/3451/3451 3452/3452/3452 3453/3453/3453
usemtl steel
v 0.44494 0.84374 0.69122
vn -0.00000 -0.93385 0.35767
vt 0 0
v 0.48525 0.82932 0.65358
vn -0.00000 -0.93385 0.35767
vt 1 0
v 0.54031 0.83460 0.66736
vn -0.00000 -0.93385 0.35767
vt 1 1
f 3454/3454/3454 3455/3455/3455 3456/3456/3456
usemtl steel
v 0.54031 0.83460 0.66736
vn -0.00000 -0.93385 0.35767
vt 0 0
v 0.55506 0.85429 0.71878
vn -0.00000 -0.93385 0.35767
vt 1 0
v 0.51475 0.86871 0.75642
vn -0.00000 -0.93385 0.35767
vt 1 1
f 3457/3457/3457 3458/3458/3458 3459/3459/3459
usemtl steel
v 0.44494 0.84374 0.69122
vn -0.00000 -0.93385 0.35767
vt 0 0
v 0.54031 0.83460 0.66736
vn -0.00000 -0.93385 0.35767
vt 1 0
v 0.51475 0.86871 0.75642
vn -0.00000 -0.93385 0.35767
vt 1 1
f 3460/3460/3460 3461/3461/3461 3462/3462/3462
usemtl steel
v 0.50000 0.88901 0.75072
vn 0.00000 0.35766 0.93385
vt 0 0
v 0.48525 0.88832 0.74890
vn -0.25882 0.34548 0.90203
vt 1 0
v 0.48525 0.86871 0.75642
vn -0.25882 0.34548 0.90203
vt 1 1
f 3463/3463/3463 3464/3464/3464 3465/3465/3465
usemtl steel
v 0.50000 0.88901 0.75072
vn 0.00000 0.35766 0.93385
vt 0 0
v 0.48525 0.86871 0.75642
vn -0.25882 0.34548 0.90203
vt 1 0
v 0.50000 0.86940 0.75823
vn 0.00000 0.35766 0.93385
vt 1 1
f 3466/3466/3466 3467/3467/3467 3468/3468/3468
usemtl rubber
v 0.51216 0.89140 0.73738
vn 0.25882 0.34548 0.90203
vt 0 0
v 0.50000 0.89197 0.73888
vn 0.00000 0.35767 0.93385
vt 1 0
v 0.50000 0.86583 0.74889
vn 0.00000 0.35767 0.93385
vt 1 1
f 3469/3469/3469 3470/3470/3470 3471/3471/3471
usemtl rubber
v 0.51216 0.89140 0.73738
vn 0.25882 0.34548 0.90203
vt 0 0
v 0.50000 0.86583 0.74889
vn 0.00000 0.35767 0.93385
vt 1 0
v 0.51216 0.86525 0.74740
vn 0.25882 0.34548 0.90203
vt 1 1
f 3472/3472/3472 3473/3473/3473 3474/3474/3474
usemtl rubber
v 0.48784 0.89140 0.73738
vn -0.25882 0.34548 0.90203
vt 0 0
v 0.47650 0.88972 0.73300
vn -0.50000 0.30975 0.80874
vt 1 0
v 0.47650 0.86357 0.74301
vn -0.50000 0.30975 0.80874
vt 1 1
f 3475/3475/3475 3476/3476/3476 3477/3477/3477
usemtl rubber
v 0.48784 0.89140 0.73738
vn -0.25882 0.34548 0.90203
vt 0 0
v 0.47650 0.86357 0.74301
vn -0.50000 0.30975 0.80874
vt 1 0
v 0.48784 0.86525 0.74740
vn -0.25882 0.34548 0.90203
vt 1 1
f 3478/3478/3478 3479/3479/3479 3480/3480/3480
usemtl rubber
v 0.47650 0.88972 0.73300
vn -0.50000 0.30975 0.80874
vt 0 0
v 0.46677 0.88705 0.72602
vn -0.70711 0.25291 0.66033
vt 1 0
v 0.46677 0.86090 0.73604
vn -0.70711 0.25291 0.66033
vt 1 1
f 3481/3481/3481 3482/3482/3482 3483/3483/3483
usemtl rubber
v 0.47650 0.88972 0.73300
vn -0.50000 0.30975 0.80874
vt 0 0
v 0.46677 0.86090 0.73604
vn -0.70711 0.25291 0.66033
vt 1 0
v 0.47650 0.86357 0.74301
vn -0.50000 0.30975 0.80874
vt 1 1
f 3484/3484/3484 3485/3485/3485 3486/3486/3486
usemtl rubber
v 0.46677 0.88705 0.72602
vn -0.70711 0.25291 0.66033
vt 0 0
v 0.45930 0.88357 0.71693
vn -0.86602 0.17883 0.46693
vt 1 0
v 0.45930 0.85742 0.72695
vn -0.86602 0.17883 0.46693
vt 1 1
f 3487/3487/3487 3488/3488/3488 3489/3489/3489
usemtl rubber
v 0.46677 0.88705 0.72602
vn -0.70711 0.25291 0.66033
vt 0 0
v 0.45930 0.85742 0.72695
vn -0.86602 0.17883 0.46693
vt 1 0
v 0.46677 0.86090 0.73604
vn -0.70711 0.25291 0.66033
vt 1 1
f 3490/3490/3490 3491/3491/3491 3492/3492/3492
usemtl rubber
v 0.45930 0.88357 0.71693
vn -0.86602 0.17883 0.46693
vt 0 0
v 0.45460 0.87951 0.70635
vn -0.96593 0.09257 0.24170
vt 1 0
v 0.45460 0.85337 0.71636
vn -0.96593 0.09257 0.24170
vt 1 1
f 3493/3493/3493 3494/3494/3494 3495/3495/3495
usemtl rubber
v 0.45930 0.88357 0.71693
vn -0.86602 0.17883 0.46693
vt 0 0
v 0.45460 0.85337 0.71636
vn -0.96593 0.09257 0.24170
vt 1 0
v 0.45930 0.85742 0.72695
vn -0.86602 0.17883 0.46693
vt 1 1
f 3496/3496/3496 3497/3497/3497 3498/3498/3498
usemtl rubber
v 0.45460 0.87951 0.70635
vn -0.96593 0.09257 0.24170
vt 0 0
v 0.45300 0.87516 0.69499
vn -1.00000 0.00000 0.00000
vt 1 0
v 0.45300 0.84902 0.70500
vn -1.00000 0.00000 0.00000
vt 1 1
f 3499/3499/3499 3500/3500/3500 3501/3501/3501
usemtl rubber
v 0.45460 0.87951 0.70635
vn -0.96593 0.09257 0.24170
vt 0 0
v 0.45300 0.84902 0.70500
vn -1.00000 0.00000 0.00000
vt 1 0
v 0.45460 0.85337 0.71636
vn -0.96593 0.09257 0.24170
vt 1 1
f 3502/3502/3502 3503/3503/3503 3504/3504/3504
usemtl rubber
v 0.45300 0.87516 0.69499
vn -1.00000 0.00000 0.00000
vt 0 0
v 0.45460 0.87081 0.68363
vn -0.96593 -0.09257 -0.24170
vt 1 0
v 0.45460 0.84466 0.69364
vn -0.96593 -0.09257 -0.24170
vt 1 1
f 3505/3505/3505 3506/3506/3506 3507/3507/3507
usemtl rubber
v 0.45300 0.87516 0.69499
vn -1.00000 0.00000 0.00000
vt 0 0
v 0.45460 0.84466 0.69364
vn -0.96593 -0.09257 -0.24170
vt 1 0
v 0.45300 0.84902 0.70500
vn -1.00000 0.00000 0.00000
vt 1 1
f 3508/3508/3508 3509/3509/3509 3510/3510/3510
usemtl rubber
v 0.45460 0.87081 0.68363
vn -0.96593 -0.09257 -0.24170
vt 0 0
v 0.45930 0.86676 0.67304
vn -0.86603 -0.17883 -0.46693
vt 1 0
v 0.45930 0.84061 0.68305
vn -0.86603 -0.17883 -0.46693
vt 1 1
f 3511/3511/3511 3512/3512/3512 3513/3513/3513
usemtl rubber
v 0.45460 0.87081 0.68363
vn -0.96593 -0.09257 -0.24170
vt 0 0
v 0.45930 0.84061 0.68305
vn -0.86603 -0.17883 -0.46693
vt 1 0
v 0.45460 0.84466 0.69364
vn -0.96593 -0.09257 -0.24170
vt 1 1
f 3514/3514/3514 3515/3515/3515 3516/3516/3516
usemtl rubber
v 0.45930 0.86676 0.67304
vn -0.86603 -0.17883 -0.46693
vt 0 0
v 0.46677 0.86328 0.66395
vn -0.70711 -0.25291 -0.66033
vt 1 0
v 0.46677 0.83713 0.67396
vn -0.70711 -0.25291 -0.66033
vt 1 1
f 3517/3517/3517 3518/3518/3518 3519/3519/3519
usemtl rubber
v 0.45930 0.86676 0.67304
vn -0.86603 -0.17883 -0.46693
vt 0 0
v 0.46677 0.83713 0.67396
vn -0.70711 -0.25291 -0.66033
vt 1 0
v 0.45930 0.84061 0.68305
vn -0.86603 -0.17883 -0.46693
vt 1 1
f 3520/3520/3520 3521/3521/3521 3522/3522/3522
usemtl rubber
v 0.46677 0.86328 0.66395
vn -0.70711 -0.25291 -0.66033
vt 0 0
v 0.47650 0.86060 0.65697
vn -0.50000 -0.30975 -0.80874
vt 1 0
v 0.47650 0.83446 0.66699
vn -0.50000 -0.30975 -0.80874
vt 1 1
f 3523/3523/3523 3524/3524/3524 3525/3525/3525
usemtl rubber
v 0.46677 0.86328 0.66395
vn -0.70711 -0.25291 -0.66033
vt 0 0
v 0.47650 0.83446 0.66699
vn -0.50000 -0.30975 -0.80874
vt 1 0
v 0.46677 0.83713 0.67396
vn -0.70711 -0.25291 -0.66033
vt 1 1
f 3526/3526/3526 3527/3527/3527 3528/3528/3528
usemtl rubber
v 0.47650 0.86060 0.65697
vn -0.50000 -0.30975 -0.80874
vt 0 0
v 0.48784 0.85893 0.65259
vn -0.25882 -0.34548 -0.90203
vt 1 0
v 0.48784 0.83278 0.66260
vn -0.25882 -0.34548 -0.90203
vt 1 1
f 3529/3529/3529 3530/3530/3530 3531/3531/3531
usemtl rubber
v 0.47650 0.86060 0.65697
vn -0.50000 -0.30975 -0.80874
vt 0 0
v 0.48784 0.83278 0.66260
vn -0.25882 -0.34548 -0.90203
vt 1 0
v 0.47650 0.83446 0.66699
vn -0.50000 -0.30975 -0.80874
vt 1 1
f 3532/3532/3532 3533/3533/3533 3534/3534/3534
usemtl rubber
v 0.48784 0.85893 0.65259
vn -0.25882 -0.34548 -0.90203
vt 0 0
v 0.50000 0.85835 0.65109
vn 0.00000 -0.35767 -0.93385
vt 1 0
v 0.50000 0.83220 0.66111
vn 0.00000 -0.35767 -0.93385
vt 1 1
f 3535/3535/3535 3536/3536/3536 3537/3537/3537
usemtl rubber
v 0.48784 0.85893 0.65259
vn -0.25882 -0.34548 -0.90203
vt 0 0
v 0.50000 0.83220 0.66111
vn 0.00000 -0.35767 -0.93385
vt 1 0
v 0.48784 0.83278 0.66260
vn -0.25882 -0.34548 -0.90203
vt 1 1
f 3538/3538/3538 3539/3539/3539 3540/3540/3540
usemtl rubber
v 0.50000 0.85835 0.65109
vn 0.00000 -0.35767 -0.93385
vt 0 0
v 0.51216 0.85893 0.65259
vn 0.25882 -0.34548 -0.90203
vt 1 0
v 0.51216 0.83278 0.66260
vn 0.25882 -0.34548 -0.90203
vt 1 1
f 3541/3541/3541 3542/3542/3542 3543/3543/3543
usemtl rubber
v 0.50000 0.85835 0.65109
vn 0.00000 -0.35767 -0.93385
vt 0 0
v 0.51216 0.83278 0.66260
vn 0.25882 -0.34548 -0.90203
vt 1 0
v 0.50000 0.83220 0.66111
vn 0.00000 -0.35767 -0.93385
vt 1 1
f 3544/3544/3544 3545/3545/3545 3546/3546/3546
usemtl rubber
v 0.51216 0.85893 0.65259
vn 0.25882 -0.34548 -0.90203
vt 0 0
v 0.52350 0.86060 0.65697
vn 0.50000 -0.30975 -0.80874
vt 1 0
v 0.52350 0.83446 0.66699
vn 0.50000 -0.30975 -0.80874
vt 1 1
f 3547/3547/3547 3548/3548/3548 3549/3549/3549
usemtl rubber
v 0.51216 0.85893 0.65259
vn 0.25882 -0.34548 -0.90203
vt 0 0
v 0.52350 0.83446 0.66699
vn 0.50000 -0.30975 -0.80874
vt 1 0
v 0.51216 0.83278 0.66260
vn 0.25882 -0.34548 -0.90203
vt 1 1
f 3550/3550/3550 3551/3551/3551 3552/3552/3552
usemtl rubber
v 0.52350 0.86060 0.65697
vn 0.50000 -0.30975 -0.80874
vt 0 0
v 0.53323 0.86328 0.66395
vn 0.70711 -0.25291 -0.66033
vt 1 0
v 0.53323 0.83713 0.67396
vn 0.70711 -0.25291 -0.66033
vt 1 1
f 3553/3553/3553 3554/3554/3554 3555/3555/3555
usemtl rubber
v 0.52350 0.86060 0.65697
vn 0.50000 -0.30975 -0.80874
vt 0 0
v 0.53323 0.83713 0.67396
vn 0.70711 -0.25291 -0.66033
vt 1 0
v 0.52350 0.83446 0.66699
vn 0.50000 -0.30975 -0.80874
vt 1 1
f 3556/3556/3556 3557/3557/3557 3558/3558/3558
usemtl rubber
v 0.53323 0.86328 0.66395
vn 0.70711 -0.25291 -0.66033
vt 0 0
v 0.54070 0.86676 0.67304
vn 0.86603 -0.17883 -0.46693
vt 1 0
v 0.54070 0.84061 0.68305
vn 0.86603 -0.17883 -0.46693
vt 1 1
f 3559/3559/3559 3560/3560/3560 3561/3561/3561
usemtl rubber
v 0.53323 0.86328 0.66395
vn 0.70711 -0.25291 -0.66033
vt 0 0
v 0.54070 0.84061 0.68305
vn 0.86603 -0.17883 -0.46693
vt 1 0
v 0.53323 0.83713 0.67396
vn 0.70711 -0.25291 -0.66033
vt 1 1
f 3562/3562/3562 3563/3563/3563 3564/3564/3564
usemtl rubber
v 0.54070 0.86676 0.67304
vn 0.86603 -0.17883 -0.46693
vt 0 0
v 0.54540 0.87081 0.68363
vn 0.96593 -0.09257 -0.24170
vt 1 0
v 0.54540 0.84466 0.69364
vn 0.96593 -0.09257 -0.24170
vt 1 1
f 3565/3565/3565 3566/3566/3566 3567/3567/3567
usemtl rubber
v 0.54070 0.86676 0.67304
vn 0.86603 -0.17883 -0.46693
vt 0 0
v 0.54540 0.84466 0.69364
vn 0.96593 -0.09257 -0.24170
vt 1 0
v 0.54070 0.84061 0.68305
vn 0.86603 -0.17883 -0.46693
vt 1 1
f 3568/3568/3568 3569/3569/3569 3570/3570/3570
usemtl rubber
v 0.54540 0.87081 0.68363
vn 0.96593 -0.09257 -0.24170
vt 0 0
v 0.54700 0.87516 0.69499
vn 1.00000 0.00000 0.00000
vt 1 0
v 0.54700 0.84901 0.70500
vn 1.00000 0.00000 0.00000
vt 1 1
f 3571/3571/3571 3572/3572/3572 3573/3573/3573
usemtl rubber
v 0.54540 0.87081 0.68363
vn 0.96593 -0.09257 -0.24170
vt 0 0
v 0.54700 0.84901 0.70500
vn 1.00000 0.00000 0.00000
vt 1 0
v 0.54540 0.84466 0.69364
vn 0.96593 -0.09257 -0.24170
vt 1 1
f 3574/3574/3574 3575/3575/3575 3576/3576/3576
usemtl rubber
v 0.54700 0.87516 0.69499
vn 1.00000 0.00000 0.00000
vt 0 0
v 0.54540 0.87951 0.70635
vn 0.96593 0.09257 0.24170
vt 1 0
v 0.54540 0.85337 0.71636
vn 0.96593 0.09257 0.24170
vt 1 1
f 3577/3577/3577 3578/3578/3578 3579/3579/3579
usemtl rubber
v 0.54700 0.87516 0.69499
vn 1.00000 0.00000 0.00000
vt 0 0
v 0.54540 0.85337 0.71636
vn 0.96593 0.09257 0.24170
vt 1 0
v 0.54700 0.84901 0.70500
vn 1.00000 0.00000 0.00000
vt 1 1
f 3580/3580/3580 3581/3581/3581 3582/3582/3582
usemtl rubber
v 0.54540 0.87951 0.70635
vn 0.96593 0.09257 0.24170
vt 0 0
v 0.54070 0.88357 0.71693
vn 0.86603 0.17883 0.46692
vt 1 0
v 0.54070 0.85742 0.72695
vn 0.86603 0.17883 0.46692
vt 1 1
f 3583/3583/3583 3584/3584/3584 3585/3585/3585
usemtl rubber
v 0.54540 0.87951 0.70635
vn 0.96593 0.09257 0.24170
vt 0 0
v 0.54070 0.85742 0.72695
vn 0.86603 0.17883 0.46692
vt 1 0
v 0.54540 0.85337 0.71636
vn 0.96593 0.09257 0.24170
vt 1 1
f 3586/3586/3586 3587/3587/3587 3588/3588/3588
usemtl rubber
v 0.54070 0.88357 0.71693
vn 0.86603 0.17883 0.46692
vt 0 0
v 0.53323 0.88705 0.72602
vn 0.70711 0.25291 0.66033
vt 1 0
v 0.53323 0.86090 0.73604
vn 0.70711 0.25291 0.66033
vt 1 1
f 3589/3589/3589 3590/3590/3590 3591/3591/3591
usemtl rubber
v 0.54070 0.88357 0.71693
vn 0.86603 0.17883 0.46692
vt 0 0
v 0.53323 0.86090 0.73604
vn 0.70711 0.25291 0.66033
vt 1 0
v 0.54070 0.85742 0.72695
vn 0.86603 0.17883 0.46692
vt 1 1
f 3592/3592/3592 3593/3593/3593 3594/3594/3594
usemtl rubber
v 0.53323 0.88705 0.72602
vn 0.70711 0.25291 0.66033
vt 0 0
v 0.52350 0.88972 0.73300
vn 0.50000 0.30975 0.80874
vt 1 0
v 0.52350 0.86357 0.74301
vn 0.50000 0.30975 0.80874
vt 1 1
f 3595/3595/3595 3596/3596/3596 3597/3597/3597
usemtl rubber
v 0.53323 0.88705 0.72602
vn 0.70711 0.25291 0.66033
vt 0 0
v 0.52350 0.86357 0.74301
vn 0.50000 0.30975 0.80874
vt 1 0
v 0.53323 0.86090 0.73604
vn 0.70711 0.25291 0.66033
vt 1 1
f 3598/3598/3598 3599/3599/3599 3600/3600/3600
usemtl rubber
v 0.48784 0.89140 0.73738
vn 0.00000 0.93385 -0.35767
vt 0 0
v 0.50000 0.89197 0.73888
vn 0.00000 0.93385 -0.35767
vt 1 0
v 0.51216 0.89140 0.73738
vn 0.00000 0.93385 -0.35767
vt 1 1
f 3601/3601/3601 3602/3602/3602 3603/3603/3603
usemtl rubber
v 0.51216 0.89140 0.73738
vn 0.00000 0.93385 -0.35767
vt 0 0
v 0.52350 0.88972 0.73300
vn 0.00000 0.93385 -0.35767
vt 1 0
v 0.53323 0.88705 0.72602
vn 0.00000 0.93385 -0.35767
vt 1 1
f 3604/3604/3604 3605/3605/3605 3606/3606/3606
usemtl rubber
v 0.53323 0.88705 0.72602
vn 0.00000 0.93385 -0.35767
vt 0 0
v 0.54070 0.88357 0.71693
vn 0.00000 0.93385 -0.35767
vt 1 0
v 0.54540 0.87951 0.70635
vn 0.00000 0.93385 -0.35767
vt 1 1
f 3607/3607/3607 3608/3608/3608 3609/3609/3609
usemtl rubber
v 0.54540 0.87951 0.70635
vn 0.00000 0.93385 -0.35767
vt 0 0
v 0.54700 0.87516 0.69499
vn 0.00000 0.93385 -0.35767
vt 1 0
v 0.54540 0.87081 0.68363
vn 0.00000 0.93385 -0.35767
vt 1 1
f 3610/3610/3610 3611/3611/3611 3612/3612/3612
usemtl rubber
v 0.54540 0.87081 0.68363
vn 0.00000 0.93385 -0.35767
vt 0 0
v 0.54070 0.86676 0.67304
vn 0.00000 0.93385 -0.35767
vt 1 0
v 0.53323 0.86328 0.66395
vn 0.00000 0.93385 -0.35767
vt 1 1
f 3613/3613/3613 3614/3614/3614 3615/3615/3615
usemtl rubber
v 0.53323 0.86328 0.66395
vn 0.00000 0.93385 -0.35767
vt 0 0
v 0.52350 0.86060 0.65697
vn 0.00000 0.93385 -0.35767
vt 1 0
v 0.51216 0.85893 0.65259
vn 0.00000 0.93385 -0.35767
vt 1 1
f 3616/3616/3616 3617/3617/3617 3618/3618/3618
usemtl rubber
v 0.51216 0.85893 0.65259
vn 0.00000 0.93385 -0.35767
vt 0 0
v 0.50000 0.85835 0.65109
vn 0.00000 0.93385 -0.35767
vt 1 0
v 0.48784 0.85893 0.65259
vn 0.00000 0.93385 -0.35767
vt 1 1
f 3619/3619/3619 3620/3620/3620 3621/3621/3621
usemtl rubber
v 0.48784 0.85893 0.65259
vn 0.00000 0.93385 -0.35767
vt 0 0
v 0.47650 0.86060 0.65697
vn 0.00000 0.93385 -0.35767
vt 1 0
v 0.46677 0.86328 0.66395
vn 0.00000 0.93385 -0.35767
vt 1 1
f 3622/3622/3622 3623/3623/3623 3624/3624/3624
usemtl rubber
v 0.46677 0.86328 0.66395
vn 0.00000 0.93385 -0.35767
vt 0 0
v 0.45930 0.86676 0.67304
vn 0.00000 0.93385 -0.35767
vt 1 0
v 0.45460 0.87081 0.68363
vn 0.00000 0.93385 -0.35767
vt 1 1
f 3625/3625/3625 3626/3626/3626 3627/3627/3627
usemtl rubber
v 0.45460 0.87081 0.68363
vn 0.00000 0.93385 -0.35767
vt 0 0
v 0.45300 0.87516 0.69499
vn 0.00000 0.93385 -0.35767
vt 1 0
v 0.45460 0.87951 0.70635
vn 0.00000 0.93385 -0.35767
vt 1 1
f 3628/3628/3628 3629/3629/3629 3630/3630/3630
usemtl rubber
v 0.45460 0.87951 0.70635
vn 0.00000 0.93385 -0.35767
vt 0 0
v 0.45930 0.88357 0.71693
vn 0.00000 0.93385 -0.35767
vt 1 0
v 0.46677 0.88705 0.72602
vn 0.00000 0.93385 -0.35767
vt 1 1
f 3631/3631/3631 3632/3632/3632 3633/3633/3633
usemtl rubber
v 0.46677 0.88705 0.72602
vn 0.00000 0.93385 -0.35767
vt 0 0
v 0.47650 0.88972 0.73300
vn 0.00000 0.93385 -0.35767
vt 1 0
v 0.48784 0.89140 0.73738
vn 0.00000 0.93385 -0.35767
vt 1 1
f 3634/3634/3634 3635/3635/3635 3636/3636/3636
usemtl rubber
v 0.48784 0.89140 0.73738
vn 0.00000 0.93385 -0.35767
vt 0 0
v 0.51216 0.89140 0.73738
vn 0.00000 0.93385 -0.35767
vt 1 0
v 0.53323 0.88705 0.72602
vn 0.00000 0.93385 -0.35767
vt 1 1
f 3637/3637/3637 3638/3638/3638 3639/3639/3639
usemtl rubber
v 0.53323 0.88705 0.72602
vn 0.00000 0.93385 -0.35767
vt 0 0
v 0.54540 0.87951 0.70635
vn 0.00000 0.93385 -0.35767
vt 1 0
v 0.54540 0.87081 0.68363
vn 0.00000 0.93385 -0.35767
vt 1 1
f 3640/3640/3640 3641/3641/3641 3642/3642/3642
usemtl rubber
v 0.54540 0.87081 0.68363
vn 0.00000 0.93385 -0.35767
vt 0 0
v 0.53323 0.86328 0.66395
vn 0.00000 0.93385 -0.35767
vt 1 0
v 0.51216 0.85893 0.65259
vn 0.00000 0.93385 -0.35767
vt 1 1
f 3643/3643/3643 3644/3644/3644 3645/3645/3645
usemtl rubber
v 0.51216 0.85893 0.65259
vn 0.00000 0.93385 -0.35767
vt 0 0
v 0.48784 0.85893 0.65259
vn 0.00000 0.93385 -0.35767
vt 1 0
v 0.46677 0.86328 0.66395
vn 0.00000 0.93385 -0.35767
vt 1 1
f 3646/3646/3646 3647/3647/3647 3648/3648/3648
usemtl rubber
v 0.46677 0.86328 0.66395
vn 0.00000 0.93385 -0.35767
vt 0 0
v 0.45460 0.87081 0.68363
vn 0.00000 0.93385 -0.35767
vt 1 0
v 0.45460 0.87951 0.70635
vn 0.00000 0.93385 -0.35767
vt 1 1
f 3649/3649/3649 3650/3650/3650 3651/3651/3651
usemtl rubber
v 0.45460 0.87951 0.70635
vn 0.00000 0.93385 -0.35767
vt 0 0
v 0.46677 0.88705 0.72602
vn 0.00000 0.93385 -0.35767
vt 1 0
v 0.48784 0.89140 0.73738
vn 0.00000 0.93385 -0.35767
vt 1 1
f 3652/3652/3652 3653/3653/3653 3654/3654/3654
usemtl rubber
v 0.48784 0.89140 0.73738
vn 0.00000 0.93385 -0.35767
vt 0 0
v 0.53323 0.88705 0.72602
vn 0.00000 0.93385 -0.35767
vt 1 0
v 0.54540 0.87081 0.68363
vn 0.00000 0.93385 -0.35767
vt 1 1
f 3655/3655/3655 3656/3656/3656 3657/3657/3657
usemtl rubber
v 0.54540 0.87081 0.68363
vn 0.00000 0.93385 -0.35767
vt 0 0
v 0.51216 0.85893 0.65259
vn 0.00000 0.93385 -0.35767
vt 1 0
v 0.46677 0.86328 0.66395
vn 0.00000 0.93385 -0.35767
vt 1 1
f 3658/3658/3658 3659/3659/3659 3660/3660/3660
usemtl rubber
v 0.46677 0.86328 0.66395
vn 0.00000 0.93385 -0.35767
vt 0 0
v 0.45460 0.87951 0.70635
vn 0.00000 0.93385 -0.35767
vt 1 0
v 0.48784 0.89140 0.73738
vn 0.00000 0.93385 -0.35767
vt 1 1
f 3661/3661/3661 3662/3662/3662 3663/3663/3663
usemtl rubber
v 0.54540 0.87081 0.68363
vn 0.00000 0.93385 -0.35767
vt 0 0
v 0.46677 0.86328 0.66395
vn 0.00000 0.93385 -0.35767
vt 1 0
v 0.48784 0.89140 0.73738
vn 0.00000 0.93385 -0.35767
vt 1 1
f 3664/3664/3664 3665/3665/3665 3666/3666/3666
usemtl rubber
v 0.52350 0.88972 0.73300
vn 0.50000 0.30975 0.80874
vt 0 0
v 0.51216 0.89140 0.73738
vn 0.25882 0.34548 0.90203
vt 1 0
v 0.51216 0.86525 0.74740
vn 0.25882 0.34548 0.90203
vt 1 1
f 3667/3667/3667 3668/3668/3668 3669/3669/3669
usemtl rubber
v 0.52350 0.88972 0.73300
vn 0.50000 0.30975 0.80874
vt 0 0
v 0.51216 0.86525 0.74740
vn 0.25882 0.34548 0.90203
vt 1 0
v 0.52350 0.86357 0.74301
vn 0.50000 0.30975 0.80874
vt 1 1
f 3670/3670/3670 3671/3671/3671 3672/3672/3672
usemtl rubber
v 0.51216 0.86525 0.74740
vn 0.00000 -0.93385 0.35766
vt 0 0
v 0.50000 0.86583 0.74889
vn 0.00000 -0.93385 0.35766
vt 1 0
v 0.48784 0.86525 0.74740
vn 0.00000 -0.93385 0.35766
vt 1 1
f 3673/3673/3673 3674/3674/3674 3675/3675/3675
usemtl rubber
v 0.48784 0.86525 0.74740
vn 0.00000 -0.93385 0.35766
vt 0 0
v 0.47650 0.86357 0.74301
vn 0.00000 -0.93385 0.35766
vt 1 0
v 0.46677 0.86090 0.73604
vn 0.00000 -0.93385 0.35766
vt 1 1
f 3676/3676/3676 3677/3677/3677 3678/3678/3678
usemtl rubber
v 0.46677 0.86090 0.73604
vn 0.00000 -0.93385 0.35766
vt 0 0
v 0.45930 0.85742 0.72695
vn 0.00000 -0.93385 0.35766
vt 1 0
v 0.45460 0.85337 0.71636
vn 0.00000 -0.93385 0.35766
vt 1 1
f 3679/3679/3679 3680/3680/3680 3681/3681/3681
usemtl rubber
v 0.45460 0.85337 0.71636
vn 0.00000 -0.93385 0.35766
vt 0 0
v 0.45300 0.84902 0.70500
vn 0.00000 -0.93385 0.35766
vt 1 0
v 0.45460 0.84466 0.69364
vn 0.00000 -0.93385 0.35766
vt 1 1
f 3682/3682/3682 3683/3683/3683 3684/3684/3684
usemtl rubber
v 0.45460 0.84466 0.69364
vn 0.00000 -0.93385 0.35766
vt 0 0
v 0.45930 0.84061 0.68305
vn 0.00000 -0.93385 0.35766
vt 1 0
v 0.46677 0.83713 0.67396
vn 0.00000 -0.93385 0.35766
vt 1 1
f 3685/3685/3685 3686/3686/3686 3687/3687/3687
usemtl rubber
v 0.46677 0.83713 0.67396
vn 0.00000 -0.93385 0.35766
vt 0 0
v 0.47650 0.83446 0.66699
vn 0.00000 -0.93385 0.35766
vt 1 0
v 0.48784 0.83278 0.66260
vn 0.00000 -0.93385 0.35766
vt 1 1
f 3688/3688/3688 3689/3689/3689 3690/3690/3690
usemtl rubber
v 0.48784 0.83278 0.66260
vn 0.00000 -0.93385 0.35766
vt 0 0
v 0.50000 0.83220 0.66111
vn 0.00000 -0.93385 0.35766
vt 1 0
v 0.51216 0.83278 0.66260
vn 0.00000 -0.93385 0.35766
vt 1 1
f 3691/3691/3691 3692/3692/3692 3693/3693/3693
usemtl rubber
v 0.51216 0.83278 0.66260
vn 0.00000 -0.93385 0.35766
vt 0 0
v 0.52350 0.83446 0.66699
vn 0.00000 -0.93385 0.35766
vt 1 0
v 0.53323 0.83713 0.67396
vn 0.00000 -0.93385 0.35766
vt 1 1
f 3694/3694/3694 3695/3695/3695 3696/3696/3696
usemtl rubber
v 0.53323 0.83713 0.67396
vn 0.00000 -0.93385 0.35766
vt 0 0
v 0.54070 0.84061 0.68305
vn 0.00000 -0.93385 0.35766
vt 1 0
v 0.54540 0.84466 0.69364
vn 0.00000 -0.93385 0.35766
vt 1 1
f 3697/3697/3697 3698/3698/3698 3699/3699/3699
usemtl rubber
v 0.54540 0.84466 0.69364
vn 0.00000 -0.93385 0.35766
vt 0 0
v 0.54700 0.84901 0.70500
vn 0.00000 -0.93385 0.35766
vt 1 0
v 0.54540 0.85337 0.71636
vn 0.00000 -0.93385 0.35766
vt 1 1
f 3700/3700/3700 3701/3701/3701 3702/3702/3702
usemtl rubber
v 0.54540 0.85337 0.71636
vn 0.00000 -0.93385 0.35766
vt 0 0
v 0.54070 0.85742 0.72695
vn 0.00000 -0.93385 0.35766
vt 1 0
v 0.53323 0.86090 0.73604
vn 0.00000 -0.93385 0.35766
vt 1 1
f 3703/3703/3703 3704/3704/3704 3705/3705/3705
usemtl rubber
v 0.53323 0.86090 0.73604
vn 0.00000 -0.93385 0.35766
vt 0 0
v 0.52350 0.86357 0.74301
vn 0.00000 -0.93385 0.35766
vt 1 0
v 0.51216 0.86525 0.74740
vn 0.00000 -0.93385 0.35766
vt 1 1
f 3706/3706/3706 3707/3707/3707 3708/3708/3708
usemtl rubber
v 0.51216 0.86525 0.74740
vn 0.00000 -0.93385 0.35766
vt 0 0
v 0.48784 0.86525 0.74740
vn 0.00000 -0.93385 0.35766
vt 1 0
v 0.46677 0.86090 0.73604
vn 0.00000 -0.93385 0.35766
vt 1 1
f 3709/3709/3709 3710/3710/3710 3711/3711/3711
usemtl rubber
v 0.46677 0.86090 0.73604
vn 0.00000 -0.93385 0.35766
vt 0 0
v 0.45460 0.85337 0.71636
vn 0.00000 -0.93385 0.35766
vt 1 0
v 0.45460 0.84466 0.69364
vn 0.00000 -0.93385 0.35766
vt 1 1
f 3712/3712/3712 3713/3713/3713 3714/3714/3714
usemtl rubber
v 0.45460 0.84466 0.69364
vn 0.00000 -0.93385 0.35766
vt 0 0
v 0.46677 0.83713 0.67396
vn 0.00000 -0.93385 0.35766
vt 1 0
v 0.48784 0.83278 0.66260
vn 0.00000 -0.93385 0.35766
vt 1 1
f 3715/3715/3715 3716/3716/3716 3717/3717/3717
usemtl rubber
v 0.48784 0.83278 0.66260
vn 0.00000 -0.93385 0.35766
vt 0 0
v 0.51216 0.83278 0.66260
vn 0.00000 -0.93385 0.35766
vt 1 0
v 0.53323 0.83713 0.67396
vn 0.00000 -0.93385 0.35766
vt 1 1
f 3718/3718/3718 3719/3719/3719 3720/3720/3720
usemtl rubber
v 0.53323 0.83713 0.67396
vn 0.00000 -0.93385 0.35766
vt 0 0
v 0.54540 0.84466 0.69364
vn 0.00000 -0.93385 0.35766
vt 1 0
v 0.54540 0.85337 0.71636
vn 0.00000 -0.93385 0.35766
vt 1 1
f 3721/3721/3721 3722/3722/3722 3723/3723/3723
usemtl rubber
v 0.54540 0.85337 0.71636
vn 0.00000 -0.93385 0.35766
vt 0 0
v 0.53323 0.86090 0.73604
vn 0.00000 -0.93385 0.35766
vt 1 0
v 0.51216 0.86525 0.74740
vn 0.00000 -0.93385 0.35766
vt 1 1
f 3724/3724/3724 3725/3725/3725 3726/3726/3726
usemtl rubber
v 0.51216 0.86525 0.74740
vn 0.00000 -0.93385 0.35766
vt 0 0
v 0.46677 0.86090 0.73604
vn 0.00000 -0.93385 0.35766
vt 1 0
v 0.45460 0.84466 0.69364
vn 0.00000 -0.93385 0.35766
vt 1 1
f 3727/3727/3727 3728/3728/3728 3729/3729/3729
usemtl rubber
v 0.45460 0.84466 0.69364
vn 0.00000 -0.93385 0.35766
vt 0 0
v 0.48784 0.83278 0.66260
vn 0.00000 -0.93385 0.35766
vt 1 0
v 0.53323 0.83713 0.67396
vn 0.00000 -0.93385 0.35766
vt 1 1
f 3730/3730/3730 3731/3731/3731 3732/3732/3732
usemtl rubber
v 0.53323 0.83713 0.67396
vn 0.00000 -0.93385 0.35766
vt 0 0
v 0.54540 0.85337 0.71636
vn 0.00000 -0.93385 0.35766
vt 1 0
v 0.51216 0.86525 0.74740
vn 0.00000 -0.93385 0.35766
vt 1 1
f 3733/3733/3733 3734/3734/3734 3735/3735/3735
usemtl rubber
v 0.45460 0.84466 0.69364
vn 0.00000 -0.93385 0.35766
vt 0 0
v 0.53323 0.83713 0.67396
vn 0.00000 -0.93385 0.35766
vt 1 0
v 0.51216 0.86525 0.74740
vn 0.00000 -0.93385 0.35766
vt 1 1
f 3736/3736/3736 3737/3737/3737 3738/3738/3738
usemtl rubber
v 0.50000 0.89197 0.73888
vn 0.00000 0.35767 0.93385
vt 0 0
v 0.48784 0.89140 0.73738
vn -0.25882 0.34548 0.90203
vt 1 0
v 0.48784 0.86525 0.74740
vn -0.25882 0.34548 0.90203
vt 1 1
f 3739/3739/3739 3740/3740/3740 3741/3741/3741
usemtl rubber
v 0.50000 0.89197 0.73888
vn 0.00000 0.35767 0.93385
vt 0 0
v 0.48784 0.86525 0.74740
vn -0.25882 0.34548 0.90203
vt 1 0
v 0.50000 0.86583 0.74889
vn 0.00000 0.35767 0.93385
vt 1 1
f 3742/3742/3742 3743/3743/3743 3744/3744/3744
usemtl letters
v 0.23905 0.88684 0.79072
vn -0.00003 0.93385 -0.35766
vt 0 0
v 0.23650 0.89237 0.80514
vn -0.00003 0.93385 -0.35766
vt 1 0
v 0.23905 0.89319 0.80727
vn -0.00003 0.93385 -0.35766
vt 1 1
f 3745/3745/3745 3746/3746/3746 3747/3747/3747
usemtl letters
v 0.23650 0.89237 0.80514
vn 0.00000 0.93385 -0.35766
vt 0 0
v 0.23216 0.89319 0.80727
vn 0.00000 0.93385 -0.35766
vt 1 0
v 0.23905 0.89319 0.80727
vn 0.00000 0.93385 -0.35766
vt 1 1
f 3748/3748/3748 3749/3749/3749 3750/3750/3750
usemtl letters
v 0.23650 0.89237 0.80514
vn 0.00000 0.93385 -0.35765
vt 0 0
v 0.23257 0.89237 0.80514
vn 0.00000 0.93385 -0.35765
vt 1 0
v 0.23216 0.89319 0.80727
vn 0.00000 0.93385 -0.35765
vt 1 1
f 3751/3751/3751 3752/3752/3752 3753/3753/3753
usemtl letters
v 0.23257 0.89237 0.80514
vn -0.00003 0.93385 -0.35767
vt 0 0
v 0.22498 0.89216 0.80460
vn -0.00003 0.93385 -0.35767
vt 1 0
v 0.23216 0.89319 0.80727
vn -0.00003 0.93385 -0.35767
vt 1 1
f 3754/3754/3754 3755/3755/3755 3756/3756/3756
usemtl letters
v 0.23905 0.88684 0.79072
vn 0.00006 0.93385 -0.35767
vt 0 0
v 0.23650 0.88766 0.79285
vn 0.00006 0.93385 -0.35767
vt 1 0
v 0.23650 0.89237 0.80514
vn 0.00006 0.93385 -0.35767
vt 1 1
f 3757/3757/3757 3758/3758/3758 3759/3759/3759
usemtl letters
v 0.22710 0.89167 0.80331
vn 0.00000 0.93385 -0.35767
vt 0 0
v 0.22498 0.89216 0.80460
vn 0.00000 0.93385 -0.35767
vt 1 0
v 0.23257 0.89237 0.80514
vn 0.00000 0.93385 -0.35767
vt 1 1
f 3760/3760/3760 3761/3761/3761 3762/3762/3762
usemtl letters
v 0.22710 0.89167 0.80331
vn -0.00006 0.93385 -0.35767
vt 0 0
v 0.22272 0.89002 0.79900
vn -0.00006 0.93385 -0.35767
vt 1 0
v 0.22498 0.89216 0.80460
vn -0.00006 0.93385 -0.35767
vt 1 1
f 3763/3763/3763 3764/3764/3764 3765/3765/3765
usemtl letters
v 0.22534 0.89002 0.79900
vn 0.00000 0.93385 -0.35765
vt 0 0
v 0.22272 0.89002 0.79900
vn 0.00000 0.93385 -0.35765
vt 1 0
v 0.22710 0.89167 0.80331
vn 0.00000 0.93385 -0.35765
vt 1 1
f 3766/3766/3766 3767/3767/3767 3768/3768/3768
usemtl letters
v 0.22673 0.88855 0.79516
vn 0.00000 0.93385 -0.35767
vt 0 0
v 0.22272 0.89002 0.79900
vn 0.00000 0.93385 -0.35767
vt 1 0
v 0.22534 0.89002 0.79900
vn 0.00000 0.93385 -0.35767
vt 1 1
f 3769/3769/3769 3770/3770/3770 3771/3771/3771
usemtl letters
v 0.22673 0.88855 0.79516
vn 0.00000 0.93385 -0.35767
vt 0 0
v 0.22523 0.88782 0.79326
vn 0.00000 0.93385 -0.35767
vt 1 0
v 0.22272 0.89002 0.79900
vn 0.00000 0.93385 -0.35767
vt 1 1
f 3772/3772/3772 3773/3773/3773 3774/3774/3774
usemtl letters
v 0.23244 0.88766 0.79285
vn 0.00000 0.93385 -0.35766
vt 0 0
v 0.22523 0.88782 0.79326
vn 0.00000 0.93385 -0.35766
vt 1 0
v 0.22673 0.88855 0.79516
vn 0.00000 0.93385 -0.35766
vt 1 1
f 3775/3775/3775 3776/3776/3776 3777/3777/3777
usemtl letters
v 0.23244 0.88766 0.79285
vn -0.00003 0.93385 -0.35767
vt 0 0
v 0.23213 0.88684 0.79072
vn -0.00003 0.93385 -0.35767
vt 1 0
v 0.22523 0.88782 0.79326
vn -0.00003 0.93385 -0.35767
vt 1 1
f 3778/3778/3778 3779/3779/3779 3780/3780/3780
usemtl letters
v 0.23905 0.88684 0.79072
vn 0.00000 0.93384 -0.35768
vt 0 0
v 0.23244 0.88766 0.79285
vn 0.00000 0.93384 -0.35768
vt 1 0
v 0.23650 0.88766 0.79285
vn 0.00000 0.93384 -0.35768
vt 1 1
f 3781/3781/3781 3782/3782/3782 3783/3783/3783
usemtl letters
v 0.23905 0.88684 0.79072
vn 0.00000 0.93384 -0.35768
vt 0 0
v 0.23213 0.88684 0.79072
vn 0.00000 0.93384 -0.35768
vt 1 0
v 0.23244 0.88766 0.79285
vn 0.00000 0.93384 -0.35768
vt 1 1
f 3784/3784/3784 3785/3785/3785 3786/3786/3786
usemtl letters
v 0.25207 0.88684 0.79072
vn -0.00003 0.93385 -0.35766
vt 0 0
v 0.24953 0.89237 0.80514
vn -0.00003 0.93385 -0.35766
vt 1 0
v 0.25207 0.89319 0.80727
vn -0.00003 0.93385 -0.35766
vt 1 1
f 3787/3787/3787 3788/3788/3788 3789/3789/3789
usemtl letters
v 0.24953 0.89237 0.80514
vn 0.00000 0.93385 -0.35765
vt 0 0
v 0.24201 0.89319 0.80727
vn 0.00000 0.93385 -0.35765
vt 1 0
v 0.25207 0.89319 0.80727
vn 0.00000 0.93385 -0.35765
vt 1 1
f 3790/3790/3790 3791/3791/3791 3792/3792/3792
usemtl letters
v 0.24953 0.89237 0.80514
vn 0.00000 0.93385 -0.35766
vt 0 0
v 0.24201 0.89237 0.80514
vn 0.00000 0.93385 -0.35766
vt 1 0
v 0.24201 0.89319 0.80727
vn 0.00000 0.93385 -0.35766
vt 1 1
f 3793/3793/3793 3794/3794/3794 3795/3795/3795
usemtl letters
v 0.25207 0.88684 0.79072
vn 0.00000 0.93385 -0.35768
vt 0 0
v 0.24953 0.89045 0.80014
vn 0.00000 0.93385 -0.35768
vt 1 0
v 0.24953 0.89237 0.80514
vn 0.00000 0.93385 -0.35768
vt 1 1
f 3796/3796/3796 3797/3797/3797 3798/3798/3798
usemtl letters
v 0.25207 0.88684 0.79072
vn 0.00004 0.93386 -0.35764
vt 0 0
v 0.24953 0.88963 0.79800
vn 0.00004 0.93386 -0.35764
vt 1 0
v 0.24953 0.89045 0.80014
vn 0.00004 0.93386 -0.35764
vt 1 1
f 3799/3799/3799 3800/3800/3800 3801/3801/3801
usemtl letters
v 0.24953 0.88963 0.79800
vn 0.00000 0.93385 -0.35766
vt 0 0
v 0.24227 0.89045 0.80014
vn 0.00000 0.93385 -0.35766
vt 1 0
v 0.24953 0.89045 0.80014
vn 0.00000 0.93385 -0.35766
vt 1 1
f 3802/3802/3802 3803/3803/3803 3804/3804/3804
usemtl letters
v 0.24953 0.88963 0.79800
vn 0.00000 0.93386 -0.35765
vt 0 0
v 0.24227 0.88963 0.79800
vn 0.00000 0.93386 -0.35765
vt 1 0
v 0.24227 0.89045 0.80014
vn 0.00000 0.93386 -0.35765
vt 1 1
f 3805/3805/3805 3806/3806/3806 3807/3807/3807
usemtl letters
v 0.25207 0.88684 0.79072
vn 0.00007 0.93385 -0.35766
vt 0 0
v 0.24953 0.88766 0.79285
vn 0.00007 0.93385 -0.35766
vt 1 0
v 0.24953 0.88963 0.79800
vn 0.00007 0.93385 -0.35766
vt 1 1
f 3808/3808/3808 3809/3809/3809 3810/3810/3810
usemtl letters
v 0.25207 0.88684 0.79072
vn 0.00000 0.93384 -0.35768
vt 0 0
v 0.24178 0.88766 0.79285
vn 0.00000 0.93384 -0.35768
vt 1 0
v 0.24953 0.88766 0.79285
vn 0.00000 0.93384 -0.35768
vt 1 1
f 3811/3811/3811 3812/3812/3812 3813/3813/3813
usemtl letters
v 0.25207 0.88684 0.79072
vn 0.00000 0.93385 -0.35767
vt 0 0
v 0.24178 0.88684 0.79072
vn 0.00000 0.93385 -0.35767
vt 1 0
v 0.24178 0.88766 0.79285
vn 0.00000 0.93385 -0.35767
vt 1 1
f 3814/3814/3814 3815/3815/3815 3816/3816/3816
usemtl letters
v 0.26342 0.89281 0.80629
vn -0.00003 0.93384 -0.35768
vt 0 0
v 0.25749 0.89316 0.80720
vn -0.00003 0.93384 -0.35768
vt 1 0
v 0.25951 0.89327 0.80749
vn -0.00003 0.93384 -0.35768
vt 1 1
f 3817/3817/3817 3818/3818/3818 3819/3819/3819
usemtl letters
v 0.26342 0.89281 0.80629
vn -0.00002 0.93385 -0.35767
vt 0 0
v 0.25556 0.89282 0.80633
vn -0.00002 0.93385 -0.35767
vt 1 0
v 0.25749 0.89316 0.80720
vn -0.00002 0.93385 -0.35767
vt 1 1
f 3820/3820/3820 3821/3821/3821 3822/3822/3822
usemtl letters
v 0.26342 0.89281 0.80629
vn 0.00000 0.93385 -0.35767
vt 0 0
v 0.25775 0.89231 0.80500
vn 0.00000 0.93385 -0.35767
vt 1 0
v 0.25556 0.89282 0.80633
vn 0.00000 0.93385 -0.35767
vt 1 1
f 3823/3823/3823 3824/3824/3824 3825/3825/3825
usemtl letters
v 0.25775 0.89231 0.80500
vn 0.00000 0.93386 -0.35765
vt 0 0
v 0.25556 0.89179 0.80363
vn 0.00000 0.93386 -0.35765
vt 1 0
v 0.25556 0.89282 0.80633
vn 0.00000 0.93386 -0.35765
vt 1 1
f 3826/3826/3826 3827/3827/3827 3828/3828/3828
usemtl letters
v 0.26489 0.89158 0.80307
vn 0.00003 0.93385 -0.35767
vt 0 0
v 0.26174 0.89224 0.80481
vn 0.00003 0.93385 -0.35767
vt 1 0
v 0.26342 0.89281 0.80629
vn 0.00003 0.93385 -0.35767
vt 1 1
f 3829/3829/3829 3830/3830/3830 3831/3831/3831
usemtl letters
v 0.26174 0.89224 0.80481
vn 0.00000 0.93384 -0.35769
vt 0 0
v 0.25972 0.89245 0.80536
vn 0.00000 0.93384 -0.35769
vt 1 0
v 0.26342 0.89281 0.80629
vn 0.00000 0.93384 -0.35769
vt 1 1
f 3832/3832/3832 3833/3833/3833 3834/3834/3834
usemtl letters
v 0.25972 0.89245 0.80536
vn 0.00000 0.93388 -0.35759
vt 0 0
v 0.25775 0.89231 0.80500
vn 0.00000 0.93388 -0.35759
vt 1 0
v 0.26342 0.89281 0.80629
vn 0.00000 0.93388 -0.35759
vt 1 1
f 3835/3835/3835 3836/3836/3836 3837/3837/3837
usemtl letters
v 0.26489 0.89158 0.80307
vn -0.00007 0.93387 -0.35762
vt 0 0
v 0.26252 0.89170 0.80339
vn -0.00007 0.93387 -0.35762
vt 1 0
v 0.26174 0.89224 0.80481
vn -0.00007 0.93387 -0.35762
vt 1 1
f 3838/3838/3838 3839/3839/3839 3840/3840/3840
usemtl letters
v 0.26489 0.89158 0.80307
vn 0.00005 0.93384 -0.35769
vt 0 0
v 0.25869 0.89039 0.79997
vn 0.00005 0.93384 -0.35769
vt 1 0
v 0.26252 0.89170 0.80339
vn 0.00005 0.93384 -0.35769
vt 1 1
f 3841/3841/3841 3842/3842/3842 3843/3843/3843
usemtl letters
v 0.26106 0.88982 0.79848
vn -0.00003 0.93385 -0.35766
vt 0 0
v 0.25869 0.89039 0.79997
vn -0.00003 0.93385 -0.35766
vt 1 0
v 0.26489 0.89158 0.80307
vn -0.00003 0.93385 -0.35766
vt 1 1
f 3844/3844/3844 3845/3845/3845 3846/3846/3846
usemtl letters
v 0.26106 0.88982 0.79848
vn -0.00005 0.93385 -0.35766
vt 0 0
v 0.25485 0.88848 0.79499
vn -0.00005 0.93385 -0.35766
vt 1 0
v 0.25869 0.89039 0.79997
vn -0.00005 0.93385 -0.35766
vt 1 1
f 3847/3847/3847 3848/3848/3848 3849/3849/3849
usemtl letters
v 0.25722 0.88838 0.79472
vn 0.00000 0.93385 -0.35766
vt 0 0
v 0.25485 0.88848 0.79499
vn 0.00000 0.93385 -0.35766
vt 1 0
v 0.26106 0.88982 0.79848
vn 0.00000 0.93385 -0.35766
vt 1 1
f 3850/3850/3850 3851/3851/3851 3852/3852/3852
usemtl letters
v 0.26479 0.88735 0.79203
vn 0.00003 0.93385 -0.35767
vt 0 0
v 0.26261 0.88782 0.79325
vn 0.00003 0.93385 -0.35767
vt 1 0
v 0.26479 0.88850 0.79504
vn 0.00003 0.93385 -0.35767
vt 1 1
f 3853/3853/3853 3854/3854/3854 3855/3855/3855
usemtl letters
v 0.25722 0.88838 0.79472
vn 0.00000 0.93385 -0.35768
vt 0 0
v 0.25627 0.88725 0.79177
vn 0.00000 0.93385 -0.35768
vt 1 0
v 0.25485 0.88848 0.79499
vn 0.00000 0.93385 -0.35768
vt 1 1
f 3856/3856/3856 3857/3857/3857 3858/3858/3858
usemtl letters
v 0.25792 0.88785 0.79333
vn 0.00013 0.93385 -0.35766
vt 0 0
v 0.25627 0.88725 0.79177
vn 0.00013 0.93385 -0.35766
vt 1 0
v 0.25722 0.88838 0.79472
vn 0.00013 0.93385 -0.35766
vt 1 1
f 3859/3859/3859 3860/3860/3860 3861/3861/3861
usemtl letters
v 0.26011 0.88758 0.79263
vn 0.00000 0.93384 -0.35769
vt 0 0
v 0.25627 0.88725 0.79177
vn 0.00000 0.93384 -0.35769
vt 1 0
v 0.25792 0.88785 0.79333
vn 0.00000 0.93384 -0.35769
vt 1 1
f 3862/3862/3862 3863/3863/3863 3864/3864/3864
usemtl letters
v 0.26479 0.88735 0.79203
vn -0.00002 0.93384 -0.35770
vt 0 0
v 0.26011 0.88758 0.79263
vn -0.00002 0.93384 -0.35770
vt 1 0
v 0.26261 0.88782 0.79325
vn -0.00002 0.93384 -0.35770
vt 1 1
f 3865/3865/3865 3866/3866/3866 3867/3867/3867
usemtl letters
v 0.26479 0.88735 0.79203
vn 0.00000 0.93385 -0.35767
vt 0 0
v 0.25627 0.88725 0.79177
vn 0.00000 0.93385 -0.35767
vt 1 0
v 0.26011 0.88758 0.79263
vn 0.00000 0.93385 -0.35767
vt 1 1
f 3868/3868/3868 3869/3869/3869 3870/3870/3870
usemtl letters
v 0.26247 0.88690 0.79087
vn 0.00001 0.93386 -0.35764
vt 0 0
v 0.25627 0.88725 0.79177
vn 0.00001 0.93386 -0.35764
vt 1 0
v 0.26479 0.88735 0.79203
vn 0.00001 0.93386 -0.35764
vt 1 1
f 3871/3871/3871 3872/3872/3872 3873/3873/3873
usemtl letters
v 0.26247 0.88690 0.79087
vn 0.00000 0.93385 -0.35767
vt 0 0
v 0.25982 0.88676 0.79050
vn 0.00000 0.93385 -0.35767
vt 1 0
v 0.25627 0.88725 0.79177
vn 0.00000 0.93385 -0.35767
vt 1 1
f 3874/3874/3874 3875/3875/3875 3876/3876/3876
usemtl letters
v 0.28356 0.89230 0.80497
vn 0.00000 0.93386 -0.35765
vt 0 0
v 0.27664 0.89243 0.80531
vn 0.00000 0.93386 -0.35765
vt 1 0
v 0.27664 0.89327 0.80749
vn 0.00000 0.93386 -0.35765
vt 1 1
f 3877/3877/3877 3878/3878/3878 3879/3879/3879
usemtl letters
v 0.27664 0.89243 0.80531
vn 0.00003 0.93386 -0.35765
vt 0 0
v 0.26968 0.89231 0.80497
vn 0.00003 0.93386 -0.35765
vt 1 0
v 0.27664 0.89327 0.80749
vn 0.00003 0.93386 -0.35765
vt 1 1
f 3880/3880/3880 3881/3881/3881 3882/3882/3882
usemtl letters
v 0.28356 0.89230 0.80497
vn 0.00000 0.93386 -0.35765
vt 0 0
v 0.28157 0.89175 0.80352
vn 0.00000 0.93386 -0.35765
vt 1 0
v 0.27664 0.89243 0.80531
vn 0.00000 0.93386 -0.35765
vt 1 1
f 3883/3883/3883 3884/3884/3884 3885/3885/3885
usemtl letters
v 0.27169 0.89175 0.80352
vn -0.00001 0.93385 -0.35767
vt 0 0
v 0.26968 0.89231 0.80497
vn -0.00001 0.93385 -0.35767
vt 1 0
v 0.27664 0.89243 0.80531
vn -0.00001 0.93385 -0.35767
vt 1 1
f 3886/3886/3886 3887/3887/3887 3888/3888/3888
usemtl letters
v 0.27169 0.89175 0.80352
vn 0.00006 0.93385 -0.35767
vt 0 0
v 0.26710 0.89002 0.79900
vn 0.00006 0.93385 -0.35767
vt 1 0
v 0.26968 0.89231 0.80497
vn 0.00006 0.93385 -0.35767
vt 1 1
f 3889/3889/3889 3890/3890/3890 3891/3891/3891
usemtl letters
v 0.28616 0.89002 0.79900
vn -0.00001 0.93385 -0.35766
vt 0 0
v 0.28157 0.89175 0.80352
vn -0.00001 0.93385 -0.35766
vt 1 0
v 0.28356 0.89230 0.80497
vn -0.00001 0.93385 -0.35766
vt 1 1
f 3892/3892/3892 3893/3893/3893 3894/3894/3894
usemtl letters
v 0.28616 0.89002 0.79900
vn 0.00000 0.93385 -0.35767
vt 0 0
v 0.28353 0.89002 0.79900
vn 0.00000 0.93385 -0.35767
vt 1 0
v 0.28157 0.89175 0.80352
vn 0.00000 0.93385 -0.35767
vt 1 1
f 3895/3895/3895 3896/3896/3896 3897/3897/3897
usemtl letters
v 0.26973 0.89002 0.79900
vn 0.00000 0.93385 -0.35766
vt 0 0
v 0.26710 0.89002 0.79900
vn 0.00000 0.93385 -0.35766
vt 1 0
v 0.27169 0.89175 0.80352
vn 0.00000 0.93385 -0.35766
vt 1 1
f 3898/3898/3898 3899/3899/3899 3900/3900/3900
usemtl letters
v 0.28360 0.88774 0.79306
vn 0.00000 0.93385 -0.35767
vt 0 0
v 0.28353 0.89002 0.79900
vn 0.00000 0.93385 -0.35767
vt 1 0
v 0.28616 0.89002 0.79900
vn 0.00000 0.93385 -0.35767
vt 1 1
f 3901/3901/3901 3902/3902/3902 3903/3903/3903
usemtl letters
v 0.28360 0.88774 0.79306
vn 0.00000 0.93385 -0.35766
vt 0 0
v 0.28157 0.88829 0.79448
vn 0.00000 0.93385 -0.35766
vt 1 0
v 0.28353 0.89002 0.79900
vn 0.00000 0.93385 -0.35766
vt 1 1
f 3904/3904/3904 3905/3905/3905 3906/3906/3906
usemtl letters
v 0.27169 0.88829 0.79448
vn 0.00000 0.93385 -0.35767
vt 0 0
v 0.26710 0.89002 0.79900
vn 0.00000 0.93385 -0.35767
vt 1 0
v 0.26973 0.89002 0.79900
vn 0.00000 0.93385 -0.35767
vt 1 1
f 3907/3907/3907 3908/3908/3908 3909/3909/3909
usemtl letters
v 0.27169 0.88829 0.79448
vn 0.00006 0.93385 -0.35766
vt 0 0
v 0.26965 0.88775 0.79307
vn 0.00006 0.93385 -0.35766
vt 1 0
v 0.26710 0.89002 0.79900
vn 0.00006 0.93385 -0.35766
vt 1 1
f 3910/3910/3910 3911/3911/3911 3912/3912/3912
usemtl letters
v 0.28360 0.88774 0.79306
vn 0.00000 0.93384 -0.35768
vt 0 0
v 0.27664 0.88760 0.79268
vn 0.00000 0.93384 -0.35768
vt 1 0
v 0.28157 0.88829 0.79448
vn 0.00000 0.93384 -0.35768
vt 1 1
f 3913/3913/3913 3914/3914/3914 3915/3915/3915
usemtl letters
v 0.27664 0.88760 0.79268
vn 0.00002 0.93386 -0.35765
vt 0 0
v 0.26965 0.88775 0.79307
vn 0.00002 0.93386 -0.35765
vt 1 0
v 0.27169 0.88829 0.79448
vn 0.00002 0.93386 -0.35765
vt 1 1
f 3916/3916/3916 3917/3917/3917 3918/3918/3918
usemtl letters
v 0.27664 0.88760 0.79268
vn 0.00003 0.93386 -0.35765
vt 0 0
v 0.27669 0.88676 0.79050
vn 0.00003 0.93386 -0.35765
vt 1 0
v 0.26965 0.88775 0.79307
vn 0.00003 0.93386 -0.35765
vt 1 1
f 3919/3919/3919 3920/3920/3920 3921/3921/3921
usemtl letters
v 0.27669 0.88676 0.79050
vn -0.00003 0.93386 -0.35765
vt 0 0
v 0.27664 0.88760 0.79268
vn -0.00003 0.93386 -0.35765
vt 1 0
v 0.28360 0.88774 0.79306
vn -0.00003 0.93386 -0.35765
vt 1 1
f 3922/3922/3922 3923/3923/3923 3924/3924/3924
usemtl letters
v 0.29814 0.88684 0.79072
vn -0.00002 0.93385 -0.35766
vt 0 0
v 0.29560 0.89319 0.80727
vn -0.00002 0.93385 -0.35766
vt 1 0
v 0.29814 0.89319 0.80728
vn -0.00002 0.93385 -0.35766
vt 1 1
f 3925/3925/3925 3926/3926/3926 3927/3927/3927
usemtl letters
v 0.29814 0.88684 0.79072
vn 0.00000 0.93385 -0.35766
vt 0 0
v 0.29560 0.88766 0.79285
vn 0.00000 0.93385 -0.35766
vt 1 0
v 0.29560 0.89319 0.80727
vn 0.00000 0.93385 -0.35766
vt 1 1
f 3928/3928/3928 3929/3929/3929 3930/3930/3930
usemtl letters
v 0.29814 0.88684 0.79072
vn 0.00000 0.93385 -0.35767
vt 0 0
v 0.28759 0.88766 0.79285
vn 0.00000 0.93385 -0.35767
vt 1 0
v 0.29560 0.88766 0.79285
vn 0.00000 0.93385 -0.35767
vt 1 1
f 3931/3931/3931 3932/3932/3932 3933/3933/3933
usemtl letters
v 0.29814 0.88684 0.79072
vn 0.00000 0.93384 -0.35768
vt 0 0
v 0.28759 0.88684 0.79072
vn 0.00000 0.93384 -0.35768
vt 1 0
v 0.28759 0.88766 0.79285
vn 0.00000 0.93384 -0.35768
vt 1 1
f 3934/3934/3934 3935/3935/3935 3936/3936/3936
usemtl letters
v 0.31448 0.89232 0.80502
vn 0.00005 0.93387 -0.35762
vt 0 0
v 0.30469 0.89315 0.80717
vn 0.00005 0.93387 -0.35762
vt 1 0
v 0.30750 0.89327 0.80749
vn 0.00005 0.93387 -0.35762
vt 1 1
f 3937/3937/3937 3938/3938/3938 3939/3939/3939
usemtl letters
v 0.31448 0.89232 0.80502
vn -0.00002 0.93384 -0.35770
vt 0 0
v 0.30142 0.89275 0.80613
vn -0.00002 0.93384 -0.35770
vt 1 0
v 0.30469 0.89315 0.80717
vn -0.00002 0.93384 -0.35770
vt 1 1
f 3940/3940/3940 3941/3941/3941 3942/3942/3942
usemtl letters
v 0.31448 0.89232 0.80502
vn 0.00000 0.93388 -0.35758
vt 0 0
v 0.30753 0.89243 0.80531
vn 0.00000 0.93388 -0.35758
vt 1 0
v 0.30142 0.89275 0.80613
vn 0.00000 0.93388 -0.35758
vt 1 1
f 3943/3943/3943 3944/3944/3944 3945/3945/3945
usemtl letters
v 0.30753 0.89243 0.80531
vn 0.00000 0.93385 -0.35768
vt 0 0
v 0.30452 0.89227 0.80489
vn 0.00000 0.93385 -0.35768
vt 1 0
v 0.30142 0.89275 0.80613
vn 0.00000 0.93385 -0.35768
vt 1 1
f 3946/3946/3946 3947/3947/3947 3948/3948/3948
usemtl letters
v 0.30452 0.89227 0.80489
vn 0.00000 0.93385 -0.35765
vt 0 0
v 0.30142 0.89177 0.80358
vn 0.00000 0.93385 -0.35765
vt 1 0
v 0.30142 0.89275 0.80613
vn 0.00000 0.93385 -0.35765
vt 1 1
f 3949/3949/3949 3950/3950/3950 3951/3951/3951
usemtl letters
v 0.31448 0.89232 0.80502
vn 0.00002 0.93384 -0.35768
vt 0 0
v 0.31259 0.89174 0.80351
vn 0.00002 0.93384 -0.35768
vt 1 0
v 0.30753 0.89243 0.80531
vn 0.00002 0.93384 -0.35768
vt 1 1
f 3952/3952/3952 3953/3953/3953 3954/3954/3954
usemtl letters
v 0.31723 0.88992 0.79875
vn -0.00001 0.93385 -0.35766
vt 0 0
v 0.31259 0.89174 0.80351
vn -0.00001 0.93385 -0.35766
vt 1 0
v 0.31448 0.89232 0.80502
vn -0.00001 0.93385 -0.35766
vt 1 1
f 3955/3955/3955 3956/3956/3956 3957/3957/3957
usemtl letters
v 0.31723 0.88992 0.79875
vn 0.00000 0.93385 -0.35767
vt 0 0
v 0.31460 0.89001 0.79897
vn 0.00000 0.93385 -0.35767
vt 1 0
v 0.31259 0.89174 0.80351
vn 0.00000 0.93385 -0.35767
vt 1 1
f 3958/3958/3958 3959/3959/3959 3960/3960/3960
usemtl letters
v 0.31723 0.88992 0.79875
vn 0.00000 0.93385 -0.35767
vt 0 0
v 0.31261 0.88827 0.79443
vn 0.00000 0.93385 -0.35767
vt 1 0
v 0.31460 0.89001 0.79897
vn 0.00000 0.93385 -0.35767
vt 1 1
f 3961/3961/3961 3962/3962/3962 3963/3963/3963
usemtl letters
v 0.31494 0.88784 0.79332
vn 0.00000 0.93385 -0.35767
vt 0 0
v 0.31261 0.88827 0.79443
vn 0.00000 0.93385 -0.35767
vt 1 0
v 0.31723 0.88992 0.79875
vn 0.00000 0.93385 -0.35767
vt 1 1
f 3964/3964/3964 3965/3965/3965 3966/3966/3966
usemtl letters
v 0.30433 0.88778 0.79316
vn 0.00000 0.93385 -0.35767
vt 0 0
v 0.30124 0.88732 0.79195
vn 0.00000 0.93385 -0.35767
vt 1 0
v 0.30124 0.88831 0.79455
vn 0.00000 0.93385 -0.35767
vt 1 1
f 3967/3967/3967 3968/3968/3968 3969/3969/3969
usemtl letters
v 0.31494 0.88784 0.79332
vn 0.00000 0.93385 -0.35766
vt 0 0
v 0.30743 0.88760 0.79268
vn 0.00000 0.93385 -0.35766
vt 1 0
v 0.31261 0.88827 0.79443
vn 0.00000 0.93385 -0.35766
vt 1 1
f 3970/3970/3970 3971/3971/3971 3972/3972/3972
usemtl letters
v 0.30766 0.88676 0.79050
vn 0.00001 0.93385 -0.35767
vt 0 0
v 0.30743 0.88760 0.79268
vn 0.00001 0.93385 -0.35767
vt 1 0
v 0.31494 0.88784 0.79332
vn 0.00001 0.93385 -0.35767
vt 1 1
f 3973/3973/3973 3974/3974/3974 3975/3975/3975
usemtl letters
v 0.30743 0.88760 0.79268
vn -0.00004 0.93385 -0.35766
vt 0 0
v 0.30124 0.88732 0.79195
vn -0.00004 0.93385 -0.35766
vt 1 0
v 0.30433 0.88778 0.79316
vn -0.00004 0.93385 -0.35766
vt 1 1
f 3976/3976/3976 3977/3977/3977 3978/3978/3978
usemtl letters
v 0.30766 0.88676 0.79050
vn -0.00002 0.93385 -0.35767
vt 0 0
v 0.30124 0.88732 0.79195
vn -0.00002 0.93385 -0.35767
vt 1 0
v 0.30743 0.88760 0.79268
vn -0.00002 0.93385 -0.35767
vt 1 1
f 3979/3979/3979 3980/3980/3980 3981/3981/3981
usemtl letters
v 0.30766 0.88676 0.79050
vn 0.00004 0.93386 -0.35764
vt 0 0
v 0.30406 0.88692 0.79091
vn 0.00004 0.93386 -0.35764
vt 1 0
v 0.30124 0.88732 0.79195
vn 0.00004 0.93386 -0.35764
vt 1 1
f 3982/3982/3982 3983/3983/3983 3984/3984/3984
usemtl steel
v 0.28475 0.88832 0.74890
vn 0.25882 0.34548 0.90203
vt 0 0
v 0.27000 0.88901 0.75072
vn 0.00000 0.35766 0.93385
vt 1 0
v 0.27000 0.86940 0.75823
vn 0.00000 0.35766 0.93385
vt 1 1
f 3985/3985/3985 3986/3986/3986 3987/3987/3987
usemtl steel
v 0.28475 0.88832 0.74890
vn 0.25882 0.34548 0.90203
vt 0 0
v 0.27000 0.86940 0.75823
vn 0.00000 0.35766 0.93385
vt 1 0
v 0.28475 0.86871 0.75642
vn 0.25882 0.34548 0.90203
vt 1 1
f 3988/3988/3988 3989/3989/3989 3990/3990/3990
usemtl steel
v 0.25525 0.88832 0.74890
vn -0.25882 0.34548 0.90203
vt 0 0
v 0.24150 0.88628 0.74359
vn -0.50000 0.30975 0.80874
vt 1 0
v 0.24150 0.86667 0.75110
vn -0.50000 0.30975 0.80874
vt 1 1
f 3991/3991/3991 3992/3992/3992 3993/3993/3993
usemtl steel
v 0.25525 0.88832 0.74890
vn -0.25882 0.34548 0.90203
vt 0 0
v 0.24150 0.86667 0.75110
vn -0.50000 0.30975 0.80874
vt 1 0
v 0.25525 0.86871 0.75642
vn -0.25882 0.34548 0.90203
vt 1 1
f 3994/3994/3994 3995/3995/3995 3996/3996/3996
usemtl steel
v 0.24150 0.88628 0.74359
vn -0.50000 0.30975 0.80874
vt 0 0
v 0.22969 0.88304 0.73513
vn -0.70711 0.25291 0.66033
vt 1 0
v 0.22969 0.86343 0.74264
vn -0.70711 0.25291 0.66033
vt 1 1
f 3997/3997/3997 3998/3998/3998 3999/3999/3999
usemtl steel
v 0.24150 0.88628 0.74359
vn -0.50000 0.30975 0.80874
vt 0 0
v 0.22969 0.86343 0.74264
vn -0.70711 0.25291 0.66033
vt 1 0
v 0.24150 0.86667 0.75110
vn -0.50000 0.30975 0.80874
vt 1 1
f 4000/4000/4000 4001/4001/4001 4002/4002/4002
usemtl steel
v 0.22969 0.88304 0.73513
vn -0.70711 0.25291 0.66033
vt 0 0
v 0.22064 0.87882 0.72410
vn -0.86603 0.17883 0.46692
vt 1 0
v 0.22064 0.85921 0.73161
vn -0.86603 0.17883 0.46692
vt 1 1
f 4003/4003/4003 4004/4004/4004 4005/4005/4005
usemtl steel
v 0.22969 0.88304 0.73513
vn -0.70711 0.25291 0.66033
vt 0 0
v 0.22064 0.85921 0.73161
vn -0.86603 0.17883 0.46692
vt 1 0
v 0.22969 0.86343 0.74264
vn -0.70711 0.25291 0.66033
vt 1 1
f 4006/4006/4006 4007/4007/4007 4008/4008/4008
usemtl steel
v 0.22064 0.87882 0.72410
vn -0.86603 0.17883 0.46692
vt 0 0
v 0.21494 0.87390 0.71127
vn -0.96593 0.09257 0.24170
vt 1 0
v 0.21494 0.85429 0.71878
vn -0.96593 0.09257 0.24170
vt 1 1
f 4009/4009/4009 4010/4010/4010 4011/4011/4011
usemtl steel
v 0.22064 0.87882 0.72410
vn -0.86603 0.17883 0.46692
vt 0 0
v 0.21494 0.85429 0.71878
vn -0.96593 0.09257 0.24170
vt 1 0
v 0.22064 0.85921 0.73161
vn -0.86603 0.17883 0.46692
vt 1 1
f 4012/4012/4012 4013/4013/4013 4014/4014/4014
usemtl steel
v 0.21494 0.87390 0.71127
vn -0.96593 0.09257 0.24170
vt 0 0
v 0.21300 0.86863 0.69749
vn -1.00000 0.00000 0.00000
vt 1 0
v 0.21300 0.84902 0.70500
vn -1.00000 0.00000 0.00000
vt 1 1
f 4015/4015/4015 4016/4016/4016 4017/4017/4017
usemtl steel
v 0.21494 0.87390 0.71127
vn -0.96593 0.09257 0.24170
vt 0 0
v 0.21300 0.84902 0.70500
vn -1.00000 0.00000 0.00000
vt 1 0
v 0.21494 0.85429 0.71878
vn -0.96593 0.09257 0.24170
vt 1 1
f 4018/4018/4018 4019/4019/4019 4020/4020/4020
usemtl steel
v 0.21300 0.86863 0.69749
vn -1.00000 0.00000 0.00000
vt 0 0
v 0.21494 0.86335 0.68371
vn -0.96593 -0.09257 -0.24170
vt 1 0
v 0.21494 0.84374 0.69122
vn -0.96593 -0.09257 -0.24170
vt 1 1
f 4021/4021/4021 4022/4022/4022 4023/4023/4023
usemtl steel
v 0.21300 0.86863 0.69749
vn -1.00000 0.00000 0.00000
vt 0 0
v 0.21494 0.84374 0.69122
vn -0.96593 -0.09257 -0.24170
vt 1 0
v 0.21300 0.84902 0.70500
vn -1.00000 0.00000 0.00000
vt 1 1
f 4024/4024/4024 4025/4025/4025 4026/4026/4026
usemtl steel
v 0.21494 0.86335 0.68371
vn -0.96593 -0.09257 -0.24170
vt 0 0
v 0.22064 0.85843 0.67087
vn -0.86602 -0.17883 -0.46693
vt 1 0
v 0.22064 0.83882 0.67839
vn -0.86602 -0.17883 -0.46693
vt 1 1
f 4027/4027/4027 4028/4028/4028 4029/4029/4029
usemtl steel
v 0.21494 0.86335 0.68371
vn -0.96593 -0.09257 -0.24170
vt 0 0
v 0.22064 0.83882 0.67839
vn -0.86602 -0.17883 -0.46693
vt 1 0
v 0.21494 0.84374 0.69122
vn -0.96593 -0.09257 -0.24170
vt 1 1
f 4030/4030/4030 4031/4031/4031 4032/4032/4032
usemtl steel
v 0.22064 0.85843 0.67087
vn -0.86602 -0.17883 -0.46693
vt 0 0
v 0.22969 0.85421 0.65985
vn -0.70711 -0.25291 -0.66033
vt 1 0
v 0.22969 0.83460 0.66736
vn -0.70711 -0.25291 -0.66033
vt 1 1
f 4033/4033/4033 4034/4034/4034 4035/4035/4035
usemtl steel
v 0.22064 0.85843 0.67087
vn -0.86602 -0.17883 -0.46693
vt 0 0
v 0.22969 0.83460 0.66736
vn -0.70711 -0.25291 -0.66033
vt 1 0
v 0.22064 0.83882 0.67839
vn -0.86602 -0.17883 -0.46693
vt 1 1
f 4036/4036/4036 4037/4037/4037 4038/4038/4038
usemtl steel
v 0.22969 0.85421 0.65985
vn -0.70711 -0.25291 -0.66033
vt 0 0
v 0.24150 0.85097 0.65139
vn -0.50000 -0.30975 -0.80874
vt 1 0
v 0.24150 0.83136 0.65890
vn -0.50000 -0.30975 -0.80874
vt 1 1
f 4039/4039/4039 4040/4040/4040 4041/4041/4041
usemtl steel
v 0.22969 0.85421 0.65985
vn -0.70711 -0.25291 -0.66033
vt 0 0
v 0.24150 0.83136 0.65890
vn -0.50000 -0.30975 -0.80874
vt 1 0
v 0.22969 0.83460 0.66736
vn -0.70711 -0.25291 -0.66033
vt 1 1
f 4042/4042/4042 4043/4043/4043 4044/4044/4044
usemtl steel
v 0.24150 0.85097 0.65139
vn -0.50000 -0.30975 -0.80874
vt 0 0
v 0.25525 0.84893 0.64607
vn -0.25882 -0.34548 -0.90203
vt 1 0
v 0.25525 0.82932 0.65358
vn -0.25882 -0.34548 -0.90203
vt 1 1
f 4045/4045/4045 4046/4046/4046 4047/4047/4047
usemtl steel
v 0.24150 0.85097 0.65139
vn -0.50000 -0.30975 -0.80874
vt 0 0
v 0.25525 0.82932 0.65358
vn -0.25882 -0.34548 -0.90203
vt 1 0
v 0.24150 0.83136 0.65890
vn -0.50000 -0.30975 -0.80874
vt 1 1
f 4048/4048/4048 4049/4049/4049 4050/4050/4050
usemtl steel
v 0.25525 0.84893 0.64607
vn -0.25882 -0.34548 -0.90203
vt 0 0
v 0.27000 0.84824 0.64426
vn 0.00000 -0.35767 -0.93385
vt 1 0
v 0.27000 0.82863 0.65177
vn 0.00000 -0.35767 -0.93385
vt 1 1
f 4051/4051/4051 4052/4052/4052 4053/4053/4053
usemtl steel
v 0.25525 0.84893 0.64607
vn -0.25882 -0.34548 -0.90203
vt 0 0
v 0.27000 0.82863 0.65177
vn 0.00000 -0.35767 -0.93385
vt 1 0
v 0.25525 0.82932 0.65358
vn -0.25882 -0.34548 -0.90203
vt 1 1
f 4054/4054/4054 4055/4055/4055 4056/4056/4056
usemtl steel
v 0.27000 0.84824 0.64426
vn 0.00000 -0.35767 -0.93385
vt 0 0
v 0.28475 0.84893 0.64607
vn 0.25882 -0.34548 -0.90203
vt 1 0
v 0.28475 0.82932 0.65358
vn 0.25882 -0.34548 -0.90203
vt 1 1
f 4057/4057/4057 4058/4058/4058 4059/4059/4059
usemtl steel
v 0.27000 0.84824 0.64426
vn 0.00000 -0.35767 -0.93385
vt 0 0
v 0.28475 0.82932 0.65358
vn 0.25882 -0.34548 -0.90203
vt 1 0
v 0.27000 0.82863 0.65177
vn 0.00000 -0.35767 -0.93385
vt 1 1
f 4060/4060/4060 4061/4061/4061 4062/4062/4062
usemtl steel
v 0.28475 0.84893 0.64607
vn 0.25882 -0.34548 -0.90203
vt 0 0
v 0.29850 0.85097 0.65139
vn 0.50000 -0.30975 -0.80874
vt 1 0
v 0.29850 0.83136 0.65890
vn 0.50000 -0.30975 -0.80874
vt 1 1
f 4063/4063/4063 4064/4064/4064 4065/4065/4065
usemtl steel
v 0.28475 0.84893 0.64607
vn 0.25882 -0.34548 -0.90203
vt 0 0
v 0.29850 0.83136 0.65890
vn 0.50000 -0.30975 -0.80874
vt 1 0
v 0.28475 0.82932 0.65358
vn 0.25882 -0.34548 -0.90203
vt 1 1
f 4066/4066/4066 4067/4067/4067 4068/4068/4068
usemtl steel
v 0.29850 0.85097 0.65139
vn 0.50000 -0.30975 -0.80874
vt 0 0
v 0.31031 0.85421 0.65985
vn 0.70711 -0.25291 -0.66033
vt 1 0
v 0.31031 0.83460 0.66736
vn 0.70711 -0.25291 -0.66033
vt 1 1
f 4069/4069/4069 4070/4070/4070 4071/4071/4071
usemtl steel
v 0.29850 0.85097 0.65139
vn 0.50000 -0.30975 -0.80874
vt 0 0
v 0.31031 0.83460 0.66736
vn 0.70711 -0.25291 -0.66033
vt 1 0
v 0.29850 0.83136 0.65890
vn 0.50000 -0.30975 -0.80874
vt 1 1
f 4072/4072/4072 4073/4073/4073 4074/4074/4074
usemtl steel
v 0.31031 0.85421 0.65985
vn 0.70711 -0.25291 -0.66033
vt 0 0
v 0.31936 0.85843 0.67087
vn 0.86603 -0.17883 -0.46692
vt 1 0
v 0.31936 0.83882 0.67839
vn 0.86603 -0.17883 -0.46692
vt 1 1
f 4075/4075/4075 4076/4076/4076 4077/4077/4077
usemtl steel
v 0.31031 0.85421 0.65985
vn 0.70711 -0.25291 -0.66033
vt 0 0
v 0.31936 0.83882 0.67839
vn 0.86603 -0.17883 -0.46692
vt 1 0
v 0.31031 0.83460 0.66736
vn 0.70711 -0.25291 -0.66033
vt 1 1
f 4078/4078/4078 4079/4079/4079 4080/4080/4080
usemtl steel
v 0.31936 0.85843 0.67087
vn 0.86603 -0.17883 -0.46692
vt 0 0
v 0.32506 0.86335 0.68371
vn 0.96593 -0.09257 -0.24170
vt 1 0
v 0.32506 0.84374 0.69122
vn 0.96593 -0.09257 -0.24170
vt 1 1
f 4081/4081/4081 4082/4082/4082 4083/4083/4083
usemtl steel
v 0.31936 0.85843 0.67087
vn 0.86603 -0.17883 -0.46692
vt 0 0
v 0.32506 0.84374 0.69122
vn 0.96593 -0.09257 -0.24170
vt 1 0
v 0.31936 0.83882 0.67839
vn 0.86603 -0.17883 -0.46692
vt 1 1
f 4084/4084/4084 4085/4085/4085 4086/4086/4086
usemtl steel
v 0.32506 0.86335 0.68371
vn 0.96593 -0.09257 -0.24170
vt 0 0
v 0.32700 0.86863 0.69749
vn 1.00000 -0.00000 -0.00000
vt 1 0
v 0.32700 0.84901 0.70500
vn 1.00000 -0.00000 -0.00000
vt 1 1
f 4087/4087/4087 4088/4088/4088 4089/4089/4089
usemtl steel
v 0.32506 0.86335 0.68371
vn 0.96593 -0.09257 -0.24170
vt 0 0
v 0.32700 0.84901 0.70500
vn 1.00000 -0.00000 -0.00000
vt 1 0
v 0.32506 0.84374 0.69122
vn 0.96593 -0.09257 -0.24170
vt 1 1
f 4090/4090/4090 4091/4091/4091 4092/4092/4092
usemtl steel
v 0.32700 0.86863 0.69749
vn 1.00000 -0.00000 -0.00000
vt 0 0
v 0.32506 0.87390 0.71127
vn 0.96593 0.09257 0.24170
vt 1 0
v 0.32506 0.85429 0.71878
vn 0.96593 0.09257 0.24170
vt 1 1
f 4093/4093/4093 4094/4094/4094 4095/4095/4095
usemtl steel
v 0.32700 0.86863 0.69749
vn 1.00000 -0.00000 -0.00000
vt 0 0
v 0.32506 0.85429 0.71878
vn 0.96593 0.09257 0.24170
vt 1 0
v 0.32700 0.84901 0.70500
vn 1.00000 -0.00000 -0.00000
vt 1 1
f 4096/4096/4096 4097/4097/4097 4098/4098/4098
usemtl steel
v 0.32506 0.87390 0.71127
vn 0.96593 0.09257 0.24170
vt 0 0
v 0.31936 0.87882 0.72410
vn 0.86603 0.17883 0.46692
vt 1 0
v 0.31936 0.85921 0.73161
vn 0.86603 0.17883 0.46692
vt 1 1
f 4099/4099/4099 4100/4100/4100 4101/4101/4101
usemtl steel
v 0.32506 0.87390 0.71127
vn 0.96593 0.09257 0.24170
vt 0 0
v 0.31936 0.85921 0.73161
vn 0.86603 0.17883 0.46692
vt 1 0
v 0.32506 0.85429 0.71878
vn 0.96593 0.09257 0.24170
vt 1 1
f 4102/4102/4102 4103/4103/4103 4104/4104/4104
usemtl steel
v 0.31936 0.87882 0.72410
vn 0.86603 0.17883 0.46692
vt 0 0
v 0.31031 0.88304 0.73513
vn 0.70711 0.25291 0.66033
vt 1 0
v 0.31031 0.86343 0.74264
vn 0.70711 0.25291 0.66033
vt 1 1
f 4105/4105/4105 4106/4106/4106 4107/4107/4107
usemtl steel
v 0.31936 0.87882 0.72410
vn 0.86603 0.17883 0.46692
vt 0 0
v 0.31031 0.86343 0.74264
vn 0.70711 0.25291 0.66033
vt 1 0
v 0.31936 0.85921 0.73161
vn 0.86603 0.17883 0.46692
vt 1 1
f 4108/4108/4108 4109/4109/4109 4110/4110/4110
usemtl steel
v 0.31031 0.88304 0.73513
vn 0.70711 0.25291 0.66033
vt 0 0
v 0.29850 0.88628 0.74359
vn 0.50000 0.30975 0.80874
vt 1 0
v 0.29850 0.86667 0.75110
vn 0.50000 0.30975 0.80874
vt 1 1
f 4111/4111/4111 4112/4112/4112 4113/4113/4113
usemtl steel
v 0.31031 0.88304 0.73513
vn 0.70711 0.25291 0.66033
vt 0 0
v 0.29850 0.86667 0.75110
vn 0.50000 0.30975 0.80874
vt 1 0
v 0.31031 0.86343 0.74264
vn 0.70711 0.25291 0.66033
vt 1 1
f 4114/4114/4114 4115/4115/4115 4116/4116/4116
usemtl steel
v 0.25525 0.88832 0.74890
vn 0.00000 0.93385 -0.35767
vt 0 0
v 0.27000 0.88901 0.75072
vn 0.00000 0.93385 -0.35767
vt 1 0
v 0.28475 0.88832 0.74890
vn 0.00000 0.93385 -0.35767
vt 1 1
f 4117/4117/4117 4118/4118/4118 4119/4119/4119
usemtl steel
v 0.28475 0.88832 0.74890
vn 0.00000 0.93385 -0.35767
vt 0 0
v 0.29850 0.88628 0.74359
vn 0.00000 0.93385 -0.35767
vt 1 0
v 0.31031 0.88304 0.73513
vn 0.00000 0.93385 -0.35767
vt 1 1
f 4120/4120/4120 4121/4121/4121 4122/4122/4122
usemtl steel
v 0.31031 0.88304 0.73513
vn 0.00000 0.93385 -0.35767
vt 0 0
v 0.31936 0.87882 0.72410
vn 0.00000 0.93385 -0.35767
vt 1 0
v 0.32506 0.87390 0.71127
vn 0.00000 0.93385 -0.35767
vt 1 1
f 4123/4123/4123 4124/4124/4124 4125/4125/4125
usemtl steel
v 0.32506 0.87390 0.71127
vn 0.00000 0.93385 -0.35767
vt 0 0
v 0.32700 0.86863 0.69749
vn 0.00000 0.93385 -0.35767
vt 1 0
v 0.32506 0.86335 0.68371
vn 0.00000 0.93385 -0.35767
vt 1 1
f 4126/4126/4126 4127/4127/4127 4128/4128/4128
usemtl steel
v 0.32506 0.86335 0.68371
vn 0.00000 0.93385 -0.35767
vt 0 0
v 0.31936 0.85843 0.67087
vn 0.00000 0.93385 -0.35767
vt 1 0
v 0.31031 0.85421 0.65985
vn 0.00000 0.93385 -0.35767
vt 1 1
f 4129/4129/4129 4130/4130/4130 4131/4131/4131
usemtl steel
v 0.31031 0.85421 0.65985
vn 0.00000 0.93385 -0.35767
vt 0 0
v 0.29850 0.85097 0.65139
vn 0.00000 0.93385 -0.35767
vt 1 0
v 0.28475 0.84893 0.64607
vn 0.00000 0.93385 -0.35767
vt 1 1
f 4132/4132/4132 4133/4133/4133 4134/4134/4134
usemtl steel
v 0.28475 0.84893 0.64607
vn 0.00000 0.93385 -0.35767
vt 0 0
v 0.27000 0.84824 0.64426
vn 0.00000 0.93385 -0.35767
vt 1 0
v 0.25525 0.84893 0.64607
vn 0.00000 0.93385 -0.35767
vt 1 1
f 4135/4135/4135 4136/4136/4136 4137/4137/4137
usemtl steel
v 0.25525 0.84893 0.64607
vn 0.00000 0.93385 -0.35767
vt 0 0
v 0.24150 0.85097 0.65139
vn 0.00000 0.93385 -0.35767
vt 1 0
v 0.22969 0.85421 0.65985
vn 0.00000 0.93385 -0.35767
vt 1 1
f 4138/4138/4138 4139/4139/4139 4140/4140/4140
usemtl steel
v 0.22969 0.85421 0.65985
vn 0.00000 0.93385 -0.35767
vt 0 0
v 0.22064 0.85843 0.67087
vn 0.00000 0.93385 -0.35767
vt 1 0
v 0.21494 0.86335 0.68371
vn 0.00000 0.93385 -0.35767
vt 1 1
f 4141/4141/4141 4142/4142/4142 4143/4143/4143
usemtl steel
v 0.21494 0.86335 0.68371
vn 0.00000 0.93385 -0.35767
vt 0 0
v 0.21300 0.86863 0.69749
vn 0.00000 0.93385 -0.35767
vt 1 0
v 0.21494 0.87390 0.71127
vn 0.00000 0.93385 -0.35767
vt 1 1
f 4144/4144/4144 4145/4145/4145 4146/4146/4146
usemtl steel
v 0.21494 0.87390 0.71127
vn 0.00000 0.93385 -0.35767
vt 0 0
v 0.22064 0.87882 0.72410
vn 0.00000 0.93385 -0.35767
vt 1 0
v 0.22969 0.88304 0.73513
vn 0.00000 0.93385 -0.35767
vt 1 1
f 4147/4147/4147 4148/4148/4148 4149/4149/4149
usemtl steel
v 0.22969 0.88304 0.73513
vn 0.00000 0.93385 -0.35767
vt 0 0
v 0.24150 0.88628 0.74359
vn 0.00000 0.93385 -0.35767
vt 1 0
v 0.25525 0.88832 0.74890
vn 0.00000 0.93385 -0.35767
vt 1 1
f 4150/4150/4150 4151/4151/4151 4152/4152/4152
usemtl steel
v 0.25525 0.88832 0.74890
vn 0.00000 0.93385 -0.35767
vt 0 0
v 0.28475 0.88832 0.74890
vn 0.00000 0.93385 -0.35767
vt 1 0
v 0.31031 0.88304 0.73513
vn 0.00000 0.93385 -0.35767
vt 1 1
f 4153/4153/4153 4154/4154/4154 4155/4155/4155
usemtl steel
v 0.31031 0.88304 0.73513
vn 0.00000 0.93385 -0.35767
vt 0 0
v 0.32506 0.87390 0.71127
vn 0.00000 0.93385 -0.35767
vt 1 0
v 0.32506 0.86335 0.68371
vn 0.00000 0.93385 -0.35767
vt 1 1
f 4156/4156/4156 4157/4157/4157 4158/4158/4158
usemtl steel
v 0.32506 0.86335 0.68371
vn 0.00000 0.93385 -0.35767
vt 0 0
v 0.31031 0.85421 0.65985
vn 0.00000 0.93385 -0.35767
vt 1 0
v 0.28475 0.84893 0.64607
vn 0.00000 0.93385 -0.35767
vt 1 1
f 4159/4159/4159 4160/4160/4160 4161/4161/4161
usemtl steel
v 0.28475 0.84893 0.64607
vn 0.00000 0.93385 -0.35767
vt 0 0
v 0.25525 0.84893 0.64607
vn 0.00000 0.93385 -0.35767
vt 1 0
v 0.22969 0.85421 0.65985
vn 0.00000 0.93385 -0.35767
vt 1 1
f 4162/4162/4162 4163/4163/4163 4164/4164/4164
usemtl steel
v 0.22969 0.85421 0.65985
vn 0.00000 0.93385 -0.35767
vt 0 0
v 0.21494 0.86335 0.68371
vn 0.00000 0.93385 -0.35767
vt 1 0
v 0.21494 0.87390 0.71127
vn 0.00000 0.93385 -0.35767
vt 1 1
f 4165/4165/4165 4166/4166/4166 4167/4167/4167
usemtl steel
v 0.21494 0.87390 0.71127
vn 0.00000 0.93385 -0.35767
vt 0 0
v 0.22969 0.88304 0.73513
vn 0.00000 0.93385 -0.35767
vt 1 0
v 0.25525 0.88832 0.74890
vn 0.00000 0.93385 -0.35767
vt 1 1
f 4168/4168/4168 4169/4169/4169 4170/4170/4170
usemtl steel
v 0.25525 0.88832 0.74890
vn 0.00000 0.93385 -0.35767
vt 0 0
v 0.31031 0.88304 0.73513
vn 0.00000 0.93385 -0.35767
vt 1 0
v 0.32506 0.86335 0.68371
vn 0.00000 0.93385 -0.35767
vt 1 1
f 4171/4171/4171 4172/4172/4172 4173/4173/4173
usemtl steel
v 0.32506 0.86335 0.68371
vn 0.00000 0.93385 -0.35767
vt 0 0
v 0.28475 0.84893 0.64607
vn 0.00000 0.93385 -0.35767
vt 1 0
v 0.22969 0.85421 0.65985
vn 0.00000 0.93385 -0.35767
vt 1 1
f 4174/4174/4174 4175/4175/4175 4176/4176/4176
usemtl steel
v 0.22969 0.85421 0.65985
vn 0.00000 0.93385 -0.35767
vt 0 0
v 0.21494 0.87390 0.71127
vn 0.00000 0.93385 -0.35767
vt 1 0
v 0.25525 0.88832 0.74890
vn 0.00000 0.93385 -0.35767
vt 1 1
f 4177/4177/4177 4178/4178/4178 4179/4179/4179
usemtl steel
v 0.32506 0.86335 0.68371
vn 0.00000 0.93385 -0.35767
vt 0 0
v 0.22969 0.85421 0.65985
vn 0.00000 0.93385 -0.35767
vt 1 0
v 0.25525 0.88832 0.74890
vn 0.00000 0.93385 -0.35767
vt 1 1
f 4180/4180/4180 4181/4181/4181 4182/4182/4182
usemtl steel
v 0.29850 0.88628 0.74359
vn 0.50000 0.30975 0.80874
vt 0 0
v 0.28475 0.88832 0.74890
vn 0.25882 0.34548 0.90203
vt 1 0
v 0.28475 0.86871 0.75642
vn 0.25882 0.34548 0.90203
vt 1 1
f 4183/4183/4183 4184/4184/4184 4185/4185/4185
usemtl steel
v 0.29850 0.88628 0.74359
vn 0.50000 0.30975 0.80874
vt 0 0
v 0.28475 0.86871 0.75642
vn 0.25882 0.34548 0.90203
vt 1 0
v 0.29850 0.86667 0.75110
vn 0.50000 0.30975 0.80874
vt 1 1
f 4186/4186/4186 4187/4187/4187 4188/4188/4188
usemtl steel
v 0.28475 0.86871 0.75642
vn -0.00000 -0.93385 0.35767
vt 0 0
v 0.27000 0.86940 0.75823
vn -0.00000 -0.93385 0.35767
vt 1 0
v 0.25525 0.86871 0.75642
vn -0.00000 -0.93385 0.35767
vt 1 1
f 4189/4189/4189 4190/4190/4190 4191/4191/4191
usemtl steel
v 0.25525 0.86871 0.75642
vn -0.00000 -0.93385 0.35767
vt 0 0
v 0.24150 0.86667 0.75110
vn -0.00000 -0.93385 0.35767
vt 1 0
v 0.22969 0.86343 0.74264
vn -0.00000 -0.93385 0.35767
vt 1 1
f 4192/4192/4192 4193/4193/4193 4194/4194/4194
usemtl steel
v 0.22969 0.86343 0.74264
vn -0.00000 -0.93385 0.35767
vt 0 0
v 0.22064 0.85921 0.73161
vn -0.00000 -0.93385 0.35767
vt 1 0
v 0.21494 0.85429 0.71878
vn -0.00000 -0.93385 0.35767
vt 1 1
f 4195/4195/4195 4196/4196/4196 4197/4197/4197
usemtl steel
v 0.21494 0.85429 0.71878
vn -0.00000 -0.93385 0.35767
vt 0 0
v 0.21300 0.84902 0.70500
vn -0.00000 -0.93385 0.35767
vt 1 0
v 0.21494 0.84374 0.69122
vn -0.00000 -0.93385 0.35767
vt 1 1
f 4198/4198/4198 4199/4199/4199 4200/4200/4200
usemtl steel
v 0.21494 0.84374 0.69122
vn -0.00000 -0.93385 0.35767
vt 0 0
v 0.22064 0.83882 0.67839
vn -0.00000 -0.93385 0.35767
vt 1 0
v 0.22969 0.83460 0.66736
vn -0.00000 -0.93385 0.35767
vt 1 1
f 4201/4201/4201 4202/4202/4202 4203/4203/4203
usemtl steel
v 0.22969 0.83460 0.66736
vn -0.00000 -0.93385 0.35767
vt 0 0
v 0.24150 0.83136 0.65890
vn -0.00000 -0.93385 0.35767
vt 1 0
v 0.25525 0.82932 0.65358
vn -0.00000 -0.93385 0.35767
vt 1 1
f 4204/4204/4204 4205/4205/4205 4206/4206/4206
usemtl steel
v 0.25525 0.82932 0.65358
vn -0.00000 -0.93385 0.35767
vt 0 0
v 0.27000 0.82863 0.65177
vn -0.00000 -0.93385 0.35767
vt 1 0
v 0.28475 0.82932 0.65358
vn -0.00000 -0.93385 0.35767
vt 1 1
f 4207/4207/4207 4208/4208/4208 4209/4209/4209
usemtl steel
v 0.28475 0.82932 0.65358
vn -0.00000 -0.93385 0.35767
vt 0 0
v 0.29850 0.83136 0.65890
vn -0.00000 -0.93385 0.35767
vt 1 0
v 0.31031 0.83460 0.66736
vn -0.00000 -0.93385 0.35767
vt 1 1
f 4210/4210/4210 4211/4211/4211 4212/4212/4212
usemtl steel
v 0.31031 0.83460 0.66736
vn -0.00000 -0.93385 0.35767
vt 0 0
v 0.31936 0.83882 0.67839
vn -0.00000 -0.93385 0.35767
vt 1 0
v 0.32506 0.84374 0.69122
vn -0.00000 -0.93385 0.35767
vt 1 1
f 4213/4213/4213 4214/4214/4214 4215/4215/4215
usemtl steel
v 0.32506 0.84374 0.69122
vn -0.00000 -0.93385 0.35767
vt 0 0
v 0.32700 0.84901 0.70500
vn -0.00000 -0.93385 0.35767
vt 1 0
v 0.32506 0.85429 0.71878
vn -0.00000 -0.93385 0.35767
vt 1 1
f 4216/4216/4216 4217/4217/4217 4218/4218/4218
usemtl steel
v 0.32506 0.85429 0.71878
vn -0.00000 -0.93385 0.35767
vt 0 0
v 0.31936 0.85921 0.73161
vn -0.00000 -0.93385 0.35767
vt 1 0
v 0.31031 0.86343 0.74264
vn -0.00000 -0.93385 0.35767
vt 1 1
f 4219/4219/4219 4220/4220/4220 4221/4221/4221
usemtl steel
v 0.31031 0.86343 0.74264
vn -0.00000 -0.93385 0.35767
vt 0 0
v 0.29850 0.86667 0.75110
vn -0.00000 -0.93385 0.35767
vt 1 0
v 0.28475 0.86871 0.75642
vn -0.00000 -0.93385 0.35767
vt 1 1
f 4222/4222/4222 4223/4223/4223 4224/4224/4224
usemtl steel
v 0.28475 0.86871 0.75642
vn -0.00000 -0.93385 0.35767
vt 0 0
v 0.25525 0.86871 0.75642
vn -0.00000 -0.93385 0.35767
vt 1 0
v 0.22969 0.86343 0.74264
vn -0.00000 -0.93385 0.35767
vt 1 1
f 4225/4225/4225 4226/4226/4226 4227/4227/4227
usemtl steel
v 0.22969 0.86343 0.74264
vn -0.00000 -0.93385 0.35767
vt 0 0
v 0.21494 0.85429 0.71878
vn -0.00000 -0.93385 0.35767
vt 1 0
v 0.21494 0.84374 0.69122
vn -0.00000 -0.93385 0.35767
vt 1 1
f 4228/4228/4228 4229/4229/4229 4230/4230/4230
usemtl steel
v 0.21494 0.84374 0.69122
vn -0.00000 -0.93385 0.35767
vt 0 0
v 0.22969 0.83460 0.66736
vn -0.00000 -0.93385 0.35767
vt 1 0
v 0.25525 0.82932 0.65358
vn -0.00000 -0.93385 0.35767
vt 1 1
f 4231/4231/4231 4232/4232/4232 4233/4233/4233
usemtl steel
v 0.25525 0.82932 0.65358
vn -0.00000 -0.93385 0.35767
vt 0 0
v 0.28475 0.82932 0.65358
vn -0.00000 -0.93385 0.35767
vt 1 0
v 0.31031 0.83460 0.66736
vn -0.00000 -0.93385 0.35767
vt 1 1
f 4234/4234/4234 4235/4235/4235 4236/4236/4236
usemtl steel
v 0.31031 0.83460 0.66736
vn -0.00000 -0.93385 0.35767
vt 0 0
v 0.32506 0.84374 0.69122
vn -0.00000 -0.93385 0.35767
vt 1 0
v 0.32506 0.85429 0.71878
vn -0.00000 -0.93385 0.35767
vt 1 1
f 4237/4237/4237 4238/4238/4238 4239/4239/4239
usemtl steel
v 0.32506 0.85429 0.71878
vn -0.00000 -0.93385 0.35767
vt 0 0
v 0.31031 0.86343 0.74264
vn -0.00000 -0.93385 0.35767
vt 1 0
v 0.28475 0.86871 0.75642
vn -0.00000 -0.93385 0.35767
vt 1 1
f 4240/4240/4240 4241/4241/4241 4242/4242/4242
usemtl steel
v 0.28475 0.86871 0.75642
vn -0.00000 -0.93385 0.35767
vt 0 0
v 0.22969 0.86343 0.74264
vn -0.00000 -0.93385 0.35767
vt 1 0
v 0.21494 0.84374 0.69122
vn -0.00000 -0.93385 0.35767
vt 1 1
f 4243/4243/4243 4244/4244/4244 4245/4245/4245
usemtl steel
v 0.21494 0.84374 0.69122
vn -0.00000 -0.93385 0.35767
vt 0 0
v 0.25525 0.82932 0.65358
vn -0.00000 -0.93385 0.35767
vt 1 0
v 0.31031 0.83460 0.66736
vn -0.00000 -0.93385 0.35767
vt 1 1
f 4246/4246/4246 4247/4247/4247 4248/4248/4248
usemtl steel
v 0.31031 0.83460 0.66736
vn -0.00000 -0.93385 0.35767
vt 0 0
v 0.32506 0.85429 0.71878
vn -0.00000 -0.93385 0.35767
vt 1 0
v 0.28475 0.86871 0.75642
vn -0.00000 -0.93385 0.35767
vt 1 1
f 4249/4249/4249 4250/4250/4250 4251/4251/4251
usemtl steel
v 0.21494 0.84374 0.69122
vn -0.00000 -0.93385 0.35767
vt 0 0
v 0.31031 0.83460 0.66736
vn -0.00000 -0.93385 0.35767
vt 1 0
v 0.28475 0.86871 0.75642
vn -0.00000 -0.93385 0.35767
vt 1 1
f 4252/4252/4252 4253/4253/4253 4254/4254/4254
usemtl steel
v 0.27000 0.88901 0.75072
vn 0.00000 0.35766 0.93385
vt 0 0
v 0.25525 0.88832 0.74890
vn -0.25882 0.34548 0.90203
vt 1 0
v 0.25525 0.86871 0.75642
vn -0.25882 0.34548 0.90203
vt 1 1
f 4255/4255/4255 4256/4256/4256 4257/4257/4257
usemtl steel
v 0.27000 0.88901 0.75072
vn 0.00000 0.35766 0.93385
vt 0 0
v 0.25525 0.86871 0.75642
vn -0.25882 0.34548 0.90203
vt 1 0
v 0.27000 0.86940 0.75823
vn 0.00000 0.35766 0.93385
vt 1 1
f 4258/4258/4258 4259/4259/4259 4260/4260/4260
usemtl rubber
v 0.28216 0.89140 0.73738
vn 0.25882 0.34548 0.90203
vt 0 0
v 0.27000 0.89197 0.73888
vn -0.00000 0.35767 0.93385
vt 1 0
v 0.27000 0.86583 0.74889
vn 0.00000 0.35767 0.93385
vt 1 1
f 4261/4261/4261 4262/4262/4262 4263/4263/4263
usemtl rubber
v 0.28216 0.89140 0.73738
vn 0.25882 0.34548 0.90203
vt 0 0
v 0.27000 0.86583 0.74889
vn 0.00000 0.35767 0.93385
vt 1 0
v 0.28216 0.86525 0.74740
vn 0.25882 0.34548 0.90203
vt 1 1
f 4264/4264/4264 4265/4265/4265 4266/4266/4266
usemtl rubber
v 0.25784 0.89140 0.73738
vn -0.25882 0.34548 0.90203
vt 0 0
v 0.24650 0.88972 0.73300
vn -0.50000 0.30975 0.80874
vt 1 0
v 0.24650 0.86357 0.74301
vn -0.50000 0.30975 0.80874
vt 1 1
f 4267/4267/4267 4268/4268/4268 4269/4269/4269
usemtl rubber
v 0.25784 0.89140 0.73738
vn -0.25882 0.34548 0.90203
vt 0 0
v 0.24650 0.86357 0.74301
vn -0.50000 0.30975 0.80874
vt 1 0
v 0.25784 0.86525 0.74740
vn -0.25882 0.34548 0.90203
vt 1 1
f 4270/4270/4270 4271/4271/4271 4272/4272/4272
usemtl rubber
v 0.24650 0.88972 0.73300
vn -0.50000 0.30975 0.80874
vt 0 0
v 0.23677 0.88705 0.72602
vn -0.70711 0.25291 0.66033
vt 1 0
v 0.23677 0.86090 0.73604
vn -0.70711 0.25291 0.66033
vt 1 1
f 4273/4273/4273 4274/4274/4274 4275/4275/4275
usemtl rubber
v 0.24650 0.88972 0.73300
vn -0.50000 0.30975 0.80874
vt 0 0
v 0.23677 0.86090 0.73604
vn -0.70711 0.25291 0.66033
vt 1 0
v 0.24650 0.86357 0.74301
vn -0.50000 0.30975 0.80874
vt 1 1
f 4276/4276/4276 4277/4277/4277 4278/4278/4278
usemtl rubber
v 0.23677 0.88705 0.72602
vn -0.70711 0.25291 0.66033
vt 0 0
v 0.22930 0.88357 0.71693
vn -0.86602 0.17883 0.46693
vt 1 0
v 0.22930 0.85742 0.72695
vn -0.86602 0.17883 0.46693
vt 1 1
f 4279/4279/4279 4280/4280/4280 4281/4281/4281
usemtl rubber
v 0.23677 0.88705 0.72602
vn -0.70711 0.25291 0.66033
vt 0 0
v 0.22930 0.85742 0.72695
vn -0.86602 0.17883 0.46693
vt 1 0
v 0.23677 0.86090 0.73604
vn -0.70711 0.25291 0.66033
vt 1 1
f 4282/4282/4282 4283/4283/4283 4284/4284/4284
usemtl rubber
v 0.22930 0.88357 0.71693
vn -0.86602 0.17883 0.46693
vt 0 0
v 0.22460 0.87951 0.70635
vn -0.96593 0.09257 0.24170
vt 1 0
v 0.22460 0.85337 0.71636
vn -0.96593 0.09257 0.24170
vt 1 1
f 4285/4285/4285 4286/4286/4286 4287/4287/4287
usemtl rubber
v 0.22930 0.88357 0.71693
vn -0.86602 0.17883 0.46693
vt 0 0
v 0.22460 0.85337 0.71636
vn -0.96593 0.09257 0.24170
vt 1 0
v 0.22930 0.85742 0.72695
vn -0.86602 0.17883 0.46693
vt 1 1
f 4288/4288/4288 4289/4289/4289 4290/4290/4290
usemtl rubber
v 0.22460 0.87951 0.70635
vn -0.96593 0.09257 0.24170
vt 0 0
v 0.22300 0.87516 0.69499
vn -1.00000 0.00000 0.00000
vt 1 0
v 0.22300 0.84902 0.70500
vn -1.00000 0.00000 0.00000
vt 1 1
f 4291/4291/4291 4292/4292/4292 4293/4293/4293
usemtl rubber
v 0.22460 0.87951 0.70635
vn -0.96593 0.09257 0.24170
vt 0 0
v 0.22300 0.84902 0.70500
vn -1.00000 0.00000 0.00000
vt 1 0
v 0.22460 0.85337 0.71636
vn -0.96593 0.09257 0.24170
vt 1 1
f 4294/4294/4294 4295/4295/4295 4296/4296/4296
usemtl rubber
v 0.22300 0.87516 0.69499
vn -1.00000 0.00000 0.00000
vt 0 0
v 0.22460 0.87081 0.68363
vn -0.96593 -0.09257 -0.24170
vt 1 0
v 0.22460 0.84466 0.69364
vn -0.96593 -0.09257 -0.24170
vt 1 1
f 4297/4297/4297 4298/4298/4298 4299/4299/4299
usemtl rubber
v 0.22300 0.87516 0.69499
vn -1.00000 0.00000 0.00000
vt 0 0
v 0.22460 0.84466 0.69364
vn -0.96593 -0.09257 -0.24170
vt 1 0
v 0.22300 0.84902 0.70500
vn -1.00000 0.00000 0.00000
vt 1 1
f 4300/4300/4300 4301/4301/4301 4302/4302/4302
usemtl rubber
v 0.22460 0.87081 0.68363
vn -0.96593 -0.09257 -0.24170
vt 0 0
v 0.22930 0.86676 0.67304
vn -0.86603 -0.17883 -0.46693
vt 1 0
v 0.22930 0.84061 0.68305
vn -0.86603 -0.17883 -0.46693
vt 1 1
f 4303/4303/4303 4304/4304/4304 4305/4305/4305
usemtl rubber
v 0.22460 0.87081 0.68363
vn -0.96593 -0.09257 -0.24170
vt 0 0
v 0.22930 0.84061 0.68305
vn -0.86603 -0.17883 -0.46693
vt 1 0
v 0.22460 0.84466 0.69364
vn -0.96593 -0.09257 -0.24170
vt 1 1
f 4306/4306/4306 4307/4307/4307 4308/4308/4308
usemtl rubber
v 0.22930 0.86676 0.67304
vn -0.86603 -0.17883 -0.46693
vt 0 0
v 0.23677 0.86328 0.66395
vn -0.70711 -0.25291 -0.66033
vt 1 0
v 0.23677 0.83713 0.67396
vn -0.70711 -0.25291 -0.66033
vt 1 1
f 4309/4309/4309 4310/4310/4310 4311/4311/4311
usemtl rubber
v 0.22930 0.86676 0.67304
vn -0.86603 -0.17883 -0.46693
vt 0 0
v 0.23677 0.83713 0.67396
vn -0.70711 -0.25291 -0.66033
vt 1 0
v 0.22930 0.84061 0.68305
vn -0.86603 -0.17883 -0.46693
vt 1 1
f 4312/4312/4312 4313/4313/4313 4314/4314/4314
usemtl rubber
v 0.23677 0.86328 0.66395
vn -0.70711 -0.25291 -0.66033
vt 0 0
v 0.24650 0.86060 0.65697
vn -0.50000 -0.30975 -0.80874
vt 1 0
v 0.24650 0.83446 0.66699
vn -0.50000 -0.30975 -0.80874
vt 1 1
f 4315/4315/4315 4316/4316/4316 4317/4317/4317
usemtl rubber
v 0.23677 0.86328 0.66395
vn -0.70711 -0.25291 -0.66033
vt 0 0
v 0.24650 0.83446 0.66699
vn -0.50000 -0.30975 -0.80874
vt 1 0
v 0.23677 0.83713 0.67396
vn -0.70711 -0.25291 -0.66033
vt 1 1
f 4318/4318/4318 4319/4319/4319 4320/4320/4320
usemtl rubber
v 0.24650 0.86060 0.65697
vn -0.50000 -0.30975 -0.80874
vt 0 0
v 0.25784 0.85893 0.65259
vn -0.25882 -0.34548 -0.90203
vt 1 0
v 0.25784 0.83278 0.66260
vn -0.25882 -0.34548 -0.90203
vt 1 1
f 4321/4321/4321 4322/4322/4322 4323/4323/4323
usemtl rubber
v 0.24650 0.86060 0.65697
vn -0.50000 -0.30975 -0.80874
vt 0 0
v 0.25784 0.83278 0.66260
vn -0.25882 -0.34548 -0.90203
vt 1 0
v 0.24650 0.83446 0.66699
vn -0.50000 -0.30975 -0.80874
vt 1 1
f 4324/4324/4324 4325/4325/4325 4326/4326/4326
usemtl rubber
v 0.25784 0.85893 0.65259
vn -0.25882 -0.34548 -0.90203
vt 0 0
v 0.27000 0.85835 0.65109
vn -0.00000 -0.35767 -0.93385
vt 1 0
v 0.27000 0.83220 0.66111
vn 0.00000 -0.35767 -0.93385
vt 1 1
f 4327/4327/4327 4328/4328/4328 4329/4329/4329
usemtl rubber
v 0.25784 0.85893 0.65259
vn -0.25882 -0.34548 -0.90203
vt 0 0
v 0.27000 0.83220 0.66111
vn 0.00000 -0.35767 -0.93385
vt 1 0
v 0.25784 0.83278 0.66260
vn -0.25882 -0.34548 -0.90203
vt 1 1
f 4330/4330/4330 4331/4331/4331 4332/4332/4332
usemtl rubber
v 0.27000 0.85835 0.65109
vn -0.00000 -0.35767 -0.93385
vt 0 0
v 0.28216 0.85893 0.65259
vn 0.25882 -0.34548 -0.90203
vt 1 0
v 0.28216 0.83278 0.66260
vn 0.25882 -0.34548 -0.90203
vt 1 1
f 4333/4333/4333 4334/4334/4334 4335/4335/4335
usemtl rubber
v 0.27000 0.85835 0.65109
vn -0.00000 -0.35767 -0.93385
vt 0 0
v 0.28216 0.83278 0.66260
vn 0.25882 -0.34548 -0.90203
vt 1 0
v 0.27000 0.83220 0.66111
vn 0.00000 -0.35767 -0.93385
vt 1 1
f 4336/4336/4336 4337/4337/4337 4338/4338/4338
usemtl rubber
v 0.28216 0.85893 0.65259
vn 0.25882 -0.34548 -0.90203
vt 0 0
v 0.29350 0.86060 0.65697
vn 0.50000 -0.30975 -0.80874
vt 1 0
v 0.29350 0.83446 0.66699
vn 0.50000 -0.30975 -0.80874
vt 1 1
f 4339/4339/4339 4340/4340/4340 4341/4341/4341
usemtl rubber
v 0.28216 0.85893 0.65259
vn 0.25882 -0.34548 -0.90203
vt 0 0
v 0.29350 0.83446 0.66699
vn 0.50000 -0.30975 -0.80874
vt 1 0
v 0.28216 0.83278 0.66260
vn 0.25882 -0.34548 -0.90203
vt 1 1
f 4342/4342/4342 4343/4343/4343 4344/4344/4344
usemtl rubber
v 0.29350 0.86060 0.65697
vn 0.50000 -0.30975 -0.80874
vt 0 0
v 0.30323 0.86328 0.66395
vn 0.70711 -0.25291 -0.66033
vt 1 0
v 0.30323 0.83713 0.67396
vn 0.70711 -0.25291 -0.66033
vt 1 1
f 4345/4345/4345 4346/4346/4346 4347/4347/4347
usemtl rubber
v 0.29350 0.86060 0.65697
vn 0.50000 -0.30975 -0.80874
vt 0 0
v 0.30323 0.83713 0.67396
vn 0.70711 -0.25291 -0.66033
vt 1 0
v 0.29350 0.83446 0.66699
vn 0.50000 -0.30975 -0.80874
vt 1 1
f 4348/4348/4348 4349/4349/4349 4350/4350/4350
usemtl rubber
v 0.30323 0.86328 0.66395
vn 0.70711 -0.25291 -0.66033
vt 0 0
v 0.31070 0.86676 0.67304
vn 0.86603 -0.17883 -0.46693
vt 1 0
v 0.31070 0.84061 0.68305
vn 0.86603 -0.17883 -0.46693
vt 1 1
f 4351/4351/4351 4352/4352/4352 4353/4353/4353
usemtl rubber
v 0.30323 0.86328 0.66395
vn 0.70711 -0.25291 -0.66033
vt 0 0
v 0.31070 0.84061 0.68305
vn 0.86603 -0.17883 -0.46693
vt 1 0
v 0.30323 0.83713 0.67396
vn 0.70711 -0.25291 -0.66033
vt 1 1
f 4354/4354/4354 4355/4355/4355 4356/4356/4356
usemtl rubber
v 0.31070 0.86676 0.67304
vn 0.86603 -0.17883 -0.46693
vt 0 0
v 0.31540 0.87081 0.68363
vn 0.96593 -0.09257 -0.24170
vt 1 0
v 0.31540 0.84466 0.69364
vn 0.96593 -0.09257 -0.24170
vt 1 1
f 4357/4357/4357 4358/4358/4358 4359/4359/4359
usemtl rubber
v 0.31070 0.86676 0.67304
vn 0.86603 -0.17883 -0.46693
vt 0 0
v 0.31540 0.84466 0.69364
vn 0.96593 -0.09257 -0.24170
vt 1 0
v 0.31070 0.84061 0.68305
vn 0.86603 -0.17883 -0.46693
vt 1 1
f 4360/4360/4360 4361/4361/4361 4362/4362/4362
usemtl rubber
v 0.31540 0.87081 0.68363
vn 0.96593 -0.09257 -0.24170
vt 0 0
v 0.31700 0.87516 0.69499
vn 1.00000 0.00000 0.00000
vt 1 0
v 0.31700 0.84901 0.70500
vn 1.00000 0.00000 0.00000
vt 1 1
f 4363/4363/4363 4364/4364/4364 4365/4365/4365
usemtl rubber
v 0.31540 0.87081 0.68363
vn 0.96593 -0.09257 -0.24170
vt 0 0
v 0.31700 0.84901 0.70500
vn 1.00000 0.00000 0.00000
vt 1 0
v 0.31540 0.84466 0.69364
vn 0.96593 -0.09257 -0.24170
vt 1 1
f 4366/4366/4366 4367/4367/4367 4368/4368/4368
usemtl rubber
v 0.31700 0.87516 0.69499
vn 1.00000 0.00000 0.00000
vt 0 0
v 0.31540 0.87951 0.70635
vn 0.96593 0.09257 0.24170
vt 1 0
v 0.31540 0.85337 0.71636
vn 0.96593 0.09257 0.24170
vt 1 1
f 4369/4369/4369 4370/4370/4370 4371/4371/4371
usemtl rubber
v 0.31700 0.87516 0.69499
vn 1.00000 0.00000 0.00000
vt 0 0
v 0.31540 0.85337 0.71636
vn 0.96593 0.09257 0.24170
vt 1 0
v 0.31700 0.84901 0.70500
vn 1.00000 0.00000 0.00000
vt 1 1
f 4372/4372/4372 4373/4373/4373 4374/4374/4374
usemtl rubber
v 0.31540 0.87951 0.70635
vn 0.96593 0.09257 0.24170
vt 0 0
v 0.31070 0.88357 0.71693
vn 0.86603 0.17883 0.46692
vt 1 0
v 0.31070 0.85742 0.72695
vn 0.86603 0.17883 0.46693
vt 1 1
f 4375/4375/4375 4376/4376/4376 4377/4377/4377
usemtl rubber
v 0.31540 0.87951 0.70635
vn 0.96593 0.09257 0.24170
vt 0 0
v 0.31070 0.85742 0.72695
vn 0.86603 0.17883 0.46693
vt 1 0
v 0.31540 0.85337 0.71636
vn 0.96593 0.09257 0.24170
vt 1 1
f 4378/4378/4378 4379/4379/4379 4380/4380/4380
usemtl rubber
v 0.31070 0.88357 0.71693
vn 0.86603 0.17883 0.46692
vt 0 0
v 0.30323 0.88705 0.72602
vn 0.70711 0.25291 0.66033
vt 1 0
v 0.30323 0.86090 0.73604
vn 0.70711 0.25291 0.66033
vt 1 1
f 4381/4381/4381 4382/4382/4382 4383/4383/4383
usemtl rubber
v 0.31070 0.88357 0.71693
vn 0.86603 0.17883 0.46692
vt 0 0
v 0.30323 0.86090 0.73604
vn 0.70711 0.25291 0.66033
vt 1 0
v 0.31070 0.85742 0.72695
vn 0.86603 0.17883 0.46693
vt 1 1
f 4384/4384/4384 4385/4385/4385 4386/4386/4386
usemtl rubber
v 0.30323 0.88705 0.72602
vn 0.70711 0.25291 0.66033
vt 0 0
v 0.29350 0.88972 0.73300
vn 0.50000 0.30975 0.80874
vt 1 0
v 0.29350 0.86357 0.74301
vn 0.50000 0.30975 0.80874
vt 1 1
f 4387/4387/4387 4388/4388/4388 4389/4389/4389
usemtl rubber
v 0.30323 0.88705 0.72602
vn 0.70711 0.25291 0.66033
vt 0 0
v 0.29350 0.86357 0.74301
vn 0.50000 0.30975 0.80874
vt 1 0
v 0.30323 0.86090 0.73604
vn 0.70711 0.25291 0.66033
vt 1 1
f 4390/4390/4390 4391/4391/4391 4392/4392/4392
usemtl rubber
v 0.25784 0.89140 0.73738
vn 0.00000 0.93385 -0.35766
vt 0 0
v 0.27000 0.89197 0.73888
vn 0.00000 0.93385 -0.35766
vt 1 0
v 0.28216 0.89140 0.73738
vn 0.00000 0.93385 -0.35766
vt 1 1
f 4393/4393/4393 4394/4394/4394 4395/4395/4395
usemtl rubber
v 0.28216 0.89140 0.73738
vn 0.00000 0.93385 -0.35766
vt 0 0
v 0.29350 0.88972 0.73300
vn 0.00000 0.93385 -0.35766
vt 1 0
v 0.30323 0.88705 0.72602
vn 0.00000 0.93385 -0.35766
vt 1 1
f 4396/4396/4396 4397/4397/4397 4398/4398/4398
usemtl rubber
v 0.30323 0.88705 0.72602
vn 0.00000 0.93385 -0.35766
vt 0 0
v 0.31070 0.88357 0.71693
vn 0.00000 0.93385 -0.35766
vt 1 0
v 0.31540 0.87951 0.70635
vn 0.00000 0.93385 -0.35766
vt 1 1
f 4399/4399/4399 4400/4400/4400 4401/4401/4401
usemtl rubber
v 0.31540 0.87951 0.70635
vn 0.00000 0.93385 -0.35766
vt 0 0
v 0.31700 0.87516 0.69499
vn 0.00000 0.93385 -0.35766
vt 1 0
v 0.31540 0.87081 0.68363
vn 0.00000 0.93385 -0.35766
vt 1 1
f 4402/4402/4402 4403/4403/4403 4404/4404/4404
usemtl rubber
v 0.31540 0.87081 0.68363
vn 0.00000 0.93385 -0.35766
vt 0 0
v 0.31070 0.86676 0.67304
vn 0.00000 0.93385 -0.35766
vt 1 0
v 0.30323 0.86328 0.66395
vn 0.00000 0.93385 -0.35766
vt 1 1
f 4405/4405/4405 4406/4406/4406 4407/4407/4407
usemtl rubber
v 0.30323 0.86328 0.66395
vn 0.00000 0.93385 -0.35766
vt 0 0
v 0.29350 0.86060 0.65697
vn 0.00000 0.93385 -0.35766
vt 1 0
v 0.28216 0.85893 0.65259
vn 0.00000 0.93385 -0.35766
vt 1 1
f 4408/4408/4408 4409/4409/4409 4410/4410/4410
usemtl rubber
v 0.28216 0.85893 0.65259
vn 0.00000 0.93385 -0.35766
vt 0 0
v 0.27000 0.85835 0.65109
vn 0.00000 0.93385 -0.35766
vt 1 0
v 0.25784 0.85893 0.65259
vn 0.00000 0.93385 -0.35766
vt 1 1
f 4411/4411/4411 4412/4412/4412 4413/4413/4413
usemtl rubber
v 0.25784 0.85893 0.65259
vn 0.00000 0.93385 -0.35766
vt 0 0
v 0.24650 0.86060 0.65697
vn 0.00000 0.93385 -0.35766
vt 1 0
v 0.23677 0.86328 0.66395
vn 0.00000 0.93385 -0.35766
vt 1 1
f 4414/4414/4414 4415/4415/4415 4416/4416/4416
usemtl rubber
v 0.23677 0.86328 0.66395
vn 0.00000 0.93385 -0.35766
vt 0 0
v 0.22930 0.86676 0.67304
vn 0.00000 0.93385 -0.35766
vt 1 0
v 0.22460 0.87081 0.68363
vn 0.00000 0.93385 -0.35766
vt 1 1
f 4417/4417/4417 4418/4418/4418 4419/4419/4419
usemtl rubber
v 0.22460 0.87081 0.68363
vn 0.00000 0.93385 -0.35766
vt 0 0
v 0.22300 0.87516 0.69499
vn 0.00000 0.93385 -0.35766
vt 1 0
v 0.22460 0.87951 0.70635
vn 0.00000 0.93385 -0.35766
vt 1 1
f 4420/4420/4420 4421/4421/4421 4422/4422/4422
usemtl rubber
v 0.22460 0.87951 0.70635
vn 0.00000 0.93385 -0.35766
vt 0 0
v 0.22930 0.88357 0.71693
vn 0.00000 0.93385 -0.35766
vt 1 0
v 0.23677 0.88705 0.72602
vn 0.00000 0.93385 -0.35766
vt 1 1
f 4423/4423/4423 4424/4424/4424 4425/4425/4425
usemtl rubber
v 0.23677 0.88705 0.72602
vn 0.00000 0.93385 -0.35766
vt 0 0
v 0.24650 0.88972 0.73300
vn 0.00000 0.93385 -0.35766
vt 1 0
v 0.25784 0.89140 0.73738
vn 0.00000 0.93385 -0.35766
vt 1 1
f 4426/4426/4426 4427/4427/4427 4428/4428/4428
usemtl rubber
v 0.25784 0.89140 0.73738
vn 0.00000 0.93385 -0.35766
vt 0 0
v 0.28216 0.89140 0.73738
vn 0.00000 0.93385 -0.35766
vt 1 0
v 0.30323 0.88705 0.72602
vn 0.00000 0.93385 -0.35766
vt 1 1
f 4429/4429/4429 4430/4430/4430 4431/4431/4431
usemtl rubber
v 0.30323 0.88705 0.72602
vn 0.00000 0.93385 -0.35766
vt 0 0
v 0.31540 0.87951 0.70635
vn 0.00000 0.93385 -0.35766
vt 1 0
v 0.31540 0.87081 0.68363
vn 0.00000 0.93385 -0.35766
vt 1 1
f 4432/4432/4432 4433/4433/4433 4434/4434/4434
usemtl rubber
v 0.31540 0.87081 0.68363
vn 0.00000 0.93385 -0.35766
vt 0 0
v 0.30323 0.86328 0.66395
vn 0.00000 0.93385 -0.35766
vt 1 0
v 0.28216 0.85893 0.65259
vn 0.00000 0.93385 -0.35766
vt 1 1
f 4435/4435/4435 4436/4436/4436 4437/4437/4437
usemtl rubber
v 0.28216 0.85893 0.65259
vn 0.00000 0.93385 -0.35766
vt 0 0
v 0.25784 0.85893 0.65259
vn 0.00000 0.93385 -0.35766
vt 1 0
v 0.23677 0.86328 0.66395
vn 0.00000 0.93385 -0.35766
vt 1 1
f 4438/4438/4438 4439/4439/4439 4440/4440/4440
usemtl rubber
v 0.23677 0.86328 0.66395
vn 0.00000 0.93385 -0.35766
vt 0 0
v 0.22460 0.87081 0.68363
vn 0.00000 0.93385 -0.35766
vt 1 0
v 0.22460 0.87951 0.70635
vn 0.00000 0.93385 -0.35766
vt 1 1
f 4441/4441/4441 4442/4442/4442 4443/4443/4443
usemtl rubber
v 0.22460 0.87951 0.70635
vn 0.00000 0.93385 -0.35766
vt 0 0
v 0.23677 0.88705 0.72602
vn 0.00000 0.93385 -0.35766
vt 1 0
v 0.25784 0.89140 0.73738
vn 0.00000 0.93385 -0.35766
vt 1 1
f 4444/4444/4444 4445/4445/4445 4446/4446/4446
usemtl rubber
v 0.25784 0.89140 0.73738
vn 0.00000 0.93385 -0.35766
vt 0 0
v 0.30323 0.88705 0.72602
vn 0.00000 0.93385 -0.35766
vt 1 0
v 0.31540 0.87081 0.68363
vn 0.00000 0.93385 -0.35766
vt 1 1
f 4447/4447/4447 4448/4448/4448 4449/4449/4449
usemtl rubber
v 0.31540 0.87081 0.68363
vn 0.00000 0.93385 -0.35766
vt 0 0
v 0.28216 0.85893 0.65259
vn 0.00000 0.93385 -0.35766
vt 1 0
v 0.23677 0.86328 0.66395
vn 0.00000 0.93385 -0.35766
vt 1 1
f 4450/4450/4450 4451/4451/4451 4452/4452/4452
usemtl rubber
v 0.23677 0.86328 0.66395
vn 0.00000 0.93385 -0.35766
vt 0 0
v 0.22460 0.87951 0.70635
vn 0.00000 0.93385 -0.35766
vt 1 0
v 0.25784 0.89140 0.73738
vn 0.00000 0.93385 -0.35766
vt 1 1
f 4453/4453/4453 4454/4454/4454 4455/4455/4455
usemtl rubber
v 0.31540 0.87081 0.68363
vn 0.00000 0.93385 -0.35766
vt 0 0
v 0.23677 0.86328 0.66395
vn 0.00000 0.93385 -0.35766
vt 1 0
v 0.25784 0.89140 0.73738
vn 0.00000 0.93385 -0.35766
vt 1 1
f 4456/4456/4456 4457/4457/4457 4458/4458/4458
usemtl rubber
v 0.29350 0.88972 0.73300
vn 0.50000 0.30975 0.80874
vt 0 0
v 0.28216 0.89140 0.73738
vn 0.25882 0.34548 0.90203
vt 1 0
v 0.28216 0.86525 0.74740
vn 0.25882 0.34548 0.90203
vt 1 1
f 4459/4459/4459 4460/4460/4460 4461/4461/4461
usemtl rubber
v 0.29350 0.88972 0.73300
vn 0.50000 0.30975 0.80874
vt 0 0
v 0.28216 0.86525 0.74740
vn 0.25882 0.34548 0.90203
vt 1 0
v 0.29350 0.86357 0.74301
vn 0.50000 0.30975 0.80874
vt 1 1
f 4462/4462/4462 4463/4463/4463 4464/4464/4464
usemtl rubber
v 0.28216 0.86525 0.74740
vn 0.00000 -0.93385 0.35767
vt 0 0
v 0.27000 0.86583 0.74889
vn 0.00000 -0.93385 0.35767
vt 1 0
v 0.25784 0.86525 0.74740
vn 0.00000 -0.93385 0.35767
vt 1 1
f 4465/4465/4465 4466/4466/4466 4467/4467/4467
usemtl rubber
v 0.25784 0.86525 0.74740
vn 0.00000 -0.93385 0.35767
vt 0 0
v 0.24650 0.86357 0.74301
vn 0.00000 -0.93385 0.35767
vt 1 0
v 0.23677 0.86090 0.73604
vn 0.00000 -0.93385 0.35767
vt 1 1
f 4468/4468/4468 4469/4469/4469 4470/4470/4470
usemtl rubber
v 0.23677 0.86090 0.73604
vn 0.00000 -0.93385 0.35767
vt 0 0
v 0.22930 0.85742 0.72695
vn 0.00000 -0.93385 0.35767
vt 1 0
v 0.22460 0.85337 0.71636
vn 0.00000 -0.93385 0.35767
vt 1 1
f 4471/4471/4471 4472/4472/4472 4473/4473/4473
usemtl rubber
v 0.22460 0.85337 0.71636
vn 0.00000 -0.93385 0.35767
vt 0 0
v 0.22300 0.84902 0.70500
vn 0.00000 -0.93385 0.35767
vt 1 0
v 0.22460 0.84466 0.69364
vn 0.00000 -0.93385 0.35767
vt 1 1
f 4474/4474/4474 4475/4475/4475 4476/4476/4476
usemtl rubber
v 0.22460 0.84466 0.69364
vn 0.00000 -0.93385 0.35767
vt 0 0
v 0.22930 0.84061 0.68305
vn 0.00000 -0.93385 0.35767
vt 1 0
v 0.23677 0.83713 0.67396
vn 0.00000 -0.93385 0.35767
vt 1 1
f 4477/4477/4477 4478/4478/4478 4479/4479/4479
usemtl rubber
v 0.23677 0.83713 0.67396
vn 0.00000 -0.93385 0.35767
vt 0 0
v 0.24650 0.83446 0.66699
vn 0.00000 -0.93385 0.35767
vt 1 0
v 0.25784 0.83278 0.66260
vn 0.00000 -0.93385 0.35767
vt 1 1
f 4480/4480/4480 4481/4481/4481 4482/4482/4482
usemtl rubber
v 0.25784 0.83278 0.66260
vn 0.00000 -0.93385 0.35767
vt 0 0
v 0.27000 0.83220 0.66111
vn 0.00000 -0.93385 0.35767
vt 1 0
v 0.28216 0.83278 0.66260
vn 0.00000 -0.93385 0.35767
vt 1 1
f 4483/4483/4483 4484/4484/4484 4485/4485/4485
usemtl rubber
v 0.28216 0.83278 0.66260
vn 0.00000 -0.93385 0.35767
vt 0 0
v 0.29350 0.83446 0.66699
vn 0.00000 -0.93385 0.35767
vt 1 0
v 0.30323 0.83713 0.67396
vn 0.00000 -0.93385 0.35767
vt 1 1
f 4486/4486/4486 4487/4487/4487 4488/4488/4488
usemtl rubber
v 0.30323 0.83713 0.67396
vn 0.00000 -0.93385 0.35767
vt 0 0
v 0.31070 0.84061 0.68305
vn 0.00000 -0.93385 0.35767
vt 1 0
v 0.31540 0.84466 0.69364
vn 0.00000 -0.93385 0.35767
vt 1 1
f 4489/4489/4489 4490/4490/4490 4491/4491/4491
usemtl rubber
v 0.31540 0.84466 0.69364
vn 0.00000 -0.93385 0.35767
vt 0 0
v 0.31700 0.84901 0.70500
vn 0.00000 -0.93385 0.35767
vt 1 0
v 0.31540 0.85337 0.71636
vn 0.00000 -0.93385 0.35767
vt 1 1
f 4492/4492/4492 4493/4493/4493 4494/4494/4494
usemtl rubber
v 0.31540 0.85337 0.71636
vn 0.00000 -0.93385 0.35767
vt 0 0
v 0.31070 0.85742 0.72695
vn 0.00000 -0.93385 0.35767
vt 1 0
v 0.30323 0.86090 0.73604
vn 0.00000 -0.93385 0.35767
vt 1 1
f 4495/4495/4495 4496/4496/4496 4497/4497/4497
usemtl rubber
v 0.30323 0.86090 0.73604
vn 0.00000 -0.93385 0.35767
vt 0 0
v 0.29350 0.86357 0.74301
vn 0.00000 -0.93385 0.35767
vt 1 0
v 0.28216 0.86525 0.74740
vn 0.00000 -0.93385 0.35767
vt 1 1
f 4498/4498/4498 4499/4499/4499 4500/4500/4500
usemtl rubber
v 0.28216 0.86525 0.74740
vn 0.00000 -0.93385 0.35767
vt 0 0
v 0.25784 0.86525 0.74740
vn 0.00000 -0.93385 0.35767
vt 1 0
v 0.23677 0.86090 0.73604
vn 0.00000 -0.93385 0.35767
vt 1 1
f 4501/4501/4501 4502/4502/4502 4503/4503/4503
usemtl rubber
v 0.23677 0.86090 0.73604
vn 0.00000 -0.93385 0.35767
vt 0 0
v 0.22460 0.85337 0.71636
vn 0.00000 -0.93385 0.35767
vt 1 0
v 0.22460 0.84466 0.69364
vn 0.00000 -0.93385 0.35767
vt 1 1
f 4504/4504/4504 4505/4505/4505 4506/4506/4506
usemtl rubber
v 0.22460 0.84466 0.69364
vn 0.00000 -0.93385 0.35767
vt 0 0
v 0.23677 0.83713 0.67396
vn 0.00000 -0.93385 0.35767
vt 1 0
v 0.25784 0.83278 0.66260
vn 0.00000 -0.93385 0.35767
vt 1 1
f 4507/4507/4507 4508/4508/4508 4509/4509/4509
usemtl rubber
v 0.25784 0.83278 0.66260
vn 0.00000 -0.93385 0.35767
vt 0 0
v 0.28216 0.83278 0.66260
vn 0.00000 -0.93385 0.35767
vt 1 0
v 0.30323 0.83713 0.67396
vn 0.00000 -0.93385 0.35767
vt 1 1
f 4510/4510/4510 4511/4511/4511 4512/4512/4512
usemtl rubber
v 0.30323 0.83713 0.67396
vn 0.00000 -0.93385 0.35767
vt 0 0
v 0.31540 0.84466 0.69364
vn 0.00000 -0.93385 0.35767
vt 1 0
v 0.31540 0.85337 0.71636
vn 0.00000 -0.93385 0.35767
vt 1 1
f 4513/4513/4513 4514/4514/4514 4515/4515/4515
usemtl rubber
v 0.31540 0.85337 0.71636
vn 0.00000 -0.93385 0.35767
vt 0 0
v 0.30323 0.86090 0.73604
vn 0.00000 -0.93385 0.35767
vt 1 0
v 0.28216 0.86525 0.74740
vn 0.00000 -0.93385 0.35767
vt 1 1
f 4516/4516/4516 4517/4517/4517 4518/4518/4518
usemtl rubber
v 0.28216 0.86525 0.74740
vn 0.00000 -0.93385 0.35767
vt 0 0
v 0.23677 0.86090 0.73604
vn 0.00000 -0.93385 0.35767
vt 1 0
v 0.22460 0.84466 0.69364
vn 0.00000 -0.93385 0.35767
vt 1 1
f 4519/4519/4519 4520/4520/4520 4521/4521/4521
usemtl rubber
v 0.22460 0.84466 0.69364
vn 0.00000 -0.93385 0.35767
vt 0 0
v 0.25784 0.83278 0.66260
vn 0.00000 -0.93385 0.35767
vt 1 0
v 0.30323 0.83713 0.67396
vn 0.00000 -0.93385 0.35767
vt 1 1
f 4522/4522/4522 4523/4523/4523 4524/4524/4524
usemtl rubber
v 0.30323 0.83713 0.67396
vn 0.00000 -0.93385 0.35767
vt 0 0
v 0.31540 0.85337 0.71636
vn 0.00000 -0.93385 0.35767
vt 1 0
v 0.28216 0.86525 0.74740
vn 0.00000 -0.93385 0.35767
vt 1 1
f 4525/4525/4525 4526/4526/4526 4527/4527/4527
usemtl rubber
v 0.22460 0.84466 0.69364
vn 0.00000 -0.93385 0.35767
vt 0 0
v 0.30323 0.83713 0.67396
vn 0.00000 -0.93385 0.35767
vt 1 0
v 0.28216 0.86525 0.74740
vn 0.00000 -0.93385 0.35767
vt 1 1
f 4528/4528/4528 4529/4529/4529 4530/4530/4530
usemtl rubber
v 0.27000 0.89197 0.73888
vn -0.00000 0.35767 0.93385
vt 0 0
v 0.25784 0.89140 0.73738
vn -0.25882 0.34548 0.90203
vt 1 0
v 0.25784 0.86525 0.74740
vn -0.25882 0.34548 0.90203
vt 1 1
f 4531/4531/4531 4532/4532/4532 4533/4533/4533
usemtl rubber
v 0.27000 0.89197 0.73888
vn -0.00000 0.35767 0.93385
vt 0 0
v 0.25784 0.86525 0.74740
vn -0.25882 0.34548 0.90203
vt 1 0
v 0.27000 0.86583 0.74889
vn 0.00000 0.35767 0.93385
vt 1 1
f 4534/4534/4534 4535/4535/4535 4536/4536/4536
usemtl steel
v 0.52769 0.81185 0.56044
vn 0.25882 0.34548 0.90203
vt 0 0
v 0.50000 0.81316 0.56384
vn 0.00000 0.35766 0.93385
vt 1 0
v 0.50000 0.79728 0.56992
vn 0.00000 0.35766 0.93385
vt 1 1
f 4537/4537/4537 4538/4538/4538 4539/4539/4539
usemtl steel
v 0.52769 0.81185 0.56044
vn 0.25882 0.34548 0.90203
vt 0 0
v 0.50000 0.79728 0.56992
vn 0.00000 0.35766 0.93385
vt 1 0
v 0.52769 0.79598 0.56652
vn 0.25882 0.34548 0.90203
vt 1 1
f 4540/4540/4540 4541/4541/4541 4542/4542/4542
usemtl steel
v 0.47231 0.81185 0.56044
vn -0.25882 0.34548 0.90203
vt 0 0
v 0.44650 0.80803 0.55045
vn -0.50000 0.30975 0.80874
vt 1 0
v 0.44650 0.79215 0.55653
vn -0.50000 0.30975 0.80874
vt 1 1
f 4543/4543/4543 4544/4544/4544 4545/4545/4545
usemtl steel
v 0.47231 0.81185 0.56044
vn -0.25882 0.34548 0.90203
vt 0 0
v 0.44650 0.79215 0.55653
vn -0.50000 0.30975 0.80874
vt 1 0
v 0.47231 0.79598 0.56652
vn -0.25882 0.34548 0.90203
vt 1 1
f 4546/4546/4546 4547/4547/4547 4548/4548/4548
usemtl steel
v 0.44650 0.80803 0.55045
vn -0.50000 0.30975 0.80874
vt 0 0
v 0.42434 0.80195 0.53458
vn -0.70711 0.25291 0.66033
vt 1 0
v 0.42434 0.78607 0.54066
vn -0.70711 0.25291 0.66033
vt 1 1
f 4549/4549/4549 4550/4550/4550 4551/4551/4551
usemtl steel
v 0.44650 0.80803 0.55045
vn -0.50000 0.30975 0.80874
vt 0 0
v 0.42434 0.78607 0.54066
vn -0.70711 0.25291 0.66033
vt 1 0
v 0.44650 0.79215 0.55653
vn -0.50000 0.30975 0.80874
vt 1 1
f 4552/4552/4552 4553/4553/4553 4554/4554/4554
usemtl steel
v 0.42434 0.80195 0.53458
vn -0.70711 0.25291 0.66033
vt 0 0
v 0.40734 0.79402 0.51388
vn -0.86603 0.17883 0.46692
vt 1 0
v 0.40734 0.77815 0.51996
vn -0.86603 0.17883 0.46692
vt 1 1
f 4555/4555/4555 4556/4556/4556 4557/4557/4557
usemtl steel
v 0.42434 0.80195 0.53458
vn -0.70711 0.25291 0.66033
vt 0 0
v 0.40734 0.77815 0.51996
vn -0.86603 0.17883 0.46692
vt 1 0
v 0.42434 0.78607 0.54066
vn -0.70711 0.25291 0.66033
vt 1 1
f 4558/4558/4558 4559/4559/4559 4560/4560/4560
usemtl steel
v 0.40734 0.79402 0.51388
vn -0.86603 0.17883 0.46692
vt 0 0
v 0.39665 0.78479 0.48978
vn -0.96593 0.09257 0.24170
vt 1 0
v 0.39665 0.76892 0.49586
vn -0.96593 0.09257 0.24170
vt 1 1
f 4561/4561/4561 4562/4562/4562 4563/4563/4563
usemtl steel
v 0.40734 0.79402 0.51388
vn -0.86603 0.17883 0.46692
vt 0 0
v 0.39665 0.76892 0.49586
vn -0.96593 0.09257 0.24170
vt 1 0
v 0.40734 0.77815 0.51996
vn -0.86603 0.17883 0.46692
vt 1 1
f 4564/4564/4564 4565/4565/4565 4566/4566/4566
usemtl steel
v 0.39665 0.78479 0.48978
vn -0.96593 0.09257 0.24170
vt 0 0
v 0.39300 0.77489 0.46392
vn -1.00000 0.00000 0.00000
vt 1 0
v 0.39300 0.75901 0.47000
vn -1.00000 0.00000 -0.00000
vt 1 1
f 4567/4567/4567 4568/4568/4568 4569/4569/4569
usemtl steel
v 0.39665 0.78479 0.48978
vn -0.96593 0.09257 0.24170
vt 0 0
v 0.39300 0.75901 0.47000
vn -1.00000 0.00000 -0.00000
vt 1 0
v 0.39665 0.76892 0.49586
vn -0.96593 0.09257 0.24170
vt 1 1
f 4570/4570/4570 4571/4571/4571 4572/4572/4572
usemtl steel
v 0.39300 0.77489 0.46392
vn -1.00000 0.00000 0.00000
vt 0 0
v 0.39665 0.76498 0.43806
vn -0.96593 -0.09257 -0.24170
vt 1 0
v 0.39665 0.74910 0.44414
vn -0.96593 -0.09257 -0.24170
vt 1 1
f 4573/4573/4573 4574/4574/4574 4575/4575/4575
usemtl steel
v 0.39300 0.77489 0.46392
vn -1.00000 0.00000 0.00000
vt 0 0
v 0.39665 0.74910 0.44414
vn -0.96593 -0.09257 -0.24170
vt 1 0
v 0.39300 0.75901 0.47000
vn -1.00000 0.00000 -0.00000
vt 1 1
f 4576/4576/4576 4577/4577/4577 4578/4578/4578
usemtl steel
v 0.39665 0.76498 0.43806
vn -0.96593 -0.09257 -0.24170
vt 0 0
v 0.40734 0.75575 0.41396
vn -0.86603 -0.17883 -0.46692
vt 1 0
v 0.40734 0.73987 0.42004
vn -0.86603 -0.17883 -0.46692
vt 1 1
f 4579/4579/4579 4580/4580/4580 4581/4581/4581
usemtl steel
v 0.39665 0.76498 0.43806
vn -0.96593 -0.09257 -0.24170
vt 0 0
v 0.40734 0.73987 0.42004
vn -0.86603 -0.17883 -0.46692
vt 1 0
v 0.39665 0.74910 0.44414
vn -0.96593 -0.09257 -0.24170
vt 1 1
f 4582/4582/4582 4583/4583/4583 4584/4584/4584
usemtl steel
v 0.40734 0.75575 0.41396
vn -0.86603 -0.17883 -0.46692
vt 0 0
v 0.42434 0.74782 0.39326
vn -0.70711 -0.25291 -0.66033
vt 1 0
v 0.42434 0.73195 0.39934
vn -0.70711 -0.25291 -0.66033
vt 1 1
f 4585/4585/4585 4586/4586/4586 4587/4587/4587
usemtl steel
v 0.40734 0.75575 0.41396
vn -0.86603 -0.17883 -0.46692
vt 0 0
v 0.42434 0.73195 0.39934
vn -0.70711 -0.25291 -0.66033
vt 1 0
v 0.40734 0.73987 0.42004
vn -0.86603 -0.17883 -0.46692
vt 1 1
f 4588/4588/4588 4589/4589/4589 4590/4590/4590
usemtl steel
v 0.42434 0.74782 0.39326
vn -0.70711 -0.25291 -0.66033
vt 0 0
v 0.44650 0.74174 0.37738
vn -0.50000 -0.30975 -0.80874
vt 1 0
v 0.44650 0.72587 0.38347
vn -0.50000 -0.30975 -0.80874
vt 1 1
f 4591/4591/4591 4592/4592/4592 4593/4593/4593
usemtl steel
v 0.42434 0.74782 0.39326
vn -0.70711 -0.25291 -0.66033
vt 0 0
v 0.44650 0.72587 0.38347
vn -0.50000 -0.30975 -0.80874
vt 1 0
v 0.42434 0.73195 0.39934
vn -0.70711 -0.25291 -0.66033
vt 1 1
f 4594/4594/4594 4595/4595/4595 4596/4596/4596
usemtl steel
v 0.44650 0.74174 0.37738
vn -0.50000 -0.30975 -0.80874
vt 0 0
v 0.47231 0.73792 0.36740
vn -0.25882 -0.34548 -0.90203
vt 1 0
v 0.47231 0.72204 0.37348
vn -0.25882 -0.34548 -0.90203
vt 1 1
f 4597/4597/4597 4598/4598/4598 4599/4599/4599
usemtl steel
v 0.44650 0.74174 0.37738
vn -0.50000 -0.30975 -0.80874
vt 0 0
v 0.47231 0.72204 0.37348
vn -0.25882 -0.34548 -0.90203
vt 1 0
v 0.44650 0.72587 0.38347
vn -0.50000 -0.30975 -0.80874
vt 1 1
f 4600/4600/4600 4601/4601/4601 4602/4602/4602
usemtl steel
v 0.47231 0.73792 0.36740
vn -0.25882 -0.34548 -0.90203
vt 0 0
v 0.50000 0.73662 0.36400
vn -0.00000 -0.35766 -0.93385
vt 1 0
v 0.50000 0.72074 0.37008
vn -0.00000 -0.35766 -0.93385
vt 1 1
f 4603/4603/4603 4604/4604/4604 4605/4605/4605
usemtl steel
v 0.47231 0.73792 0.36740
vn -0.25882 -0.34548 -0.90203
vt 0 0
v 0.50000 0.72074 0.37008
vn -0.00000 -0.35766 -0.93385
vt 1 0
v 0.47231 0.72204 0.37348
vn -0.25882 -0.34548 -0.90203
vt 1 1
f 4606/4606/4606 4607/4607/4607 4608/4608/4608
usemtl steel
v 0.50000 0.73662 0.36400
vn -0.00000 -0.35766 -0.93385
vt 0 0
v 0.52769 0.73792 0.36740
vn 0.25882 -0.34548 -0.90203
vt 1 0
v 0.52769 0.72204 0.37348
vn 0.25882 -0.34548 -0.90203
vt 1 1
f 4609/4609/4609 4610/4610/4610 4611/4611/4611
usemtl steel
v 0.50000 0.73662 0.36400
vn -0.00000 -0.35766 -0.93385
vt 0 0
v 0.52769 0.72204 0.37348
vn 0.25882 -0.34548 -0.90203
vt 1 0
v 0.50000 0.72074 0.37008
vn -0.00000 -0.35766 -0.93385
vt 1 1
f 4612/4612/4612 4613/4613/4613 4614/4614/4614
usemtl steel
v 0.52769 0.73792 0.36740
vn 0.25882 -0.34548 -0.90203
vt 0 0
v 0.55350 0.74174 0.37738
vn 0.50000 -0.30975 -0.80874
vt 1 0
v 0.55350 0.72587 0.38347
vn 0.50000 -0.30975 -0.80874
vt 1 1
f 4615/4615/4615 4616/4616/4616 4617/4617/4617
usemtl steel
v 0.52769 0.73792 0.36740
vn 0.25882 -0.34548 -0.90203
vt 0 0
v 0.55350 0.72587 0.38347
vn 0.50000 -0.30975 -0.80874
vt 1 0
v 0.52769 0.72204 0.37348
vn 0.25882 -0.34548 -0.90203
vt 1 1
f 4618/4618/4618 4619/4619/4619 4620/4620/4620
usemtl steel
v 0.55350 0.74174 0.37738
vn 0.50000 -0.30975 -0.80874
vt 0 0
v 0.57566 0.74782 0.39326
vn 0.70711 -0.25291 -0.66033
vt 1 0
v 0.57566 0.73195 0.39934
vn 0.70711 -0.25291 -0.66033
vt 1 1
f 4621/4621/4621 4622/4622/4622 4623/4623/4623
usemtl steel
v 0.55350 0.74174 0.37738
vn 0.50000 -0.30975 -0.80874
vt 0 0
v 0.57566 0.73195 0.39934
vn 0.70711 -0.25291 -0.66033
vt 1 0
v 0.55350 0.72587 0.38347
vn 0.50000 -0.30975 -0.80874
vt 1 1
f 4624/4624/4624 4625/4625/4625 4626/4626/4626
usemtl steel
v 0.57566 0.74782 0.39326
vn 0.70711 -0.25291 -0.66033
vt 0 0
v 0.59266 0.75575 0.41396
vn 0.86603 -0.17883 -0.46692
vt 1 0
v 0.59266 0.73987 0.42004
vn 0.86603 -0.17883 -0.46692
vt 1 1
f 4627/4627/4627 4628/4628/4628 4629/4629/4629
usemtl steel
v 0.57566 0.74782 0.39326
vn 0.70711 -0.25291 -0.66033
vt 0 0
v 0.59266 0.73987 0.42004
vn 0.86603 -0.17883 -0.46692
vt 1 0
v 0.57566 0.73195 0.39934
vn 0.70711 -0.25291 -0.66033
vt 1 1
f 4630/4630/4630 4631/4631/4631 4632/4632/4632
usemtl steel
v 0.59266 0.75575 0.41396
vn 0.86603 -0.17883 -0.46692
vt 0 0
v 0.60335 0.76498 0.43806
vn 0.96593 -0.09257 -0.24170
vt 1 0
v 0.60335 0.74910 0.44414
vn 0.96593 -0.09257 -0.24170
vt 1 1
f 4633/4633/4633 4634/4634/4634 4635/4635/4635
usemtl steel
v 0.59266 0.75575 0.41396
vn 0.86603 -0.17883 -0.46692
vt 0 0
v 0.60335 0.74910 0.44414
vn 0.96593 -0.09257 -0.24170
vt 1 0
v 0.59266 0.73987 0.42004
vn 0.86603 -0.17883 -0.46692
vt 1 1
f 4636/4636/4636 4637/4637/4637 4638/4638/4638
usemtl steel
v 0.60335 0.76498 0.43806
vn 0.96593 -0.09257 -0.24170
vt 0 0
v 0.60700 0.77489 0.46392
vn 1.00000 -0.00000 -0.00000
vt 1 0
v 0.60700 0.75901 0.47000
vn 1.00000 -0.00000 -0.00000
vt 1 1
f 4639/4639/4639 4640/4640/4640 4641/4641/4641
usemtl steel
v 0.60335 0.76498 0.43806
vn 0.96593 -0.09257 -0.24170
vt 0 0
v 0.60700 0.75901 0.47000
vn 1.00000 -0.00000 -0.00000
vt 1 0
v 0.60335 0.74910 0.44414
vn 0.96593 -0.09257 -0.24170
vt 1 1
f 4642/4642/4642 4643/4643/4643 4644/4644/4644
usemtl steel
v 0.60700 0.77489 0.46392
vn 1.00000 -0.00000 -0.00000
vt 0 0
v 0.60335 0.78479 0.48978
vn 0.96593 0.09257 0.24170
vt 1 0
v 0.60335 0.76892 0.49586
vn 0.96593 0.09257 0.24170
vt 1 1
f 4645/4645/4645 4646/4646/4646 4647/4647/4647
usemtl steel
v 0.60700 0.77489 0.46392
vn 1.00000 -0.00000 -0.00000
vt 0 0
v 0.60335 0.76892 0.49586
vn 0.96593 0.09257 0.24170
vt 1 0
v 0.60700 0.75901 0.47000
vn 1.00000 -0.00000 -0.00000
vt 1 1
f 4648/4648/4648 4649/4649/4649 4650/4650/4650
usemtl steel
v 0.60335 0.78479 0.48978
vn 0.96593 0.09257 0.24170
vt 0 0
v 0.59266 0.79402 0.51388
vn 0.86603 0.17883 0.46692
vt 1 0
v 0.59266 0.77815 0.51996
vn 0.86603 0.17883 0.46692
vt 1 1
f 4651/4651/4651 4652/4652/4652 4653/4653/4653
usemtl steel
v 0.60335 0.78479 0.48978
vn 0.96593 0.09257 0.24170
vt 0 0
v 0.59266 0.77815 0.51996
vn 0.86603 0.17883 0.46692
vt 1 0
v 0.60335 0.76892 0.49586
vn 0.96593 0.09257 0.24170
vt 1 1
f 4654/4654/4654 4655/4655/4655 4656/4656/4656
usemtl steel
v 0.59266 0.79402 0.51388
vn 0.86603 0.17883 0.46692
vt 0 0
v 0.57566 0.80195 0.53458
vn 0.70711 0.25291 0.66033
vt 1 0
v 0.57566 0.78607 0.54066
vn 0.70711 0.25291 0.66033
vt 1 1
f 4657/4657/4657 4658/4658/4658 4659/4659/4659
usemtl steel
v 0.59266 0.79402 0.51388
vn 0.86603 0.17883 0.46692
vt 0 0
v 0.57566 0.78607 0.54066
vn 0.70711 0.25291 0.66033
vt 1 0
v 0.59266 0.77815 0.51996
vn 0.86603 0.17883 0.46692
vt 1 1
f 4660/4660/4660 4661/4661/4661 4662/4662/4662
usemtl steel
v 0.57566 0.80195 0.53458
vn 0.70711 0.25291 0.66033
vt 0 0
v 0.55350 0.80803 0.55045
vn 0.50000 0.30975 0.80874
vt 1 0
v 0.55350 0.79215 0.55653
vn 0.50000 0.30975 0.80874
vt 1 1
f 4663/4663/4663 4664/4664/4664 4665/4665/4665
usemtl steel
v 0.57566 0.80195 0.53458
vn 0.70711 0.25291 0.66033
vt 0 0
v 0.55350 0.79215 0.55653
vn 0.50000 0.30975 0.80874
vt 1 0
v 0.57566 0.78607 0.54066
vn 0.70711 0.25291 0.66033
vt 1 1
f 4666/4666/4666 4667/4667/4667 4668/4668/4668
usemtl steel
v 0.47231 0.81185 0.56044
vn 0.00000 0.93385 -0.35766
vt 0 0
v 0.50000 0.81316 0.56384
vn 0.00000 0.93385 -0.35766
vt 1 0
v 0.52769 0.81185 0.56044
vn 0.00000 0.93385 -0.35766
vt 1 1
f 4669/4669/4669 4670/4670/4670 4671/4671/4671
usemtl steel
v 0.52769 0.81185 0.56044
vn 0.00000 0.93385 -0.35766
vt 0 0
v 0.55350 0.80803 0.55045
vn 0.00000 0.93385 -0.35766
vt 1 0
v 0.57566 0.80195 0.53458
vn 0.00000 0.93385 -0.35766
vt 1 1
f 4672/4672/4672 4673/4673/4673 4674/4674/4674
usemtl steel
v 0.57566 0.80195 0.53458
vn 0.00000 0.93385 -0.35766
vt 0 0
v 0.59266 0.79402 0.51388
vn 0.00000 0.93385 -0.35766
vt 1 0
v 0.60335 0.78479 0.48978
vn 0.00000 0.93385 -0.35766
vt 1 1
f 4675/4675/4675 4676/4676/4676 4677/4677/4677
usemtl steel
v 0.60335 0.78479 0.48978
vn 0.00000 0.93385 -0.35766
vt 0 0
v 0.60700 0.77489 0.46392
vn 0.00000 0.93385 -0.35766
vt 1 0
v 0.60335 0.76498 0.43806
vn 0.00000 0.93385 -0.35766
vt 1 1
f 4678/4678/4678 4679/4679/4679 4680/4680/4680
usemtl steel
v 0.60335 0.76498 0.43806
vn 0.00000 0.93385 -0.35766
vt 0 0
v 0.59266 0.75575 0.41396
vn 0.00000 0.93385 -0.35766
vt 1 0
v 0.57566 0.74782 0.39326
vn 0.00000 0.93385 -0.35766
vt 1 1
f 4681/4681/4681 4682/4682/4682 4683/4683/4683
usemtl steel
v 0.57566 0.74782 0.39326
vn 0.00000 0.93385 -0.35766
vt 0 0
v 0.55350 0.74174 0.37738
vn 0.00000 0.93385 -0.35766
vt 1 0
v 0.52769 0.73792 0.36740
vn 0.00000 0.93385 -0.35766
vt 1 1
f 4684/4684/4684 4685/4685/4685 4686/4686/4686
usemtl steel
v 0.52769 0.73792 0.36740
vn 0.00000 0.93385 -0.35766
vt 0 0
v 0.50000 0.73662 0.36400
vn 0.00000 0.93385 -0.35766
vt 1 0
v 0.47231 0.73792 0.36740
vn 0.00000 0.93385 -0.35766
vt 1 1
f 4687/4687/4687 4688/4688/4688 4689/4689/4689
usemtl steel
v 0.47231 0.73792 0.36740
vn 0.00000 0.93385 -0.35766
vt 0 0
v 0.44650 0.74174 0.37738
vn 0.00000 0.93385 -0.35766
vt 1 0
v 0.42434 0.74782 0.39326
vn 0.00000 0.93385 -0.35766
vt 1 1
f 4690/4690/4690 4691/4691/4691 4692/4692/4692
usemtl steel
v 0.42434 0.74782 0.39326
vn 0.00000 0.93385 -0.35766
vt 0 0
v 0.40734 0.75575 0.41396
vn 0.00000 0.93385 -0.35766
vt 1 0
v 0.39665 0.76498 0.43806
vn 0.00000 0.93385 -0.35766
vt 1 1
f 4693/4693/4693 4694/4694/4694 4695/4695/4695
usemtl steel
v 0.39665 0.76498 0.43806
vn 0.00000 0.93385 -0.35766
vt 0 0
v 0.39300 0.77489 0.46392
vn 0.00000 0.93385 -0.35766
vt 1 0
v 0.39665 0.78479 0.48978
vn 0.00000 0.93385 -0.35766
vt 1 1
f 4696/4696/4696 4697/4697/4697 4698/4698/4698
usemtl steel
v 0.39665 0.78479 0.48978
vn 0.00000 0.93385 -0.35766
vt 0 0
v 0.40734 0.79402 0.51388
vn 0.00000 0.93385 -0.35766
vt 1 0
v 0.42434 0.80195 0.53458
vn 0.00000 0.93385 -0.35766
vt 1 1
f 4699/4699/4699 4700/4700/4700 4701/4701/4701
usemtl steel
v 0.42434 0.80195 0.53458
vn 0.00000 0.93385 -0.35766
vt 0 0
v 0.44650 0.80803 0.55045
vn 0.00000 0.93385 -0.35766
vt 1 0
v 0.47231 0.81185 0.56044
vn 0.00000 0.93385 -0.35766
vt 1 1
f 4702/4702/4702 4703/4703/4703 4704/4704/4704
usemtl steel
v 0.47231 0.81185 0.56044
vn 0.00000 0.93385 -0.35766
vt 0 0
v 0.52769 0.81185 0.56044
vn 0.00000 0.93385 -0.35766
vt 1 0
v 0.57566 0.80195 0.53458
vn 0.00000 0.93385 -0.35766
vt 1 1
f 4705/4705/4705 4706/4706/4706 4707/4707/4707
usemtl steel
v 0.57566 0.80195 0.53458
vn 0.00000 0.93385 -0.35766
vt 0 0
v 0.60335 0.78479 0.48978
vn 0.00000 0.93385 -0.35766
vt 1 0
v 0.60335 0.76498 0.43806
vn 0.00000 0.93385 -0.35766
vt 1 1
f 4708/4708/4708 4709/4709/4709 4710/4710/4710
usemtl steel
v 0.60335 0.76498 0.43806
vn 0.00000 0.93385 -0.35766
vt 0 0
v 0.57566 0.74782 0.39326
vn 0.00000 0.93385 -0.35766
vt 1 0
v 0.52769 0.73792 0.36740
vn 0.00000 0.93385 -0.35766
vt 1 1
f 4711/4711/4711 4712/4712/4712 4713/4713/4713
usemtl steel
v 0.52769 0.73792 0.36740
vn 0.00000 0.93385 -0.35766
vt 0 0
v 0.47231 0.73792 0.36740
vn 0.00000 0.93385 -0.35766
vt 1 0
v 0.42434 0.74782 0.39326
vn 0.00000 0.93385 -0.35766
vt 1 1
f 4714/4714/4714 4715/4715/4715 4716/4716/4716
usemtl steel
v 0.42434 0.74782 0.39326
vn 0.00000 0.93385 -0.35766
vt 0 0
v 0.39665 0.76498 0.43806
vn 0.00000 0.93385 -0.35766
vt 1 0
v 0.39665 0.78479 0.48978
vn 0.00000 0.93385 -0.35766
vt 1 1
f 4717/4717/4717 4718/4718/4718 4719/4719/4719
usemtl steel
v 0.39665 0.78479 0.48978
vn 0.00000 0.93385 -0.35766
vt 0 0
v 0.42434 0.80195 0.53458
vn 0.00000 0.93385 -0.35766
vt 1 0
v 0.47231 0.81185 0.56044
vn 0.00000 0.93385 -0.35766
vt 1 1
f 4720/4720/4720 4721/4721/4721 4722/4722/4722
usemtl steel
v 0.47231 0.81185 0.56044
vn 0.00000 0.93385 -0.35766
vt 0 0
v 0.57566 0.80195 0.53458
vn 0.00000 0.93385 -0.35766
vt 1 0
v 0.60335 0.76498 0.43806
vn 0.00000 0.93385 -0.35766
vt 1 1
f 4723/4723/4723 4724/4724/4724 4725/4725/4725
usemtl steel
v 0.60335 0.76498 0.43806
vn 0.00000 0.93385 -0.35766
vt 0 0
v 0.52769 0.73792 0.36740
vn 0.00000 0.93385 -0.35766
vt 1 0
v 0.42434 0.74782 0.39326
vn 0.00000 0.93385 -0.35766
vt 1 1
f 4726/4726/4726 4727/4727/4727 4728/4728/4728
usemtl steel
v 0.42434 0.74782 0.39326
vn 0.00000 0.93385 -0.35766
vt 0 0
v 0.39665 0.78479 0.48978
vn 0.00000 0.93385 -0.35766
vt 1 0
v 0.47231 0.81185 0.56044
vn 0.00000 0.93385 -0.35766
vt 1 1
f 4729/4729/4729 4730/4730/4730 4731/4731/4731
usemtl steel
v 0.60335 0.76498 0.43806
vn 0.00000 0.93385 -0.35766
vt 0 0
v 0.42434 0.74782 0.39326
vn 0.00000 0.93385 -0.35766
vt 1 0
v 0.47231 0.81185 0.56044
vn 0.00000 0.93385 -0.35766
vt 1 1
f 4732/4732/4732 4733/4733/4733 4734/4734/4734
usemtl steel
v 0.55350 0.80803 0.55045
vn 0.50000 0.30975 0.80874
vt 0 0
v 0.52769 0.81185 0.56044
vn 0.25882 0.34548 0.90203
vt 1 0
v 0.52769 0.79598 0.56652
vn 0.25882 0.34548 0.90203
vt 1 1
f 4735/4735/4735 4736/4736/4736 4737/4737/4737
usemtl steel
v 0.55350 0.80803 0.55045
vn 0.50000 0.30975 0.80874
vt 0 0
v 0.52769 0.79598 0.56652
vn 0.25882 0.34548 0.90203
vt 1 0
v 0.55350 0.79215 0.55653
vn 0.50000 0.30975 0.80874
vt 1 1
f 4738/4738/4738 4739/4739/4739 4740/4740/4740
usemtl steel
v 0.52769 0.79598 0.56652
vn -0.00000 -0.93385 0.35766
vt 0 0
v 0.50000 0.79728 0.56992
vn -0.00000 -0.93385 0.35766
vt 1 0
v 0.47231 0.79598 0.56652
vn -0.00000 -0.93385 0.35766
vt 1 1
f 4741/4741/4741 4742/4742/4742 4743/4743/4743
usemtl steel
v 0.47231 0.79598 0.56652
vn -0.00000 -0.93385 0.35766
vt 0 0
v 0.44650 0.79215 0.55653
vn -0.00000 -0.93385 0.35766
vt 1 0
v 0.42434 0.78607 0.54066
vn -0.00000 -0.93385 0.35766
vt 1 1
f 4744/4744/4744 4745/4745/4745 4746/4746/4746
usemtl steel
v 0.42434 0.78607 0.54066
vn -0.00000 -0.93385 0.35766
vt 0 0
v 0.40734 0.77815 0.51996
vn -0.00000 -0.93385 0.35766
vt 1 0
v 0.39665 0.76892 0.49586
vn -0.00000 -0.93385 0.35766
vt 1 1
f 4747/4747/4747 4748/4748/4748 4749/4749/4749
usemtl steel
v 0.39665 0.76892 0.49586
vn -0.00000 -0.93385 0.35766
vt 0 0
v 0.39300 0.75901 0.47000
vn -0.00000 -0.93385 0.35766
vt 1 0
v 0.39665 0.74910 0.44414
vn -0.00000 -0.93385 0.35766
vt 1 1
f 4750/4750/4750 4751/4751/4751 4752/4752/4752
usemtl steel
v 0.39665 0.74910 0.44414
vn -0.00000 -0.93385 0.35766
vt 0 0
v 0.40734 0.73987 0.42004
vn -0.00000 -0.93385 0.35766
vt 1 0
v 0.42434 0.73195 0.39934
vn -0.00000 -0.93385 0.35766
vt 1 1
f 4753/4753/4753 4754/4754/4754 4755/4755/4755
usemtl steel
v 0.42434 0.73195 0.39934
vn -0.00000 -0.93385 0.35766
vt 0 0
v 0.44650 0.72587 0.38347
vn -0.00000 -0.93385 0.35766
vt 1 0
v 0.47231 0.72204 0.37348
vn -0.00000 -0.93385 0.35766
vt 1 1
f 4756/4756/4756 4757/4757/4757 4758/4758/4758
usemtl steel
v 0.47231 0.72204 0.37348
vn -0.00000 -0.93385 0.35766
vt 0 0
v 0.50000 0.72074 0.37008
vn -0.00000 -0.93385 0.35766
vt 1 0
v 0.52769 0.72204 0.37348
vn -0.00000 -0.93385 0.35766
vt 1 1
f 4759/4759/4759 4760/4760/4760 4761/4761/4761
usemtl steel
v 0.52769 0.72204 0.37348
vn -0.00000 -0.93385 0.35766
vt 0 0
v 0.55350 0.72587 0.38347
vn -0.00000 -0.93385 0.35766
vt 1 0
v 0.57566 0.73195 0.39934
vn -0.00000 -0.93385 0.35766
vt 1 1
f 4762/4762/4762 4763/4763/4763 4764/4764/4764
usemtl steel
v 0.57566 0.73195 0.39934
vn -0.00000 -0.93385 0.35766
vt 0 0
v 0.59266 0.73987 0.42004
vn -0.00000 -0.93385 0.35766
vt 1 0
v 0.60335 0.74910 0.44414
vn -0.00000 -0.93385 0.35766
vt 1 1
f 4765/4765/4765 4766/4766/4766 4767/4767/4767
usemtl steel
v 0.60335 0.74910 0.44414
vn -0.00000 -0.93385 0.35766
vt 0 0
v 0.60700 0.75901 0.47000
vn -0.00000 -0.93385 0.35766
vt 1 0
v 0.60335 0.76892 0.49586
vn -0.00000 -0.93385 0.35766
vt 1 1
f 4768/4768/4768 4769/4769/4769 4770/4770/4770
usemtl steel
v 0.60335 0.76892 0.49586
vn -0.00000 -0.93385 0.35766
vt 0 0
v 0.59266 0.77815 0.51996
vn -0.00000 -0.93385 0.35766
vt 1 0
v 0.57566 0.78607 0.54066
vn -0.00000 -0.93385 0.35766
vt 1 1
f 4771/4771/4771 4772/4772/4772 4773/4773/4773
usemtl steel
v 0.57566 0.78607 0.54066
vn -0.00000 -0.93385 0.35766
vt 0 0
v 0.55350 0.79215 0.55653
vn -0.00000 -0.93385 0.35766
vt 1 0
v 0.52769 0.79598 0.56652
vn -0.00000 -0.93385 0.35766
vt 1 1
f 4774/4774/4774 4775/4775/4775 4776/4776/4776
usemtl steel
v 0.52769 0.79598 0.56652
vn -0.00000 -0.93385 0.35766
vt 0 0
v 0.47231 0.79598 0.56652
vn -0.00000 -0.93385 0.35766
vt 1 0
v 0.42434 0.78607 0.54066
vn -0.00000 -0.93385 0.35766
vt 1 1
f 4777/4777/4777 4778/4778/4778 4779/4779/4779
usemtl steel
v 0.42434 0.78607 0.54066
vn -0.00000 -0.93385 0.35766
vt 0 0
v 0.39665 0.76892 0.49586
vn -0.00000 -0.93385 0.35766
vt 1 0
v 0.39665 0.74910 0.44414
vn -0.00000 -0.93385 0.35766
vt 1 1
f 4780/4780/4780 4781/4781/4781 4782/4782/4782
usemtl steel
v 0.39665 0.74910 0.44414
vn -0.00000 -0.93385 0.35766
vt 0 0
v 0.42434 0.73195 0.39934
vn -0.00000 -0.93385 0.35766
vt 1 0
v 0.47231 0.72204 0.37348
vn -0.00000 -0.93385 0.35766
vt 1 1
f 4783/4783/4783 4784/4784/4784 4785/4785/4785
usemtl steel
v 0.47231 0.72204 0.37348
vn -0.00000 -0.93385 0.35766
vt 0 0
v 0.52769 0.72204 0.37348
vn -0.00000 -0.93385 0.35766
vt 1 0
v 0.57566 0.73195 0.39934
vn -0.00000 -0.93385 0.35766
vt 1 1
f 4786/4786/4786 4787/4787/4787 4788/4788/4788
usemtl steel
v 0.57566 0.73195 0.39934
vn -0.00000 -0.93385 0.35766
vt 0 0
v 0.60335 0.74910 0.44414
vn -0.00000 -0.93385 0.35766
vt 1 0
v 0.60335 0.76892 0.49586
vn -0.00000 -0.93385 0.35766
vt 1 1
f 4789/4789/4789 4790/4790/4790 4791/4791/4791
usemtl steel
v 0.60335 0.76892 0.49586
vn -0.00000 -0.93385 0.35766
vt 0 0
v 0.57566 0.78607 0.54066
vn -0.00000 -0.93385 0.35766
vt 1 0
v 0.52769 0.79598 0.56652
vn -0.00000 -0.93385 0.35766
vt 1 1
f 4792/4792/4792 4793/4793/4793 4794/4794/4794
usemtl steel
v 0.52769 0.79598 0.56652
vn -0.00000 -0.93385 0.35766
vt 0 0
v 0.42434 0.78607 0.54066
vn -0.00000 -0.93385 0.35766
vt 1 0
v 0.39665 0.74910 0.44414
vn -0.00000 -0.93385 0.35766
vt 1 1
f 4795/4795/4795 4796/4796/4796 4797/4797/4797
usemtl steel
v 0.39665 0.74910 0.44414
vn -0.00000 -0.93385 0.35766
vt 0 0
v 0.47231 0.72204 0.37348
vn -0.00000 -0.93385 0.35766
vt 1 0
v 0.57566 0.73195 0.39934
vn -0.00000 -0.93385 0.35766
vt 1 1
f 4798/4798/4798 4799/4799/4799 4800/4800/4800
usemtl steel
v 0.57566 0.73195 0.39934
vn -0.00000 -0.93385 0.35766
vt 0 0
v 0.60335 0.76892 0.49586
vn -0.00000 -0.93385 0.35766
vt 1 0
v 0.52769 0.79598 0.56652
vn -0.00000 -0.93385 0.35766
vt 1 1
f 4801/4801/4801 4802/4802/4802 4803/4803/4803
usemtl steel
v 0.39665 0.74910 0.44414
vn -0.00000 -0.93385 0.35766
vt 0 0
v 0.57566 0.73195 0.39934
vn -0.00000 -0.93385 0.35766
vt 1 0
v 0.52769 0.79598 0.56652
vn -0.00000 -0.93385 0.35766
vt 1 1
f 4804/4804/4804 4805/4805/4805 4806/4806/4806
usemtl steel
v 0.50000 0.81316 0.56384
vn 0.00000 0.35766 0.93385
vt 0 0
v 0.47231 0.81185 0.56044
vn -0.25882 0.34548 0.90203
vt 1 0
v 0.47231 0.79598 0.56652
vn -0.25882 0.34548 0.90203
vt 1 1
f 4807/4807/4807 4808/4808/4808 4809/4809/4809
usemtl steel
v 0.50000 0.81316 0.56384
vn 0.00000 0.35766 0.93385
vt 0 0
v 0.47231 0.79598 0.56652
vn -0.25882 0.34548 0.90203
vt 1 0
v 0.50000 0.79728 0.56992
vn 0.00000 0.35766 0.93385
vt 1 1
f 4810/4810/4810 4811/4811/4811 4812/4812/4812
usemtl rubber
v 0.52174 0.81885 0.53397
vn 0.25882 0.34548 0.90203
vt 0 0
v 0.50000 0.81987 0.53664
vn -0.00000 0.35766 0.93385
vt 1 0
v 0.50000 0.78905 0.54844
vn 0.00000 0.35766 0.93385
vt 1 1
f 4813/4813/4813 4814/4814/4814 4815/4815/4815
usemtl rubber
v 0.52174 0.81885 0.53397
vn 0.25882 0.34548 0.90203
vt 0 0
v 0.50000 0.78905 0.54844
vn 0.00000 0.35766 0.93385
vt 1 0
v 0.52174 0.78803 0.54577
vn 0.25882 0.34548 0.90203
vt 1 1
f 4816/4816/4816 4817/4817/4817 4818/4818/4818
usemtl rubber
v 0.47826 0.81885 0.53397
vn -0.25882 0.34548 0.90203
vt 0 0
v 0.45800 0.81585 0.52613
vn -0.50000 0.30975 0.80874
vt 1 0
v 0.45800 0.78503 0.53793
vn -0.50000 0.30975 0.80874
vt 1 1
f 4819/4819/4819 4820/4820/4820 4821/4821/4821
usemtl rubber
v 0.47826 0.81885 0.53397
vn -0.25882 0.34548 0.90203
vt 0 0
v 0.45800 0.78503 0.53793
vn -0.50000 0.30975 0.80874
vt 1 0
v 0.47826 0.78803 0.54577
vn -0.25882 0.34548 0.90203
vt 1 1
f 4822/4822/4822 4823/4823/4823 4824/4824/4824
usemtl rubber
v 0.45800 0.81585 0.52613
vn -0.50000 0.30975 0.80874
vt 0 0
v 0.44060 0.81107 0.51366
vn -0.70711 0.25291 0.66033
vt 1 0
v 0.44060 0.78025 0.52547
vn -0.70711 0.25291 0.66033
vt 1 1
f 4825/4825/4825 4826/4826/4826 4827/4827/4827
usemtl rubber
v 0.45800 0.81585 0.52613
vn -0.50000 0.30975 0.80874
vt 0 0
v 0.44060 0.78025 0.52547
vn -0.70711 0.25291 0.66033
vt 1 0
v 0.45800 0.78503 0.53793
vn -0.50000 0.30975 0.80874
vt 1 1
f 4828/4828/4828 4829/4829/4829 4830/4830/4830
usemtl rubber
v 0.44060 0.81107 0.51366
vn -0.70711 0.25291 0.66033
vt 0 0
v 0.42725 0.80485 0.49742
vn -0.86603 0.17883 0.46692
vt 1 0
v 0.42725 0.77403 0.50922
vn -0.86603 0.17883 0.46692
vt 1 1
f 4831/4831/4831 4832/4832/4832 4833/4833/4833
usemtl rubber
v 0.44060 0.81107 0.51366
vn -0.70711 0.25291 0.66033
vt 0 0
v 0.42725 0.77403 0.50922
vn -0.86603 0.17883 0.46692
vt 1 0
v 0.44060 0.78025 0.52547
vn -0.70711 0.25291 0.66033
vt 1 1
f 4834/4834/4834 4835/4835/4835 4836/4836/4836
usemtl rubber
v 0.42725 0.80485 0.49742
vn -0.86603 0.17883 0.46692
vt 0 0
v 0.41886 0.79760 0.47850
vn -0.96593 0.09257 0.24170
vt 1 0
v 0.41886 0.76679 0.49030
vn -0.96593 0.09257 0.24170
vt 1 1
f 4837/4837/4837 4838/4838/4838 4839/4839/4839
usemtl rubber
v 0.42725 0.80485 0.49742
vn -0.86603 0.17883 0.46692
vt 0 0
v 0.41886 0.76679 0.49030
vn -0.96593 0.09257 0.24170
vt 1 0
v 0.42725 0.77403 0.50922
vn -0.86603 0.17883 0.46692
vt 1 1
f 4840/4840/4840 4841/4841/4841 4842/4842/4842
usemtl rubber
v 0.41886 0.79760 0.47850
vn -0.96593 0.09257 0.24170
vt 0 0
v 0.41600 0.78983 0.45820
vn -1.00000 -0.00000 -0.00000
vt 1 0
v 0.41600 0.75901 0.47000
vn -1.00000 -0.00000 -0.00000
vt 1 1
f 4843/4843/4843 4844/4844/4844 4845/4845/4845
usemtl rubber
v 0.41886 0.79760 0.47850
vn -0.96593 0.09257 0.24170
vt 0 0
v 0.41600 0.75901 0.47000
vn -1.00000 -0.00000 -0.00000
vt 1 0
v 0.41886 0.76679 0.49030
vn -0.96593 0.09257 0.24170
vt 1 1
f 4846/4846/4846 4847/4847/4847 4848/4848/4848
usemtl rubber
v 0.41600 0.78983 0.45820
vn -1.00000 -0.00000 -0.00000
vt 0 0
v 0.41886 0.78205 0.43789
vn -0.96593 -0.09257 -0.24170
vt 1 0
v 0.41886 0.75123 0.44970
vn -0.96593 -0.09257 -0.24170
vt 1 1
f 4849/4849/4849 4850/4850/4850 4851/4851/4851
usemtl rubber
v 0.41600 0.78983 0.45820
vn -1.00000 -0.00000 -0.00000
vt 0 0
v 0.41886 0.75123 0.44970
vn -0.96593 -0.09257 -0.24170
vt 1 0
v 0.41600 0.75901 0.47000
vn -1.00000 -0.00000 -0.00000
vt 1 1
f 4852/4852/4852 4853/4853/4853 4854/4854/4854
usemtl rubber
v 0.41886 0.78205 0.43789
vn -0.96593 -0.09257 -0.24170
vt 0 0
v 0.42725 0.77481 0.41898
vn -0.86603 -0.17883 -0.46692
vt 1 0
v 0.42725 0.74399 0.43078
vn -0.86603 -0.17883 -0.46692
vt 1 1
f 4855/4855/4855 4856/4856/4856 4857/4857/4857
usemtl rubber
v 0.41886 0.78205 0.43789
vn -0.96593 -0.09257 -0.24170
vt 0 0
v 0.42725 0.74399 0.43078
vn -0.86603 -0.17883 -0.46692
vt 1 0
v 0.41886 0.75123 0.44970
vn -0.96593 -0.09257 -0.24170
vt 1 1
f 4858/4858/4858 4859/4859/4859 4860/4860/4860
usemtl rubber
v 0.42725 0.77481 0.41898
vn -0.86603 -0.17883 -0.46692
vt 0 0
v 0.44060 0.76858 0.40273
vn -0.70711 -0.25291 -0.66033
vt 1 0
v 0.44060 0.73777 0.41453
vn -0.70711 -0.25291 -0.66033
vt 1 1
f 4861/4861/4861 4862/4862/4862 4863/4863/4863
usemtl rubber
v 0.42725 0.77481 0.41898
vn -0.86603 -0.17883 -0.46692
vt 0 0
v 0.44060 0.73777 0.41453
vn -0.70711 -0.25291 -0.66033
vt 1 0
v 0.42725 0.74399 0.43078
vn -0.86603 -0.17883 -0.46692
vt 1 1
f 4864/4864/4864 4865/4865/4865 4866/4866/4866
usemtl rubber
v 0.44060 0.76858 0.40273
vn -0.70711 -0.25291 -0.66033
vt 0 0
v 0.45800 0.76381 0.39026
vn -0.50000 -0.30975 -0.80874
vt 1 0
v 0.45800 0.73299 0.40207
vn -0.50000 -0.30975 -0.80874
vt 1 1
f 4867/4867/4867 4868/4868/4868 4869/4869/4869
usemtl rubber
v 0.44060 0.76858 0.40273
vn -0.70711 -0.25291 -0.66033
vt 0 0
v 0.45800 0.73299 0.40207
vn -0.50000 -0.30975 -0.80874
vt 1 0
v 0.44060 0.73777 0.41453
vn -0.70711 -0.25291 -0.66033
vt 1 1
f 4870/4870/4870 4871/4871/4871 4872/4872/4872
usemtl rubber
v 0.45800 0.76381 0.39026
vn -0.50000 -0.30975 -0.80874
vt 0 0
v 0.47826 0.76081 0.38243
vn -0.25882 -0.34548 -0.90203
vt 1 0
v 0.47826 0.72999 0.39423
vn -0.25882 -0.34548 -0.90203
vt 1 1
f 4873/4873/4873 4874/4874/4874 4875/4875/4875
usemtl rubber
v 0.45800 0.76381 0.39026
vn -0.50000 -0.30975 -0.80874
vt 0 0
v 0.47826 0.72999 0.39423
vn -0.25882 -0.34548 -0.90203
vt 1 0
v 0.45800 0.73299 0.40207
vn -0.50000 -0.30975 -0.80874
vt 1 1
f 4876/4876/4876 4877/4877/4877 4878/4878/4878
usemtl rubber
v 0.47826 0.76081 0.38243
vn -0.25882 -0.34548 -0.90203
vt 0 0
v 0.50000 0.75978 0.37975
vn -0.00000 -0.35766 -0.93385
vt 1 0
v 0.50000 0.72897 0.39156
vn 0.00000 -0.35766 -0.93385
vt 1 1
f 4879/4879/4879 4880/4880/4880 4881/4881/4881
usemtl rubber
v 0.47826 0.76081 0.38243
vn -0.25882 -0.34548 -0.90203
vt 0 0
v 0.50000 0.72897 0.39156
vn 0.00000 -0.35766 -0.93385
vt 1 0
v 0.47826 0.72999 0.39423
vn -0.25882 -0.34548 -0.90203
vt 1 1
f 4882/4882/4882 4883/4883/4883 4884/4884/4884
usemtl rubber
v 0.50000 0.75978 0.37975
vn -0.00000 -0.35766 -0.93385
vt 0 0
v 0.52174 0.76081 0.38243
vn 0.25882 -0.34548 -0.90203
vt 1 0
v 0.52174 0.72999 0.39423
vn 0.25882 -0.34548 -0.90203
vt 1 1
f 4885/4885/4885 4886/4886/4886 4887/4887/4887
usemtl rubber
v 0.50000 0.75978 0.37975
vn -0.00000 -0.35766 -0.93385
vt 0 0
v 0.52174 0.72999 0.39423
vn 0.25882 -0.34548 -0.90203
vt 1 0
v 0.50000 0.72897 0.39156
vn 0.00000 -0.35766 -0.93385
vt 1 1
f 4888/4888/4888 4889/4889/4889 4890/4890/4890
usemtl rubber
v 0.52174 0.76081 0.38243
vn 0.25882 -0.34548 -0.90203
vt 0 0
v 0.54200 0.76381 0.39026
vn 0.50000 -0.30975 -0.80874
vt 1 0
v 0.54200 0.73299 0.40207
vn 0.50000 -0.30975 -0.80874
vt 1 1
f 4891/4891/4891 4892/4892/4892 4893/4893/4893
usemtl rubber
v 0.52174 0.76081 0.38243
vn 0.25882 -0.34548 -0.90203
vt 0 0
v 0.54200 0.73299 0.40207
vn 0.50000 -0.30975 -0.80874
vt 1 0
v 0.52174 0.72999 0.39423
vn 0.25882 -0.34548 -0.90203
vt 1 1
f 4894/4894/4894 4895/4895/4895 4896/4896/4896
usemtl rubber
v 0.54200 0.76381 0.39026
vn 0.50000 -0.30975 -0.80874
vt 0 0
v 0.55940 0.76858 0.40273
vn 0.70711 -0.25291 -0.66033
vt 1 0
v 0.55940 0.73777 0.41453
vn 0.70711 -0.25291 -0.66033
vt 1 1
f 4897/4897/4897 4898/4898/4898 4899/4899/4899
usemtl rubber
v 0.54200 0.76381 0.39026
vn 0.50000 -0.30975 -0.80874
vt 0 0
v 0.55940 0.73777 0.41453
vn 0.70711 -0.25291 -0.66033
vt 1 0
v 0.54200 0.73299 0.40207
vn 0.50000 -0.30975 -0.80874
vt 1 1
f 4900/4900/4900 4901/4901/4901 4902/4902/4902
usemtl rubber
v 0.55940 0.76858 0.40273
vn 0.70711 -0.25291 -0.66033
vt 0 0
v 0.57275 0.77481 0.41898
vn 0.86603 -0.17883 -0.46693
vt 1 0
v 0.57275 0.74399 0.43078
vn 0.86603 -0.17883 -0.46693
vt 1 1
f 4903/4903/4903 4904/4904/4904 4905/4905/4905
usemtl rubber
v 0.55940 0.76858 0.40273
vn 0.70711 -0.25291 -0.66033
vt 0 0
v 0.57275 0.74399 0.43078
vn 0.86603 -0.17883 -0.46693
vt 1 0
v 0.55940 0.73777 0.41453
vn 0.70711 -0.25291 -0.66033
vt 1 1
f 4906/4906/4906 4907/4907/4907 4908/4908/4908
usemtl rubber
v 0.57275 0.77481 0.41898
vn 0.86603 -0.17883 -0.46693
vt 0 0
v 0.58114 0.78205 0.43789
vn 0.96593 -0.09257 -0.24170
vt 1 0
v 0.58114 0.75123 0.44970
vn 0.96593 -0.09257 -0.24170
vt 1 1
f 4909/4909/4909 4910/4910/4910 4911/4911/4911
usemtl rubber
v 0.57275 0.77481 0.41898
vn 0.86603 -0.17883 -0.46693
vt 0 0
v 0.58114 0.75123 0.44970
vn 0.96593 -0.09257 -0.24170
vt 1 0
v 0.57275 0.74399 0.43078
vn 0.86603 -0.17883 -0.46693
vt 1 1
f 4912/4912/4912 4913/4913/4913 4914/4914/4914
usemtl rubber
v 0.58114 0.78205 0.43789
vn 0.96593 -0.09257 -0.24170
vt 0 0
v 0.58400 0.78983 0.45820
vn 1.00000 -0.00000 -0.00000
vt 1 0
v 0.58400 0.75901 0.47000
vn 1.00000 0.00000 0.00000
vt 1 1
f 4915/4915/4915 4916/4916/4916 4917/4917/4917
usemtl rubber
v 0.58114 0.78205 0.43789
vn 0.96593 -0.09257 -0.24170
vt 0 0
v 0.58400 0.75901 0.47000
vn 1.00000 0.00000 0.00000
vt 1 0
v 0.58114 0.75123 0.44970
vn 0.96593 -0.09257 -0.24170
vt 1 1
f 4918/4918/4918 4919/4919/4919 4920/4920/4920
usemtl rubber
v 0.58400 0.78983 0.45820
vn 1.00000 -0.00000 -0.00000
vt 0 0
v 0.58114 0.79760 0.47850
vn 0.96593 0.09257 0.24170
vt 1 0
v 0.58114 0.76679 0.49030
vn 0.96593 0.09257 0.24170
vt 1 1
f 4921/4921/4921 4922/4922/4922 4923/4923/4923
usemtl rubber
v 0.58400 0.78983 0.45820
vn 1.00000 -0.00000 -0.00000
vt 0 0
v 0.58114 0.76679 0.49030
vn 0.96593 0.09257 0.24170
vt 1 0
v 0.58400 0.75901 0.47000
vn 1.00000 0.00000 0.00000
vt 1 1
f 4924/4924/4924 4925/4925/4925 4926/4926/4926
usemtl rubber
v 0.58114 0.79760 0.47850
vn 0.96593 0.09257 0.24170
vt 0 0
v 0.57275 0.80485 0.49742
vn 0.86603 0.17883 0.46692
vt 1 0
v 0.57275 0.77403 0.50922
vn 0.86603 0.17883 0.46692
vt 1 1
f 4927/4927/4927 4928/4928/4928 4929/4929/4929
usemtl rubber
v 0.58114 0.79760 0.47850
vn 0.96593 0.09257 0.24170
vt 0 0
v 0.57275 0.77403 0.50922
vn 0.86603 0.17883 0.46692
vt 1 0
v 0.58114 0.76679 0.49030
vn 0.96593 0.09257 0.24170
vt 1 1
f 4930/4930/4930 4931/4931/4931 4932/4932/4932
usemtl rubber
v 0.57275 0.80485 0.49742
vn 0.86603 0.17883 0.46692
vt 0 0
v 0.55940 0.81107 0.51366
vn 0.70711 0.25291 0.66033
vt 1 0
v 0.55940 0.78025 0.52547
vn 0.70711 0.25291 0.66033
vt 1 1
f 4933/4933/4933 4934/4934/4934 4935/4935/4935
usemtl rubber
v 0.57275 0.80485 0.49742
vn 0.86603 0.17883 0.46692
vt 0 0
v 0.55940 0.78025 0.52547
vn 0.70711 0.25291 0.66033
vt 1 0
v 0.57275 0.77403 0.50922
vn 0.86603 0.17883 0.46692
vt 1 1
f 4936/4936/4936 4937/4937/4937 4938/4938/4938
usemtl rubber
v 0.55940 0.81107 0.51366
vn 0.70711 0.25291 0.66033
vt 0 0
v 0.54200 0.81585 0.52613
vn 0.50000 0.30975 0.80874
vt 1 0
v 0.54200 0.78503 0.53793
vn 0.50000 0.30975 0.80874
vt 1 1
f 4939/4939/4939 4940/4940/4940 4941/4941/4941
usemtl rubber
v 0.55940 0.81107 0.51366
vn 0.70711 0.25291 0.66033
vt 0 0
v 0.54200 0.78503 0.53793
vn 0.50000 0.30975 0.80874
vt 1 0
v 0.55940 0.78025 0.52547
vn 0.70711 0.25291 0.66033
vt 1 1
f 4942/4942/4942 4943/4943/4943 4944/4944/4944
usemtl rubber
v 0.47826 0.81885 0.53397
vn 0.00000 0.93385 -0.35766
vt 0 0
v 0.50000 0.81987 0.53664
vn 0.00000 0.93385 -0.35766
vt 1 0
v 0.52174 0.81885 0.53397
vn 0.00000 0.93385 -0.35766
vt 1 1
f 4945/4945/4945 4946/4946/4946 4947/4947/4947
usemtl rubber
v 0.52174 0.81885 0.53397
vn 0.00000 0.93385 -0.35766
vt 0 0
v 0.54200 0.81585 0.52613
vn 0.00000 0.93385 -0.35766
vt 1 0
v 0.55940 0.81107 0.51366
vn 0.00000 0.93385 -0.35766
vt 1 1
f 4948/4948/4948 4949/4949/4949 4950/4950/4950
usemtl rubber
v 0.55940 0.81107 0.51366
vn 0.00000 0.93385 -0.35766
vt 0 0
v 0.57275 0.80485 0.49742
vn 0.00000 0.93385 -0.35766
vt 1 0
v 0.58114 0.79760 0.47850
vn 0.00000 0.93385 -0.35766
vt 1 1
f 4951/4951/4951 4952/4952/4952 4953/4953/4953
usemtl rubber
v 0.58114 0.79760 0.47850
vn 0.00000 0.93385 -0.35766
vt 0 0
v 0.58400 0.78983 0.45820
vn 0.00000 0.93385 -0.35766
vt 1 0
v 0.58114 0.78205 0.43789
vn 0.00000 0.93385 -0.35766
vt 1 1
f 4954/4954/4954 4955/4955/4955 4956/4956/4956
usemtl rubber
v 0.58114 0.78205 0.43789
vn 0.00000 0.93385 -0.35766
vt 0 0
v 0.57275 0.77481 0.41898
vn 0.00000 0.93385 -0.35766
vt 1 0
v 0.55940 0.76858 0.40273
vn 0.00000 0.93385 -0.35766
vt 1 1
f 4957/4957/4957 4958/4958/4958 4959/4959/4959
usemtl rubber
v 0.55940 0.76858 0.40273
vn 0.00000 0.93385 -0.35766
vt 0 0
v 0.54200 0.76381 0.39026
vn 0.00000 0.93385 -0.35766
vt 1 0
v 0.52174 0.76081 0.38243
vn 0.00000 0.93385 -0.35766
vt 1 1
f 4960/4960/4960 4961/4961/4961 4962/4962/4962
usemtl rubber
v 0.52174 0.76081 0.38243
vn 0.00000 0.93385 -0.35766
vt 0 0
v 0.50000 0.75978 0.37975
vn 0.00000 0.93385 -0.35766
vt 1 0
v 0.47826 0.76081 0.38243
vn 0.00000 0.93385 -0.35766
vt 1 1
f 4963/4963/4963 4964/4964/4964 4965/4965/4965
usemtl rubber
v 0.47826 0.76081 0.38243
vn 0.00000 0.93385 -0.35766
vt 0 0
v 0.45800 0.76381 0.39026
vn 0.00000 0.93385 -0.35766
vt 1 0
v 0.44060 0.76858 0.40273
vn 0.00000 0.93385 -0.35766
vt 1 1
f 4966/4966/4966 4967/4967/4967 4968/4968/4968
usemtl rubber
v 0.44060 0.76858 0.40273
vn 0.00000 0.93385 -0.35766
vt 0 0
v 0.42725 0.77481 0.41898
vn 0.00000 0.93385 -0.35766
vt 1 0
v 0.41886 0.78205 0.43789
vn 0.00000 0.93385 -0.35766
vt 1 1
f 4969/4969/4969 4970/4970/4970 4971/4971/4971
usemtl rubber
v 0.41886 0.78205 0.43789
vn 0.00000 0.93385 -0.35766
vt 0 0
v 0.41600 0.78983 0.45820
vn 0.00000 0.93385 -0.35766
vt 1 0
v 0.41886 0.79760 0.47850
vn 0.00000 0.93385 -0.35766
vt 1 1
f 4972/4972/4972 4973/4973/4973 4974/4974/4974
usemtl rubber
v 0.41886 0.79760 0.47850
vn 0.00000 0.93385 -0.35766
vt 0 0
v 0.42725 0.80485 0.49742
vn 0.00000 0.93385 -0.35766
vt 1 0
v 0.44060 0.81107 0.51366
vn 0.00000 0.93385 -0.35766
vt 1 1
f 4975/4975/4975 4976/4976/4976 4977/4977/4977
usemtl rubber
v 0.44060 0.81107 0.51366
vn 0.00000 0.93385 -0.35766
vt 0 0
v 0.45800 0.81585 0.52613
vn 0.00000 0.93385 -0.35766
vt 1 0
v 0.47826 0.81885 0.53397
vn 0.00000 0.93385 -0.35766
vt 1 1
f 4978/4978/4978 4979/4979/4979 4980/4980/4980
usemtl rubber
v 0.47826 0.81885 0.53397
vn 0.00000 0.93385 -0.35766
vt 0 0
v 0.52174 0.81885 0.53397
vn 0.00000 0.93385 -0.35766
vt 1 0
v 0.55940 0.81107 0.51366
vn 0.00000 0.93385 -0.35766
vt 1 1
f 4981/4981/4981 4982/4982/4982 4983/4983/4983
usemtl rubber
v 0.55940 0.81107 0.51366
vn 0.00000 0.93385 -0.35766
vt 0 0
v 0.58114 0.79760 0.47850
vn 0.00000 0.93385 -0.35766
vt 1 0
v 0.58114 0.78205 0.43789
vn 0.00000 0.93385 -0.35766
vt 1 1
f 4984/4984/4984 4985/4985/4985 4986/4986/4986
usemtl rubber
v 0.58114 0.78205 0.43789
vn 0.00000 0.93385 -0.35766
vt 0 0
v 0.55940 0.76858 0.40273
vn 0.00000 0.93385 -0.35766
vt 1 0
v 0.52174 0.76081 0.38243
vn 0.00000 0.93385 -0.35766
vt 1 1
f 4987/4987/4987 4988/4988/4988 4989/4989/4989
usemtl rubber
v 0.52174 0.76081 0.38243
vn 0.00000 0.93385 -0.35766
vt 0 0
v 0.47826 0.76081 0.38243
vn 0.00000 0.93385 -0.35766
vt 1 0
v 0.44060 0.76858 0.40273
vn 0.00000 0.93385 -0.35766
vt 1 1
f 4990/4990/4990 4991/4991/4991 4992/4992/4992
usemtl rubber
v 0.44060 0.76858 0.40273
vn 0.00000 0.93385 -0.35766
vt 0 0
v 0.41886 0.78205 0.43789
vn 0.00000 0.93385 -0.35766
vt 1 0
v 0.41886 0.79760 0.47850
vn 0.00000 0.93385 -0.35766
vt 1 1
f 4993/4993/4993 4994/4994/4994 4995/4995/4995
usemtl rubber
v 0.41886 0.79760 0.47850
vn 0.00000 0.93385 -0.35766
vt 0 0
v 0.44060 0.81107 0.51366
vn 0.00000 0.93385 -0.35766
vt 1 0
v 0.47826 0.81885 0.53397
vn 0.00000 0.93385 -0.35766
vt 1 1
f 4996/4996/4996 4997/4997/4997 4998/4998/4998
usemtl rubber
v 0.47826 0.81885 0.53397
vn 0.00000 0.93385 -0.35766
vt 0 0
v 0.55940 0.81107 0.51366
vn 0.00000 0.93385 -0.35766
vt 1 0
v 0.58114 0.78205 0.43789
vn 0.00000 0.93385 -0.35766
vt 1 1
f 4999/4999/4999 5000/5000/5000 5001/5001/5001
usemtl rubber
v 0.58114 0.78205 0.43789
vn 0.00000 0.93385 -0.35766
vt 0 0
v 0.52174 0.76081 0.38243
vn 0.00000 0.93385 -0.35766
vt 1 0
v 0.44060 0.76858 0.40273
vn 0.00000 0.93385 -0.35766
vt 1 1
f 5002/5002/5002 5003/5003/5003 5004/5004/5004
usemtl rubber
v 0.44060 0.76858 0.40273
vn 0.00000 0.93385 -0.35766
vt 0 0
v 0.41886 0.79760 0.47850
vn 0.00000 0.93385 -0.35766
vt 1 0
v 0.47826 0.81885 0.53397
vn 0.00000 0.93385 -0.35766
vt 1 1
f 5005/5005/5005 5006/5006/5006 5007/5007/5007
usemtl rubber
v 0.58114 0.78205 0.43789
vn 0.00000 0.93385 -0.35766
vt 0 0
v 0.44060 0.76858 0.40273
vn 0.00000 0.93385 -0.35766
vt 1 0
v 0.47826 0.81885 0.53397
vn 0.00000 0.93385 -0.35766
vt 1 1
f 5008/5008/5008 5009/5009/5009 5010/5010/5010
usemtl rubber
v 0.54200 0.81585 0.52613
vn 0.50000 0.30975 0.80874
vt 0 0
v 0.52174 0.81885 0.53397
vn 0.25882 0.34548 0.90203
vt 1 0
v 0.52174 0.78803 0.54577
vn 0.25882 0.34548 0.90203
vt 1 1
f 5011/5011/5011 5012/5012/5012 5013/5013/5013
usemtl rubber
v 0.54200 0.81585 0.52613
vn 0.50000 0.30975 0.80874
vt 0 0
v 0.52174 0.78803 0.54577
vn 0.25882 0.34548 0.90203
vt 1 0
v 0.54200 0.78503 0.53793
vn 0.50000 0.30975 0.80874
vt 1 1
f 5014/5014/5014 5015/5015/5015 5016/5016/5016
usemtl rubber
v 0.52174 0.78803 0.54577
vn 0.00000 -0.93385 0.35766
vt 0 0
v 0.50000 0.78905 0.54844
vn 0.00000 -0.93385 0.35766
vt 1 0
v 0.47826 0.78803 0.54577
vn 0.00000 -0.93385 0.35766
vt 1 1
f 5017/5017/5017 5018/5018/5018 5019/5019/5019
usemtl rubber
v 0.47826 0.78803 0.54577
vn 0.00000 -0.93385 0.35766
vt 0 0
v 0.45800 0.78503 0.53793
vn 0.00000 -0.93385 0.35766
vt 1 0
v 0.44060 0.78025 0.52547
vn 0.00000 -0.93385 0.35766
vt 1 1
f 5020/5020/5020 5021/5021/5021 5022/5022/5022
usemtl rubber
v 0.44060 0.78025 0.52547
vn 0.00000 -0.93385 0.35766
vt 0 0
v 0.42725 0.77403 0.50922
vn 0.00000 -0.93385 0.35766
vt 1 0
v 0.41886 0.76679 0.49030
vn 0.00000 -0.93385 0.35766
vt 1 1
f 5023/5023/5023 5024/5024/5024 5025/5025/5025
usemtl rubber
v 0.41886 0.76679 0.49030
vn 0.00000 -0.93385 0.35766
vt 0 0
v 0.41600 0.75901 0.47000
vn 0.00000 -0.93385 0.35766
vt 1 0
v 0.41886 0.75123 0.44970
vn 0.00000 -0.93385 0.35766
vt 1 1
f 5026/5026/5026 5027/5027/5027 5028/5028/5028
usemtl rubber
v 0.41886 0.75123 0.44970
vn 0.00000 -0.93385 0.35766
vt 0 0
v 0.42725 0.74399 0.43078
vn 0.00000 -0.93385 0.35766
vt 1 0
v 0.44060 0.73777 0.41453
vn 0.00000 -0.93385 0.35766
vt 1 1
f 5029/5029/5029 5030/5030/5030 5031/5031/5031
usemtl rubber
v 0.44060 0.73777 0.41453
vn 0.00000 -0.93385 0.35766
vt 0 0
v 0.45800 0.73299 0.40207
vn 0.00000 -0.93385 0.35766
vt 1 0
v 0.47826 0.72999 0.39423
vn 0.00000 -0.93385 0.35766
vt 1 1
f 5032/5032/5032 5033/5033/5033 5034/5034/5034
usemtl rubber
v 0.47826 0.72999 0.39423
vn 0.00000 -0.93385 0.35766
vt 0 0
v 0.50000 0.72897 0.39156
vn 0.00000 -0.93385 0.35766
vt 1 0
v 0.52174 0.72999 0.39423
vn 0.00000 -0.93385 0.35766
vt 1 1
f 5035/5035/5035 5036/5036/5036 5037/5037/5037
usemtl rubber
v 0.52174 0.72999 0.39423
vn 0.00000 -0.93385 0.35766
vt 0 0
v 0.54200 0.73299 0.40207
vn 0.00000 -0.93385 0.35766
vt 1 0
v 0.55940 0.73777 0.41453
vn 0.00000 -0.93385 0.35766
vt 1 1
f 5038/5038/5038 5039/5039/5039 5040/5040/5040
usemtl rubber
v 0.55940 0.73777 0.41453
vn 0.00000 -0.93385 0.35766
vt 0 0
v 0.57275 0.74399 0.43078
vn 0.00000 -0.93385 0.35766
vt 1 0
v 0.58114 0.75123 0.44970
vn 0.00000 -0.93385 0.35766
vt 1 1
f 5041/5041/5041 5042/5042/5042 5043/5043/5043
usemtl rubber
v 0.58114 0.75123 0.44970
vn 0.00000 -0.93385 0.35766
vt 0 0
v 0.58400 0.75901 0.47000
vn 0.00000 -0.93385 0.35766
vt 1 0
v 0.58114 0.76679 0.49030
vn 0.00000 -0.93385 0.35766
vt 1 1
f 5044/5044/5044 5045/5045/5045 5046/5046/5046
usemtl rubber
v 0.58114 0.76679 0.49030
vn 0.00000 -0.93385 0.35766
vt 0 0
v 0.57275 0.77403 0.50922
vn 0.00000 -0.93385 0.35766
vt 1 0
v 0.55940 0.78025 0.52547
vn 0.00000 -0.93385 0.35766
vt 1 1
f 5047/5047/5047 5048/5048/5048 5049/5049/5049
usemtl rubber
v 0.55940 0.78025 0.52547
vn 0.00000 -0.93385 0.35766
vt 0 0
v 0.54200 0.78503 0.53793
vn 0.00000 -0.93385 0.35766
vt 1 0
v 0.52174 0.78803 0.54577
vn 0.00000 -0.93385 0.35766
vt 1 1
f 5050/5050/5050 5051/5051/5051 5052/5052/5052
usemtl rubber
v 0.52174 0.78803 0.54577
vn 0.00000 -0.93385 0.35766
vt 0 0
v 0.47826 0.78803 0.54577
vn 0.00000 -0.93385 0.35766
vt 1 0
v 0.44060 0.78025 0.52547
vn 0.00000 -0.93385 0.35766
vt 1 1
f 5053/5053/5053 5054/5054/5054 5055/5055/5055
usemtl rubber
v 0.44060 0.78025 0.52547
vn 0.00000 -0.93385 0.35766
vt 0 0
v 0.41886 0.76679 0.49030
vn 0.00000 -0.93385 0.35766
vt 1 0
v 0.41886 0.75123 0.44970
vn 0.00000 -0.93385 0.35766
vt 1 1
f 5056/5056/5056 5057/5057/5057 5058/5058/5058
usemtl rubber
v 0.41886 0.75123 0.44970
vn 0.00000 -0.93385 0.35766
vt 0 0
v 0.44060 0.73777 0.41453
vn 0.00000 -0.93385 0.35766
vt 1 0
v 0.47826 0.72999 0.39423
vn 0.00000 -0.93385 0.35766
vt 1 1
f 5059/5059/5059 5060/5060/5060 5061/5061/5061
usemtl rubber
v 0.47826 0.72999 0.39423
vn 0.00000 -0.93385 0.35766
vt 0 0
v 0.52174 0.72999 0.39423
vn 0.00000 -0.93385 0.35766
vt 1 0
v 0.55940 0.73777 0.41453
vn 0.00000 -0.93385 0.35766
vt 1 1
f 5062/5062/5062 5063/5063/5063 5064/5064/5064
usemtl rubber
v 0.55940 0.73777 0.41453
vn 0.00000 -0.93385 0.35766
vt 0 0
v 0.58114 0.75123 0.44970
vn 0.00000 -0.93385 0.35766
vt 1 0
v 0.58114 0.76679 0.49030
vn 0.00000 -0.93385 0.35766
vt 1 1
f 5065/5065/5065 5066/5066/5066 5067/5067/5067
usemtl rubber
v 0.58114 0.76679 0.49030
vn 0.00000 -0.93385 0.35766
vt 0 0
v 0.55940 0.78025 0.52547
vn 0.00000 -0.93385 0.35766
vt 1 0
v 0.52174 0.78803 0.54577
vn 0.00000 -0.93385 0.35766
vt 1 1
f 5068/5068/5068 5069/5069/5069 5070/5070/5070
usemtl rubber
v 0.52174 0.78803 0.54577
vn 0.00000 -0.93385 0.35766
vt 0 0
v 0.44060 0.78025 0.52547
vn 0.00000 -0.93385 0.35766
vt 1 0
v 0.41886 0.75123 0.44970
vn 0.00000 -0.93385 0.35766
vt 1 1
f 5071/5071/5071 5072/5072/5072 5073/5073/5073
usemtl rubber
v 0.41886 0.75123 0.44970
vn 0.00000 -0.93385 0.35766
vt 0 0
v 0.47826 0.72999 0.39423
vn 0.00000 -0.93385 0.35766
vt 1 0
v 0.55940 0.73777 0.41453
vn 0.00000 -0.93385 0.35766
vt 1 1
f 5074/5074/5074 5075/5075/5075 5076/5076/5076
usemtl rubber
v 0.55940 0.73777 0.41453
vn 0.00000 -0.93385 0.35766
vt 0 0
v 0.58114 0.76679 0.49030
vn 0.00000 -0.93385 0.35766
vt 1 0
v 0.52174 0.78803 0.54577
vn 0.00000 -0.93385 0.35766
vt 1 1
f 5077/5077/5077 5078/5078/5078 5079/5079/5079
usemtl rubber
v 0.41886 0.75123 0.44970
vn 0.00000 -0.93385 0.35766
vt 0 0
v 0.55940 0.73777 0.41453
vn 0.00000 -0.93385 0.35766
vt 1 0
v 0.52174 0.78803 0.54577
vn 0.00000 -0.93385 0.35766
vt 1 1
f 5080/5080/5080 5081/5081/5081 5082/5082/5082
usemtl rubber
v 0.50000 0.81987 0.53664
vn -0.00000 0.35766 0.93385
vt 0 0
v 0.47826 0.81885 0.53397
vn -0.25882 0.34548 0.90203
vt 1 0
v 0.47826 0.78803 0.54577
vn -0.25882 0.34548 0.90203
vt 1 1
f 5083/5083/5083 5084/5084/5084 5085/5085/5085
usemtl rubber
v 0.50000 0.81987 0.53664
vn -0.00000 0.35766 0.93385
vt 0 0
v 0.47826 0.78803 0.54577
vn -0.25882 0.34548 0.90203
vt 1 0
v 0.50000 0.78905 0.54844
vn 0.00000 0.35766 0.93385
vt 1 1
f 5086/5086/5086 5087/5087/5087 5088/5088/5088
usemtl panel
v 0.51398 0.82529 0.50047
vn 0.25882 0.34548 0.90203
vt 0 0
v 0.50000 0.82595 0.50219
vn 0.00000 0.35766 0.93385
vt 1 0
v 0.50000 0.77832 0.52043
vn 0.00000 0.35766 0.93385
vt 1 1
f 5089/5089/5089 5090/5090/5090 5091/5091/5091
usemtl panel
v 0.51398 0.82529 0.50047
vn 0.25882 0.34548 0.90203
vt 0 0
v 0.50000 0.77832 0.52043
vn 0.00000 0.35766 0.93385
vt 1 0
v 0.51398 0.77767 0.51871
vn 0.25882 0.34548 0.90203
vt 1 1
f 5092/5092/5092 5093/5093/5093 5094/5094/5094
usemtl panel
v 0.48602 0.82529 0.50047
vn -0.25882 0.34548 0.90203
vt 0 0
v 0.47300 0.82336 0.49543
vn -0.50000 0.30975 0.80874
vt 1 0
v 0.47300 0.77574 0.51367
vn -0.50000 0.30975 0.80874
vt 1 1
f 5095/5095/5095 5096/5096/5096 5097/5097/5097
usemtl panel
v 0.48602 0.82529 0.50047
vn -0.25882 0.34548 0.90203
vt 0 0
v 0.47300 0.77574 0.51367
vn -0.50000 0.30975 0.80874
vt 1 0
v 0.48602 0.77767 0.51871
vn -0.25882 0.34548 0.90203
vt 1 1
f 5098/5098/5098 5099/5099/5099 5100/5100/5100
usemtl panel
v 0.47300 0.82336 0.49543
vn -0.50000 0.30975 0.80874
vt 0 0
v 0.46182 0.82029 0.48742
vn -0.70711 0.25291 0.66033
vt 1 0
v 0.46182 0.77267 0.50566
vn -0.70711 0.25291 0.66033
vt 1 1
f 5101/5101/5101 5102/5102/5102 5103/5103/5103
usemtl panel
v 0.47300 0.82336 0.49543
vn -0.50000 0.30975 0.80874
vt 0 0
v 0.46182 0.77267 0.50566
vn -0.70711 0.25291 0.66033
vt 1 0
v 0.47300 0.77574 0.51367
vn -0.50000 0.30975 0.80874
vt 1 1
f 5104/5104/5104 5105/5105/5105 5106/5106/5106
usemtl panel
v 0.46182 0.82029 0.48742
vn -0.70711 0.25291 0.66033
vt 0 0
v 0.45323 0.81629 0.47697
vn -0.86603 0.17883 0.46692
vt 1 0
v 0.45323 0.76867 0.49521
vn -0.86603 0.17883 0.46692
vt 1 1
f 5107/5107/5107 5108/5108/5108 5109/5109/5109
usemtl panel
v 0.46182 0.82029 0.48742
vn -0.70711 0.25291 0.66033
vt 0 0
v 0.45323 0.76867 0.49521
vn -0.86603 0.17883 0.46692
vt 1 0
v 0.46182 0.77267 0.50566
vn -0.70711 0.25291 0.66033
vt 1 1
f 5110/5110/5110 5111/5111/5111 5112/5112/5112
usemtl panel
v 0.45323 0.81629 0.47697
vn -0.86603 0.17883 0.46692
vt 0 0
v 0.44784 0.81164 0.46481
vn -0.96593 0.09257 0.24170
vt 1 0
v 0.44784 0.76401 0.48305
vn -0.96593 0.09257 0.24170
vt 1 1
f 5113/5113/5113 5114/5114/5114 5115/5115/5115
usemtl panel
v 0.45323 0.81629 0.47697
vn -0.86603 0.17883 0.46692
vt 0 0
v 0.44784 0.76401 0.48305
vn -0.96593 0.09257 0.24170
vt 1 0
v 0.45323 0.76867 0.49521
vn -0.86603 0.17883 0.46692
vt 1 1
f 5116/5116/5116 5117/5117/5117 5118/5118/5118
usemtl panel
v 0.44784 0.81164 0.46481
vn -0.96593 0.09257 0.24170
vt 0 0
v 0.44600 0.80664 0.45176
vn -1.00000 0.00000 0.00000
vt 1 0
v 0.44600 0.75901 0.47000
vn -1.00000 0.00000 0.00000
vt 1 1
f 5119/5119/5119 5120/5120/5120 5121/5121/5121
usemtl panel
v 0.44784 0.81164 0.46481
vn -0.96593 0.09257 0.24170
vt 0 0
v 0.44600 0.75901 0.47000
vn -1.00000 0.00000 0.00000
vt 1 0
v 0.44784 0.76401 0.48305
vn -0.96593 0.09257 0.24170
vt 1 1
f 5122/5122/5122 5123/5123/5123 5124/5124/5124
usemtl panel
v 0.44600 0.80664 0.45176
vn -1.00000 0.00000 0.00000
vt 0 0
v 0.44784 0.80164 0.43871
vn -0.96593 -0.09257 -0.24170
vt 1 0
v 0.44784 0.75401 0.45695
vn -0.96593 -0.09257 -0.24170
vt 1 1
f 5125/5125/5125 5126/5126/5126 5127/5127/5127
usemtl panel
v 0.44600 0.80664 0.45176
vn -1.00000 0.00000 0.00000
vt 0 0
v 0.44784 0.75401 0.45695
vn -0.96593 -0.09257 -0.24170
vt 1 0
v 0.44600 0.75901 0.47000
vn -1.00000 0.00000 0.00000
vt 1 1
f 5128/5128/5128 5129/5129/5129 5130/5130/5130
usemtl panel
v 0.44784 0.80164 0.43871
vn -0.96593 -0.09257 -0.24170
vt 0 0
v 0.45323 0.79698 0.42655
vn -0.86603 -0.17883 -0.46693
vt 1 0
v 0.45323 0.74935 0.44479
vn -0.86603 -0.17883 -0.46693
vt 1 1
f 5131/5131/5131 5132/5132/5132 5133/5133/5133
usemtl panel
v 0.44784 0.80164 0.43871
vn -0.96593 -0.09257 -0.24170
vt 0 0
v 0.45323 0.74935 0.44479
vn -0.86603 -0.17883 -0.46693
vt 1 0
v 0.44784 0.75401 0.45695
vn -0.96593 -0.09257 -0.24170
vt 1 1
f 5134/5134/5134 5135/5135/5135 5136/5136/5136
usemtl panel
v 0.45323 0.79698 0.42655
vn -0.86603 -0.17883 -0.46693
vt 0 0
v 0.46182 0.79298 0.41610
vn -0.70711 -0.25291 -0.66033
vt 1 0
v 0.46182 0.74535 0.43434
vn -0.70711 -0.25291 -0.66033
vt 1 1
f 5137/5137/5137 5138/5138/5138 5139/5139/5139
usemtl panel
v 0.45323 0.79698 0.42655
vn -0.86603 -0.17883 -0.46693
vt 0 0
v 0.46182 0.74535 0.43434
vn -0.70711 -0.25291 -0.66033
vt 1 0
v 0.45323 0.74935 0.44479
vn -0.86603 -0.17883 -0.46693
vt 1 1
f 5140/5140/5140 5141/5141/5141 5142/5142/5142
usemtl panel
v 0.46182 0.79298 0.41610
vn -0.70711 -0.25291 -0.66033
vt 0 0
v 0.47300 0.78991 0.40809
vn -0.50000 -0.30975 -0.80874
vt 1 0
v 0.47300 0.74228 0.42633
vn -0.50000 -0.30975 -0.80874
vt 1 1
f 5143/5143/5143 5144/5144/5144 5145/5145/5145
usemtl panel
v 0.46182 0.79298 0.41610
vn -0.70711 -0.25291 -0.66033
vt 0 0
v 0.47300 0.74228 0.42633
vn -0.50000 -0.30975 -0.80874
vt 1 0
v 0.46182 0.74535 0.43434
vn -0.70711 -0.25291 -0.66033
vt 1 1
f 5146/5146/5146 5147/5147/5147 5148/5148/5148
usemtl panel
v 0.47300 0.78991 0.40809
vn -0.50000 -0.30975 -0.80874
vt 0 0
v 0.48602 0.78798 0.40305
vn -0.25882 -0.34548 -0.90203
vt 1 0
v 0.48602 0.74035 0.42129
vn -0.25882 -0.34548 -0.90203
vt 1 1
f 5149/5149/5149 5150/5150/5150 5151/5151/5151
usemtl panel
v 0.47300 0.78991 0.40809
vn -0.50000 -0.30975 -0.80874
vt 0 0
v 0.48602 0.74035 0.42129
vn -0.25882 -0.34548 -0.90203
vt 1 0
v 0.47300 0.74228 0.42633
vn -0.50000 -0.30975 -0.80874
vt 1 1
f 5152/5152/5152 5153/5153/5153 5154/5154/5154
usemtl panel
v 0.48602 0.78798 0.40305
vn -0.25882 -0.34548 -0.90203
vt 0 0
v 0.50000 0.78732 0.40133
vn 0.00000 -0.35766 -0.93385
vt 1 0
v 0.50000 0.73970 0.41957
vn 0.00000 -0.35766 -0.93385
vt 1 1
f 5155/5155/5155 5156/5156/5156 5157/5157/5157
usemtl panel
v 0.48602 0.78798 0.40305
vn -0.25882 -0.34548 -0.90203
vt 0 0
v 0.50000 0.73970 0.41957
vn 0.00000 -0.35766 -0.93385
vt 1 0
v 0.48602 0.74035 0.42129
vn -0.25882 -0.34548 -0.90203
vt 1 1
f 5158/5158/5158 5159/5159/5159 5160/5160/5160
usemtl panel
v 0.50000 0.78732 0.40133
vn 0.00000 -0.35766 -0.93385
vt 0 0
v 0.51398 0.78798 0.40305
vn 0.25882 -0.34548 -0.90203
vt 1 0
v 0.51398 0.74035 0.42129
vn 0.25882 -0.34548 -0.90203
vt 1 1
f 5161/5161/5161 5162/5162/5162 5163/5163/5163
usemtl panel
v 0.50000 0.78732 0.40133
vn 0.00000 -0.35766 -0.93385
vt 0 0
v 0.51398 0.74035 0.42129
vn 0.25882 -0.34548 -0.90203
vt 1 0
v 0.50000 0.73970 0.41957
vn 0.00000 -0.35766 -0.93385
vt 1 1
f 5164/5164/5164 5165/5165/5165 5166/5166/5166
usemtl panel
v 0.51398 0.78798 0.40305
vn 0.25882 -0.34548 -0.90203
vt 0 0
v 0.52700 0.78991 0.40809
vn 0.50000 -0.30975 -0.80874
vt 1 0
v 0.52700 0.74228 0.42633
vn 0.50000 -0.30975 -0.80874
vt 1 1
f 5167/5167/5167 5168/5168/5168 5169/5169/5169
usemtl panel
v 0.51398 0.78798 0.40305
vn 0.25882 -0.34548 -0.90203
vt 0 0
v 0.52700 0.74228 0.42633
vn 0.50000 -0.30975 -0.80874
vt 1 0
v 0.51398 0.74035 0.42129
vn 0.25882 -0.34548 -0.90203
vt 1 1
f 5170/5170/5170 5171/5171/5171 5172/5172/5172
usemtl panel
v 0.52700 0.78991 0.40809
vn 0.50000 -0.30975 -0.80874
vt 0 0
v 0.53818 0.79298 0.41610
vn 0.70711 -0.25291 -0.66033
vt 1 0
v 0.53818 0.74535 0.43434
vn 0.70711 -0.25291 -0.66033
vt 1 1
f 5173/5173/5173 5174/5174/5174 5175/5175/5175
usemtl panel
v 0.52700 0.78991 0.40809
vn 0.50000 -0.30975 -0.80874
vt 0 0
v 0.53818 0.74535 0.43434
vn 0.70711 -0.25291 -0.66033
vt 1 0
v 0.52700 0.74228 0.42633
vn 0.50000 -0.30975 -0.80874
vt 1 1
f 5176/5176/5176 5177/5177/5177 5178/5178/5178
usemtl panel
v 0.53818 0.79298 0.41610
vn 0.70711 -0.25291 -0.66033
vt 0 0
v 0.54677 0.79698 0.42655
vn 0.86603 -0.17883 -0.46693
vt 1 0
v 0.54677 0.74935 0.44479
vn 0.86603 -0.17883 -0.46693
vt 1 1
f 5179/5179/5179 5180/5180/5180 5181/5181/5181
usemtl panel
v 0.53818 0.79298 0.41610
vn 0.70711 -0.25291 -0.66033
vt 0 0
v 0.54677 0.74935 0.44479
vn 0.86603 -0.17883 -0.46693
vt 1 0
v 0.53818 0.74535 0.43434
vn 0.70711 -0.25291 -0.66033
vt 1 1
f 5182/5182/5182 5183/5183/5183 5184/5184/5184
usemtl panel
v 0.54677 0.79698 0.42655
vn 0.86603 -0.17883 -0.46693
vt 0 0
v 0.55216 0.80164 0.43871
vn 0.96593 -0.09257 -0.24170
vt 1 0
v 0.55216 0.75401 0.45695
vn 0.96593 -0.09257 -0.24170
vt 1 1
f 5185/5185/5185 5186/5186/5186 5187/5187/5187
usemtl panel
v 0.54677 0.79698 0.42655
vn 0.86603 -0.17883 -0.46693
vt 0 0
v 0.55216 0.75401 0.45695
vn 0.96593 -0.09257 -0.24170
vt 1 0
v 0.54677 0.74935 0.44479
vn 0.86603 -0.17883 -0.46693
vt 1 1
f 5188/5188/5188 5189/5189/5189 5190/5190/5190
usemtl panel
v 0.55216 0.80164 0.43871
vn 0.96593 -0.09257 -0.24170
vt 0 0
v 0.55400 0.80664 0.45176
vn 1.00000 -0.00000 -0.00000
vt 1 0
v 0.55400 0.75901 0.47000
vn 1.00000 -0.00000 -0.00000
vt 1 1
f 5191/5191/5191 5192/5192/5192 5193/5193/5193
usemtl panel
v 0.55216 0.80164 0.43871
vn 0.96593 -0.09257 -0.24170
vt 0 0
v 0.55400 0.75901 0.47000
vn 1.00000 -0.00000 -0.00000
vt 1 0
v 0.55216 0.75401 0.45695
vn 0.96593 -0.09257 -0.24170
vt 1 1
f 5194/5194/5194 5195/5195/5195 5196/5196/5196
usemtl panel
v 0.55400 0.80664 0.45176
vn 1.00000 -0.00000 -0.00000
vt 0 0
v 0.55216 0.81164 0.46481
vn 0.96593 0.09257 0.24170
vt 1 0
v 0.55216 0.76401 0.48305
vn 0.96593 0.09257 0.24170
vt 1 1
f 5197/5197/5197 5198/5198/5198 5199/5199/5199
usemtl panel
v 0.55400 0.80664 0.45176
vn 1.00000 -0.00000 -0.00000
vt 0 0
v 0.55216 0.76401 0.48305
vn 0.96593 0.09257 0.24170
vt 1 0
v 0.55400 0.75901 0.47000
vn 1.00000 -0.00000 -0.00000
vt 1 1
f 5200/5200/5200 5201/5201/5201 5202/5202/5202
usemtl panel
v 0.55216 0.81164 0.46481
vn 0.96593 0.09257 0.24170
vt 0 0
v 0.54677 0.81629 0.47697
vn 0.86603 0.17883 0.46692
vt 1 0
v 0.54677 0.76867 0.49521
vn 0.86603 0.17883 0.46692
vt 1 1
f 5203/5203/5203 5204/5204/5204 5205/5205/5205
usemtl panel
v 0.55216 0.81164 0.46481
vn 0.96593 0.09257 0.24170
vt 0 0
v 0.54677 0.76867 0.49521
vn 0.86603 0.17883 0.46692
vt 1 0
v 0.55216 0.76401 0.48305
vn 0.96593 0.09257 0.24170
vt 1 1
f 5206/5206/5206 5207/5207/5207 5208/5208/5208
usemtl panel
v 0.54677 0.81629 0.47697
vn 0.86603 0.17883 0.46692
vt 0 0
v 0.53818 0.82029 0.48742
vn 0.70711 0.25291 0.66033
vt 1 0
v 0.53818 0.77267 0.50566
vn 0.70711 0.25291 0.66033
vt 1 1
f 5209/5209/5209 5210/5210/5210 5211/5211/5211
usemtl panel
v 0.54677 0.81629 0.47697
vn 0.86603 0.17883 0.46692
vt 0 0
v 0.53818 0.77267 0.50566
vn 0.70711 0.25291 0.66033
vt 1 0
v 0.54677 0.76867 0.49521
vn 0.86603 0.17883 0.46692
vt 1 1
f 5212/5212/5212 5213/5213/5213 5214/5214/5214
usemtl panel
v 0.53818 0.82029 0.48742
vn 0.70711 0.25291 0.66033
vt 0 0
v 0.52700 0.82336 0.49543
vn 0.50000 0.30975 0.80874
vt 1 0
v 0.52700 0.77574 0.51367
vn 0.50000 0.30975 0.80874
vt 1 1
f 5215/5215/5215 5216/5216/5216 5217/5217/5217
usemtl panel
v 0.53818 0.82029 0.48742
vn 0.70711 0.25291 0.66033
vt 0 0
v 0.52700 0.77574 0.51367
vn 0.50000 0.30975 0.80874
vt 1 0
v 0.53818 0.77267 0.50566
vn 0.70711 0.25291 0.66033
vt 1 1
f 5218/5218/5218 5219/5219/5219 5220/5220/5220
usemtl panel
v 0.48602 0.82529 0.50047
vn -0.00000 0.93385 -0.35766
vt 0 0
v 0.50000 0.82595 0.50219
vn -0.00000 0.93385 -0.35766
vt 1 0
v 0.51398 0.82529 0.50047
vn -0.00000 0.93385 -0.35766
vt 1 1
f 5221/5221/5221 5222/5222/5222 5223/5223/5223
usemtl panel
v 0.51398 0.82529 0.50047
vn -0.00000 0.93385 -0.35766
vt 0 0
v 0.52700 0.82336 0.49543
vn -0.00000 0.93385 -0.35766
vt 1 0
v 0.53818 0.82029 0.48742
vn -0.00000 0.93385 -0.35766
vt 1 1
f 5224/5224/5224 5225/5225/5225 5226/5226/5226
usemtl panel
v 0.53818 0.82029 0.48742
vn -0.00000 0.93385 -0.35766
vt 0 0
v 0.54677 0.81629 0.47697
vn -0.00000 0.93385 -0.35766
vt 1 0
v 0.55216 0.81164 0.46481
vn -0.00000 0.93385 -0.35766
vt 1 1
f 5227/5227/5227 5228/5228/5228 5229/5229/5229
usemtl panel
v 0.55216 0.81164 0.46481
vn -0.00000 0.93385 -0.35766
vt 0 0
v 0.55400 0.80664 0.45176
vn -0.00000 0.93385 -0.35766
vt 1 0
v 0.55216 0.80164 0.43871
vn -0.00000 0.93385 -0.35766
vt 1 1
f 5230/5230/5230 5231/5231/5231 5232/5232/5232
usemtl panel
v 0.55216 0.80164 0.43871
vn -0.00000 0.93385 -0.35766
vt 0 0
v 0.54677 0.79698 0.42655
vn -0.00000 0.93385 -0.35766
vt 1 0
v 0.53818 0.79298 0.41610
vn -0.00000 0.93385 -0.35766
vt 1 1
f 5233/5233/5233 5234/5234/5234 5235/5235/5235
usemtl panel
v 0.53818 0.79298 0.41610
vn -0.00000 0.93385 -0.35766
vt 0 0
v 0.52700 0.78991 0.40809
vn -0.00000 0.93385 -0.35766
vt 1 0
v 0.51398 0.78798 0.40305
vn -0.00000 0.93385 -0.35766
vt 1 1
f 5236/5236/5236 5237/5237/5237 5238/5238/5238
usemtl panel
v 0.51398 0.78798 0.40305
vn -0.00000 0.93385 -0.35766
vt 0 0
v 0.50000 0.78732 0.40133
vn -0.00000 0.93385 -0.35766
vt 1 0
v 0.48602 0.78798 0.40305
vn -0.00000 0.93385 -0.35766
vt 1 1
f 5239/5239/5239 5240/5240/5240 5241/5241/5241
usemtl panel
v 0.48602 0.78798 0.40305
vn -0.00000 0.93385 -0.35766
vt 0 0
v 0.47300 0.78991 0.40809
vn -0.00000 0.93385 -0.35766
vt 1 0
v 0.46182 0.79298 0.41610
vn -0.00000 0.93385 -0.35766
vt 1 1
f 5242/5242/5242 5243/5243/5243 5244/5244/5244
usemtl panel
v 0.46182 0.79298 0.41610
vn -0.00000 0.93385 -0.35766
vt 0 0
v 0.45323 0.79698 0.42655
vn -0.00000 0.93385 -0.35766
vt 1 0
v 0.44784 0.80164 0.43871
vn -0.00000 0.93385 -0.35766
vt 1 1
f 5245/5245/5245 5246/5246/5246 5247/5247/5247
usemtl panel
v 0.44784 0.80164 0.43871
vn -0.00000 0.93385 -0.35766
vt 0 0
v 0.44600 0.80664 0.45176
vn -0.00000 0.93385 -0.35766
vt 1 0
v 0.44784 0.81164 0.46481
vn -0.00000 0.93385 -0.35766
vt 1 1
f 5248/5248/5248 5249/5249/5249 5250/5250/5250
usemtl panel
v 0.44784 0.81164 0.46481
vn -0.00000 0.93385 -0.35766
vt 0 0
v 0.45323 0.81629 0.47697
vn -0.00000 0.93385 -0.35766
vt 1 0
v 0.46182 0.82029 0.48742
vn -0.00000 0.93385 -0.35766
vt 1 1
f 5251/5251/5251 5252/5252/5252 5253/5253/5253
usemtl panel
v 0.46182 0.82029 0.48742
vn -0.00000 0.93385 -0.35766
vt 0 0
v 0.47300 0.82336 0.49543
vn -0.00000 0.93385 -0.35766
vt 1 0
v 0.48602 0.82529 0.50047
vn -0.00000 0.93385 -0.35766
vt 1 1
f 5254/5254/5254 5255/5255/5255 5256/5256/5256
usemtl panel
v 0.48602 0.82529 0.50047
vn -0.00000 0.93385 -0.35766
vt 0 0
v 0.51398 0.82529 0.50047
vn -0.00000 0.93385 -0.35766
vt 1 0
v 0.53818 0.82029 0.48742
vn -0.00000 0.93385 -0.35766
vt 1 1
f 5257/5257/5257 5258/5258/5258 5259/5259/5259
usemtl panel
v 0.53818 0.82029 0.48742
vn -0.00000 0.93385 -0.35766
vt 0 0
v 0.55216 0.81164 0.46481
vn -0.00000 0.93385 -0.35766
vt 1 0
v 0.55216 0.80164 0.43871
vn -0.00000 0.93385 -0.35766
vt 1 1
f 5260/5260/5260 5261/5261/5261 5262/5262/5262
usemtl panel
v 0.55216 0.80164 0.43871
vn -0.00000 0.93385 -0.35766
vt 0 0
v 0.53818 0.79298 0.41610
vn -0.00000 0.93385 -0.35766
vt 1 0
v 0.51398 0.78798 0.40305
vn -0.00000 0.93385 -0.35766
vt 1 1
f 5263/5263/5263 5264/5264/5264 5265/5265/5265
usemtl panel
v 0.51398 0.78798 0.40305
vn -0.00000 0.93385 -0.35766
vt 0 0
v 0.48602 0.78798 0.40305
vn -0.00000 0.93385 -0.35766
vt 1 0
v 0.46182 0.79298 0.41610
vn -0.00000 0.93385 -0.35766
vt 1 1
f 5266/5266/5266 5267/5267/5267 5268/5268/5268
usemtl panel
v 0.46182 0.79298 0.41610
vn -0.00000 0.93385 -0.35766
vt 0 0
v 0.44784 0.80164 0.43871
vn -0.00000 0.93385 -0.35766
vt 1 0
v 0.44784 0.81164 0.46481
vn -0.00000 0.93385 -0.35766
vt 1 1
f 5269/5269/5269 5270/5270/5270 5271/5271/5271
usemtl panel
v 0.44784 0.81164 0.46481
vn -0.00000 0.93385 -0.35766
vt 0 0
v 0.46182 0.82029 0.48742
vn -0.00000 0.93385 -0.35766
vt 1 0
v 0.48602 0.82529 0.50047
vn -0.00000 0.93385 -0.35766
vt 1 1
f 5272/5272/5272 5273/5273/5273 5274/5274/5274
usemtl panel
v 0.48602 0.82529 0.50047
vn -0.00000 0.93385 -0.35766
vt 0 0
v 0.53818 0.82029 0.48742
vn -0.00000 0.93385 -0.35766
vt 1 0
v 0.55216 0.80164 0.43871
vn -0.00000 0.93385 -0.35766
vt 1 1
f 5275/5275/5275 5276/5276/5276 5277/5277/5277
usemtl panel
v 0.55216 0.80164 0.43871
vn -0.00000 0.93385 -0.35766
vt 0 0
v 0.51398 0.78798 0.40305
vn -0.00000 0.93385 -0.35766
vt 1 0
v 0.46182 0.79298 0.41610
vn -0.00000 0.93385 -0.35766
vt 1 1
f 5278/5278/5278 5279/5279/5279 5280/5280/5280
usemtl panel
v 0.46182 0.79298 0.41610
vn -0.00000 0.93385 -0.35766
vt 0 0
v 0.44784 0.81164 0.46481
vn -0.00000 0.93385 -0.35766
vt 1 0
v 0.48602 0.82529 0.50047
vn -0.00000 0.93385 -0.35766
vt 1 1
f 5281/5281/5281 5282/5282/5282 5283/5283/5283
usemtl panel
v 0.55216 0.80164 0.43871
vn -0.00000 0.93385 -0.35766
vt 0 0
v 0.46182 0.79298 0.41610
vn -0.00000 0.93385 -0.35766
vt 1 0
v 0.48602 0.82529 0.50047
vn -0.00000 0.93385 -0.35766
vt 1 1
f 5284/5284/5284 5285/5285/5285 5286/5286/5286
usemtl panel
v 0.52700 0.82336 0.49543
vn 0.50000 0.30975 0.80874
vt 0 0
v 0.51398 0.82529 0.50047
vn 0.25882 0.34548 0.90203
vt 1 0
v 0.51398 0.77767 0.51871
vn 0.25882 0.34548 0.90203
vt 1 1
f 5287/5287/5287 5288/5288/5288 5289/5289/5289
usemtl panel
v 0.52700 0.82336 0.49543
vn 0.50000 0.30975 0.80874
vt 0 0
v 0.51398 0.77767 0.51871
vn 0.25882 0.34548 0.90203
vt 1 0
v 0.52700 0.77574 0.51367
vn 0.50000 0.30975 0.80874
vt 1 1
f 5290/5290/5290 5291/5291/5291 5292/5292/5292
usemtl panel
v 0.51398 0.77767 0.51871
vn -0.00000 -0.93385 0.35766
vt 0 0
v 0.50000 0.77832 0.52043
vn -0.00000 -0.93385 0.35766
vt 1 0
v 0.48602 0.77767 0.51871
vn -0.00000 -0.93385 0.35766
vt 1 1
f 5293/5293/5293 5294/5294/5294 5295/5295/5295
usemtl panel
v 0.48602 0.77767 0.51871
vn -0.00000 -0.93385 0.35766
vt 0 0
v 0.47300 0.77574 0.51367
vn -0.00000 -0.93385 0.35766
vt 1 0
v 0.46182 0.77267 0.50566
vn -0.00000 -0.93385 0.35766
vt 1 1
f 5296/5296/5296 5297/5297/5297 5298/5298/5298
usemtl panel
v 0.46182 0.77267 0.50566
vn -0.00000 -0.93385 0.35766
vt 0 0
v 0.45323 0.76867 0.49521
vn -0.00000 -0.93385 0.35766
vt 1 0
v 0.44784 0.76401 0.48305
vn -0.00000 -0.93385 0.35766
vt 1 1
f 5299/5299/5299 5300/5300/5300 5301/5301/5301
usemtl panel
v 0.44784 0.76401 0.48305
vn -0.00000 -0.93385 0.35766
vt 0 0
v 0.44600 0.75901 0.47000
vn -0.00000 -0.93385 0.35766
vt 1 0
v 0.44784 0.75401 0.45695
vn -0.00000 -0.93385 0.35766
vt 1 1
f 5302/5302/5302 5303/5303/5303 5304/5304/5304
usemtl panel
v 0.44784 0.75401 0.45695
vn -0.00000 -0.93385 0.35766
vt 0 0
v 0.45323 0.74935 0.44479
vn -0.00000 -0.93385 0.35766
vt 1 0
v 0.46182 0.74535 0.43434
vn -0.00000 -0.93385 0.35766
vt 1 1
f 5305/5305/5305 5306/5306/5306 5307/5307/5307
usemtl panel
v 0.46182 0.74535 0.43434
vn -0.00000 -0.93385 0.35766
vt 0 0
v 0.47300 0.74228 0.42633
vn -0.00000 -0.93385 0.35766
vt 1 0
v 0.48602 0.74035 0.42129
vn -0.00000 -0.93385 0.35766
vt 1 1
f 5308/5308/5308 5309/5309/5309 5310/5310/5310
usemtl panel
v 0.48602 0.74035 0.42129
vn -0.00000 -0.93385 0.35766
vt 0 0
v 0.50000 0.73970 0.41957
vn -0.00000 -0.93385 0.35766
vt 1 0
v 0.51398 0.74035 0.42129
vn -0.00000 -0.93385 0.35766
vt 1 1
f 5311/5311/5311 5312/5312/5312 5313/5313/5313
usemtl panel
v 0.51398 0.74035 0.42129
vn -0.00000 -0.93385 0.35766
vt 0 0
v 0.52700 0.74228 0.42633
vn -0.00000 -0.93385 0.35766
vt 1 0
v 0.53818 0.74535 0.43434
vn -0.00000 -0.93385 0.35766
vt 1 1
f 5314/5314/5314 5315/5315/5315 5316/5316/5316
usemtl panel
v 0.53818 0.74535 0.43434
vn -0.00000 -0.93385 0.35766
vt 0 0
v 0.54677 0.74935 0.44479
vn -0.00000 -0.93385 0.35766
vt 1 0
v 0.55216 0.75401 0.45695
vn -0.00000 -0.93385 0.35766
vt 1 1
f 5317/5317/5317 5318/5318/5318 5319/5319/5319
usemtl panel
v 0.55216 0.75401 0.45695
vn -0.00000 -0.93385 0.35766
vt 0 0
v 0.55400 0.75901 0.47000
vn -0.00000 -0.93385 0.35766
vt 1 0
v 0.55216 0.76401 0.48305
vn -0.00000 -0.93385 0.35766
vt 1 1
f 5320/5320/5320 5321/5321/5321 5322/5322/5322
usemtl panel
v 0.55216 0.76401 0.48305
vn -0.00000 -0.93385 0.35766
vt 0 0
v 0.54677 0.76867 0.49521
vn -0.00000 -0.93385 0.35766
vt 1 0
v 0.53818 0.77267 0.50566
vn -0.00000 -0.93385 0.35766
vt 1 1
f 5323/5323/5323 5324/5324/5324 5325/5325/5325
usemtl panel
v 0.53818 0.77267 0.50566
vn -0.00000 -0.93385 0.35766
vt 0 0
v 0.52700 0.77574 0.51367
vn -0.00000 -0.93385 0.35766
vt 1 0
v 0.51398 0.77767 0.51871
vn -0.00000 -0.93385 0.35766
vt 1 1
f 5326/5326/5326 5327/5327/5327 5328/5328/5328
usemtl panel
v 0.51398 0.77767 0.51871
vn -0.00000 -0.93385 0.35766
vt 0 0
v 0.48602 0.77767 0.51871
vn -0.00000 -0.93385 0.35766
vt 1 0
v 0.46182 0.77267 0.50566
vn -0.00000 -0.93385 0.35766
vt 1 1
f 5329/5329/5329 5330/5330/5330 5331/5331/5331
usemtl panel
v 0.46182 0.77267 0.50566
vn -0.00000 -0.93385 0.35766
vt 0 0
v 0.44784 0.76401 0.48305
vn -0.00000 -0.93385 0.35766
vt 1 0
v 0.44784 0.75401 0.45695
vn -0.00000 -0.93385 0.35766
vt 1 1
f 5332/5332/5332 5333/5333/5333 5334/5334/5334
usemtl panel
v 0.44784 0.75401 0.45695
vn -0.00000 -0.93385 0.35766
vt 0 0
v 0.46182 0.74535 0.43434
vn -0.00000 -0.93385 0.35766
vt 1 0
v 0.48602 0.74035 0.42129
vn -0.00000 -0.93385 0.35766
vt 1 1
f 5335/5335/5335 5336/5336/5336 5337/5337/5337
usemtl panel
v 0.48602 0.74035 0.42129
vn -0.00000 -0.93385 0.35766
vt 0 0
v 0.51398 0.74035 0.42129
vn -0.00000 -0.93385 0.35766
vt 1 0
v 0.53818 0.74535 0.43434
vn -0.00000 -0.93385 0.35766
vt 1 1
f 5338/5338/5338 5339/5339/5339 5340/5340/5340
usemtl panel
v 0.53818 0.74535 0.43434
vn -0.00000 -0.93385 0.35766
vt 0 0
v 0.55216 0.75401 0.45695
vn -0.00000 -0.93385 0.35766
vt 1 0
v 0.55216 0.76401 0.48305
vn -0.00000 -0.93385 0.35766
vt 1 1
f 5341/5341/5341 5342/5342/5342 5343/5343/5343
usemtl panel
v 0.55216 0.76401 0.48305
vn -0.00000 -0.93385 0.35766
vt 0 0
v 0.53818 0.77267 0.50566
vn -0.00000 -0.93385 0.35766
vt 1 0
v 0.51398 0.77767 0.51871
vn -0.00000 -0.93385 0.35766
vt 1 1
f 5344/5344/5344 5345/5345/5345 5346/5346/5346
usemtl panel
v 0.51398 0.77767 0.51871
vn -0.00000 -0.93385 0.35766
vt 0 0
v 0.46182 0.77267 0.50566
vn -0.00000 -0.93385 0.35766
vt 1 0
v 0.44784 0.75401 0.45695
vn -0.00000 -0.93385 0.35766
vt 1 1
f 5347/5347/5347 5348/5348/5348 5349/5349/5349
usemtl panel
v 0.44784 0.75401 0.45695
vn -0.00000 -0.93385 0.35766
vt 0 0
v 0.48602 0.74035 0.42129
vn -0.00000 -0.93385 0.35766
vt 1 0
v 0.53818 0.74535 0.43434
vn -0.00000 -0.93385 0.35766
vt 1 1
f 5350/5350/5350 5351/5351/5351 5352/5352/5352
usemtl panel
v 0.53818 0.74535 0.43434
vn -0.00000 -0.93385 0.35766
vt 0 0
v 0.55216 0.76401 0.48305
vn -0.00000 -0.93385 0.35766
vt 1 0
v 0.51398 0.77767 0.51871
vn -0.00000 -0.93385 0.35766
vt 1 1
f 5353/5353/5353 5354/5354/5354 5355/5355/5355
usemtl panel
v 0.44784 0.75401 0.45695
vn -0.00000 -0.93385 0.35766
vt 0 0
v 0.53818 0.74535 0.43434
vn -0.00000 -0.93385 0.35766
vt 1 0
v 0.51398 0.77767 0.51871
vn -0.00000 -0.93385 0.35766
vt 1 1
f 5356/5356/5356 5357/5357/5357 5358/5358/5358
usemtl panel
v 0.50000 0.82595 0.50219
vn 0.00000 0.35766 0.93385
vt 0 0
v 0.48602 0.82529 0.50047
vn -0.25882 0.34548 0.90203
vt 1 0
v 0.48602 0.77767 0.51871
vn -0.25882 0.34548 0.90203
vt 1 1
f 5359/5359/5359 5360/5360/5360 5361/5361/5361
usemtl panel
v 0.50000 0.82595 0.50219
vn 0.00000 0.35766 0.93385
vt 0 0
v 0.48602 0.77767 0.51871
vn -0.25882 0.34548 0.90203
vt 1 0
v 0.50000 0.77832 0.52043
vn 0.00000 0.35766 0.93385
vt 1 1
f 5362/5362/5362 5363/5363/5363 5364/5364/5364
usemtl letters
v 0.72656 0.75877 0.45632
vn 0.00000 0.93385 -0.35766
vt 0 0
v 0.72352 0.76633 0.47606
vn 0.00000 0.93385 -0.35766
vt 1 0
v 0.72656 0.76633 0.47606
vn 0.00000 0.93385 -0.35766
vt 1 1
f 5365/5365/5365 5366/5366/5366 5367/5367/5367
usemtl letters
v 0.72656 0.75877 0.45632
vn 0.00003 0.93385 -0.35766
vt 0 0
v 0.72352 0.75974 0.45886
vn 0.00003 0.93385 -0.35766
vt 1 0
v 0.72352 0.76633 0.47606
vn 0.00003 0.93385 -0.35766
vt 1 1
f 5368/5368/5368 5369/5369/5369 5370/5370/5370
usemtl letters
v 0.72656 0.75877 0.45632
vn 0.00000 0.93385 -0.35767
vt 0 0
v 0.71398 0.75974 0.45886
vn 0.00000 0.93385 -0.35767
vt 1 0
v 0.72352 0.75974 0.45886
vn 0.00000 0.93385 -0.35767
vt 1 1
f 5371/5371/5371 5372/5372/5372 5373/5373/5373
usemtl letters
v 0.72656 0.75877 0.45632
vn 0.00000 0.93385 -0.35767
vt 0 0
v 0.71398 0.75877 0.45632
vn 0.00000 0.93385 -0.35767
vt 1 0
v 0.71398 0.75974 0.45886
vn 0.00000 0.93385 -0.35767
vt 1 1
f 5374/5374/5374 5375/5375/5375 5376/5376/5376
usemtl letters
v 0.74175 0.75877 0.45632
vn 0.00000 0.93385 -0.35766
vt 0 0
v 0.73871 0.76633 0.47606
vn 0.00000 0.93385 -0.35766
vt 1 0
v 0.74175 0.76633 0.47606
vn 0.00000 0.93385 -0.35766
vt 1 1
f 5377/5377/5377 5378/5378/5378 5379/5379/5379
usemtl letters
v 0.74175 0.75877 0.45632
vn 0.00003 0.93385 -0.35766
vt 0 0
v 0.73871 0.75974 0.45886
vn 0.00003 0.93385 -0.35766
vt 1 0
v 0.73871 0.76633 0.47606
vn 0.00003 0.93385 -0.35766
vt 1 1
f 5380/5380/5380 5381/5381/5381 5382/5382/5382
usemtl letters
v 0.74175 0.75877 0.45632
vn 0.00000 0.93385 -0.35767
vt 0 0
v 0.72917 0.75974 0.45886
vn 0.00000 0.93385 -0.35767
vt 1 0
v 0.73871 0.75974 0.45886
vn 0.00000 0.93385 -0.35767
vt 1 1
f 5383/5383/5383 5384/5384/5384 5385/5385/5385
usemtl letters
v 0.74175 0.75877 0.45632
vn 0.00000 0.93385 -0.35767
vt 0 0
v 0.72917 0.75877 0.45632
vn 0.00000 0.93385 -0.35767
vt 1 0
v 0.72917 0.75974 0.45886
vn 0.00000 0.93385 -0.35767
vt 1 1
f 5386/5386/5386 5387/5387/5387 5388/5388/5388
usemtl letters
v 0.74944 0.75877 0.45632
vn 0.00000 0.93385 -0.35767
vt 0 0
v 0.74640 0.76633 0.47606
vn 0.00000 0.93385 -0.35767
vt 1 0
v 0.74944 0.76633 0.47606
vn 0.00000 0.93385 -0.35767
vt 1 1
f 5389/5389/5389 5390/5390/5390 5391/5391/5391
usemtl letters
v 0.74944 0.75877 0.45632
vn 0.00000 0.93385 -0.35766
vt 0 0
v 0.74640 0.75877 0.45632
vn 0.00000 0.93385 -0.35766
vt 1 0
v 0.74640 0.76633 0.47606
vn 0.00000 0.93385 -0.35766
vt 1 1
f 5392/5392/5392 5393/5393/5393 5394/5394/5394
usemtl letters
v 0.76398 0.75877 0.45632
vn 0.00002 0.93385 -0.35766
vt 0 0
v 0.76094 0.76535 0.47351
vn 0.00002 0.93385 -0.35766
vt 1 0
v 0.76398 0.76633 0.47606
vn 0.00002 0.93385 -0.35766
vt 1 1
f 5395/5395/5395 5396/5396/5396 5397/5397/5397
usemtl letters
v 0.76094 0.76535 0.47351
vn 0.00000 0.93386 -0.35765
vt 0 0
v 0.75269 0.76633 0.47606
vn 0.00000 0.93386 -0.35765
vt 1 0
v 0.76398 0.76633 0.47606
vn 0.00000 0.93386 -0.35765
vt 1 1
f 5398/5398/5398 5399/5399/5399 5400/5400/5400
usemtl letters
v 0.76094 0.76535 0.47351
vn 0.00000 0.93385 -0.35765
vt 0 0
v 0.75269 0.76535 0.47351
vn 0.00000 0.93385 -0.35765
vt 1 0
v 0.75269 0.76633 0.47606
vn 0.00000 0.93385 -0.35765
vt 1 1
f 5401/5401/5401 5402/5402/5402 5403/5403/5403
usemtl letters
v 0.76398 0.75877 0.45632
vn 0.00000 0.93385 -0.35767
vt 0 0
v 0.76094 0.76326 0.46804
vn 0.00000 0.93385 -0.35767
vt 1 0
v 0.76094 0.76535 0.47351
vn 0.00000 0.93385 -0.35767
vt 1 1
f 5404/5404/5404 5405/5405/5405 5406/5406/5406
usemtl letters
v 0.76398 0.75877 0.45632
vn 0.00006 0.93385 -0.35766
vt 0 0
v 0.76094 0.76228 0.46549
vn 0.00006 0.93385 -0.35766
vt 1 0
v 0.76094 0.76326 0.46804
vn 0.00006 0.93385 -0.35766
vt 1 1
f 5407/5407/5407 5408/5408/5408 5409/5409/5409
usemtl letters
v 0.76094 0.76228 0.46549
vn 0.00000 0.93385 -0.35767
vt 0 0
v 0.75269 0.76326 0.46804
vn 0.00000 0.93385 -0.35767
vt 1 0
v 0.76094 0.76326 0.46804
vn 0.00000 0.93385 -0.35767
vt 1 1
f 5410/5410/5410 5411/5411/5411 5412/5412/5412
usemtl letters
v 0.76094 0.76228 0.46549
vn 0.00000 0.93385 -0.35767
vt 0 0
v 0.75269 0.76228 0.46549
vn 0.00000 0.93385 -0.35767
vt 1 0
v 0.75269 0.76326 0.46804
vn 0.00000 0.93385 -0.35767
vt 1 1
f 5413/5413/5413 5414/5414/5414 5415/5415/5415
usemtl letters
v 0.76398 0.75877 0.45632
vn 0.00000 0.93385 -0.35767
vt 0 0
v 0.76094 0.75877 0.45632
vn 0.00000 0.93385 -0.35767
vt 1 0
v 0.76094 0.76228 0.46549
vn 0.00000 0.93385 -0.35767
vt 1 1
f 5416/5416/5416 5417/5417/5417 5418/5418/5418
usemtl letters
v 0.23461 0.75877 0.45632
vn 0.00002 0.93385 -0.35766
vt 0 0
v 0.23219 0.76633 0.47606
vn 0.00002 0.93385 -0.35766
vt 1 0
v 0.23461 0.76633 0.47606
vn 0.00002 0.93385 -0.35766
vt 1 1
f 5419/5419/5419 5420/5420/5420 5421/5421/5421
usemtl letters
v 0.23461 0.75877 0.45632
vn 0.00000 0.93384 -0.35769
vt 0 0
v 0.23176 0.76459 0.47151
vn 0.00000 0.93384 -0.35769
vt 1 0
v 0.23219 0.76633 0.47606
vn 0.00000 0.93384 -0.35769
vt 1 1
f 5422/5422/5422 5423/5423/5423 5424/5424/5424
usemtl letters
v 0.23176 0.76459 0.47151
vn 0.00000 0.93385 -0.35766
vt 0 0
v 0.21787 0.76048 0.46077
vn 0.00000 0.93385 -0.35766
vt 1 0
v 0.23219 0.76633 0.47606
vn 0.00000 0.93385 -0.35766
vt 1 1
f 5425/5425/5425 5426/5426/5426 5427/5427/5427
usemtl letters
v 0.21787 0.76048 0.46077
vn 0.00000 0.93385 -0.35767
vt 0 0
v 0.21502 0.76633 0.47606
vn 0.00000 0.93385 -0.35767
vt 1 0
v 0.21787 0.76633 0.47606
vn 0.00000 0.93385 -0.35767
vt 1 1
f 5428/5428/5428 5429/5429/5429 5430/5430/5430
usemtl letters
v 0.21787 0.76048 0.46077
vn -0.00003 0.93385 -0.35767
vt 0 0
v 0.21502 0.75877 0.45632
vn -0.00003 0.93385 -0.35767
vt 1 0
v 0.21502 0.76633 0.47606
vn -0.00003 0.93385 -0.35767
vt 1 1
f 5431/5431/5431 5432/5432/5432 5433/5433/5433
usemtl letters
v 0.23461 0.75877 0.45632
vn 0.00000 0.93385 -0.35766
vt 0 0
v 0.23176 0.75877 0.45632
vn 0.00000 0.93385 -0.35766
vt 1 0
v 0.23176 0.76459 0.47151
vn 0.00000 0.93385 -0.35766
vt 1 1
f 5434/5434/5434 5435/5435/5435 5436/5436/5436
usemtl letters
v 0.21762 0.75877 0.45632
vn 0.00000 0.93385 -0.35767
vt 0 0
v 0.21787 0.76048 0.46077
vn 0.00000 0.93385 -0.35767
vt 1 0
v 0.23176 0.76459 0.47151
vn 0.00000 0.93385 -0.35767
vt 1 1
f 5437/5437/5437 5438/5438/5438 5439/5439/5439
usemtl letters
v 0.21762 0.75877 0.45632
vn 0.00000 0.93385 -0.35766
vt 0 0
v 0.21502 0.75877 0.45632
vn 0.00000 0.93385 -0.35766
vt 1 0
v 0.21787 0.76048 0.46077
vn 0.00000 0.93385 -0.35766
vt 1 1
f 5440/5440/5440 5441/5441/5441 5442/5442/5442
usemtl letters
v 0.24230 0.75877 0.45632
vn 0.00000 0.93385 -0.35766
vt 0 0
v 0.23926 0.76633 0.47606
vn 0.00000 0.93385 -0.35766
vt 1 0
v 0.24230 0.76633 0.47606
vn 0.00000 0.93385 -0.35766
vt 1 1
f 5443/5443/5443 5444/5444/5444 5445/5445/5445
usemtl letters
v 0.24230 0.75877 0.45632
vn 0.00000 0.93385 -0.35766
vt 0 0
v 0.23926 0.75877 0.45632
vn 0.00000 0.93385 -0.35766
vt 1 0
v 0.23926 0.76633 0.47606
vn 0.00000 0.93385 -0.35766
vt 1 1
f 5446/5446/5446 5447/5447/5447 5448/5448/5448
usemtl letters
v 0.26533 0.75877 0.45632
vn 0.00000 0.93385 -0.35766
vt 0 0
v 0.25411 0.76637 0.47617
vn 0.00000 0.93385 -0.35766
vt 1 0
v 0.25625 0.76637 0.47617
vn 0.00000 0.93385 -0.35766
vt 1 1
f 5449/5449/5449 5450/5450/5450 5451/5451/5451
usemtl letters
v 0.26533 0.75877 0.45632
vn 0.00005 0.93385 -0.35767
vt 0 0
v 0.25523 0.76471 0.47183
vn 0.00005 0.93385 -0.35767
vt 1 0
v 0.25411 0.76637 0.47617
vn 0.00005 0.93385 -0.35767
vt 1 1
f 5452/5452/5452 5453/5453/5453 5454/5454/5454
usemtl letters
v 0.25523 0.76471 0.47183
vn -0.00003 0.93385 -0.35767
vt 0 0
v 0.24466 0.75877 0.45632
vn -0.00003 0.93385 -0.35767
vt 1 0
v 0.25411 0.76637 0.47617
vn -0.00003 0.93385 -0.35767
vt 1 1
f 5455/5455/5455 5456/5456/5456 5457/5457/5457
usemtl letters
v 0.26533 0.75877 0.45632
vn 0.00004 0.93385 -0.35765
vt 0 0
v 0.25839 0.76197 0.46468
vn 0.00004 0.93385 -0.35765
vt 1 0
v 0.25523 0.76471 0.47183
vn 0.00004 0.93385 -0.35765
vt 1 1
f 5458/5458/5458 5459/5459/5459 5460/5460/5460
usemtl letters
v 0.25182 0.76197 0.46468
vn 0.00000 0.93385 -0.35765
vt 0 0
v 0.24466 0.75877 0.45632
vn 0.00000 0.93385 -0.35765
vt 1 0
v 0.25523 0.76471 0.47183
vn 0.00000 0.93385 -0.35765
vt 1 1
f 5461/5461/5461 5462/5462/5462 5463/5463/5463
usemtl letters
v 0.26533 0.75877 0.45632
vn 0.00000 0.93384 -0.35768
vt 0 0
v 0.25957 0.76100 0.46213
vn 0.00000 0.93384 -0.35768
vt 1 0
v 0.25839 0.76197 0.46468
vn 0.00000 0.93384 -0.35768
vt 1 1
f 5464/5464/5464 5465/5465/5465 5466/5466/5466
usemtl letters
v 0.25957 0.76100 0.46213
vn 0.00000 0.93385 -0.35767
vt 0 0
v 0.25182 0.76197 0.46468
vn 0.00000 0.93385 -0.35767
vt 1 0
v 0.25839 0.76197 0.46468
vn 0.00000 0.93385 -0.35767
vt 1 1
f 5467/5467/5467 5468/5468/5468 5469/5469/5469
usemtl letters
v 0.25957 0.76100 0.46213
vn 0.00000 0.93385 -0.35767
vt 0 0
v 0.25058 0.76100 0.46213
vn 0.00000 0.93385 -0.35767
vt 1 0
v 0.25182 0.76197 0.46468
vn 0.00000 0.93385 -0.35767
vt 1 1
f 5470/5470/5470 5471/5471/5471 5472/5472/5472
usemtl letters
v 0.25058 0.76100 0.46213
vn 0.00000 0.93385 -0.35766
vt 0 0
v 0.24466 0.75877 0.45632
vn 0.00000 0.93385 -0.35766
vt 1 0
v 0.25182 0.76197 0.46468
vn 0.00000 0.93385 -0.35766
vt 1 1
f 5473/5473/5473 5474/5474/5474 5475/5475/5475
usemtl letters
v 0.26533 0.75877 0.45632
vn 0.00000 0.93385 -0.35766
vt 0 0
v 0.26223 0.75877 0.45632
vn 0.00000 0.93385 -0.35766
vt 1 0
v 0.25957 0.76100 0.46213
vn 0.00000 0.93385 -0.35766
vt 1 1
f 5476/5476/5476 5477/5477/5477 5478/5478/5478
usemtl letters
v 0.24775 0.75877 0.45632
vn 0.00000 0.93385 -0.35767
vt 0 0
v 0.24466 0.75877 0.45632
vn 0.00000 0.93385 -0.35767
vt 1 0
v 0.25058 0.76100 0.46213
vn 0.00000 0.93385 -0.35767
vt 1 1
f 5479/5479/5479 5480/5480/5480 5481/5481/5481
usemtl letters
v 0.28167 0.75877 0.45632
vn 0.00003 0.93385 -0.35767
vt 0 0
v 0.27863 0.76540 0.47363
vn 0.00003 0.93385 -0.35767
vt 1 0
v 0.28167 0.76633 0.47606
vn 0.00003 0.93385 -0.35767
vt 1 1
f 5482/5482/5482 5483/5483/5483 5484/5484/5484
usemtl letters
v 0.27863 0.76540 0.47363
vn 0.00000 0.93386 -0.35765
vt 0 0
v 0.27634 0.76633 0.47606
vn 0.00000 0.93386 -0.35765
vt 1 0
v 0.28167 0.76633 0.47606
vn 0.00000 0.93386 -0.35765
vt 1 1
f 5485/5485/5485 5486/5486/5486 5487/5487/5487
usemtl letters
v 0.27863 0.76540 0.47363
vn 0.00000 0.93386 -0.35765
vt 0 0
v 0.27126 0.76576 0.47458
vn 0.00000 0.93386 -0.35765
vt 1 0
v 0.27634 0.76633 0.47606
vn 0.00000 0.93386 -0.35765
vt 1 1
f 5488/5488/5488 5489/5489/5489 5490/5490/5490
usemtl letters
v 0.27863 0.76540 0.47363
vn 0.00000 0.93385 -0.35766
vt 0 0
v 0.27668 0.76540 0.47363
vn 0.00000 0.93385 -0.35766
vt 1 0
v 0.27126 0.76576 0.47458
vn 0.00000 0.93385 -0.35766
vt 1 1
f 5491/5491/5491 5492/5492/5492 5493/5493/5493
usemtl letters
v 0.27668 0.76540 0.47363
vn 0.00000 0.93384 -0.35768
vt 0 0
v 0.27351 0.76509 0.47283
vn 0.00000 0.93384 -0.35768
vt 1 0
v 0.27126 0.76576 0.47458
vn 0.00000 0.93384 -0.35768
vt 1 1
f 5494/5494/5494 5495/5495/5495 5496/5496/5496
usemtl letters
v 0.27351 0.76509 0.47283
vn 0.00004 0.93385 -0.35767
vt 0 0
v 0.26939 0.76421 0.47053
vn 0.00004 0.93385 -0.35767
vt 1 0
v 0.27126 0.76576 0.47458
vn 0.00004 0.93385 -0.35767
vt 1 1
f 5497/5497/5497 5498/5498/5498 5499/5499/5499
usemtl letters
v 0.28167 0.75877 0.45632
vn 0.00000 0.93385 -0.35766
vt 0 0
v 0.27863 0.76303 0.46743
vn 0.00000 0.93385 -0.35766
vt 1 0
v 0.27863 0.76540 0.47363
vn 0.00000 0.93385 -0.35766
vt 1 1
f 5500/5500/5500 5501/5501/5501 5502/5502/5502
usemtl letters
v 0.27252 0.76426 0.47065
vn 0.00000 0.93385 -0.35765
vt 0 0
v 0.26939 0.76421 0.47053
vn 0.00000 0.93385 -0.35765
vt 1 0
v 0.27351 0.76509 0.47283
vn 0.00000 0.93385 -0.35765
vt 1 1
f 5503/5503/5503 5504/5504/5504 5505/5505/5505
usemtl letters
v 0.27337 0.76340 0.46842
vn -0.00002 0.93385 -0.35766
vt 0 0
v 0.26939 0.76421 0.47053
vn -0.00002 0.93385 -0.35766
vt 1 0
v 0.27252 0.76426 0.47065
vn -0.00002 0.93385 -0.35766
vt 1 1
f 5506/5506/5506 5507/5507/5507 5508/5508/5508
usemtl letters
v 0.27337 0.76340 0.46842
vn 0.00000 0.93384 -0.35768
vt 0 0
v 0.27031 0.76308 0.46757
vn 0.00000 0.93384 -0.35768
vt 1 0
v 0.26939 0.76421 0.47053
vn 0.00000 0.93384 -0.35768
vt 1 1
f 5509/5509/5509 5510/5510/5510 5511/5511/5511
usemtl letters
v 0.27668 0.76303 0.46743
vn 0.00000 0.93384 -0.35768
vt 0 0
v 0.27031 0.76308 0.46757
vn 0.00000 0.93384 -0.35768
vt 1 0
v 0.27337 0.76340 0.46842
vn 0.00000 0.93384 -0.35768
vt 1 1
f 5512/5512/5512 5513/5513/5513 5514/5514/5514
usemtl letters
v 0.27668 0.76303 0.46743
vn -0.00002 0.93385 -0.35768
vt 0 0
v 0.27293 0.76236 0.46569
vn -0.00002 0.93385 -0.35768
vt 1 0
v 0.27031 0.76308 0.46757
vn -0.00002 0.93385 -0.35768
vt 1 1
f 5515/5515/5515 5516/5516/5516 5517/5517/5517
usemtl letters
v 0.28167 0.75877 0.45632
vn -0.00006 0.93385 -0.35767
vt 0 0
v 0.27863 0.76205 0.46488
vn -0.00006 0.93385 -0.35767
vt 1 0
v 0.27863 0.76303 0.46743
vn -0.00006 0.93385 -0.35767
vt 1 1
f 5518/5518/5518 5519/5519/5519 5520/5520/5520
usemtl letters
v 0.27863 0.76205 0.46488
vn 0.00000 0.93385 -0.35767
vt 0 0
v 0.27668 0.76303 0.46743
vn 0.00000 0.93385 -0.35767
vt 1 0
v 0.27863 0.76303 0.46743
vn 0.00000 0.93385 -0.35767
vt 1 1
f 5521/5521/5521 5522/5522/5522 5523/5523/5523
usemtl letters
v 0.27863 0.76205 0.46488
vn 0.00000 0.93385 -0.35768
vt 0 0
v 0.27293 0.76236 0.46569
vn 0.00000 0.93385 -0.35768
vt 1 0
v 0.27668 0.76303 0.46743
vn 0.00000 0.93385 -0.35768
vt 1 1
f 5524/5524/5524 5525/5525/5525 5526/5526/5526
usemtl letters
v 0.27863 0.76205 0.46488
vn 0.00000 0.93386 -0.35763
vt 0 0
v 0.27736 0.76205 0.46488
vn 0.00000 0.93386 -0.35763
vt 1 0
v 0.27293 0.76236 0.46569
vn 0.00000 0.93386 -0.35763
vt 1 1
f 5527/5527/5527 5528/5528/5528 5529/5529/5529
usemtl letters
v 0.27736 0.76205 0.46488
vn 0.00000 0.93385 -0.35765
vt 0 0
v 0.27045 0.76150 0.46344
vn 0.00000 0.93385 -0.35765
vt 1 0
v 0.27293 0.76236 0.46569
vn 0.00000 0.93385 -0.35765
vt 1 1
f 5530/5530/5530 5531/5531/5531 5532/5532/5532
usemtl letters
v 0.28167 0.75877 0.45632
vn 0.00000 0.93385 -0.35766
vt 0 0
v 0.27863 0.75877 0.45632
vn 0.00000 0.93385 -0.35766
vt 1 0
v 0.27863 0.76205 0.46488
vn 0.00000 0.93385 -0.35766
vt 1 1
f 5533/5533/5533 5534/5534/5534 5535/5535/5535
usemtl letters
v 0.27502 0.76177 0.46415
vn 0.00013 0.93382 -0.35775
vt 0 0
v 0.27045 0.76150 0.46344
vn 0.00013 0.93382 -0.35775
vt 1 0
v 0.27736 0.76205 0.46488
vn 0.00013 0.93382 -0.35775
vt 1 1
f 5536/5536/5536 5537/5537/5537 5538/5538/5538
usemtl letters
v 0.27175 0.76032 0.46037
vn 0.00003 0.93385 -0.35766
vt 0 0
v 0.27045 0.76150 0.46344
vn 0.00003 0.93385 -0.35766
vt 1 0
v 0.27502 0.76177 0.46415
vn 0.00003 0.93385 -0.35766
vt 1 1
f 5539/5539/5539 5540/5540/5540 5541/5541/5541
usemtl letters
v 0.27175 0.76032 0.46037
vn 0.00000 0.93385 -0.35767
vt 0 0
v 0.26822 0.76027 0.46022
vn 0.00000 0.93385 -0.35767
vt 1 0
v 0.27045 0.76150 0.46344
vn 0.00000 0.93385 -0.35767
vt 1 1
f 5542/5542/5542 5543/5543/5543 5544/5544/5544
usemtl letters
v 0.26896 0.75877 0.45632
vn -0.00003 0.93385 -0.35767
vt 0 0
v 0.26822 0.76027 0.46022
vn -0.00003 0.93385 -0.35767
vt 1 0
v 0.27175 0.76032 0.46037
vn -0.00003 0.93385 -0.35767
vt 1 1
f 5545/5545/5545 5546/5546/5546 5547/5547/5547
usemtl letters
v 0.26896 0.75877 0.45632
vn 0.00004 0.93385 -0.35767
vt 0 0
v 0.26698 0.75959 0.45846
vn 0.00004 0.93385 -0.35767
vt 1 0
v 0.26822 0.76027 0.46022
vn 0.00004 0.93385 -0.35767
vt 1 1
f 5548/5548/5548 5549/5549/5549 5550/5550/5550
usemtl letters
v 0.26896 0.75877 0.45632
vn 0.00000 0.93385 -0.35767
vt 0 0
v 0.26533 0.75877 0.45632
vn 0.00000 0.93385 -0.35767
vt 1 0
v 0.26698 0.75959 0.45846
vn 0.00000 0.93385 -0.35767
vt 1 1
f 5551/5551/5551 5552/5552/5552 5553/5553/5553
usemtl letters
v 0.30495 0.75877 0.45632
vn 0.00001 0.93385 -0.35767
vt 0 0
v 0.30191 0.76535 0.47351
vn 0.00001 0.93385 -0.35767
vt 1 0
v 0.30495 0.76633 0.47606
vn 0.00001 0.93385 -0.35767
vt 1 1
f 5554/5554/5554 5555/5555/5555 5556/5556/5556
usemtl letters
v 0.30191 0.76535 0.47351
vn 0.00000 0.93386 -0.35765
vt 0 0
v 0.29674 0.76633 0.47606
vn 0.00000 0.93386 -0.35765
vt 1 0
v 0.30495 0.76633 0.47606
vn 0.00000 0.93386 -0.35765
vt 1 1
f 5557/5557/5557 5558/5558/5558 5559/5559/5559
usemtl letters
v 0.30191 0.76535 0.47351
vn 0.00000 0.93385 -0.35765
vt 0 0
v 0.29723 0.76535 0.47351
vn 0.00000 0.93385 -0.35765
vt 1 0
v 0.29674 0.76633 0.47606
vn 0.00000 0.93385 -0.35765
vt 1 1
f 5560/5560/5560 5561/5561/5561 5562/5562/5562
usemtl letters
v 0.29723 0.76535 0.47351
vn 0.00000 0.93386 -0.35765
vt 0 0
v 0.28818 0.76511 0.47287
vn 0.00000 0.93386 -0.35765
vt 1 0
v 0.29674 0.76633 0.47606
vn 0.00000 0.93386 -0.35765
vt 1 1
f 5563/5563/5563 5564/5564/5564 5565/5565/5565
usemtl letters
v 0.30495 0.75877 0.45632
vn 0.00000 0.93385 -0.35766
vt 0 0
v 0.30191 0.75974 0.45886
vn 0.00000 0.93385 -0.35766
vt 1 0
v 0.30191 0.76535 0.47351
vn 0.00000 0.93385 -0.35766
vt 1 1
f 5566/5566/5566 5567/5567/5567 5568/5568/5568
usemtl letters
v 0.29070 0.76452 0.47134
vn -0.00001 0.93385 -0.35767
vt 0 0
v 0.28818 0.76511 0.47287
vn -0.00001 0.93385 -0.35767
vt 1 0
v 0.29723 0.76535 0.47351
vn -0.00001 0.93385 -0.35767
vt 1 1
f 5569/5569/5569 5570/5570/5570 5571/5571/5571
usemtl letters
v 0.29070 0.76452 0.47134
vn 0.00000 0.93385 -0.35766
vt 0 0
v 0.28548 0.76255 0.46619
vn 0.00000 0.93385 -0.35766
vt 1 0
v 0.28818 0.76511 0.47287
vn 0.00000 0.93385 -0.35766
vt 1 1
f 5572/5572/5572 5573/5573/5573 5574/5574/5574
usemtl letters
v 0.28861 0.76255 0.46619
vn 0.00000 0.93385 -0.35767
vt 0 0
v 0.28548 0.76255 0.46619
vn 0.00000 0.93385 -0.35767
vt 1 0
v 0.29070 0.76452 0.47134
vn 0.00000 0.93385 -0.35767
vt 1 1
f 5575/5575/5575 5576/5576/5576 5577/5577/5577
usemtl letters
v 0.29026 0.76080 0.46161
vn 0.00001 0.93385 -0.35766
vt 0 0
v 0.28548 0.76255 0.46619
vn 0.00001 0.93385 -0.35766
vt 1 0
v 0.28861 0.76255 0.46619
vn 0.00001 0.93385 -0.35766
vt 1 1
f 5578/5578/5578 5579/5579/5579 5580/5580/5580
usemtl letters
v 0.29026 0.76080 0.46161
vn -0.00005 0.93385 -0.35767
vt 0 0
v 0.28848 0.75993 0.45935
vn -0.00005 0.93385 -0.35767
vt 1 0
v 0.28548 0.76255 0.46619
vn -0.00005 0.93385 -0.35767
vt 1 1
f 5581/5581/5581 5582/5582/5582 5583/5583/5583
usemtl letters
v 0.29708 0.75974 0.45886
vn 0.00001 0.93385 -0.35767
vt 0 0
v 0.28848 0.75993 0.45935
vn 0.00001 0.93385 -0.35767
vt 1 0
v 0.29026 0.76080 0.46161
vn 0.00001 0.93385 -0.35767
vt 1 1
f 5584/5584/5584 5585/5585/5585 5586/5586/5586
usemtl letters
v 0.29708 0.75974 0.45886
vn 0.00000 0.93385 -0.35767
vt 0 0
v 0.29670 0.75877 0.45632
vn 0.00000 0.93385 -0.35767
vt 1 0
v 0.28848 0.75993 0.45935
vn 0.00000 0.93385 -0.35767
vt 1 1
f 5587/5587/5587 5588/5588/5588 5589/5589/5589
usemtl letters
v 0.30495 0.75877 0.45632
vn 0.00000 0.93385 -0.35767
vt 0 0
v 0.29708 0.75974 0.45886
vn 0.00000 0.93385 -0.35767
vt 1 0
v 0.30191 0.75974 0.45886
vn 0.00000 0.93385 -0.35767
vt 1 1
f 5590/5590/5590 5591/5591/5591 5592/5592/5592
usemtl letters
v 0.30495 0.75877 0.45632
vn 0.00000 0.93385 -0.35767
vt 0 0
v 0.29670 0.75877 0.45632
vn 0.00000 0.93385 -0.35767
vt 1 0
v 0.29708 0.75974 0.45886
vn 0.00000 0.93385 -0.35767
vt 1 1
f 5593/5593/5593 5594/5594/5594 5595/5595/5595
usemtl yellow
v 0.52925 0.71135 0.28406
vn 0.25882 0.34548 0.90203
vt 0 0
v 0.50000 0.71273 0.28766
vn -0.00000 0.35766 0.93385
vt 1 0
v 0.50000 0.69219 0.29553
vn -0.00000 0.35766 0.93385
vt 1 1
f 5596/5596/5596 5597/5597/5597 5598/5598/5598
usemtl yellow
v 0.52925 0.71135 0.28406
vn 0.25882 0.34548 0.90203
vt 0 0
v 0.50000 0.69219 0.29553
vn -0.00000 0.35766 0.93385
vt 1 0
v 0.52925 0.69081 0.29193
vn 0.25882 0.34548 0.90203
vt 1 1
f 5599/5599/5599 5600/5600/5600 5601/5601/5601
usemtl yellow
v 0.47075 0.71135 0.28406
vn -0.25882 0.34548 0.90203
vt 0 0
v 0.44350 0.70732 0.27352
vn -0.50000 0.30975 0.80874
vt 1 0
v 0.44350 0.68677 0.28139
vn -0.50000 0.30975 0.80874
vt 1 1
f 5602/5602/5602 5603/5603/5603 5604/5604/5604
usemtl yellow
v 0.47075 0.71135 0.28406
vn -0.25882 0.34548 0.90203
vt 0 0
v 0.44350 0.68677 0.28139
vn -0.50000 0.30975 0.80874
vt 1 0
v 0.47075 0.69081 0.29193
vn -0.25882 0.34548 0.90203
vt 1 1
f 5605/5605/5605 5606/5606/5606 5607/5607/5607
usemtl yellow
v 0.44350 0.70732 0.27352
vn -0.50000 0.30975 0.80874
vt 0 0
v 0.42010 0.70089 0.25675
vn -0.70711 0.25291 0.66033
vt 1 0
v 0.42010 0.68035 0.26462
vn -0.70711 0.25291 0.66033
vt 1 1
f 5608/5608/5608 5609/5609/5609 5610/5610/5610
usemtl yellow
v 0.44350 0.70732 0.27352
vn -0.50000 0.30975 0.80874
vt 0 0
v 0.42010 0.68035 0.26462
vn -0.70711 0.25291 0.66033
vt 1 0
v 0.44350 0.68677 0.28139
vn -0.50000 0.30975 0.80874
vt 1 1
f 5611/5611/5611 5612/5612/5612 5613/5613/5613
usemtl yellow
v 0.42010 0.70089 0.25675
vn -0.70711 0.25291 0.66033
vt 0 0
v 0.40214 0.69252 0.23489
vn -0.86603 0.17883 0.46693
vt 1 0
v 0.40214 0.67198 0.24276
vn -0.86603 0.17883 0.46693
vt 1 1
f 5614/5614/5614 5615/5615/5615 5616/5616/5616
usemtl yellow
v 0.42010 0.70089 0.25675
vn -0.70711 0.25291 0.66033
vt 0 0
v 0.40214 0.67198 0.24276
vn -0.86603 0.17883 0.46693
vt 1 0
v 0.42010 0.68035 0.26462
vn -0.70711 0.25291 0.66033
vt 1 1
f 5617/5617/5617 5618/5618/5618 5619/5619/5619
usemtl yellow
v 0.40214 0.69252 0.23489
vn -0.86603 0.17883 0.46693
vt 0 0
v 0.39085 0.68278 0.20944
vn -0.96593 0.09257 0.24170
vt 1 0
v 0.39085 0.66223 0.21731
vn -0.96593 0.09257 0.24170
vt 1 1
f 5620/5620/5620 5621/5621/5621 5622/5622/5622
usemtl yellow
v 0.40214 0.69252 0.23489
vn -0.86603 0.17883 0.46693
vt 0 0
v 0.39085 0.66223 0.21731
vn -0.96593 0.09257 0.24170
vt 1 0
v 0.40214 0.67198 0.24276
vn -0.86603 0.17883 0.46693
vt 1 1
f 5623/5623/5623 5624/5624/5624 5625/5625/5625
usemtl yellow
v 0.39085 0.68278 0.20944
vn -0.96593 0.09257 0.24170
vt 0 0
v 0.38700 0.67231 0.18213
vn -1.00000 0.00000 0.00000
vt 1 0
v 0.38700 0.65177 0.19000
vn -1.00000 0.00000 0.00000
vt 1 1
f 5626/5626/5626 5627/5627/5627 5628/5628/5628
usemtl yellow
v 0.39085 0.68278 0.20944
vn -0.96593 0.09257 0.24170
vt 0 0
v 0.38700 0.65177 0.19000
vn -1.00000 0.00000 0.00000
vt 1 0
v 0.39085 0.66223 0.21731
vn -0.96593 0.09257 0.24170
vt 1 1
f 5629/5629/5629 5630/5630/5630 5631/5631/5631
usemtl yellow
v 0.38700 0.67231 0.18213
vn -1.00000 0.00000 0.00000
vt 0 0
v 0.39085 0.66185 0.15482
vn -0.96593 -0.09257 -0.24170
vt 1 0
v 0.39085 0.64131 0.16269
vn -0.96593 -0.09257 -0.24170
vt 1 1
f 5632/5632/5632 5633/5633/5633 5634/5634/5634
usemtl yellow
v 0.38700 0.67231 0.18213
vn -1.00000 0.00000 0.00000
vt 0 0
v 0.39085 0.64131 0.16269
vn -0.96593 -0.09257 -0.24170
vt 1 0
v 0.38700 0.65177 0.19000
vn -1.00000 0.00000 0.00000
vt 1 1
f 5635/5635/5635 5636/5636/5636 5637/5637/5637
usemtl yellow
v 0.39085 0.66185 0.15482
vn -0.96593 -0.09257 -0.24170
vt 0 0
v 0.40214 0.65211 0.12937
vn -0.86603 -0.17883 -0.46693
vt 1 0
v 0.40214 0.63156 0.13724
vn -0.86603 -0.17883 -0.46693
vt 1 1
f 5638/5638/5638 5639/5639/5639 5640/5640/5640
usemtl yellow
v 0.39085 0.66185 0.15482
vn -0.96593 -0.09257 -0.24170
vt 0 0
v 0.40214 0.63156 0.13724
vn -0.86603 -0.17883 -0.46693
vt 1 0
v 0.39085 0.64131 0.16269
vn -0.96593 -0.09257 -0.24170
vt 1 1
f 5641/5641/5641 5642/5642/5642 5643/5643/5643
usemtl yellow
v 0.40214 0.65211 0.12937
vn -0.86603 -0.17883 -0.46693
vt 0 0
v 0.42010 0.64374 0.10751
vn -0.70711 -0.25291 -0.66033
vt 1 0
v 0.42010 0.62319 0.11538
vn -0.70711 -0.25291 -0.66033
vt 1 1
f 5644/5644/5644 5645/5645/5645 5646/5646/5646
usemtl yellow
v 0.40214 0.65211 0.12937
vn -0.86603 -0.17883 -0.46693
vt 0 0
v 0.42010 0.62319 0.11538
vn -0.70711 -0.25291 -0.66033
vt 1 0
v 0.40214 0.63156 0.13724
vn -0.86603 -0.17883 -0.46693
vt 1 1
f 5647/5647/5647 5648/5648/5648 5649/5649/5649
usemtl yellow
v 0.42010 0.64374 0.10751
vn -0.70711 -0.25291 -0.66033
vt 0 0
v 0.44350 0.63731 0.09074
vn -0.50000 -0.30975 -0.80874
vt 1 0
v 0.44350 0.61677 0.09861
vn -0.50000 -0.30975 -0.80874
vt 1 1
f 5650/5650/5650 5651/5651/5651 5652/5652/5652
usemtl yellow
v 0.42010 0.64374 0.10751
vn -0.70711 -0.25291 -0.66033
vt 0 0
v 0.44350 0.61677 0.09861
vn -0.50000 -0.30975 -0.80874
vt 1 0
v 0.42010 0.62319 0.11538
vn -0.70711 -0.25291 -0.66033
vt 1 1
f 5653/5653/5653 5654/5654/5654 5655/5655/5655
usemtl yellow
v 0.44350 0.63731 0.09074
vn -0.50000 -0.30975 -0.80874
vt 0 0
v 0.47075 0.63328 0.08020
vn -0.25882 -0.34548 -0.90203
vt 1 0
v 0.47075 0.61273 0.08807
vn -0.25882 -0.34548 -0.90203
vt 1 1
f 5656/5656/5656 5657/5657/5657 5658/5658/5658
usemtl yellow
v 0.44350 0.63731 0.09074
vn -0.50000 -0.30975 -0.80874
vt 0 0
v 0.47075 0.61273 0.08807
vn -0.25882 -0.34548 -0.90203
vt 1 0
v 0.44350 0.61677 0.09861
vn -0.50000 -0.30975 -0.80874
vt 1 1
f 5659/5659/5659 5660/5660/5660 5661/5661/5661
usemtl yellow
v 0.47075 0.63328 0.08020
vn -0.25882 -0.34548 -0.90203
vt 0 0
v 0.50000 0.63190 0.07661
vn 0.00000 -0.35767 -0.93385
vt 1 0
v 0.50000 0.61135 0.08447
vn 0.00000 -0.35767 -0.93385
vt 1 1
f 5662/5662/5662 5663/5663/5663 5664/5664/5664
usemtl yellow
v 0.47075 0.63328 0.08020
vn -0.25882 -0.34548 -0.90203
vt 0 0
v 0.50000 0.61135 0.08447
vn 0.00000 -0.35767 -0.93385
vt 1 0
v 0.47075 0.61273 0.08807
vn -0.25882 -0.34548 -0.90203
vt 1 1
f 5665/5665/5665 5666/5666/5666 5667/5667/5667
usemtl yellow
v 0.50000 0.63190 0.07661
vn 0.00000 -0.35767 -0.93385
vt 0 0
v 0.52925 0.63328 0.08020
vn 0.25882 -0.34548 -0.90203
vt 1 0
v 0.52925 0.61273 0.08807
vn 0.25882 -0.34548 -0.90203
vt 1 1
f 5668/5668/5668 5669/5669/5669 5670/5670/5670
usemtl yellow
v 0.50000 0.63190 0.07661
vn 0.00000 -0.35767 -0.93385
vt 0 0
v 0.52925 0.61273 0.08807
vn 0.25882 -0.34548 -0.90203
vt 1 0
v 0.50000 0.61135 0.08447
vn 0.00000 -0.35767 -0.93385
vt 1 1
f 5671/5671/5671 5672/5672/5672 5673/5673/5673
usemtl yellow
v 0.52925 0.63328 0.08020
vn 0.25882 -0.34548 -0.90203
vt 0 0
v 0.55650 0.63731 0.09074
vn 0.50000 -0.30975 -0.80874
vt 1 0
v 0.55650 0.61677 0.09861
vn 0.50000 -0.30975 -0.80874
vt 1 1
f 5674/5674/5674 5675/5675/5675 5676/5676/5676
usemtl yellow
v 0.52925 0.63328 0.08020
vn 0.25882 -0.34548 -0.90203
vt 0 0
v 0.55650 0.61677 0.09861
vn 0.50000 -0.30975 -0.80874
vt 1 0
v 0.52925 0.61273 0.08807
vn 0.25882 -0.34548 -0.90203
vt 1 1
f 5677/5677/5677 5678/5678/5678 5679/5679/5679
usemtl yellow
v 0.55650 0.63731 0.09074
vn 0.50000 -0.30975 -0.80874
vt 0 0
v 0.57990 0.64374 0.10751
vn 0.70711 -0.25291 -0.66033
vt 1 0
v 0.57990 0.62319 0.11538
vn 0.70711 -0.25291 -0.66033
vt 1 1
f 5680/5680/5680 5681/5681/5681 5682/5682/5682
usemtl yellow
v 0.55650 0.63731 0.09074
vn 0.50000 -0.30975 -0.80874
vt 0 0
v 0.57990 0.62319 0.11538
vn 0.70711 -0.25291 -0.66033
vt 1 0
v 0.55650 0.61677 0.09861
vn 0.50000 -0.30975 -0.80874
vt 1 1
f 5683/5683/5683 5684/5684/5684 5685/5685/5685
usemtl yellow
v 0.57990 0.64374 0.10751
vn 0.70711 -0.25291 -0.66033
vt 0 0
v 0.59786 0.65211 0.12937
vn 0.86603 -0.17883 -0.46693
vt 1 0
v 0.59786 0.63156 0.13724
vn 0.86603 -0.17883 -0.46692
vt 1 1
f 5686/5686/5686 5687/5687/5687 5688/5688/5688
usemtl yellow
v 0.57990 0.64374 0.10751
vn 0.70711 -0.25291 -0.66033
vt 0 0
v 0.59786 0.63156 0.13724
vn 0.86603 -0.17883 -0.46692
vt 1 0
v 0.57990 0.62319 0.11538
vn 0.70711 -0.25291 -0.66033
vt 1 1
f 5689/5689/5689 5690/5690/5690 5691/5691/5691
usemtl yellow
v 0.59786 0.65211 0.12937
vn 0.86603 -0.17883 -0.46693
vt 0 0
v 0.60915 0.66185 0.15482
vn 0.96593 -0.09257 -0.24170
vt 1 0
v 0.60915 0.64131 0.16269
vn 0.96593 -0.09257 -0.24170
vt 1 1
f 5692/5692/5692 5693/5693/5693 5694/5694/5694
usemtl yellow
v 0.59786 0.65211 0.12937
vn 0.86603 -0.17883 -0.46693
vt 0 0
v 0.60915 0.64131 0.16269
vn 0.96593 -0.09257 -0.24170
vt 1 0
v 0.59786 0.63156 0.13724
vn 0.86603 -0.17883 -0.46692
vt 1 1
f 5695/5695/5695 5696/5696/5696 5697/5697/5697
usemtl yellow
v 0.60915 0.66185 0.15482
vn 0.96593 -0.09257 -0.24170
vt 0 0
v 0.61300 0.67231 0.18213
vn 1.00000 -0.00000 -0.00000
vt 1 0
v 0.61300 0.65177 0.19000
vn 1.00000 -0.00000 -0.00000
vt 1 1
f 5698/5698/5698 5699/5699/5699 5700/5700/5700
usemtl yellow
v 0.60915 0.66185 0.15482
vn 0.96593 -0.09257 -0.24170
vt 0 0
v 0.61300 0.65177 0.19000
vn 1.00000 -0.00000 -0.00000
vt 1 0
v 0.60915 0.64131 0.16269
vn 0.96593 -0.09257 -0.24170
vt 1 1
f 5701/5701/5701 5702/5702/5702 5703/5703/5703
usemtl yellow
v 0.61300 0.67231 0.18213
vn 1.00000 -0.00000 -0.00000
vt 0 0
v 0.60915 0.68278 0.20944
vn 0.96593 0.09257 0.24170
vt 1 0
v 0.60915 0.66223 0.21731
vn 0.96593 0.09257 0.24170
vt 1 1
f 5704/5704/5704 5705/5705/5705 5706/5706/5706
usemtl yellow
v 0.61300 0.67231 0.18213
vn 1.00000 -0.00000 -0.00000
vt 0 0
v 0.60915 0.66223 0.21731
vn 0.96593 0.09257 0.24170
vt 1 0
v 0.61300 0.65177 0.19000
vn 1.00000 -0.00000 -0.00000
vt 1 1
f 5707/5707/5707 5708/5708/5708 5709/5709/5709
usemtl yellow
v 0.60915 0.68278 0.20944
vn 0.96593 0.09257 0.24170
vt 0 0
v 0.59786 0.69252 0.23489
vn 0.86603 0.17883 0.46693
vt 1 0
v 0.59786 0.67198 0.24276
vn 0.86603 0.17883 0.46693
vt 1 1
f 5710/5710/5710 5711/5711/5711 5712/5712/5712
usemtl yellow
v 0.60915 0.68278 0.20944
vn 0.96593 0.09257 0.24170
vt 0 0
v 0.59786 0.67198 0.24276
vn 0.86603 0.17883 0.46693
vt 1 0
v 0.60915 0.66223 0.21731
vn 0.96593 0.09257 0.24170
vt 1 1
f 5713/5713/5713 5714/5714/5714 5715/5715/5715
usemtl yellow
v 0.59786 0.69252 0.23489
vn 0.86603 0.17883 0.46693
vt 0 0
v 0.57990 0.70089 0.25675
vn 0.70711 0.25291 0.66033
vt 1 0
v 0.57990 0.68035 0.26462
vn 0.70711 0.25291 0.66033
vt 1 1
f 5716/5716/5716 5717/5717/5717 5718/5718/5718
usemtl yellow
v 0.59786 0.69252 0.23489
vn 0.86603 0.17883 0.46693
vt 0 0
v 0.57990 0.68035 0.26462
vn 0.70711 0.25291 0.66033
vt 1 0
v 0.59786 0.67198 0.24276
vn 0.86603 0.17883 0.46693
vt 1 1
f 5719/5719/5719 5720/5720/5720 5721/5721/5721
usemtl yellow
v 0.57990 0.70089 0.25675
vn 0.70711 0.25291 0.66033
vt 0 0
v 0.55650 0.70732 0.27352
vn 0.50000 0.30975 0.80874
vt 1 0
v 0.55650 0.68677 0.28139
vn 0.50000 0.30975 0.80874
vt 1 1
f 5722/5722/5722 5723/5723/5723 5724/5724/5724
usemtl yellow
v 0.57990 0.70089 0.25675
vn 0.70711 0.25291 0.66033
vt 0 0
v 0.55650 0.68677 0.28139
vn 0.50000 0.30975 0.80874
vt 1 0
v 0.57990 0.68035 0.26462
vn 0.70711 0.25291 0.66033
vt 1 1
f 5725/5725/5725 5726/5726/5726 5727/5727/5727
usemtl yellow
v 0.47075 0.71135 0.28406
vn 0.00000 0.93385 -0.35766
vt 0 0
v 0.50000 0.71273 0.28766
vn 0.00000 0.93385 -0.35766
vt 1 0
v 0.52925 0.71135 0.28406
vn 0.00000 0.93385 -0.35766
vt 1 1
f 5728/5728/5728 5729/5729/5729 5730/5730/5730
usemtl yellow
v 0.52925 0.71135 0.28406
vn 0.00000 0.93385 -0.35766
vt 0 0
v 0.55650 0.70732 0.27352
vn 0.00000 0.93385 -0.35766
vt 1 0
v 0.57990 0.70089 0.25675
vn 0.00000 0.93385 -0.35766
vt 1 1
f 5731/5731/5731 5732/5732/5732 5733/5733/5733
usemtl yellow
v 0.57990 0.70089 0.25675
vn 0.00000 0.93385 -0.35766
vt 0 0
v 0.59786 0.69252 0.23489
vn 0.00000 0.93385 -0.35766
vt 1 0
v 0.60915 0.68278 0.20944
vn 0.00000 0.93385 -0.35766
vt 1 1
f 5734/5734/5734 5735/5735/5735 5736/5736/5736
usemtl yellow
v 0.60915 0.68278 0.20944
vn 0.00000 0.93385 -0.35766
vt 0 0
v 0.61300 0.67231 0.18213
vn 0.00000 0.93385 -0.35766
vt 1 0
v 0.60915 0.66185 0.15482
vn 0.00000 0.93385 -0.35766
vt 1 1
f 5737/5737/5737 5738/5738/5738 5739/5739/5739
usemtl yellow
v 0.60915 0.66185 0.15482
vn 0.00000 0.93385 -0.35766
vt 0 0
v 0.59786 0.65211 0.12937
vn 0.00000 0.93385 -0.35766
vt 1 0
v 0.57990 0.64374 0.10751
vn 0.00000 0.93385 -0.35766
vt 1 1
f 5740/5740/5740 5741/5741/5741 5742/5742/5742
usemtl yellow
v 0.57990 0.64374 0.10751
vn 0.00000 0.93385 -0.35766
vt 0 0
v 0.55650 0.63731 0.09074
vn 0.00000 0.93385 -0.35766
vt 1 0
v 0.52925 0.63328 0.08020
vn 0.00000 0.93385 -0.35766
vt 1 1
f 5743/5743/5743 5744/5744/5744 5745/5745/5745
usemtl yellow
v 0.52925 0.63328 0.08020
vn 0.00000 0.93385 -0.35766
vt 0 0
v 0.50000 0.63190 0.07661
vn 0.00000 0.93385 -0.35766
vt 1 0
v 0.47075 0.63328 0.08020
vn 0.00000 0.93385 -0.35766
vt 1 1
f 5746/5746/5746 5747/5747/5747 5748/5748/5748
usemtl yellow
v 0.47075 0.63328 0.08020
vn 0.00000 0.93385 -0.35766
vt 0 0
v 0.44350 0.63731 0.09074
vn 0.00000 0.93385 -0.35766
vt 1 0
v 0.42010 0.64374 0.10751
vn 0.00000 0.93385 -0.35766
vt 1 1
f 5749/5749/5749 5750/5750/5750 5751/5751/5751
usemtl yellow
v 0.42010 0.64374 0.10751
vn 0.00000 0.93385 -0.35766
vt 0 0
v 0.40214 0.65211 0.12937
vn 0.00000 0.93385 -0.35766
vt 1 0
v 0.39085 0.66185 0.15482
vn 0.00000 0.93385 -0.35766
vt 1 1
f 5752/5752/5752 5753/5753/5753 5754/5754/5754
usemtl yellow
v 0.39085 0.66185 0.15482
vn 0.00000 0.93385 -0.35766
vt 0 0
v 0.38700 0.67231 0.18213
vn 0.00000 0.93385 -0.35766
vt 1 0
v 0.39085 0.68278 0.20944
vn 0.00000 0.93385 -0.35766
vt 1 1
f 5755/5755/5755 5756/5756/5756 5757/5757/5757
usemtl yellow
v 0.39085 0.68278 0.20944
vn 0.00000 0.93385 -0.35766
vt 0 0
v 0.40214 0.69252 0.23489
vn 0.00000 0.93385 -0.35766
vt 1 0
v 0.42010 0.70089 0.25675
vn 0.00000 0.93385 -0.35766
vt 1 1
f 5758/5758/5758 5759/5759/5759 5760/5760/5760
usemtl yellow
v 0.42010 0.70089 0.25675
vn 0.00000 0.93385 -0.35766
vt 0 0
v 0.44350 0.70732 0.27352
vn 0.00000 0.93385 -0.35766
vt 1 0
v 0.47075 0.71135 0.28406
vn 0.00000 0.93385 -0.35766
vt 1 1
f 5761/5761/5761 5762/5762/5762 5763/5763/5763
usemtl yellow
v 0.47075 0.71135 0.28406
vn 0.00000 0.93385 -0.35766
vt 0 0
v 0.52925 0.71135 0.28406
vn 0.00000 0.93385 -0.35766
vt 1 0
v 0.57990 0.70089 0.25675
vn 0.00000 0.93385 -0.35766
vt 1 1
f 5764/5764/5764 5765/5765/5765 5766/5766/5766
usemtl yellow
v 0.57990 0.70089 0.25675
vn 0.00000 0.93385 -0.35766
vt 0 0
v 0.60915 0.68278 0.20944
vn 0.00000 0.93385 -0.35766
vt 1 0
v 0.60915 0.66185 0.15482
vn 0.00000 0.93385 -0.35766
vt 1 1
f 5767/5767/5767 5768/5768/5768 5769/5769/5769
usemtl yellow
v 0.60915 0.66185 0.15482
vn 0.00000 0.93385 -0.35766
vt 0 0
v 0.57990 0.64374 0.10751
vn 0.00000 0.93385 -0.35766
vt 1 0
v 0.52925 0.63328 0.08020
vn 0.00000 0.93385 -0.35766
vt 1 1
f 5770/5770/5770 5771/5771/5771 5772/5772/5772
usemtl yellow
v 0.52925 0.63328 0.08020
vn 0.00000 0.93385 -0.35766
vt 0 0
v 0.47075 0.63328 0.08020
vn 0.00000 0.93385 -0.35766
vt 1 0
v 0.42010 0.64374 0.10751
vn 0.00000 0.93385 -0.35766
vt 1 1
f 5773/5773/5773 5774/5774/5774 5775/5775/5775
usemtl yellow
v 0.42010 0.64374 0.10751
vn 0.00000 0.93385 -0.35766
vt 0 0
v 0.39085 0.66185 0.15482
vn 0.00000 0.93385 -0.35766
vt 1 0
v 0.39085 0.68278 0.20944
vn 0.00000 0.93385 -0.35766
vt 1 1
f 5776/5776/5776 5777/5777/5777 5778/5778/5778
usemtl yellow
v 0.39085 0.68278 0.20944
vn 0.00000 0.93385 -0.35766
vt 0 0
v 0.42010 0.70089 0.25675
vn 0.00000 0.93385 -0.35766
vt 1 0
v 0.47075 0.71135 0.28406
vn 0.00000 0.93385 -0.35766
vt 1 1
f 5779/5779/5779 5780/5780/5780 5781/5781/5781
usemtl yellow
v 0.47075 0.71135 0.28406
vn 0.00000 0.93385 -0.35766
vt 0 0
v 0.57990 0.70089 0.25675
vn 0.00000 0.93385 -0.35766
vt 1 0
v 0.60915 0.66185 0.15482
vn 0.00000 0.93385 -0.35766
vt 1 1
f 5782/5782/5782 5783/5783/5783 5784/5784/5784
usemtl yellow
v 0.60915 0.66185 0.15482
vn 0.00000 0.93385 -0.35766
vt 0 0
v 0.52925 0.63328 0.08020
vn 0.00000 0.93385 -0.35766
vt 1 0
v 0.42010 0.64374 0.10751
vn 0.00000 0.93385 -0.35766
vt 1 1
f 5785/5785/5785 5786/5786/5786 5787/5787/5787
usemtl yellow
v 0.42010 0.64374 0.10751
vn 0.00000 0.93385 -0.35766
vt 0 0
v 0.39085 0.68278 0.20944
vn 0.00000 0.93385 -0.35766
vt 1 0
v 0.47075 0.71135 0.28406
vn 0.00000 0.93385 -0.35766
vt 1 1
f 5788/5788/5788 5789/5789/5789 5790/5790/5790
usemtl yellow
v 0.60915 0.66185 0.15482
vn 0.00000 0.93385 -0.35766
vt 0 0
v 0.42010 0.64374 0.10751
vn 0.00000 0.93385 -0.35766
vt 1 0
v 0.47075 0.71135 0.28406
vn 0.00000 0.93385 -0.35766
vt 1 1
f 5791/5791/5791 5792/5792/5792 5793/5793/5793
usemtl yellow
v 0.55650 0.70732 0.27352
vn 0.50000 0.30975 0.80874
vt 0 0
v 0.52925 0.71135 0.28406
vn 0.25882 0.34548 0.90203
vt 1 0
v 0.52925 0.69081 0.29193
vn 0.25882 0.34548 0.90203
vt 1 1
f 5794/5794/5794 5795/5795/5795 5796/5796/5796
usemtl yellow
v 0.55650 0.70732 0.27352
vn 0.50000 0.30975 0.80874
vt 0 0
v 0.52925 0.69081 0.29193
vn 0.25882 0.34548 0.90203
vt 1 0
v 0.55650 0.68677 0.28139
vn 0.50000 0.30975 0.80874
vt 1 1
f 5797/5797/5797 5798/5798/5798 5799/5799/5799
usemtl yellow
v 0.52925 0.69081 0.29193
vn -0.00000 -0.93385 0.35766
vt 0 0
v 0.50000 0.69219 0.29553
vn -0.00000 -0.93385 0.35766
vt 1 0
v 0.47075 0.69081 0.29193
vn -0.00000 -0.93385 0.35766
vt 1 1
f 5800/5800/5800 5801/5801/5801 5802/5802/5802
usemtl yellow
v 0.47075 0.69081 0.29193
vn -0.00000 -0.93385 0.35766
vt 0 0
v 0.44350 0.68677 0.28139
vn -0.00000 -0.93385 0.35766
vt 1 0
v 0.42010 0.68035 0.26462
vn -0.00000 -0.93385 0.35766
vt 1 1
f 5803/5803/5803 5804/5804/5804 5805/5805/5805
usemtl yellow
v 0.42010 0.68035 0.26462
vn -0.00000 -0.93385 0.35766
vt 0 0
v 0.40214 0.67198 0.24276
vn -0.00000 -0.93385 0.35766
vt 1 0
v 0.39085 0.66223 0.21731
vn -0.00000 -0.93385 0.35766
vt 1 1
f 5806/5806/5806 5807/5807/5807 5808/5808/5808
usemtl yellow
v 0.39085 0.66223 0.21731
vn -0.00000 -0.93385 0.35766
vt 0 0
v 0.38700 0.65177 0.19000
vn -0.00000 -0.93385 0.35766
vt 1 0
v 0.39085 0.64131 0.16269
vn -0.00000 -0.93385 0.35766
vt 1 1
f 5809/5809/5809 5810/5810/5810 5811/5811/5811
usemtl yellow
v 0.39085 0.64131 0.16269
vn -0.00000 -0.93385 0.35766
vt 0 0
v 0.40214 0.63156 0.13724
vn -0.00000 -0.93385 0.35766
vt 1 0
v 0.42010 0.62319 0.11538
vn -0.00000 -0.93385 0.35766
vt 1 1
f 5812/5812/5812 5813/5813/5813 5814/5814/5814
usemtl yellow
v 0.42010 0.62319 0.11538
vn -0.00000 -0.93385 0.35766
vt 0 0
v 0.44350 0.61677 0.09861
vn -0.00000 -0.93385 0.35766
vt 1 0
v 0.47075 0.61273 0.08807
vn -0.00000 -0.93385 0.35766
vt 1 1
f 5815/5815/5815 5816/5816/5816 5817/5817/5817
usemtl yellow
v 0.47075 0.61273 0.08807
vn -0.00000 -0.93385 0.35766
vt 0 0
v 0.50000 0.61135 0.08447
vn -0.00000 -0.93385 0.35766
vt 1 0
v 0.52925 0.61273 0.08807
vn -0.00000 -0.93385 0.35766
vt 1 1
f 5818/5818/5818 5819/5819/5819 5820/5820/5820
usemtl yellow
v 0.52925 0.61273 0.08807
vn -0.00000 -0.93385 0.35766
vt 0 0
v 0.55650 0.61677 0.09861
vn -0.00000 -0.93385 0.35766
vt 1 0
v 0.57990 0.62319 0.11538
vn -0.00000 -0.93385 0.35766
vt 1 1
f 5821/5821/5821 5822/5822/5822 5823/5823/5823
usemtl yellow
v 0.57990 0.62319 0.11538
vn -0.00000 -0.93385 0.35766
vt 0 0
v 0.59786 0.63156 0.13724
vn -0.00000 -0.93385 0.35766
vt 1 0
v 0.60915 0.64131 0.16269
vn -0.00000 -0.93385 0.35766
vt 1 1
f 5824/5824/5824 5825/5825/5825 5826/5826/5826
usemtl yellow
v 0.60915 0.64131 0.16269
vn -0.00000 -0.93385 0.35766
vt 0 0
v 0.61300 0.65177 0.19000
vn -0.00000 -0.93385 0.35766
vt 1 0
v 0.60915 0.66223 0.21731
vn -0.00000 -0.93385 0.35766
vt 1 1
f 5827/5827/5827 5828/5828/5828 5829/5829/5829
usemtl yellow
v 0.60915 0.66223 0.21731
vn -0.00000 -0.93385 0.35766
vt 0 0
v 0.59786 0.67198 0.24276
vn -0.00000 -0.93385 0.35766
vt 1 0
v 0.57990 0.68035 0.26462
vn -0.00000 -0.93385 0.35766
vt 1 1
f 5830/5830/5830 5831/5831/5831 5832/5832/5832
usemtl yellow
v 0.57990 0.68035 0.26462
vn -0.00000 -0.93385 0.35766
vt 0 0
v 0.55650 0.68677 0.28139
vn -0.00000 -0.93385 0.35766
vt 1 0
v 0.52925 0.69081 0.29193
vn -0.00000 -0.93385 0.35766
vt 1 1
f 5833/5833/5833 5834/5834/5834 5835/5835/5835
usemtl yellow
v 0.52925 0.69081 0.29193
vn -0.00000 -0.93385 0.35766
vt 0 0
v 0.47075 0.69081 0.29193
vn -0.00000 -0.93385 0.35766
vt 1 0
v 0.42010 0.68035 0.26462
vn -0.00000 -0.93385 0.35766
vt 1 1
f 5836/5836/5836 5837/5837/5837 5838/5838/5838
usemtl yellow
v 0.42010 0.68035 0.26462
vn -0.00000 -0.93385 0.35766
vt 0 0
v 0.39085 0.66223 0.21731
vn -0.00000 -0.93385 0.35766
vt 1 0
v 0.39085 0.64131 0.16269
vn -0.00000 -0.93385 0.35766
vt 1 1
f 5839/5839/5839 5840/5840/5840 5841/5841/5841
usemtl yellow
v 0.39085 0.64131 0.16269
vn -0.00000 -0.93385 0.35766
vt 0 0
v 0.42010 0.62319 0.11538
vn -0.00000 -0.93385 0.35766
vt 1 0
v 0.47075 0.61273 0.08807
vn -0.00000 -0.93385 0.35766
vt 1 1
f 5842/5842/5842 5843/5843/5843 5844/5844/5844
usemtl yellow
v 0.47075 0.61273 0.08807
vn -0.00000 -0.93385 0.35766
vt 0 0
v 0.52925 0.61273 0.08807
vn -0.00000 -0.93385 0.35766
vt 1 0
v 0.57990 0.62319 0.11538
vn -0.00000 -0.93385 0.35766
vt 1 1
f 5845/5845/5845 5846/5846/5846 5847/5847/5847
usemtl yellow
v 0.57990 0.62319 0.11538
vn -0.00000 -0.93385 0.35766
vt 0 0
v 0.60915 0.64131 0.16269
vn -0.00000 -0.93385 0.35766
vt 1 0
v 0.60915 0.66223 0.21731
vn -0.00000 -0.93385 0.35766
vt 1 1
f 5848/5848/5848 5849/5849/5849 5850/5850/5850
usemtl yellow
v 0.60915 0.66223 0.21731
vn -0.00000 -0.93385 0.35766
vt 0 0
v 0.57990 0.68035 0.26462
vn -0.00000 -0.93385 0.35766
vt 1 0
v 0.52925 0.69081 0.29193
vn -0.00000 -0.93385 0.35766
vt 1 1
f 5851/5851/5851 5852/5852/5852 5853/5853/5853
usemtl yellow
v 0.52925 0.69081 0.29193
vn -0.00000 -0.93385 0.35766
vt 0 0
v 0.42010 0.68035 0.26462
vn -0.00000 -0.93385 0.35766
vt 1 0
v 0.39085 0.64131 0.16269
vn -0.00000 -0.93385 0.35766
vt 1 1
f 5854/5854/5854 5855/5855/5855 5856/5856/5856
usemtl yellow
v 0.39085 0.64131 0.16269
vn -0.00000 -0.93385 0.35766
vt 0 0
v 0.47075 0.61273 0.08807
vn -0.00000 -0.93385 0.35766
vt 1 0
v 0.57990 0.62319 0.11538
vn -0.00000 -0.93385 0.35766
vt 1 1
f 5857/5857/5857 5858/5858/5858 5859/5859/5859
usemtl yellow
v 0.57990 0.62319 0.11538
vn -0.00000 -0.93385 0.35766
vt 0 0
v 0.60915 0.66223 0.21731
vn -0.00000 -0.93385 0.35766
vt 1 0
v 0.52925 0.69081 0.29193
vn -0.00000 -0.93385 0.35766
vt 1 1
f 5860/5860/5860 5861/5861/5861 5862/5862/5862
usemtl yellow
v 0.39085 0.64131 0.16269
vn -0.00000 -0.93385 0.35766
vt 0 0
v 0.57990 0.62319 0.11538
vn -0.00000 -0.93385 0.35766
vt 1 0
v 0.52925 0.69081 0.29193
vn -0.00000 -0.93385 0.35766
vt 1 1
f 5863/5863/5863 5864/5864/5864 5865/5865/5865
usemtl yellow
v 0.50000 0.71273 0.28766
vn -0.00000 0.35766 0.93385
vt 0 0
v 0.47075 0.71135 0.28406
vn -0.25882 0.34548 0.90203
vt 1 0
v 0.47075 0.69081 0.29193
vn -0.25882 0.34548 0.90203
vt 1 1
f 5866/5866/5866 5867/5867/5867 5868/5868/5868
usemtl yellow
v 0.50000 0.71273 0.28766
vn -0.00000 0.35766 0.93385
vt 0 0
v 0.47075 0.69081 0.29193
vn -0.25882 0.34548 0.90203
vt 1 0
v 0.50000 0.69219 0.29553
vn -0.00000 0.35766 0.93385
vt 1 1
f 5869/5869/5869 5870/5870/5870 5871/5871/5871
usemtl rubber
v 0.51708 0.72220 0.23129
vn 0.25882 0.34548 0.90203
vt 0 0
v 0.50000 0.72300 0.23339
vn 0.00000 0.35766 0.93385
vt 1 0
v 0.50000 0.67538 0.25163
vn 0.00000 0.35766 0.93385
vt 1 1
f 5872/5872/5872 5873/5873/5873 5874/5874/5874
usemtl rubber
v 0.51708 0.72220 0.23129
vn 0.25882 0.34548 0.90203
vt 0 0
v 0.50000 0.67538 0.25163
vn 0.00000 0.35766 0.93385
vt 1 0
v 0.51708 0.67457 0.24953
vn 0.25882 0.34548 0.90203
vt 1 1
f 5875/5875/5875 5876/5876/5876 5877/5877/5877
usemtl rubber
v 0.48292 0.72220 0.23129
vn -0.25882 0.34548 0.90203
vt 0 0
v 0.46700 0.71984 0.22514
vn -0.50000 0.30975 0.80874
vt 1 0
v 0.46700 0.67221 0.24338
vn -0.50000 0.30975 0.80874
vt 1 1
f 5878/5878/5878 5879/5879/5879 5880/5880/5880
usemtl rubber
v 0.48292 0.72220 0.23129
vn -0.25882 0.34548 0.90203
vt 0 0
v 0.46700 0.67221 0.24338
vn -0.50000 0.30975 0.80874
vt 1 0
v 0.48292 0.67457 0.24953
vn -0.25882 0.34548 0.90203
vt 1 1
f 5881/5881/5881 5882/5882/5882 5883/5883/5883
usemtl rubber
v 0.46700 0.71984 0.22514
vn -0.50000 0.30975 0.80874
vt 0 0
v 0.45333 0.71609 0.21534
vn -0.70711 0.25291 0.66033
vt 1 0
v 0.45333 0.66846 0.23358
vn -0.70711 0.25291 0.66033
vt 1 1
f 5884/5884/5884 5885/5885/5885 5886/5886/5886
usemtl rubber
v 0.46700 0.71984 0.22514
vn -0.50000 0.30975 0.80874
vt 0 0
v 0.45333 0.66846 0.23358
vn -0.70711 0.25291 0.66033
vt 1 0
v 0.46700 0.67221 0.24338
vn -0.50000 0.30975 0.80874
vt 1 1
f 5887/5887/5887 5888/5888/5888 5889/5889/5889
usemtl rubber
v 0.45333 0.71609 0.21534
vn -0.70711 0.25291 0.66033
vt 0 0
v 0.44284 0.71120 0.20258
vn -0.86603 0.17883 0.46692
vt 1 0
v 0.44284 0.66357 0.22082
vn -0.86603 0.17883 0.46692
vt 1 1
f 5890/5890/5890 5891/5891/5891 5892/5892/5892
usemtl rubber
v 0.45333 0.71609 0.21534
vn -0.70711 0.25291 0.66033
vt 0 0
v 0.44284 0.66357 0.22082
vn -0.86603 0.17883 0.46692
vt 1 0
v 0.45333 0.66846 0.23358
vn -0.70711 0.25291 0.66033
vt 1 1
f 5893/5893/5893 5894/5894/5894 5895/5895/5895
usemtl rubber
v 0.44284 0.71120 0.20258
vn -0.86603 0.17883 0.46692
vt 0 0
v 0.43625 0.70551 0.18771
vn -0.96593 0.09257 0.24170
vt 1 0
v 0.43625 0.65788 0.20595
vn -0.96593 0.09257 0.24170
vt 1 1
f 5896/5896/5896 5897/5897/5897 5898/5898/5898
usemtl rubber
v 0.44284 0.71120 0.20258
vn -0.86603 0.17883 0.46692
vt 0 0
v 0.43625 0.65788 0.20595
vn -0.96593 0.09257 0.24170
vt 1 0
v 0.44284 0.66357 0.22082
vn -0.86603 0.17883 0.46692
vt 1 1
f 5899/5899/5899 5900/5900/5900 5901/5901/5901
usemtl rubber
v 0.43625 0.70551 0.18771
vn -0.96593 0.09257 0.24170
vt 0 0
v 0.43400 0.69940 0.17176
vn -1.00000 0.00000 -0.00000
vt 1 0
v 0.43400 0.65177 0.19000
vn -1.00000 0.00000 -0.00000
vt 1 1
f 5902/5902/5902 5903/5903/5903 5904/5904/5904
usemtl rubber
v 0.43625 0.70551 0.18771
vn -0.96593 0.09257 0.24170
vt 0 0
v 0.43400 0.65177 0.19000
vn -1.00000 0.00000 -0.00000
vt 1 0
v 0.43625 0.65788 0.20595
vn -0.96593 0.09257 0.24170
vt 1 1
f 5905/5905/5905 5906/5906/5906 5907/5907/5907
usemtl rubber
v 0.43400 0.69940 0.17176
vn -1.00000 0.00000 -0.00000
vt 0 0
v 0.43625 0.69329 0.15581
vn -0.96593 -0.09257 -0.24170
vt 1 0
v 0.43625 0.64566 0.17405
vn -0.96593 -0.09257 -0.24170
vt 1 1
f 5908/5908/5908 5909/5909/5909 5910/5910/5910
usemtl rubber
v 0.43400 0.69940 0.17176
vn -1.00000 0.00000 -0.00000
vt 0 0
v 0.43625 0.64566 0.17405
vn -0.96593 -0.09257 -0.24170
vt 1 0
v 0.43400 0.65177 0.19000
vn -1.00000 0.00000 -0.00000
vt 1 1
f 5911/5911/5911 5912/5912/5912 5913/5913/5913
usemtl rubber
v 0.43625 0.69329 0.15581
vn -0.96593 -0.09257 -0.24170
vt 0 0
v 0.44284 0.68759 0.14094
vn -0.86603 -0.17883 -0.46693
vt 1 0
v 0.44284 0.63997 0.15918
vn -0.86603 -0.17883 -0.46693
vt 1 1
f 5914/5914/5914 5915/5915/5915 5916/5916/5916
usemtl rubber
v 0.43625 0.69329 0.15581
vn -0.96593 -0.09257 -0.24170
vt 0 0
v 0.44284 0.63997 0.15918
vn -0.86603 -0.17883 -0.46693
vt 1 0
v 0.43625 0.64566 0.17405
vn -0.96593 -0.09257 -0.24170
vt 1 1
f 5917/5917/5917 5918/5918/5918 5919/5919/5919
usemtl rubber
v 0.44284 0.68759 0.14094
vn -0.86603 -0.17883 -0.46693
vt 0 0
v 0.45333 0.68270 0.12818
vn -0.70711 -0.25291 -0.66033
vt 1 0
v 0.45333 0.63508 0.14642
vn -0.70711 -0.25291 -0.66033
vt 1 1
f 5920/5920/5920 5921/5921/5921 5922/5922/5922
usemtl rubber
v 0.44284 0.68759 0.14094
vn -0.86603 -0.17883 -0.46693
vt 0 0
v 0.45333 0.63508 0.14642
vn -0.70711 -0.25291 -0.66033
vt 1 0
v 0.44284 0.63997 0.15918
vn -0.86603 -0.17883 -0.46693
vt 1 1
f 5923/5923/5923 5924/5924/5924 5925/5925/5925
usemtl rubber
v 0.45333 0.68270 0.12818
vn -0.70711 -0.25291 -0.66033
vt 0 0
v 0.46700 0.67895 0.11838
vn -0.50000 -0.30975 -0.80874
vt 1 0
v 0.46700 0.63133 0.13662
vn -0.50000 -0.30975 -0.80874
vt 1 1
f 5926/5926/5926 5927/5927/5927 5928/5928/5928
usemtl rubber
v 0.45333 0.68270 0.12818
vn -0.70711 -0.25291 -0.66033
vt 0 0
v 0.46700 0.63133 0.13662
vn -0.50000 -0.30975 -0.80874
vt 1 0
v 0.45333 0.63508 0.14642
vn -0.70711 -0.25291 -0.66033
vt 1 1
f 5929/5929/5929 5930/5930/5930 5931/5931/5931
usemtl rubber
v 0.46700 0.67895 0.11838
vn -0.50000 -0.30975 -0.80874
vt 0 0
v 0.48292 0.67659 0.11223
vn -0.25882 -0.34548 -0.90203
vt 1 0
v 0.48292 0.62897 0.13047
vn -0.25882 -0.34548 -0.90203
vt 1 1
f 5932/5932/5932 5933/5933/5933 5934/5934/5934
usemtl rubber
v 0.46700 0.67895 0.11838
vn -0.50000 -0.30975 -0.80874
vt 0 0
v 0.48292 0.62897 0.13047
vn -0.25882 -0.34548 -0.90203
vt 1 0
v 0.46700 0.63133 0.13662
vn -0.50000 -0.30975 -0.80874
vt 1 1
f 5935/5935/5935 5936/5936/5936 5937/5937/5937
usemtl rubber
v 0.48292 0.67659 0.11223
vn -0.25882 -0.34548 -0.90203
vt 0 0
v 0.50000 0.67579 0.11012
vn -0.00000 -0.35766 -0.93385
vt 1 0
v 0.50000 0.62816 0.12837
vn -0.00000 -0.35766 -0.93385
vt 1 1
f 5938/5938/5938 5939/5939/5939 5940/5940/5940
usemtl rubber
v 0.48292 0.67659 0.11223
vn -0.25882 -0.34548 -0.90203
vt 0 0
v 0.50000 0.62816 0.12837
vn -0.00000 -0.35766 -0.93385
vt 1 0
v 0.48292 0.62897 0.13047
vn -0.25882 -0.34548 -0.90203
vt 1 1
f 5941/5941/5941 5942/5942/5942 5943/5943/5943
usemtl rubber
v 0.50000 0.67579 0.11012
vn -0.00000 -0.35766 -0.93385
vt 0 0
v 0.51708 0.67659 0.11223
vn 0.25882 -0.34548 -0.90203
vt 1 0
v 0.51708 0.62897 0.13047
vn 0.25882 -0.34548 -0.90203
vt 1 1
f 5944/5944/5944 5945/5945/5945 5946/5946/5946
usemtl rubber
v 0.50000 0.67579 0.11012
vn -0.00000 -0.35766 -0.93385
vt 0 0
v 0.51708 0.62897 0.13047
vn 0.25882 -0.34548 -0.90203
vt 1 0
v 0.50000 0.62816 0.12837
vn -0.00000 -0.35766 -0.93385
vt 1 1
f 5947/5947/5947 5948/5948/5948 5949/5949/5949
usemtl rubber
v 0.51708 0.67659 0.11223
vn 0.25882 -0.34548 -0.90203
vt 0 0
v 0.53300 0.67895 0.11838
vn 0.50000 -0.30975 -0.80874
vt 1 0
v 0.53300 0.63133 0.13662
vn 0.50000 -0.30975 -0.80874
vt 1 1
f 5950/5950/5950 5951/5951/5951 5952/5952/5952
usemtl rubber
v 0.51708 0.67659 0.11223
vn 0.25882 -0.34548 -0.90203
vt 0 0
v 0.53300 0.63133 0.13662
vn 0.50000 -0.30975 -0.80874
vt 1 0
v 0.51708 0.62897 0.13047
vn 0.25882 -0.34548 -0.90203
vt 1 1
f 5953/5953/5953 5954/5954/5954 5955/5955/5955
usemtl rubber
v 0.53300 0.67895 0.11838
vn 0.50000 -0.30975 -0.80874
vt 0 0
v 0.54667 0.68270 0.12818
vn 0.70711 -0.25291 -0.66033
vt 1 0
v 0.54667 0.63508 0.14642
vn 0.70711 -0.25291 -0.66033
vt 1 1
f 5956/5956/5956 5957/5957/5957 5958/5958/5958
usemtl rubber
v 0.53300 0.67895 0.11838
vn 0.50000 -0.30975 -0.80874
vt 0 0
v 0.54667 0.63508 0.14642
vn 0.70711 -0.25291 -0.66033
vt 1 0
v 0.53300 0.63133 0.13662
vn 0.50000 -0.30975 -0.80874
vt 1 1
f 5959/5959/5959 5960/5960/5960 5961/5961/5961
usemtl rubber
v 0.54667 0.68270 0.12818
vn 0.70711 -0.25291 -0.66033
vt 0 0
v 0.55716 0.68759 0.14094
vn 0.86603 -0.17883 -0.46693
vt 1 0
v 0.55716 0.63997 0.15918
vn 0.86603 -0.17883 -0.46692
vt 1 1
f 5962/5962/5962 5963/5963/5963 5964/5964/5964
usemtl rubber
v 0.54667 0.68270 0.12818
vn 0.70711 -0.25291 -0.66033
vt 0 0
v 0.55716 0.63997 0.15918
vn 0.86603 -0.17883 -0.46692
vt 1 0
v 0.54667 0.63508 0.14642
vn 0.70711 -0.25291 -0.66033
vt 1 1
f 5965/5965/5965 5966/5966/5966 5967/5967/5967
usemtl rubber
v 0.55716 0.68759 0.14094
vn 0.86603 -0.17883 -0.46693
vt 0 0
v 0.56375 0.69329 0.15581
vn 0.96593 -0.09257 -0.24170
vt 1 0
v 0.56375 0.64566 0.17405
vn 0.96593 -0.09257 -0.24170
vt 1 1
f 5968/5968/5968 5969/5969/5969 5970/5970/5970
usemtl rubber
v 0.55716 0.68759 0.14094
vn 0.86603 -0.17883 -0.46693
vt 0 0
v 0.56375 0.64566 0.17405
vn 0.96593 -0.09257 -0.24170
vt 1 0
v 0.55716 0.63997 0.15918
vn 0.86603 -0.17883 -0.46692
vt 1 1
f 5971/5971/5971 5972/5972/5972 5973/5973/5973
usemtl rubber
v 0.56375 0.69329 0.15581
vn 0.96593 -0.09257 -0.24170
vt 0 0
v 0.56600 0.69940 0.17176
vn 1.00000 -0.00000 -0.00000
vt 1 0
v 0.56600 0.65177 0.19000
vn 1.00000 -0.00000 -0.00000
vt 1 1
f 5974/5974/5974 5975/5975/5975 5976/5976/5976
usemtl rubber
v 0.56375 0.69329 0.15581
vn 0.96593 -0.09257 -0.24170
vt 0 0
v 0.56600 0.65177 0.19000
vn 1.00000 -0.00000 -0.00000
vt 1 0
v 0.56375 0.64566 0.17405
vn 0.96593 -0.09257 -0.24170
vt 1 1
f 5977/5977/5977 5978/5978/5978 5979/5979/5979
usemtl rubber
v 0.56600 0.69940 0.17176
vn 1.00000 -0.00000 -0.00000
vt 0 0
v 0.56375 0.70551 0.18771
vn 0.96593 0.09257 0.24170
vt 1 0
v 0.56375 0.65788 0.20595
vn 0.96593 0.09257 0.24170
vt 1 1
f 5980/5980/5980 5981/5981/5981 5982/5982/5982
usemtl rubber
v 0.56600 0.69940 0.17176
vn 1.00000 -0.00000 -0.00000
vt 0 0
v 0.56375 0.65788 0.20595
vn 0.96593 0.09257 0.24170
vt 1 0
v 0.56600 0.65177 0.19000
vn 1.00000 -0.00000 -0.00000
vt 1 1
f 5983/5983/5983 5984/5984/5984 5985/5985/5985
usemtl rubber
v 0.56375 0.70551 0.18771
vn 0.96593 0.09257 0.24170
vt 0 0
v 0.55716 0.71120 0.20258
vn 0.86603 0.17883 0.46692
vt 1 0
v 0.55716 0.66357 0.22082
vn 0.86603 0.17883 0.46692
vt 1 1
f 5986/5986/5986 5987/5987/5987 5988/5988/5988
usemtl rubber
v 0.56375 0.70551 0.18771
vn 0.96593 0.09257 0.24170
vt 0 0
v 0.55716 0.66357 0.22082
vn 0.86603 0.17883 0.46692
vt 1 0
v 0.56375 0.65788 0.20595
vn 0.96593 0.09257 0.24170
vt 1 1
f 5989/5989/5989 5990/5990/5990 5991/5991/5991
usemtl rubber
v 0.55716 0.71120 0.20258
vn 0.86603 0.17883 0.46692
vt 0 0
v 0.54667 0.71609 0.21534
vn 0.70711 0.25291 0.66033
vt 1 0
v 0.54667 0.66846 0.23358
vn 0.70711 0.25291 0.66033
vt 1 1
f 5992/5992/5992 5993/5993/5993 5994/5994/5994
usemtl rubber
v 0.55716 0.71120 0.20258
vn 0.86603 0.17883 0.46692
vt 0 0
v 0.54667 0.66846 0.23358
vn 0.70711 0.25291 0.66033
vt 1 0
v 0.55716 0.66357 0.22082
vn 0.86603 0.17883 0.46692
vt 1 1
f 5995/5995/5995 5996/5996/5996 5997/5997/5997
usemtl rubber
v 0.54667 0.71609 0.21534
vn 0.70711 0.25291 0.66033
vt 0 0
v 0.53300 0.71984 0.22514
vn 0.50000 0.30975 0.80874
vt 1 0
v 0.53300 0.67221 0.24338
vn 0.50000 0.30975 0.80874
vt 1 1
f 5998/5998/5998 5999/5999/5999 6000/6000/6000
usemtl rubber
v 0.54667 0.71609 0.21534
vn 0.70711 0.25291 0.66033
vt 0 0
v 0.53300 0.67221 0.24338
vn 0.50000 0.30975 0.80874
vt 1 0
v 0.54667 0.66846 0.23358
vn 0.70711 0.25291 0.66033
vt 1 1
f 6001/6001/6001 6002/6002/6002 6003/6003/6003
usemtl rubber
v 0.48292 0.72220 0.23129
vn -0.00000 0.93385 -0.35766
vt 0 0
v 0.50000 0.72300 0.23339
vn -0.00000 0.93385 -0.35766
vt 1 0
v 0.51708 0.72220 0.23129
vn -0.00000 0.93385 -0.35766
vt 1 1
f 6004/6004/6004 6005/6005/6005 6006/6006/6006
usemtl rubber
v 0.51708 0.72220 0.23129
vn -0.00000 0.93385 -0.35766
vt 0 0
v 0.53300 0.71984 0.22514
vn -0.00000 0.93385 -0.35766
vt 1 0
v 0.54667 0.71609 0.21534
vn -0.00000 0.93385 -0.35766
vt 1 1
f 6007/6007/6007 6008/6008/6008 6009/6009/6009
usemtl rubber
v 0.54667 0.71609 0.21534
vn -0.00000 0.93385 -0.35766
vt 0 0
v 0.55716 0.71120 0.20258
vn -0.00000 0.93385 -0.35766
vt 1 0
v 0.56375 0.70551 0.18771
vn -0.00000 0.93385 -0.35766
vt 1 1
f 6010/6010/6010 6011/6011/6011 6012/6012/6012
usemtl rubber
v 0.56375 0.70551 0.18771
vn -0.00000 0.93385 -0.35766
vt 0 0
v 0.56600 0.69940 0.17176
vn -0.00000 0.93385 -0.35766
vt 1 0
v 0.56375 0.69329 0.15581
vn -0.00000 0.93385 -0.35766
vt 1 1
f 6013/6013/6013 6014/6014/6014 6015/6015/6015
usemtl rubber
v 0.56375 0.69329 0.15581
vn -0.00000 0.93385 -0.35766
vt 0 0
v 0.55716 0.68759 0.14094
vn -0.00000 0.93385 -0.35766
vt 1 0
v 0.54667 0.68270 0.12818
vn -0.00000 0.93385 -0.35766
vt 1 1
f 6016/6016/6016 6017/6017/6017 6018/6018/6018
usemtl rubber
v 0.54667 0.68270 0.12818
vn -0.00000 0.93385 -0.35766
vt 0 0
v 0.53300 0.67895 0.11838
vn -0.00000 0.93385 -0.35766
vt 1 0
v 0.51708 0.67659 0.11223
vn -0.00000 0.93385 -0.35766
vt 1 1
f 6019/6019/6019 6020/6020/6020 6021/6021/6021
usemtl rubber
v 0.51708 0.67659 0.11223
vn -0.00000 0.93385 -0.35766
vt 0 0
v 0.50000 0.67579 0.11012
vn -0.00000 0.93385 -0.35766
vt 1 0
v 0.48292 0.67659 0.11223
vn -0.00000 0.93385 -0.35766
vt 1 1
f 6022/6022/6022 6023/6023/6023 6024/6024/6024
usemtl rubber
v 0.48292 0.67659 0.11223
vn -0.00000 0.93385 -0.35766
vt 0 0
v 0.46700 0.67895 0.11838
vn -0.00000 0.93385 -0.35766
vt 1 0
v 0.45333 0.68270 0.12818
vn -0.00000 0.93385 -0.35766
vt 1 1
f 6025/6025/6025 6026/6026/6026 6027/6027/6027
usemtl rubber
v 0.45333 0.68270 0.12818
vn -0.00000 0.93385 -0.35766
vt 0 0
v 0.44284 0.68759 0.14094
vn -0.00000 0.93385 -0.35766
vt 1 0
v 0.43625 0.69329 0.15581
vn -0.00000 0.93385 -0.35766
vt 1 1
f 6028/6028/6028 6029/6029/6029 6030/6030/6030
usemtl rubber
v 0.43625 0.69329 0.15581
vn -0.00000 0.93385 -0.35766
vt 0 0
v 0.43400 0.69940 0.17176
vn -0.00000 0.93385 -0.35766
vt 1 0
v 0.43625 0.70551 0.18771
vn -0.00000 0.93385 -0.35766
vt 1 1
f 6031/6031/6031 6032/6032/6032 6033/6033/6033
usemtl rubber
v 0.43625 0.70551 0.18771
vn -0.00000 0.93385 -0.35766
vt 0 0
v 0.44284 0.71120 0.20258
vn -0.00000 0.93385 -0.35766
vt 1 0
v 0.45333 0.71609 0.21534
vn -0.00000 0.93385 -0.35766
vt 1 1
f 6034/6034/6034 6035/6035/6035 6036/6036/6036
usemtl rubber
v 0.45333 0.71609 0.21534
vn -0.00000 0.93385 -0.35766
vt 0 0
v 0.46700 0.71984 0.22514
vn -0.00000 0.93385 -0.35766
vt 1 0
v 0.48292 0.72220 0.23129
vn -0.00000 0.93385 -0.35766
vt 1 1
f 6037/6037/6037 6038/6038/6038 6039/6039/6039
usemtl rubber
v 0.48292 0.72220 0.23129
vn -0.00000 0.93385 -0.35766
vt 0 0
v 0.51708 0.72220 0.23129
vn -0.00000 0.93385 -0.35766
vt 1 0
v 0.54667 0.71609 0.21534
vn -0.00000 0.93385 -0.35766
vt 1 1
f 6040/6040/6040 6041/6041/6041 6042/6042/6042
usemtl rubber
v 0.54667 0.71609 0.21534
vn -0.00000 0.93385 -0.35766
vt 0 0
v 0.56375 0.70551 0.18771
vn -0.00000 0.93385 -0.35766
vt 1 0
v 0.56375 0.69329 0.15581
vn -0.00000 0.93385 -0.35766
vt 1 1
f 6043/6043/6043 6044/6044/6044 6045/6045/6045
usemtl rubber
v 0.56375 0.69329 0.15581
vn -0.00000 0.93385 -0.35766
vt 0 0
v 0.54667 0.68270 0.12818
vn -0.00000 0.93385 -0.35766
vt 1 0
v 0.51708 0.67659 0.11223
vn -0.00000 0.93385 -0.35766
vt 1 1
f 6046/6046/6046 6047/6047/6047 6048/6048/6048
usemtl rubber
v 0.51708 0.67659 0.11223
vn -0.00000 0.93385 -0.35766
vt 0 0
v 0.48292 0.67659 0.11223
vn -0.00000 0.93385 -0.35766
vt 1 0
v 0.45333 0.68270 0.12818
vn -0.00000 0.93385 -0.35766
vt 1 1
f 6049/6049/6049 6050/6050/6050 6051/6051/6051
usemtl rubber
v 0.45333 0.68270 0.12818
vn -0.00000 0.93385 -0.35766
vt 0 0
v 0.43625 0.69329 0.15581
vn -0.00000 0.93385 -0.35766
vt 1 0
v 0.43625 0.70551 0.18771
vn -0.00000 0.93385 -0.35766
vt 1 1
f 6052/6052/6052 6053/6053/6053 6054/6054/6054
usemtl rubber
v 0.43625 0.70551 0.18771
vn -0.00000 0.93385 -0.35766
vt 0 0
v 0.45333 0.71609 0.21534
vn -0.00000 0.93385 -0.35766
vt 1 0
v 0.48292 0.72220 0.23129
vn -0.00000 0.93385 -0.35766
vt 1 1
f 6055/6055/6055 6056/6056/6056 6057/6057/6057
usemtl rubber
v 0.48292 0.72220 0.23129
vn -0.00000 0.93385 -0.35766
vt 0 0
v 0.54667 0.71609 0.21534
vn -0.00000 0.93385 -0.35766
vt 1 0
v 0.56375 0.69329 0.15581
vn -0.00000 0.93385 -0.35766
vt 1 1
f 6058/6058/6058 6059/6059/6059 6060/6060/6060
usemtl rubber
v 0.56375 0.69329 0.15581
vn -0.00000 0.93385 -0.35766
vt 0 0
v 0.51708 0.67659 0.11223
vn -0.00000 0.93385 -0.35766
vt 1 0
v 0.45333 0.68270 0.12818
vn -0.00000 0.93385 -0.35766
vt 1 1
f 6061/6061/6061 6062/6062/6062 6063/6063/6063
usemtl rubber
v 0.45333 0.68270 0.12818
vn -0.00000 0.93385 -0.35766
vt 0 0
v 0.43625 0.70551 0.18771
vn -0.00000 0.93385 -0.35766
vt 1 0
v 0.48292 0.72220 0.23129
vn -0.00000 0.93385 -0.35766
vt 1 1
f 6064/6064/6064 6065/6065/6065 6066/6066/6066
usemtl rubber
v 0.56375 0.69329 0.15581
vn -0.00000 0.93385 -0.35766
vt 0 0
v 0.45333 0.68270 0.12818
vn -0.00000 0.93385 -0.35766
vt 1 0
v 0.48292 0.72220 0.23129
vn -0.00000 0.93385 -0.35766
vt 1 1
f 6067/6067/6067 6068/6068/6068 6069/6069/6069
usemtl rubber
v 0.53300 0.71984 0.22514
vn 0.50000 0.30975 0.80874
vt 0 0
v 0.51708 0.72220 0.23129
vn 0.25882 0.34548 0.90203
vt 1 0
v 0.51708 0.67457 0.24953
vn 0.25882 0.34548 0.90203
vt 1 1
f 6070/6070/6070 6071/6071/6071 6072/6072/6072
usemtl rubber
v 0.53300 0.71984 0.22514
vn 0.50000 0.30975 0.80874
vt 0 0
v 0.51708 0.67457 0.24953
vn 0.25882 0.34548 0.90203
vt 1 0
v 0.53300 0.67221 0.24338
vn 0.50000 0.30975 0.80874
vt 1 1
f 6073/6073/6073 6074/6074/6074 6075/6075/6075
usemtl rubber
v 0.51708 0.67457 0.24953
vn -0.00000 -0.93385 0.35766
vt 0 0
v 0.50000 0.67538 0.25163
vn -0.00000 -0.93385 0.35766
vt 1 0
v 0.48292 0.67457 0.24953
vn -0.00000 -0.93385 0.35766
vt 1 1
f 6076/6076/6076 6077/6077/6077 6078/6078/6078
usemtl rubber
v 0.48292 0.67457 0.24953
vn -0.00000 -0.93385 0.35766
vt 0 0
v 0.46700 0.67221 0.24338
vn -0.00000 -0.93385 0.35766
vt 1 0
v 0.45333 0.66846 0.23358
vn -0.00000 -0.93385 0.35766
vt 1 1
f 6079/6079/6079 6080/6080/6080 6081/6081/6081
usemtl rubber
v 0.45333 0.66846 0.23358
vn -0.00000 -0.93385 0.35766
vt 0 0
v 0.44284 0.66357 0.22082
vn -0.00000 -0.93385 0.35766
vt 1 0
v 0.43625 0.65788 0.20595
vn -0.00000 -0.93385 0.35766
vt 1 1
f 6082/6082/6082 6083/6083/6083 6084/6084/6084
usemtl rubber
v 0.43625 0.65788 0.20595
vn -0.00000 -0.93385 0.35766
vt 0 0
v 0.43400 0.65177 0.19000
vn -0.00000 -0.93385 0.35766
vt 1 0
v 0.43625 0.64566 0.17405
vn -0.00000 -0.93385 0.35766
vt 1 1
f 6085/6085/6085 6086/6086/6086 6087/6087/6087
usemtl rubber
v 0.43625 0.64566 0.17405
vn -0.00000 -0.93385 0.35766
vt 0 0
v 0.44284 0.63997 0.15918
vn -0.00000 -0.93385 0.35766
vt 1 0
v 0.45333 0.63508 0.14642
vn -0.00000 -0.93385 0.35766
vt 1 1
f 6088/6088/6088 6089/6089/6089 6090/6090/6090
usemtl rubber
v 0.45333 0.63508 0.14642
vn -0.00000 -0.93385 0.35766
vt 0 0
v 0.46700 0.63133 0.13662
vn -0.00000 -0.93385 0.35766
vt 1 0
v 0.48292 0.62897 0.13047
vn -0.00000 -0.93385 0.35766
vt 1 1
f 6091/6091/6091 6092/6092/6092 6093/6093/6093
usemtl rubber
v 0.48292 0.62897 0.13047
vn -0.00000 -0.93385 0.35766
vt 0 0
v 0.50000 0.62816 0.12837
vn -0.00000 -0.93385 0.35766
vt 1 0
v 0.51708 0.62897 0.13047
vn -0.00000 -0.93385 0.35766
vt 1 1
f 6094/6094/6094 6095/6095/6095 6096/6096/6096
usemtl rubber
v 0.51708 0.62897 0.13047
vn -0.00000 -0.93385 0.35766
vt 0 0
v 0.53300 0.63133 0.13662
vn -0.00000 -0.93385 0.35766
vt 1 0
v 0.54667 0.63508 0.14642
vn -0.00000 -0.93385 0.35766
vt 1 1
f 6097/6097/6097 6098/6098/6098 6099/6099/6099
usemtl rubber
v 0.54667 0.63508 0.14642
vn -0.00000 -0.93385 0.35766
vt 0 0
v 0.55716 0.63997 0.15918
vn -0.00000 -0.93385 0.35766
vt 1 0
v 0.56375 0.64566 0.17405
vn -0.00000 -0.93385 0.35766
vt 1 1
f 6100/6100/6100 6101/6101/6101 6102/6102/6102
usemtl rubber
v 0.56375 0.64566 0.17405
vn -0.00000 -0.93385 0.35766
vt 0 0
v 0.56600 0.65177 0.19000
vn -0.00000 -0.93385 0.35766
vt 1 0
v 0.56375 0.65788 0.20595
vn -0.00000 -0.93385 0.35766
vt 1 1
f 6103/6103/6103 6104/6104/6104 6105/6105/6105
usemtl rubber
v 0.56375 0.65788 0.20595
vn -0.00000 -0.93385 0.35766
vt 0 0
v 0.55716 0.66357 0.22082
vn -0.00000 -0.93385 0.35766
vt 1 0
v 0.54667 0.66846 0.23358
vn -0.00000 -0.93385 0.35766
vt 1 1
f 6106/6106/6106 6107/6107/6107 6108/6108/6108
usemtl rubber
v 0.54667 0.66846 0.23358
vn -0.00000 -0.93385 0.35766
vt 0 0
v 0.53300 0.67221 0.24338
vn -0.00000 -0.93385 0.35766
vt 1 0
v 0.51708 0.67457 0.24953
vn -0.00000 -0.93385 0.35766
vt 1 1
f 6109/6109/6109 6110/6110/6110 6111/6111/6111
usemtl rubber
v 0.51708 0.67457 0.24953
vn -0.00000 -0.93385 0.35766
vt 0 0
v 0.48292 0.67457 0.24953
vn -0.00000 -0.93385 0.35766
vt 1 0
v 0.45333 0.66846 0.23358
vn -0.00000 -0.93385 0.35766
vt 1 1
f 6112/6112/6112 6113/6113/6113 6114/6114/6114
usemtl rubber
v 0.45333 0.66846 0.23358
vn -0.00000 -0.93385 0.35766
vt 0 0
v 0.43625 0.65788 0.20595
vn -0.00000 -0.93385 0.35766
vt 1 0
v 0.43625 0.64566 0.17405
vn -0.00000 -0.93385 0.35766
vt 1 1
f 6115/6115/6115 6116/6116/6116 6117/6117/6117
usemtl rubber
v 0.43625 0.64566 0.17405
vn -0.00000 -0.93385 0.35766
vt 0 0
v 0.45333 0.63508 0.14642
vn -0.00000 -0.93385 0.35766
vt 1 0
v 0.48292 0.62897 0.13047
vn -0.00000 -0.93385 0.35766
vt 1 1
f 6118/6118/6118 6119/6119/6119 6120/6120/6120
usemtl rubber
v 0.48292 0.62897 0.13047
vn -0.00000 -0.93385 0.35766
vt 0 0
v 0.51708 0.62897 0.13047
vn -0.00000 -0.93385 0.35766
vt 1 0
v 0.54667 0.63508 0.14642
vn -0.00000 -0.93385 0.35766
vt 1 1
f 6121/6121/6121 6122/6122/6122 6123/6123/6123
usemtl rubber
v 0.54667 0.63508 0.14642
vn -0.00000 -0.93385 0.35766
vt 0 0
v 0.56375 0.64566 0.17405
vn -0.00000 -0.93385 0.35766
vt 1 0
v 0.56375 0.65788 0.20595
vn -0.00000 -0.93385 0.35766
vt 1 1
f 6124/6124/6124 6125/6125/6125 6126/6126/6126
usemtl rubber
v 0.56375 0.65788 0.20595
vn -0.00000 -0.93385 0.35766
vt 0 0
v 0.54667 0.66846 0.23358
vn -0.00000 -0.93385 0.35766
vt 1 0
v 0.51708 0.67457 0.24953
vn -0.00000 -0.93385 0.35766
vt 1 1
f 6127/6127/6127 6128/6128/6128 6129/6129/6129
usemtl rubber
v 0.51708 0.67457 0.24953
vn -0.00000 -0.93385 0.35766
vt 0 0
v 0.45333 0.66846 0.23358
vn -0.00000 -0.93385 0.35766
vt 1 0
v 0.43625 0.64566 0.17405
vn -0.00000 -0.93385 0.35766
vt 1 1
f 6130/6130/6130 6131/6131/6131 6132/6132/6132
usemtl rubber
v 0.43625 0.64566 0.17405
vn -0.00000 -0.93385 0.35766
vt 0 0
v 0.48292 0.62897 0.13047
vn -0.00000 -0.93385 0.35766
vt 1 0
v 0.54667 0.63508 0.14642
vn -0.00000 -0.93385 0.35766
vt 1 1
f 6133/6133/6133 6134/6134/6134 6135/6135/6135
usemtl rubber
v 0.54667 0.63508 0.14642
vn -0.00000 -0.93385 0.35766
vt 0 0
v 0.56375 0.65788 0.20595
vn -0.00000 -0.93385 0.35766
vt 1 0
v 0.51708 0.67457 0.24953
vn -0.00000 -0.93385 0.35766
vt 1 1
f 6136/6136/6136 6137/6137/6137 6138/6138/6138
usemtl rubber
v 0.43625 0.64566 0.17405
vn -0.00000 -0.93385 0.35766
vt 0 0
v 0.54667 0.63508 0.14642
vn -0.00000 -0.93385 0.35766
vt 1 0
v 0.51708 0.67457 0.24953
vn -0.00000 -0.93385 0.35766
vt 1 1
f 6139/6139/6139 6140/6140/6140 6141/6141/6141
usemtl rubber
v 0.50000 0.72300 0.23339
vn 0.00000 0.35766 0.93385
vt 0 0
v 0.48292 0.72220 0.23129
vn -0.25882 0.34548 0.90203
vt 1 0
v 0.48292 0.67457 0.24953
vn -0.25882 0.34548 0.90203
vt 1 1
f 6142/6142/6142 6143/6143/6143 6144/6144/6144
usemtl rubber
v 0.50000 0.72300 0.23339
vn 0.00000 0.35766 0.93385
vt 0 0
v 0.48292 0.67457 0.24953
vn -0.25882 0.34548 0.90203
vt 1 0
v 0.50000 0.67538 0.25163
vn 0.00000 0.35766 0.93385
vt 1 1
f 6145/6145/6145 6146/6146/6146 6147/6147/6147
usemtl red
v 0.52148 0.76729 0.23161
vn 0.25882 0.34548 0.90203
vt 0 0
v 0.50000 0.76830 0.23425
vn 0.00000 0.35766 0.93385
vt 1 0
v 0.50000 0.68146 0.26751
vn 0.00000 0.35766 0.93385
vt 1 1
f 6148/6148/6148 6149/6149/6149 6150/6150/6150
usemtl red
v 0.52148 0.76729 0.23161
vn 0.25882 0.34548 0.90203
vt 0 0
v 0.50000 0.68146 0.26751
vn 0.00000 0.35766 0.93385
vt 1 0
v 0.52148 0.68044 0.26487
vn 0.25882 0.34548 0.90203
vt 1 1
f 6151/6151/6151 6152/6152/6152 6153/6153/6153
usemtl red
v 0.47852 0.76729 0.23161
vn -0.25882 0.34548 0.90203
vt 0 0
v 0.45850 0.76433 0.22386
vn -0.50000 0.30975 0.80874
vt 1 0
v 0.45850 0.67748 0.25713
vn -0.50000 0.30975 0.80874
vt 1 1
f 6154/6154/6154 6155/6155/6155 6156/6156/6156
usemtl red
v 0.47852 0.76729 0.23161
vn -0.25882 0.34548 0.90203
vt 0 0
v 0.45850 0.67748 0.25713
vn -0.50000 0.30975 0.80874
vt 1 0
v 0.47852 0.68044 0.26487
vn -0.25882 0.34548 0.90203
vt 1 1
f 6157/6157/6157 6158/6158/6158 6159/6159/6159
usemtl red
v 0.45850 0.76433 0.22386
vn -0.50000 0.30975 0.80874
vt 0 0
v 0.44131 0.75961 0.21154
vn -0.70711 0.25291 0.66033
vt 1 0
v 0.44131 0.67276 0.24481
vn -0.70711 0.25291 0.66033
vt 1 1
f 6160/6160/6160 6161/6161/6161 6162/6162/6162
usemtl red
v 0.45850 0.76433 0.22386
vn -0.50000 0.30975 0.80874
vt 0 0
v 0.44131 0.67276 0.24481
vn -0.70711 0.25291 0.66033
vt 1 0
v 0.45850 0.67748 0.25713
vn -0.50000 0.30975 0.80874
vt 1 1
f 6163/6163/6163 6164/6164/6164 6165/6165/6165
usemtl red
v 0.44131 0.75961 0.21154
vn -0.70711 0.25291 0.66033
vt 0 0
v 0.42812 0.75346 0.19549
vn -0.86603 0.17883 0.46693
vt 1 0
v 0.42812 0.66661 0.22875
vn -0.86603 0.17883 0.46693
vt 1 1
f 6166/6166/6166 6167/6167/6167 6168/6168/6168
usemtl red
v 0.44131 0.75961 0.21154
vn -0.70711 0.25291 0.66033
vt 0 0
v 0.42812 0.66661 0.22875
vn -0.86603 0.17883 0.46693
vt 1 0
v 0.44131 0.67276 0.24481
vn -0.70711 0.25291 0.66033
vt 1 1
f 6169/6169/6169 6170/6170/6170 6171/6171/6171
usemtl red
v 0.42812 0.75346 0.19549
vn -0.86603 0.17883 0.46693
vt 0 0
v 0.41983 0.74630 0.17680
vn -0.96593 0.09257 0.24170
vt 1 0
v 0.41983 0.65945 0.21006
vn -0.96593 0.09257 0.24170
vt 1 1
f 6172/6172/6172 6173/6173/6173 6174/6174/6174
usemtl red
v 0.42812 0.75346 0.19549
vn -0.86603 0.17883 0.46693
vt 0 0
v 0.41983 0.65945 0.21006
vn -0.96593 0.09257 0.24170
vt 1 0
v 0.42812 0.66661 0.22875
vn -0.86603 0.17883 0.46693
vt 1 1
f 6175/6175/6175 6176/6176/6176 6177/6177/6177
usemtl red
v 0.41983 0.74630 0.17680
vn -0.96593 0.09257 0.24170
vt 0 0
v 0.41700 0.73862 0.15674
vn -1.00000 -0.00000 -0.00000
vt 1 0
v 0.41700 0.65177 0.19000
vn -1.00000 -0.00000 -0.00000
vt 1 1
f 6178/6178/6178 6179/6179/6179 6180/6180/6180
usemtl red
v 0.41983 0.74630 0.17680
vn -0.96593 0.09257 0.24170
vt 0 0
v 0.41700 0.65177 0.19000
vn -1.00000 -0.00000 -0.00000
vt 1 0
v 0.41983 0.65945 0.21006
vn -0.96593 0.09257 0.24170
vt 1 1
f 6181/6181/6181 6182/6182/6182 6183/6183/6183
usemtl red
v 0.41700 0.73862 0.15674
vn -1.00000 -0.00000 -0.00000
vt 0 0
v 0.41983 0.73093 0.13668
vn -0.96593 -0.09257 -0.24170
vt 1 0
v 0.41983 0.64409 0.16994
vn -0.96593 -0.09257 -0.24170
vt 1 1
f 6184/6184/6184 6185/6185/6185 6186/6186/6186
usemtl red
v 0.41700 0.73862 0.15674
vn -1.00000 -0.00000 -0.00000
vt 0 0
v 0.41983 0.64409 0.16994
vn -0.96593 -0.09257 -0.24170
vt 1 0
v 0.41700 0.65177 0.19000
vn -1.00000 -0.00000 -0.00000
vt 1 1
f 6187/6187/6187 6188/6188/6188 6189/6189/6189
usemtl red
v 0.41983 0.73093 0.13668
vn -0.96593 -0.09257 -0.24170
vt 0 0
v 0.42812 0.72377 0.11798
vn -0.86603 -0.17883 -0.46692
vt 1 0
v 0.42812 0.63693 0.15125
vn -0.86603 -0.17883 -0.46692
vt 1 1
f 6190/6190/6190 6191/6191/6191 6192/6192/6192
usemtl red
v 0.41983 0.73093 0.13668
vn -0.96593 -0.09257 -0.24170
vt 0 0
v 0.42812 0.63693 0.15125
vn -0.86603 -0.17883 -0.46692
vt 1 0
v 0.41983 0.64409 0.16994
vn -0.96593 -0.09257 -0.24170
vt 1 1
f 6193/6193/6193 6194/6194/6194 6195/6195/6195
usemtl red
v 0.42812 0.72377 0.11798
vn -0.86603 -0.17883 -0.46692
vt 0 0
v 0.44131 0.71763 0.10193
vn -0.70711 -0.25291 -0.66033
vt 1 0
v 0.44131 0.63078 0.13519
vn -0.70711 -0.25291 -0.66033
vt 1 1
f 6196/6196/6196 6197/6197/6197 6198/6198/6198
usemtl red
v 0.42812 0.72377 0.11798
vn -0.86603 -0.17883 -0.46692
vt 0 0
v 0.44131 0.63078 0.13519
vn -0.70711 -0.25291 -0.66033
vt 1 0
v 0.42812 0.63693 0.15125
vn -0.86603 -0.17883 -0.46692
vt 1 1
f 6199/6199/6199 6200/6200/6200 6201/6201/6201
usemtl red
v 0.44131 0.71763 0.10193
vn -0.70711 -0.25291 -0.66033
vt 0 0
v 0.45850 0.71291 0.08961
vn -0.50000 -0.30975 -0.80874
vt 1 0
v 0.45850 0.62606 0.12287
vn -0.50000 -0.30975 -0.80874
vt 1 1
f 6202/6202/6202 6203/6203/6203 6204/6204/6204
usemtl red
v 0.44131 0.71763 0.10193
vn -0.70711 -0.25291 -0.66033
vt 0 0
v 0.45850 0.62606 0.12287
vn -0.50000 -0.30975 -0.80874
vt 1 0
v 0.44131 0.63078 0.13519
vn -0.70711 -0.25291 -0.66033
vt 1 1
f 6205/6205/6205 6206/6206/6206 6207/6207/6207
usemtl red
v 0.45850 0.71291 0.08961
vn -0.50000 -0.30975 -0.80874
vt 0 0
v 0.47852 0.70994 0.08187
vn -0.25882 -0.34548 -0.90203
vt 1 0
v 0.47852 0.62310 0.11513
vn -0.25882 -0.34548 -0.90203
vt 1 1
f 6208/6208/6208 6209/6209/6209 6210/6210/6210
usemtl red
v 0.45850 0.71291 0.08961
vn -0.50000 -0.30975 -0.80874
vt 0 0
v 0.47852 0.62310 0.11513
vn -0.25882 -0.34548 -0.90203
vt 1 0
v 0.45850 0.62606 0.12287
vn -0.50000 -0.30975 -0.80874
vt 1 1
f 6211/6211/6211 6212/6212/6212 6213/6213/6213
usemtl red
v 0.47852 0.70994 0.08187
vn -0.25882 -0.34548 -0.90203
vt 0 0
v 0.50000 0.70893 0.07923
vn -0.00000 -0.35766 -0.93385
vt 1 0
v 0.50000 0.62208 0.11249
vn 0.00000 -0.35766 -0.93385
vt 1 1
f 6214/6214/6214 6215/6215/6215 6216/6216/6216
usemtl red
v 0.47852 0.70994 0.08187
vn -0.25882 -0.34548 -0.90203
vt 0 0
v 0.50000 0.62208 0.11249
vn 0.00000 -0.35766 -0.93385
vt 1 0
v 0.47852 0.62310 0.11513
vn -0.25882 -0.34548 -0.90203
vt 1 1
f 6217/6217/6217 6218/6218/6218 6219/6219/6219
usemtl red
v 0.50000 0.70893 0.07923
vn -0.00000 -0.35766 -0.93385
vt 0 0
v 0.52148 0.70994 0.08187
vn 0.25882 -0.34548 -0.90203
vt 1 0
v 0.52148 0.62310 0.11513
vn 0.25882 -0.34548 -0.90203
vt 1 1
f 6220/6220/6220 6221/6221/6221 6222/6222/6222
usemtl red
v 0.50000 0.70893 0.07923
vn -0.00000 -0.35766 -0.93385
vt 0 0
v 0.52148 0.62310 0.11513
vn 0.25882 -0.34548 -0.90203
vt 1 0
v 0.50000 0.62208 0.11249
vn 0.00000 -0.35766 -0.93385
vt 1 1
f 6223/6223/6223 6224/6224/6224 6225/6225/6225
usemtl red
v 0.52148 0.70994 0.08187
vn 0.25882 -0.34548 -0.90203
vt 0 0
v 0.54150 0.71291 0.08961
vn 0.50000 -0.30975 -0.80874
vt 1 0
v 0.54150 0.62606 0.12287
vn 0.50000 -0.30975 -0.80874
vt 1 1
f 6226/6226/6226 6227/6227/6227 6228/6228/6228
usemtl red
v 0.52148 0.70994 0.08187
vn 0.25882 -0.34548 -0.90203
vt 0 0
v 0.54150 0.62606 0.12287
vn 0.50000 -0.30975 -0.80874
vt 1 0
v 0.52148 0.62310 0.11513
vn 0.25882 -0.34548 -0.90203
vt 1 1
f 6229/6229/6229 6230/6230/6230 6231/6231/6231
usemtl red
v 0.54150 0.71291 0.08961
vn 0.50000 -0.30975 -0.80874
vt 0 0
v 0.55869 0.71763 0.10193
vn 0.70711 -0.25291 -0.66033
vt 1 0
v 0.55869 0.63078 0.13519
vn 0.70711 -0.25291 -0.66033
vt 1 1
f 6232/6232/6232 6233/6233/6233 6234/6234/6234
usemtl red
v 0.54150 0.71291 0.08961
vn 0.50000 -0.30975 -0.80874
vt 0 0
v 0.55869 0.63078 0.13519
vn 0.70711 -0.25291 -0.66033
vt 1 0
v 0.54150 0.62606 0.12287
vn 0.50000 -0.30975 -0.80874
vt 1 1
f 6235/6235/6235 6236/6236/6236 6237/6237/6237
usemtl red
v 0.55869 0.71763 0.10193
vn 0.70711 -0.25291 -0.66033
vt 0 0
v 0.57188 0.72377 0.11798
vn 0.86603 -0.17883 -0.46693
vt 1 0
v 0.57188 0.63693 0.15125
vn 0.86603 -0.17883 -0.46693
vt 1 1
f 6238/6238/6238 6239/6239/6239 6240/6240/6240
usemtl red
v 0.55869 0.71763 0.10193
vn 0.70711 -0.25291 -0.66033
vt 0 0
v 0.57188 0.63693 0.15125
vn 0.86603 -0.17883 -0.46693
vt 1 0
v 0.55869 0.63078 0.13519
vn 0.70711 -0.25291 -0.66033
vt 1 1
f 6241/6241/6241 6242/6242/6242 6243/6243/6243
usemtl red
v 0.57188 0.72377 0.11798
vn 0.86603 -0.17883 -0.46693
vt 0 0
v 0.58017 0.73093 0.13668
vn 0.96593 -0.09257 -0.24170
vt 1 0
v 0.58017 0.64409 0.16994
vn 0.96593 -0.09257 -0.24170
vt 1 1
f 6244/6244/6244 6245/6245/6245 6246/6246/6246
usemtl red
v 0.57188 0.72377 0.11798
vn 0.86603 -0.17883 -0.46693
vt 0 0
v 0.58017 0.64409 0.16994
vn 0.96593 -0.09257 -0.24170
vt 1 0
v 0.57188 0.63693 0.15125
vn 0.86603 -0.17883 -0.46693
vt 1 1
f 6247/6247/6247 6248/6248/6248 6249/6249/6249
usemtl red
v 0.58017 0.73093 0.13668
vn 0.96593 -0.09257 -0.24170
vt 0 0
v 0.58300 0.73862 0.15674
vn 1.00000 0.00000 0.00000
vt 1 0
v 0.58300 0.65177 0.19000
vn 1.00000 0.00000 -0.00000
vt 1 1
f 6250/6250/6250 6251/6251/6251 6252/6252/6252
usemtl red
v 0.58017 0.73093 0.13668
vn 0.96593 -0.09257 -0.24170
vt 0 0
v 0.58300 0.65177 0.19000
vn 1.00000 0.00000 -0.00000
vt 1 0
v 0.58017 0.64409 0.16994
vn 0.96593 -0.09257 -0.24170
vt 1 1
f 6253/6253/6253 6254/6254/6254 6255/6255/6255
usemtl red
v 0.58300 0.73862 0.15674
vn 1.00000 0.00000 0.00000
vt 0 0
v 0.58017 0.74630 0.17680
vn 0.96593 0.09257 0.24170
vt 1 0
v 0.58017 0.65945 0.21006
vn 0.96593 0.09257 0.24170
vt 1 1
f 6256/6256/6256 6257/6257/6257 6258/6258/6258
usemtl red
v 0.58300 0.73862 0.15674
vn 1.00000 0.00000 0.00000
vt 0 0
v 0.58017 0.65945 0.21006
vn 0.96593 0.09257 0.24170
vt 1 0
v 0.58300 0.65177 0.19000
vn 1.00000 0.00000 -0.00000
vt 1 1
f 6259/6259/6259 6260/6260/6260 6261/6261/6261
usemtl red
v 0.58017 0.74630 0.17680
vn 0.96593 0.09257 0.24170
vt 0 0
v 0.57188 0.75346 0.19549
vn 0.86603 0.17883 0.46692
vt 1 0
v 0.57188 0.66661 0.22875
vn 0.86603 0.17883 0.46692
vt 1 1
f 6262/6262/6262 6263/6263/6263 6264/6264/6264
usemtl red
v 0.58017 0.74630 0.17680
vn 0.96593 0.09257 0.24170
vt 0 0
v 0.57188 0.66661 0.22875
vn 0.86603 0.17883 0.46692
vt 1 0
v 0.58017 0.65945 0.21006
vn 0.96593 0.09257 0.24170
vt 1 1
f 6265/6265/6265 6266/6266/6266 6267/6267/6267
usemtl red
v 0.57188 0.75346 0.19549
vn 0.86603 0.17883 0.46692
vt 0 0
v 0.55869 0.75961 0.21154
vn 0.70711 0.25291 0.66033
vt 1 0
v 0.55869 0.67276 0.24481
vn 0.70711 0.25291 0.66033
vt 1 1
f 6268/6268/6268 6269/6269/6269 6270/6270/6270
usemtl red
v 0.57188 0.75346 0.19549
vn 0.86603 0.17883 0.46692
vt 0 0
v 0.55869 0.67276 0.24481
vn 0.70711 0.25291 0.66033
vt 1 0
v 0.57188 0.66661 0.22875
vn 0.86603 0.17883 0.46692
vt 1 1
f 6271/6271/6271 6272/6272/6272 6273/6273/6273
usemtl red
v 0.55869 0.75961 0.21154
vn 0.70711 0.25291 0.66033
vt 0 0
v 0.54150 0.76433 0.22386
vn 0.50000 0.30975 0.80874
vt 1 0
v 0.54150 0.67748 0.25713
vn 0.50000 0.30975 0.80874
vt 1 1
f 6274/6274/6274 6275/6275/6275 6276/6276/6276
usemtl red
v 0.55869 0.75961 0.21154
vn 0.70711 0.25291 0.66033
vt 0 0
v 0.54150 0.67748 0.25713
vn 0.50000 0.30975 0.80874
vt 1 0
v 0.55869 0.67276 0.24481
vn 0.70711 0.25291 0.66033
vt 1 1
f 6277/6277/6277 6278/6278/6278 6279/6279/6279
usemtl red
v 0.47852 0.76729 0.23161
vn 0.00000 0.93385 -0.35766
vt 0 0
v 0.50000 0.76830 0.23425
vn 0.00000 0.93385 -0.35766
vt 1 0
v 0.52148 0.76729 0.23161
vn 0.00000 0.93385 -0.35766
vt 1 1
f 6280/6280/6280 6281/6281/6281 6282/6282/6282
usemtl red
v 0.52148 0.76729 0.23161
vn 0.00000 0.93385 -0.35766
vt 0 0
v 0.54150 0.76433 0.22386
vn 0.00000 0.93385 -0.35766
vt 1 0
v 0.55869 0.75961 0.21154
vn 0.00000 0.93385 -0.35766
vt 1 1
f 6283/6283/6283 6284/6284/6284 6285/6285/6285
usemtl red
v 0.55869 0.75961 0.21154
vn 0.00000 0.93385 -0.35766
vt 0 0
v 0.57188 0.75346 0.19549
vn 0.00000 0.93385 -0.35766
vt 1 0
v 0.58017 0.74630 0.17680
vn 0.00000 0.93385 -0.35766
vt 1 1
f 6286/6286/6286 6287/6287/6287 6288/6288/6288
usemtl red
v 0.58017 0.74630 0.17680
vn 0.00000 0.93385 -0.35766
vt 0 0
v 0.58300 0.73862 0.15674
vn 0.00000 0.93385 -0.35766
vt 1 0
v 0.58017 0.73093 0.13668
vn 0.00000 0.93385 -0.35766
vt 1 1
f 6289/6289/6289 6290/6290/6290 6291/6291/6291
usemtl red
v 0.58017 0.73093 0.13668
vn 0.00000 0.93385 -0.35766
vt 0 0
v 0.57188 0.72377 0.11798
vn 0.00000 0.93385 -0.35766
vt 1 0
v 0.55869 0.71763 0.10193
vn 0.00000 0.93385 -0.35766
vt 1 1
f 6292/6292/6292 6293/6293/6293 6294/6294/6294
usemtl red
v 0.55869 0.71763 0.10193
vn 0.00000 0.93385 -0.35766
vt 0 0
v 0.54150 0.71291 0.08961
vn 0.00000 0.93385 -0.35766
vt 1 0
v 0.52148 0.70994 0.08187
vn 0.00000 0.93385 -0.35766
vt 1 1
f 6295/6295/6295 6296/6296/6296 6297/6297/6297
usemtl red
v 0.52148 0.70994 0.08187
vn 0.00000 0.93385 -0.35766
vt 0 0
v 0.50000 0.70893 0.07923
vn 0.00000 0.93385 -0.35766
vt 1 0
v 0.47852 0.70994 0.08187
vn 0.00000 0.93385 -0.35766
vt 1 1
f 6298/6298/6298 6299/6299/6299 6300/6300/6300
usemtl red
v 0.47852 0.70994 0.08187
vn 0.00000 0.93385 -0.35766
vt 0 0
v 0.45850 0.71291 0.08961
vn 0.00000 0.93385 -0.35766
vt 1 0
v 0.44131 0.71763 0.10193
vn 0.00000 0.93385 -0.35766
vt 1 1
f 6301/6301/6301 6302/6302/6302 6303/6303/6303
usemtl red
v 0.44131 0.71763 0.10193
vn 0.00000 0.93385 -0.35766
vt 0 0
v 0.42812 0.72377 0.11798
vn 0.00000 0.93385 -0.35766
vt 1 0
v 0.41983 0.73093 0.13668
vn 0.00000 0.93385 -0.35766
vt 1 1
f 6304/6304/6304 6305/6305/6305 6306/6306/6306
usemtl red
v 0.41983 0.73093 0.13668
vn 0.00000 0.93385 -0.35766
vt 0 0
v 0.41700 0.73862 0.15674
vn 0.00000 0.93385 -0.35766
vt 1 0
v 0.41983 0.74630 0.17680
vn 0.00000 0.93385 -0.35766
vt 1 1
f 6307/6307/6307 6308/6308/6308 6309/6309/6309
usemtl red
v 0.41983 0.74630 0.17680
vn 0.00000 0.93385 -0.35766
vt 0 0
v 0.42812 0.75346 0.19549
vn 0.00000 0.93385 -0.35766
vt 1 0
v 0.44131 0.75961 0.21154
vn 0.00000 0.93385 -0.35766
vt 1 1
f 6310/6310/6310 6311/6311/6311 6312/6312/6312
usemtl red
v 0.44131 0.75961 0.21154
vn 0.00000 0.93385 -0.35766
vt 0 0
v 0.45850 0.76433 0.22386
vn 0.00000 0.93385 -0.35766
vt 1 0
v 0.47852 0.76729 0.23161
vn 0.00000 0.93385 -0.35766
vt 1 1
f 6313/6313/6313 6314/6314/6314 6315/6315/6315
usemtl red
v 0.47852 0.76729 0.23161
vn 0.00000 0.93385 -0.35766
vt 0 0
v 0.52148 0.76729 0.23161
vn 0.00000 0.93385 -0.35766
vt 1 0
v 0.55869 0.75961 0.21154
vn 0.00000 0.93385 -0.35766
vt 1 1
f 6316/6316/6316 6317/6317/6317 6318/6318/6318
usemtl red
v 0.55869 0.75961 0.21154
vn 0.00000 0.93385 -0.35766
vt 0 0
v 0.58017 0.74630 0.17680
vn 0.00000 0.93385 -0.35766
vt 1 0
v 0.58017 0.73093 0.13668
vn 0.00000 0.93385 -0.35766
vt 1 1
f 6319/6319/6319 6320/6320/6320 6321/6321/6321
usemtl red
v 0.58017 0.73093 0.13668
vn 0.00000 0.93385 -0.35766
vt 0 0
v 0.55869 0.71763 0.10193
vn 0.00000 0.93385 -0.35766
vt 1 0
v 0.52148 0.70994 0.08187
vn 0.00000 0.93385 -0.35766
vt 1 1
f 6322/6322/6322 6323/6323/6323 6324/6324/6324
usemtl red
v 0.52148 0.70994 0.08187
vn 0.00000 0.93385 -0.35766
vt 0 0
v 0.47852 0.70994 0.08187
vn 0.00000 0.93385 -0.35766
vt 1 0
v 0.44131 0.71763 0.10193
vn 0.00000 0.93385 -0.35766
vt 1 1
f 6325/6325/6325 6326/6326/6326 6327/6327/6327
usemtl red
v 0.44131 0.71763 0.10193
vn 0.00000 0.93385 -0.35766
vt 0 0
v 0.41983 0.73093 0.13668
vn 0.00000 0.93385 -0.35766
vt 1 0
v 0.41983 0.74630 0.17680
vn 0.00000 0.93385 -0.35766
vt 1 1
f 6328/6328/6328 6329/6329/6329 6330/6330/6330
usemtl red
v 0.41983 0.74630 0.17680
vn 0.00000 0.93385 -0.35766
vt 0 0
v 0.44131 0.75961 0.21154
vn 0.00000 0.93385 -0.35766
vt 1 0
v 0.47852 0.76729 0.23161
vn 0.00000 0.93385 -0.35766
vt 1 1
f 6331/6331/6331 6332/6332/6332 6333/6333/6333
usemtl red
v 0.47852 0.76729 0.23161
vn 0.00000 0.93385 -0.35766
vt 0 0
v 0.55869 0.75961 0.21154
vn 0.00000 0.93385 -0.35766
vt 1 0
v 0.58017 0.73093 0.13668
vn 0.00000 0.93385 -0.35766
vt 1 1
f 6334/6334/6334 6335/6335/6335 6336/6336/6336
usemtl red
v 0.58017 0.73093 0.13668
vn 0.00000 0.93385 -0.35766
vt 0 0
v 0.52148 0.70994 0.08187
vn 0.00000 0.93385 -0.35766
vt 1 0
v 0.44131 0.71763 0.10193
vn 0.00000 0.93385 -0.35766
vt 1 1
f 6337/6337/6337 6338/6338/6338 6339/6339/6339
usemtl red
v 0.44131 0.71763 0.10193
vn 0.00000 0.93385 -0.35766
vt 0 0
v 0.41983 0.74630 0.17680
vn 0.00000 0.93385 -0.35766
vt 1 0
v 0.47852 0.76729 0.23161
vn 0.00000 0.93385 -0.35766
vt 1 1
f 6340/6340/6340 6341/6341/6341 6342/6342/6342
usemtl red
v 0.58017 0.73093 0.13668
vn 0.00000 0.93385 -0.35766
vt 0 0
v 0.44131 0.71763 0.10193
vn 0.00000 0.93385 -0.35766
vt 1 0
v 0.47852 0.76729 0.23161
vn 0.00000 0.93385 -0.35766
vt 1 1
f 6343/6343/6343 6344/6344/6344 6345/6345/6345
usemtl red
v 0.54150 0.76433 0.22386
vn 0.50000 0.30975 0.80874
vt 0 0
v 0.52148 0.76729 0.23161
vn 0.25882 0.34548 0.90203
vt 1 0
v 0.52148 0.68044 0.26487
vn 0.25882 0.34548 0.90203
vt 1 1
f 6346/6346/6346 6347/6347/6347 6348/6348/6348
usemtl red
v 0.54150 0.76433 0.22386
vn 0.50000 0.30975 0.80874
vt 0 0
v 0.52148 0.68044 0.26487
vn 0.25882 0.34548 0.90203
vt 1 0
v 0.54150 0.67748 0.25713
vn 0.50000 0.30975 0.80874
vt 1 1
f 6349/6349/6349 6350/6350/6350 6351/6351/6351
usemtl red
v 0.52148 0.68044 0.26487
vn -0.00000 -0.93385 0.35766
vt 0 0
v 0.50000 0.68146 0.26751
vn -0.00000 -0.93385 0.35766
vt 1 0
v 0.47852 0.68044 0.26487
vn -0.00000 -0.93385 0.35766
vt 1 1
f 6352/6352/6352 6353/6353/6353 6354/6354/6354
usemtl red
v 0.47852 0.68044 0.26487
vn -0.00000 -0.93385 0.35766
vt 0 0
v 0.45850 0.67748 0.25713
vn -0.00000 -0.93385 0.35766
vt 1 0
v 0.44131 0.67276 0.24481
vn -0.00000 -0.93385 0.35766
vt 1 1
f 6355/6355/6355 6356/6356/6356 6357/6357/6357
usemtl red
v 0.44131 0.67276 0.24481
vn -0.00000 -0.93385 0.35766
vt 0 0
v 0.42812 0.66661 0.22875
vn -0.00000 -0.93385 0.35766
vt 1 0
v 0.41983 0.65945 0.21006
vn -0.00000 -0.93385 0.35766
vt 1 1
f 6358/6358/6358 6359/6359/6359 6360/6360/6360
usemtl red
v 0.41983 0.65945 0.21006
vn -0.00000 -0.93385 0.35766
vt 0 0
v 0.41700 0.65177 0.19000
vn -0.00000 -0.93385 0.35766
vt 1 0
v 0.41983 0.64409 0.16994
vn -0.00000 -0.93385 0.35766
vt 1 1
f 6361/6361/6361 6362/6362/6362 6363/6363/6363
usemtl red
v 0.41983 0.64409 0.16994
vn -0.00000 -0.93385 0.35766
vt 0 0
v 0.42812 0.63693 0.15125
vn -0.00000 -0.93385 0.35766
vt 1 0
v 0.44131 0.63078 0.13519
vn -0.00000 -0.93385 0.35766
vt 1 1
f 6364/6364/6364 6365/6365/6365 6366/6366/6366
usemtl red
v 0.44131 0.63078 0.13519
vn -0.00000 -0.93385 0.35766
vt 0 0
v 0.45850 0.62606 0.12287
vn -0.00000 -0.93385 0.35766
vt 1 0
v 0.47852 0.62310 0.11513
vn -0.00000 -0.93385 0.35766
vt 1 1
f 6367/6367/6367 6368/6368/6368 6369/6369/6369
usemtl red
v 0.47852 0.62310 0.11513
vn -0.00000 -0.93385 0.35766
vt 0 0
v 0.50000 0.62208 0.11249
vn -0.00000 -0.93385 0.35766
vt 1 0
v 0.52148 0.62310 0.11513
vn -0.00000 -0.93385 0.35766
vt 1 1
f 6370/6370/6370 6371/6371/6371 6372/6372/6372
usemtl red
v 0.52148 0.62310 0.11513
vn -0.00000 -0.93385 0.35766
vt 0 0
v 0.54150 0.62606 0.12287
vn -0.00000 -0.93385 0.35766
vt 1 0
v 0.55869 0.63078 0.13519
vn -0.00000 -0.93385 0.35766
vt 1 1
f 6373/6373/6373 6374/6374/6374 6375/6375/6375
usemtl red
v 0.55869 0.63078 0.13519
vn -0.00000 -0.93385 0.35766
vt 0 0
v 0.57188 0.63693 0.15125
vn -0.00000 -0.93385 0.35766
vt 1 0
v 0.58017 0.64409 0.16994
vn -0.00000 -0.93385 0.35766
vt 1 1
f 6376/6376/6376 6377/6377/6377 6378/6378/6378
usemtl red
v 0.58017 0.64409 0.16994
vn -0.00000 -0.93385 0.35766
vt 0 0
v 0.58300 0.65177 0.19000
vn -0.00000 -0.93385 0.35766
vt 1 0
v 0.58017 0.65945 0.21006
vn -0.00000 -0.93385 0.35766
vt 1 1
f 6379/6379/6379 6380/6380/6380 6381/6381/6381
usemtl red
v 0.58017 0.65945 0.21006
vn -0.00000 -0.93385 0.35766
vt 0 0
v 0.57188 0.66661 0.22875
vn -0.00000 -0.93385 0.35766
vt 1 0
v 0.55869 0.67276 0.24481
vn -0.00000 -0.93385 0.35766
vt 1 1
f 6382/6382/6382 6383/6383/6383 6384/6384/6384
usemtl red
v 0.55869 0.67276 0.24481
vn -0.00000 -0.93385 0.35766
vt 0 0
v 0.54150 0.67748 0.25713
vn -0.00000 -0.93385 0.35766
vt 1 0
v 0.52148 0.68044 0.26487
vn -0.00000 -0.93385 0.35766
vt 1 1
f 6385/6385/6385 6386/6386/6386 6387/6387/6387
usemtl red
v 0.52148 0.68044 0.26487
vn -0.00000 -0.93385 0.35766
vt 0 0
v 0.47852 0.68044 0.26487
vn -0.00000 -0.93385 0.35766
vt 1 0
v 0.44131 0.67276 0.24481
vn -0.00000 -0.93385 0.35766
vt 1 1
f 6388/6388/6388 6389/6389/6389 6390/6390/6390
usemtl red
v 0.44131 0.67276 0.24481
vn -0.00000 -0.93385 0.35766
vt 0 0
v 0.41983 0.65945 0.21006
vn -0.00000 -0.93385 0.35766
vt 1 0
v 0.41983 0.64409 0.16994
vn -0.00000 -0.93385 0.35766
vt 1 1
f 6391/6391/6391 6392/6392/6392 6393/6393/6393
usemtl red
v 0.41983 0.64409 0.16994
vn -0.00000 -0.93385 0.35766
vt 0 0
v 0.44131 0.63078 0.13519
vn -0.00000 -0.93385 0.35766
vt 1 0
v 0.47852 0.62310 0.11513
vn -0.00000 -0.93385 0.35766
vt 1 1
f 6394/6394/6394 6395/6395/6395 6396/6396/6396
usemtl red
v 0.47852 0.62310 0.11513
vn -0.00000 -0.93385 0.35766
vt 0 0
v 0.52148 0.62310 0.11513
vn -0.00000 -0.93385 0.35766
vt 1 0
v 0.55869 0.63078 0.13519
vn -0.00000 -0.93385 0.35766
vt 1 1
f 6397/6397/6397 6398/6398/6398 6399/6399/6399
usemtl red
v 0.55869 0.63078 0.13519
vn -0.00000 -0.93385 0.35766
vt 0 0
v 0.58017 0.64409 0.16994
vn -0.00000 -0.93385 0.35766
vt 1 0
v 0.58017 0.65945 0.21006
vn -0.00000 -0.93385 0.35766
vt 1 1
f 6400/6400/6400 6401/6401/6401 6402/6402/6402
usemtl red
v 0.58017 0.65945 0.21006
vn -0.00000 -0.93385 0.35766
vt 0 0
v 0.55869 0.67276 0.24481
vn -0.00000 -0.93385 0.35766
vt 1 0
v 0.52148 0.68044 0.26487
vn -0.00000 -0.93385 0.35766
vt 1 1
f 6403/6403/6403 6404/6404/6404 6405/6405/6405
usemtl red
v 0.52148 0.68044 0.26487
vn -0.00000 -0.93385 0.35766
vt 0 0
v 0.44131 0.67276 0.24481
vn -0.00000 -0.93385 0.35766
vt 1 0
v 0.41983 0.64409 0.16994
vn -0.00000 -0.93385 0.35766
vt 1 1
f 6406/6406/6406 6407/6407/6407 6408/6408/6408
usemtl red
v 0.41983 0.64409 0.16994
vn -0.00000 -0.93385 0.35766
vt 0 0
v 0.47852 0.62310 0.11513
vn -0.00000 -0.93385 0.35766
vt 1 0
v 0.55869 0.63078 0.13519
vn -0.00000 -0.93385 0.35766
vt 1 1
f 6409/6409/6409 6410/6410/6410 6411/6411/6411
usemtl red
v 0.55869 0.63078 0.13519
vn -0.00000 -0.93385 0.35766
vt 0 0
v 0.58017 0.65945 0.21006
vn -0.00000 -0.93385 0.35766
vt 1 0
v 0.52148 0.68044 0.26487
vn -0.00000 -0.93385 0.35766
vt 1 1
f 6412/6412/6412 6413/6413/6413 6414/6414/6414
usemtl red
v 0.41983 0.64409 0.16994
vn -0.00000 -0.93385 0.35766
vt 0 0
v 0.55869 0.63078 0.13519
vn -0.00000 -0.93385 0.35766
vt 1 0
v 0.52148 0.68044 0.26487
vn -0.00000 -0.93385 0.35766
vt 1 1
f 6415/6415/6415 6416/6416/6416 6417/6417/6417
usemtl red
v 0.50000 0.76830 0.23425
vn 0.00000 0.35766 0.93385
vt 0 0
v 0.47852 0.76729 0.23161
vn -0.25882 0.34548 0.90203
vt 1 0
v 0.47852 0.68044 0.26487
vn -0.25882 0.34548 0.90203
vt 1 1
f 6418/6418/6418 6419/6419/6419 6420/6420/6420
usemtl red
v 0.50000 0.76830 0.23425
vn 0.00000 0.35766 0.93385
vt 0 0
v 0.47852 0.68044 0.26487
vn -0.25882 0.34548 0.90203
vt 1 0
v 0.50000 0.68146 0.26751
vn 0.00000 0.35766 0.93385
vt 1 1
f 6421/6421/6421 6422/6422/6422 6423/6423/6423
usemtl letters
v 0.71531 0.64933 0.17058
vn 0.00004 0.93385 -0.35766
vt 0 0
v 0.71276 0.65485 0.18500
vn 0.00004 0.93385 -0.35766
vt 1 0
v 0.71531 0.65567 0.18713
vn 0.00004 0.93385 -0.35766
vt 1 1
f 6424/6424/6424 6425/6425/6425 6426/6426/6426
usemtl letters
v 0.71276 0.65485 0.18500
vn 0.00000 0.93385 -0.35766
vt 0 0
v 0.70977 0.65567 0.18713
vn 0.00000 0.93385 -0.35766
vt 1 0
v 0.71531 0.65567 0.18713
vn 0.00000 0.93385 -0.35766
vt 1 1
f 6427/6427/6427 6428/6428/6428 6429/6429/6429
usemtl letters
v 0.71276 0.65485 0.18500
vn -0.00002 0.93386 -0.35765
vt 0 0
v 0.70549 0.65514 0.18574
vn -0.00002 0.93386 -0.35765
vt 1 0
v 0.70977 0.65567 0.18713
vn -0.00002 0.93386 -0.35765
vt 1 1
f 6430/6430/6430 6431/6431/6431 6432/6432/6432
usemtl letters
v 0.71276 0.65485 0.18500
vn 0.00000 0.93385 -0.35766
vt 0 0
v 0.70977 0.65485 0.18500
vn 0.00000 0.93385 -0.35766
vt 1 0
v 0.70549 0.65514 0.18574
vn 0.00000 0.93385 -0.35766
vt 1 1
f 6433/6433/6433 6434/6434/6434 6435/6435/6435
usemtl letters
v 0.70977 0.65485 0.18500
vn -0.00004 0.93384 -0.35768
vt 0 0
v 0.70739 0.65455 0.18419
vn -0.00004 0.93384 -0.35768
vt 1 0
v 0.70549 0.65514 0.18574
vn -0.00004 0.93384 -0.35768
vt 1 1
f 6436/6436/6436 6437/6437/6437 6438/6438/6438
usemtl letters
v 0.70739 0.65455 0.18419
vn 0.00000 0.93385 -0.35766
vt 0 0
v 0.70413 0.65385 0.18238
vn 0.00000 0.93385 -0.35766
vt 1 0
v 0.70549 0.65514 0.18574
vn 0.00000 0.93385 -0.35766
vt 1 1
f 6439/6439/6439 6440/6440/6440 6441/6441/6441
usemtl letters
v 0.71531 0.64933 0.17058
vn -0.00010 0.93385 -0.35768
vt 0 0
v 0.71276 0.65289 0.17988
vn -0.00010 0.93385 -0.35768
vt 1 0
v 0.71276 0.65485 0.18500
vn -0.00010 0.93385 -0.35768
vt 1 1
f 6442/6442/6442 6443/6443/6443 6444/6444/6444
usemtl letters
v 0.70675 0.65389 0.18247
vn 0.00000 0.93385 -0.35767
vt 0 0
v 0.70413 0.65385 0.18238
vn 0.00000 0.93385 -0.35767
vt 1 0
v 0.70739 0.65455 0.18419
vn 0.00000 0.93385 -0.35767
vt 1 1
f 6445/6445/6445 6446/6446/6446 6447/6447/6447
usemtl letters
v 0.70760 0.65315 0.18056
vn 0.00001 0.93385 -0.35766
vt 0 0
v 0.70413 0.65385 0.18238
vn 0.00001 0.93385 -0.35766
vt 1 0
v 0.70675 0.65389 0.18247
vn 0.00001 0.93385 -0.35766
vt 1 1
f 6448/6448/6448 6449/6449/6449 6450/6450/6450
usemtl letters
v 0.70760 0.65315 0.18056
vn 0.00005 0.93385 -0.35767
vt 0 0
v 0.70557 0.65259 0.17908
vn 0.00005 0.93385 -0.35767
vt 1 0
v 0.70413 0.65385 0.18238
vn 0.00005 0.93385 -0.35767
vt 1 1
f 6451/6451/6451 6452/6452/6452 6453/6453/6453
usemtl letters
v 0.70987 0.65289 0.17988
vn -0.00002 0.93384 -0.35768
vt 0 0
v 0.70557 0.65259 0.17908
vn -0.00002 0.93384 -0.35768
vt 1 0
v 0.70760 0.65315 0.18056
vn -0.00002 0.93384 -0.35768
vt 1 1
f 6454/6454/6454 6455/6455/6455 6456/6456/6456
usemtl letters
v 0.71531 0.64933 0.17058
vn 0.00004 0.93385 -0.35766
vt 0 0
v 0.71276 0.65207 0.17774
vn 0.00004 0.93385 -0.35766
vt 1 0
v 0.71276 0.65289 0.17988
vn 0.00004 0.93385 -0.35766
vt 1 1
f 6457/6457/6457 6458/6458/6458 6459/6459/6459
usemtl letters
v 0.71276 0.65207 0.17774
vn 0.00000 0.93385 -0.35765
vt 0 0
v 0.70987 0.65289 0.17988
vn 0.00000 0.93385 -0.35765
vt 1 0
v 0.71276 0.65289 0.17988
vn 0.00000 0.93385 -0.35765
vt 1 1
f 6460/6460/6460 6461/6461/6461 6462/6462/6462
usemtl letters
v 0.71276 0.65207 0.17774
vn 0.00003 0.93386 -0.35765
vt 0 0
v 0.70557 0.65259 0.17908
vn 0.00003 0.93386 -0.35765
vt 1 0
v 0.70987 0.65289 0.17988
vn 0.00003 0.93386 -0.35765
vt 1 1
f 6463/6463/6463 6464/6464/6464 6465/6465/6465
usemtl letters
v 0.71276 0.65207 0.17774
vn 0.00000 0.93385 -0.35767
vt 0 0
v 0.71011 0.65207 0.17774
vn 0.00000 0.93385 -0.35767
vt 1 0
v 0.70557 0.65259 0.17908
vn 0.00000 0.93385 -0.35767
vt 1 1
f 6466/6466/6466 6467/6467/6467 6468/6468/6468
usemtl letters
v 0.71531 0.64933 0.17058
vn 0.00000 0.93385 -0.35767
vt 0 0
v 0.71276 0.64933 0.17058
vn 0.00000 0.93385 -0.35767
vt 1 0
v 0.71276 0.65207 0.17774
vn 0.00000 0.93385 -0.35767
vt 1 1
f 6469/6469/6469 6470/6470/6470 6471/6471/6471
usemtl letters
v 0.73475 0.65479 0.18483
vn 0.00001 0.93386 -0.35765
vt 0 0
v 0.72784 0.65492 0.18517
vn 0.00001 0.93386 -0.35765
vt 1 0
v 0.72784 0.65576 0.18735
vn 0.00001 0.93386 -0.35765
vt 1 1
f 6472/6472/6472 6473/6473/6473 6474/6474/6474
usemtl letters
v 0.72784 0.65492 0.18517
vn -0.00001 0.93386 -0.35765
vt 0 0
v 0.72087 0.65479 0.18483
vn -0.00001 0.93386 -0.35765
vt 1 0
v 0.72784 0.65576 0.18735
vn -0.00001 0.93386 -0.35765
vt 1 1
f 6475/6475/6475 6476/6476/6476 6477/6477/6477
usemtl letters
v 0.73475 0.65479 0.18483
vn 0.00000 0.93385 -0.35766
vt 0 0
v 0.73276 0.65423 0.18338
vn 0.00000 0.93385 -0.35766
vt 1 0
v 0.72784 0.65492 0.18517
vn 0.00000 0.93385 -0.35766
vt 1 1
f 6478/6478/6478 6479/6479/6479 6480/6480/6480
usemtl letters
v 0.72289 0.65423 0.18338
vn 0.00001 0.93385 -0.35767
vt 0 0
v 0.72087 0.65479 0.18483
vn 0.00001 0.93385 -0.35767
vt 1 0
v 0.72784 0.65492 0.18517
vn 0.00001 0.93385 -0.35767
vt 1 1
f 6481/6481/6481 6482/6482/6482 6483/6483/6483
usemtl letters
v 0.72289 0.65423 0.18338
vn 0.00000 0.93385 -0.35767
vt 0 0
v 0.71829 0.65250 0.17886
vn 0.00000 0.93385 -0.35767
vt 1 0
v 0.72087 0.65479 0.18483
vn 0.00000 0.93385 -0.35767
vt 1 1
f 6484/6484/6484 6485/6485/6485 6486/6486/6486
usemtl letters
v 0.73735 0.65250 0.17886
vn 0.00001 0.93385 -0.35766
vt 0 0
v 0.73276 0.65423 0.18338
vn 0.00001 0.93385 -0.35766
vt 1 0
v 0.73475 0.65479 0.18483
vn 0.00001 0.93385 -0.35766
vt 1 1
f 6487/6487/6487 6488/6488/6488 6489/6489/6489
usemtl letters
v 0.73735 0.65250 0.17886
vn 0.00000 0.93385 -0.35766
vt 0 0
v 0.73473 0.65250 0.17886
vn 0.00000 0.93385 -0.35766
vt 1 0
v 0.73276 0.65423 0.18338
vn 0.00000 0.93385 -0.35766
vt 1 1
f 6490/6490/6490 6491/6491/6491 6492/6492/6492
usemtl letters
v 0.72092 0.65250 0.17886
vn 0.00000 0.93385 -0.35766
vt 0 0
v 0.71829 0.65250 0.17886
vn 0.00000 0.93385 -0.35766
vt 1 0
v 0.72289 0.65423 0.18338
vn 0.00000 0.93385 -0.35766
vt 1 1
f 6493/6493/6493 6494/6494/6494 6495/6495/6495
usemtl letters
v 0.73480 0.65023 0.17292
vn 0.00000 0.93385 -0.35767
vt 0 0
v 0.73473 0.65250 0.17886
vn 0.00000 0.93385 -0.35767
vt 1 0
v 0.73735 0.65250 0.17886
vn 0.00000 0.93385 -0.35767
vt 1 1
f 6496/6496/6496 6497/6497/6497 6498/6498/6498
usemtl letters
v 0.73480 0.65023 0.17292
vn 0.00000 0.93385 -0.35766
vt 0 0
v 0.73276 0.65077 0.17434
vn 0.00000 0.93385 -0.35766
vt 1 0
v 0.73473 0.65250 0.17886
vn 0.00000 0.93385 -0.35766
vt 1 1
f 6499/6499/6499 6500/6500/6500 6501/6501/6501
usemtl letters
v 0.72289 0.65077 0.17434
vn 0.00000 0.93385 -0.35768
vt 0 0
v 0.71829 0.65250 0.17886
vn 0.00000 0.93385 -0.35768
vt 1 0
v 0.72092 0.65250 0.17886
vn 0.00000 0.93385 -0.35768
vt 1 1
f 6502/6502/6502 6503/6503/6503 6504/6504/6504
usemtl letters
v 0.72289 0.65077 0.17434
vn 0.00000 0.93385 -0.35766
vt 0 0
v 0.72084 0.65023 0.17293
vn 0.00000 0.93385 -0.35766
vt 1 0
v 0.71829 0.65250 0.17886
vn 0.00000 0.93385 -0.35766
vt 1 1
f 6505/6505/6505 6506/6506/6506 6507/6507/6507
usemtl letters
v 0.73480 0.65023 0.17292
vn -0.00002 0.93385 -0.35767
vt 0 0
v 0.72784 0.65008 0.17254
vn -0.00002 0.93385 -0.35767
vt 1 0
v 0.73276 0.65077 0.17434
vn -0.00002 0.93385 -0.35767
vt 1 1
f 6508/6508/6508 6509/6509/6509 6510/6510/6510
usemtl letters
v 0.72784 0.65008 0.17254
vn 0.00002 0.93386 -0.35765
vt 0 0
v 0.72084 0.65023 0.17293
vn 0.00002 0.93386 -0.35765
vt 1 0
v 0.72289 0.65077 0.17434
vn 0.00002 0.93386 -0.35765
vt 1 1
f 6511/6511/6511 6512/6512/6512 6513/6513/6513
usemtl letters
v 0.72784 0.65008 0.17254
vn 0.00000 0.93385 -0.35766
vt 0 0
v 0.72789 0.64925 0.17036
vn 0.00000 0.93385 -0.35766
vt 1 0
v 0.72084 0.65023 0.17293
vn 0.00000 0.93385 -0.35766
vt 1 1
f 6514/6514/6514 6515/6515/6515 6516/6516/6516
usemtl letters
v 0.72789 0.64925 0.17036
vn 0.00002 0.93386 -0.35765
vt 0 0
v 0.72784 0.65008 0.17254
vn 0.00002 0.93386 -0.35765
vt 1 0
v 0.73480 0.65023 0.17292
vn 0.00002 0.93386 -0.35765
vt 1 1
f 6517/6517/6517 6518/6518/6518 6519/6519/6519
usemtl letters
v 0.75378 0.65485 0.18500
vn 0.00000 0.93385 -0.35766
vt 0 0
v 0.73897 0.65567 0.18713
vn 0.00000 0.93385 -0.35766
vt 1 0
v 0.75378 0.65567 0.18713
vn 0.00000 0.93385 -0.35766
vt 1 1
f 6520/6520/6520 6521/6521/6521 6522/6522/6522
usemtl letters
v 0.75378 0.65485 0.18500
vn 0.00000 0.93385 -0.35766
vt 0 0
v 0.73897 0.65485 0.18500
vn 0.00000 0.93385 -0.35766
vt 1 0
v 0.73897 0.65567 0.18713
vn 0.00000 0.93385 -0.35766
vt 1 1
f 6523/6523/6523 6524/6524/6524 6525/6525/6525
usemtl letters
v 0.74765 0.65485 0.18500
vn 0.00000 1.00000 -0.00000
vt 0 0
v 0.73897 0.65485 0.18500
vn 0.00000 1.00000 -0.00000
vt 1 0
v 0.75378 0.65485 0.18500
vn 0.00000 1.00000 -0.00000
vt 1 1
f 6526/6526/6526 6527/6527/6527 6528/6528/6528
usemtl letters
v 0.74765 0.64933 0.17058
vn 0.00000 0.93385 -0.35767
vt 0 0
v 0.74510 0.65485 0.18500
vn 0.00000 0.93385 -0.35767
vt 1 0
v 0.74765 0.65485 0.18500
vn 0.00000 0.93385 -0.35767
vt 1 1
f 6529/6529/6529 6530/6530/6530 6531/6531/6531
usemtl letters
v 0.74510 0.65485 0.18500
vn 0.00000 1.00000 -0.00000
vt 0 0
v 0.73897 0.65485 0.18500
vn 0.00000 1.00000 -0.00000
vt 1 0
v 0.74765 0.65485 0.18500
vn 0.00000 1.00000 -0.00000
vt 1 1
f 6532/6532/6532 6533/6533/6533 6534/6534/6534
usemtl letters
v 0.74765 0.64933 0.17058
vn 0.00000 0.93385 -0.35767
vt 0 0
v 0.74510 0.64933 0.17058
vn 0.00000 0.93385 -0.35767
vt 1 0
v 0.74510 0.65485 0.18500
vn 0.00000 0.93385 -0.35767
vt 1 1
f 6535/6535/6535 6536/6536/6536 6537/6537/6537
usemtl letters
v 0.76362 0.65530 0.18615
vn 0.00003 0.93385 -0.35766
vt 0 0
v 0.75770 0.65564 0.18706
vn 0.00003 0.93385 -0.35766
vt 1 0
v 0.75971 0.65576 0.18735
vn 0.00003 0.93385 -0.35766
vt 1 1
f 6538/6538/6538 6539/6539/6539 6540/6540/6540
usemtl letters
v 0.76362 0.65530 0.18615
vn 0.00000 0.93384 -0.35768
vt 0 0
v 0.75576 0.65531 0.18619
vn 0.00000 0.93384 -0.35768
vt 1 0
v 0.75770 0.65564 0.18706
vn 0.00000 0.93384 -0.35768
vt 1 1
f 6541/6541/6541 6542/6542/6542 6543/6543/6543
usemtl letters
v 0.76362 0.65530 0.18615
vn -0.00001 0.93385 -0.35766
vt 0 0
v 0.75796 0.65480 0.18486
vn -0.00001 0.93385 -0.35766
vt 1 0
v 0.75576 0.65531 0.18619
vn -0.00001 0.93385 -0.35766
vt 1 1
f 6544/6544/6544 6545/6545/6545 6546/6546/6546
usemtl letters
v 0.75796 0.65480 0.18486
vn -0.00004 0.93386 -0.35765
vt 0 0
v 0.75576 0.65428 0.18349
vn -0.00004 0.93386 -0.35765
vt 1 0
v 0.75576 0.65531 0.18619
vn -0.00004 0.93386 -0.35765
vt 1 1
f 6547/6547/6547 6548/6548/6548 6549/6549/6549
usemtl letters
v 0.76509 0.65406 0.18293
vn 0.00001 0.93385 -0.35765
vt 0 0
v 0.76194 0.65473 0.18467
vn 0.00001 0.93385 -0.35765
vt 1 0
v 0.76362 0.65530 0.18615
vn 0.00001 0.93385 -0.35765
vt 1 1
f 6550/6550/6550 6551/6551/6551 6552/6552/6552
usemtl letters
v 0.76194 0.65473 0.18467
vn 0.00000 0.93385 -0.35767
vt 0 0
v 0.75992 0.65494 0.18522
vn 0.00000 0.93385 -0.35767
vt 1 0
v 0.76362 0.65530 0.18615
vn 0.00000 0.93385 -0.35767
vt 1 1
f 6553/6553/6553 6554/6554/6554 6555/6555/6555
usemtl letters
v 0.75992 0.65494 0.18522
vn 0.00000 0.93391 -0.35750
vt 0 0
v 0.75796 0.65480 0.18486
vn 0.00000 0.93391 -0.35750
vt 1 0
v 0.76362 0.65530 0.18615
vn 0.00000 0.93391 -0.35750
vt 1 1
f 6556/6556/6556 6557/6557/6557 6558/6558/6558
usemtl letters
v 0.76509 0.65406 0.18293
vn 0.00007 0.93385 -0.35768
vt 0 0
v 0.76273 0.65418 0.18325
vn 0.00007 0.93385 -0.35768
vt 1 0
v 0.76194 0.65473 0.18467
vn 0.00007 0.93385 -0.35768
vt 1 1
f 6559/6559/6559 6560/6560/6560 6561/6561/6561
usemtl letters
v 0.76509 0.65406 0.18293
vn 0.00005 0.93384 -0.35770
vt 0 0
v 0.75889 0.65288 0.17983
vn 0.00005 0.93384 -0.35770
vt 1 0
v 0.76273 0.65418 0.18325
vn 0.00005 0.93384 -0.35770
vt 1 1
f 6562/6562/6562 6563/6563/6563 6564/6564/6564
usemtl letters
v 0.76126 0.65230 0.17834
vn 0.00000 0.93385 -0.35767
vt 0 0
v 0.75889 0.65288 0.17983
vn 0.00000 0.93385 -0.35767
vt 1 0
v 0.76509 0.65406 0.18293
vn 0.00000 0.93385 -0.35767
vt 1 1
f 6565/6565/6565 6566/6566/6566 6567/6567/6567
usemtl letters
v 0.76126 0.65230 0.17834
vn 0.00000 0.93385 -0.35767
vt 0 0
v 0.75506 0.65097 0.17485
vn 0.00000 0.93385 -0.35767
vt 1 0
v 0.75889 0.65288 0.17983
vn 0.00000 0.93385 -0.35767
vt 1 1
f 6568/6568/6568 6569/6569/6569 6570/6570/6570
usemtl letters
v 0.75743 0.65086 0.17458
vn -0.00004 0.93386 -0.35764
vt 0 0
v 0.75506 0.65097 0.17485
vn -0.00004 0.93386 -0.35764
vt 1 0
v 0.76126 0.65230 0.17834
vn -0.00004 0.93386 -0.35764
vt 1 1
f 6571/6571/6571 6572/6572/6572 6573/6573/6573
usemtl letters
v 0.76499 0.64983 0.17189
vn 0.00003 0.93385 -0.35766
vt 0 0
v 0.76282 0.65030 0.17311
vn 0.00003 0.93385 -0.35766
vt 1 0
v 0.76499 0.65099 0.17490
vn 0.00003 0.93385 -0.35766
vt 1 1
f 6574/6574/6574 6575/6575/6575 6576/6576/6576
usemtl letters
v 0.75743 0.65086 0.17458
vn 0.00000 0.93385 -0.35767
vt 0 0
v 0.75647 0.64973 0.17163
vn 0.00000 0.93385 -0.35767
vt 1 0
v 0.75506 0.65097 0.17485
vn 0.00000 0.93385 -0.35767
vt 1 1
f 6577/6577/6577 6578/6578/6578 6579/6579/6579
usemtl letters
v 0.75813 0.65033 0.17319
vn -0.00006 0.93385 -0.35767
vt 0 0
v 0.75647 0.64973 0.17163
vn -0.00006 0.93385 -0.35767
vt 1 0
v 0.75743 0.65086 0.17458
vn -0.00006 0.93385 -0.35767
vt 1 1
f 6580/6580/6580 6581/6581/6581 6582/6582/6582
usemtl letters
v 0.76031 0.65007 0.17249
vn 0.00005 0.93384 -0.35769
vt 0 0
v 0.75647 0.64973 0.17163
vn 0.00005 0.93384 -0.35769
vt 1 0
v 0.75813 0.65033 0.17319
vn 0.00005 0.93384 -0.35769
vt 1 1
f 6583/6583/6583 6584/6584/6584 6585/6585/6585
usemtl letters
v 0.76499 0.64983 0.17189
vn -0.00002 0.93385 -0.35766
vt 0 0
v 0.76031 0.65007 0.17249
vn -0.00002 0.93385 -0.35766
vt 1 0
v 0.76282 0.65030 0.17311
vn -0.00002 0.93385 -0.35766
vt 1 1
f 6586/6586/6586 6587/6587/6587 6588/6588/6588
usemtl letters
v 0.76499 0.64983 0.17189
vn 0.00000 0.93385 -0.35766
vt 0 0
v 0.75647 0.64973 0.17163
vn 0.00000 0.93385 -0.35766
vt 1 0
v 0.76031 0.65007 0.17249
vn 0.00000 0.93385 -0.35766
vt 1 1
f 6589/6589/6589 6590/6590/6590 6591/6591/6591
usemtl letters
v 0.76267 0.64939 0.17073
vn -0.00001 0.93386 -0.35765
vt 0 0
v 0.75647 0.64973 0.17163
vn -0.00001 0.93386 -0.35765
vt 1 0
v 0.76499 0.64983 0.17189
vn -0.00001 0.93386 -0.35765
vt 1 1
f 6592/6592/6592 6593/6593/6593 6594/6594/6594
usemtl letters
v 0.76267 0.64939 0.17073
vn 0.00000 0.93384 -0.35769
vt 0 0
v 0.76002 0.64925 0.17036
vn 0.00000 0.93384 -0.35769
vt 1 0
v 0.75647 0.64973 0.17163
vn 0.00000 0.93384 -0.35769
vt 1 1
f 6595/6595/6595 6596/6596/6596 6597/6597/6597
usemtl letters
v 0.66979 0.66199 0.20362
vn 0.00000 0.93385 -0.35766
vt 0 0
v 0.67330 0.66497 0.21142
vn 0.00000 0.93385 -0.35766
vt 1 0
v 0.67637 0.66497 0.21142
vn 0.00000 0.93385 -0.35766
vt 1 1
f 6598/6598/6598 6599/6599/6599 6600/6600/6600
usemtl letters
v 0.66979 0.66199 0.20362
vn -0.00005 0.93385 -0.35766
vt 0 0
v 0.66854 0.66279 0.20571
vn -0.00005 0.93385 -0.35766
vt 1 0
v 0.67330 0.66497 0.21142
vn -0.00005 0.93385 -0.35766
vt 1 1
f 6601/6601/6601 6602/6602/6602 6603/6603/6603
usemtl letters
v 0.66854 0.66279 0.20571
vn 0.00000 0.93385 -0.35766
vt 0 0
v 0.66067 0.66497 0.21142
vn 0.00000 0.93385 -0.35766
vt 1 0
v 0.66373 0.66497 0.21142
vn 0.00000 0.93385 -0.35766
vt 1 1
f 6604/6604/6604 6605/6605/6605 6606/6606/6606
usemtl letters
v 0.66854 0.66279 0.20571
vn 0.00004 0.93385 -0.35766
vt 0 0
v 0.66724 0.66198 0.20360
vn 0.00004 0.93385 -0.35766
vt 1 0
v 0.66067 0.66497 0.21142
vn 0.00004 0.93385 -0.35766
vt 1 1
f 6607/6607/6607 6608/6608/6608 6609/6609/6609
usemtl letters
v 0.66979 0.66199 0.20362
vn 0.00000 0.93386 -0.35765
vt 0 0
v 0.66724 0.66198 0.20360
vn 0.00000 0.93386 -0.35765
vt 1 0
v 0.66854 0.66279 0.20571
vn 0.00000 0.93386 -0.35765
vt 1 1
f 6610/6610/6610 6611/6611/6611 6612/6612/6612
usemtl letters
v 0.66979 0.65863 0.19486
vn -0.00000 0.93385 -0.35767
vt 0 0
v 0.66724 0.66198 0.20360
vn -0.00000 0.93385 -0.35767
vt 1 0
v 0.66979 0.66199 0.20362
vn -0.00000 0.93385 -0.35767
vt 1 1
f 6613/6613/6613 6614/6614/6614 6615/6615/6615
usemtl letters
v 0.66979 0.65863 0.19486
vn 0.00000 0.93385 -0.35767
vt 0 0
v 0.66724 0.65863 0.19486
vn 0.00000 0.93385 -0.35767
vt 1 0
v 0.66724 0.66198 0.20360
vn 0.00000 0.93385 -0.35767
vt 1 1
f 6616/6616/6616 6617/6617/6617 6618/6618/6618
usemtl letters
v 0.69078 0.66411 0.20916
vn -0.00002 0.93386 -0.35763
vt 0 0
v 0.68099 0.66493 0.21131
vn -0.00002 0.93386 -0.35763
vt 1 0
v 0.68381 0.66506 0.21163
vn -0.00002 0.93386 -0.35763
vt 1 1
f 6619/6619/6619 6620/6620/6620 6621/6621/6621
usemtl letters
v 0.69078 0.66411 0.20916
vn 0.00001 0.93384 -0.35768
vt 0 0
v 0.67772 0.66453 0.21027
vn 0.00001 0.93384 -0.35768
vt 1 0
v 0.68099 0.66493 0.21131
vn 0.00001 0.93384 -0.35768
vt 1 1
f 6622/6622/6622 6623/6623/6623 6624/6624/6624
usemtl letters
v 0.69078 0.66411 0.20916
vn 0.00000 0.93385 -0.35765
vt 0 0
v 0.68383 0.66422 0.20945
vn 0.00000 0.93385 -0.35765
vt 1 0
v 0.67772 0.66453 0.21027
vn 0.00000 0.93385 -0.35765
vt 1 1
f 6625/6625/6625 6626/6626/6626 6627/6627/6627
usemtl letters
v 0.68383 0.66422 0.20945
vn 0.00000 0.93385 -0.35766
vt 0 0
v 0.68083 0.66406 0.20903
vn 0.00000 0.93385 -0.35766
vt 1 0
v 0.67772 0.66453 0.21027
vn 0.00000 0.93385 -0.35766
vt 1 1
f 6628/6628/6628 6629/6629/6629 6630/6630/6630
usemtl letters
v 0.68083 0.66406 0.20903
vn 0.00000 0.93385 -0.35765
vt 0 0
v 0.67772 0.66356 0.20772
vn 0.00000 0.93385 -0.35765
vt 1 0
v 0.67772 0.66453 0.21027
vn 0.00000 0.93385 -0.35765
vt 1 1
f 6631/6631/6631 6632/6632/6632 6633/6633/6633
usemtl letters
v 0.69078 0.66411 0.20916
vn 0.00000 0.93385 -0.35765
vt 0 0
v 0.68889 0.66353 0.20765
vn 0.00000 0.93385 -0.35765
vt 1 0
v 0.68383 0.66422 0.20945
vn 0.00000 0.93385 -0.35765
vt 1 1
f 6634/6634/6634 6635/6635/6635 6636/6636/6636
usemtl letters
v 0.69353 0.66171 0.20289
vn 0.00003 0.93385 -0.35767
vt 0 0
v 0.68889 0.66353 0.20765
vn 0.00003 0.93385 -0.35767
vt 1 0
v 0.69078 0.66411 0.20916
vn 0.00003 0.93385 -0.35767
vt 1 1
f 6637/6637/6637 6638/6638/6638 6639/6639/6639
usemtl letters
v 0.69353 0.66171 0.20289
vn 0.00000 0.93386 -0.35765
vt 0 0
v 0.69090 0.66179 0.20311
vn 0.00000 0.93386 -0.35765
vt 1 0
v 0.68889 0.66353 0.20765
vn 0.00000 0.93386 -0.35765
vt 1 1
f 6640/6640/6640 6641/6641/6641 6642/6642/6642
usemtl letters
v 0.69353 0.66171 0.20289
vn 0.00007 0.93385 -0.35767
vt 0 0
v 0.68891 0.66005 0.19857
vn 0.00007 0.93385 -0.35767
vt 1 0
v 0.69090 0.66179 0.20311
vn 0.00007 0.93385 -0.35767
vt 1 1
f 6643/6643/6643 6644/6644/6644 6645/6645/6645
usemtl letters
v 0.69124 0.65963 0.19746
vn -0.00003 0.93385 -0.35767
vt 0 0
v 0.68891 0.66005 0.19857
vn -0.00003 0.93385 -0.35767
vt 1 0
v 0.69353 0.66171 0.20289
vn -0.00003 0.93385 -0.35767
vt 1 1
f 6646/6646/6646 6647/6647/6647 6648/6648/6648
usemtl letters
v 0.68063 0.65957 0.19730
vn 0.00000 0.93385 -0.35766
vt 0 0
v 0.67754 0.65910 0.19609
vn 0.00000 0.93385 -0.35766
vt 1 0
v 0.67754 0.66010 0.19869
vn 0.00000 0.93385 -0.35766
vt 1 1
f 6649/6649/6649 6650/6650/6650 6651/6651/6651
usemtl letters
v 0.69124 0.65963 0.19746
vn 0.00000 0.93384 -0.35768
vt 0 0
v 0.68373 0.65938 0.19682
vn 0.00000 0.93384 -0.35768
vt 1 0
v 0.68891 0.66005 0.19857
vn 0.00000 0.93384 -0.35768
vt 1 1
f 6652/6652/6652 6653/6653/6653 6654/6654/6654
usemtl letters
v 0.68396 0.65855 0.19464
vn 0.00001 0.93385 -0.35765
vt 0 0
v 0.68373 0.65938 0.19682
vn 0.00001 0.93385 -0.35765
vt 1 0
v 0.69124 0.65963 0.19746
vn 0.00001 0.93385 -0.35765
vt 1 1
f 6655/6655/6655 6656/6656/6656 6657/6657/6657
usemtl letters
v 0.68373 0.65938 0.19682
vn 0.00002 0.93383 -0.35771
vt 0 0
v 0.67754 0.65910 0.19609
vn 0.00002 0.93383 -0.35771
vt 1 0
v 0.68063 0.65957 0.19730
vn 0.00002 0.93383 -0.35771
vt 1 1
f 6658/6658/6658 6659/6659/6659 6660/6660/6660
usemtl letters
v 0.68396 0.65855 0.19464
vn 0.00000 0.93385 -0.35766
vt 0 0
v 0.67754 0.65910 0.19609
vn 0.00000 0.93385 -0.35766
vt 1 0
v 0.68373 0.65938 0.19682
vn 0.00000 0.93385 -0.35766
vt 1 1
f 6661/6661/6661 6662/6662/6662 6663/6663/6663
usemtl letters
v 0.68396 0.65855 0.19464
vn 0.00004 0.93388 -0.35760
vt 0 0
v 0.68036 0.65870 0.19505
vn 0.00004 0.93388 -0.35760
vt 1 0
v 0.67754 0.65910 0.19609
vn 0.00004 0.93388 -0.35760
vt 1 1
f 6664/6664/6664 6665/6665/6665 6666/6666/6666
usemtl letters
v 0.71316 0.65863 0.19486
vn 0.00000 0.93385 -0.35767
vt 0 0
v 0.71113 0.66497 0.21142
vn 0.00000 0.93385 -0.35767
vt 1 0
v 0.71316 0.66497 0.21142
vn 0.00000 0.93385 -0.35767
vt 1 1
f 6667/6667/6667 6668/6668/6668 6669/6669/6669
usemtl letters
v 0.71316 0.65863 0.19486
vn 0.00009 0.93385 -0.35766
vt 0 0
v 0.71077 0.66351 0.20760
vn 0.00009 0.93385 -0.35766
vt 1 0
v 0.71113 0.66497 0.21142
vn 0.00009 0.93385 -0.35766
vt 1 1
f 6670/6670/6670 6671/6671/6671 6672/6672/6672
usemtl letters
v 0.71077 0.66351 0.20760
vn 0.00000 0.93385 -0.35766
vt 0 0
v 0.69912 0.66006 0.19860
vn 0.00000 0.93385 -0.35766
vt 1 0
v 0.71113 0.66497 0.21142
vn 0.00000 0.93385 -0.35766
vt 1 1
f 6673/6673/6673 6674/6674/6674 6675/6675/6675
usemtl letters
v 0.69912 0.66006 0.19860
vn 0.00000 0.93385 -0.35766
vt 0 0
v 0.69673 0.66497 0.21142
vn 0.00000 0.93385 -0.35766
vt 1 0
v 0.69912 0.66497 0.21142
vn 0.00000 0.93385 -0.35766
vt 1 1
f 6676/6676/6676 6677/6677/6677 6678/6678/6678
usemtl letters
v 0.69912 0.66006 0.19860
vn 0.00000 0.93385 -0.35766
vt 0 0
v 0.69673 0.65863 0.19486
vn 0.00000 0.93385 -0.35766
vt 1 0
v 0.69673 0.66497 0.21142
vn 0.00000 0.93385 -0.35766
vt 1 1
f 6679/6679/6679 6680/6680/6680 6681/6681/6681
usemtl letters
v 0.71316 0.65863 0.19486
vn 0.00000 0.93385 -0.35767
vt 0 0
v 0.71077 0.65863 0.19486
vn 0.00000 0.93385 -0.35767
vt 1 0
v 0.71077 0.66351 0.20760
vn 0.00000 0.93385 -0.35767
vt 1 1
f 6682/6682/6682 6683/6683/6683 6684/6684/6684
usemtl letters
v 0.69891 0.65863 0.19486
vn 0.00000 0.93385 -0.35768
vt 0 0
v 0.69912 0.66006 0.19860
vn 0.00000 0.93385 -0.35768
vt 1 0
v 0.71077 0.66351 0.20760
vn 0.00000 0.93385 -0.35768
vt 1 1
f 6685/6685/6685 6686/6686/6686 6687/6687/6687
usemtl letters
v 0.69891 0.65863 0.19486
vn 0.00000 0.93385 -0.35767
vt 0 0
v 0.69673 0.65863 0.19486
vn 0.00000 0.93385 -0.35767
vt 1 0
v 0.69912 0.66006 0.19860
vn 0.00000 0.93385 -0.35767
vt 1 1
f 6688/6688/6688 6689/6689/6689 6690/6690/6690
usemtl letters
v 0.72613 0.65863 0.19486
vn 0.00002 0.93385 -0.35766
vt 0 0
v 0.72359 0.66415 0.20928
vn 0.00002 0.93385 -0.35766
vt 1 0
v 0.72613 0.66497 0.21142
vn 0.00002 0.93385 -0.35766
vt 1 1
f 6691/6691/6691 6692/6692/6692 6693/6693/6693
usemtl letters
v 0.72359 0.66415 0.20928
vn 0.00000 0.93385 -0.35765
vt 0 0
v 0.71607 0.66497 0.21142
vn 0.00000 0.93385 -0.35765
vt 1 0
v 0.72613 0.66497 0.21142
vn 0.00000 0.93385 -0.35765
vt 1 1
f 6694/6694/6694 6695/6695/6695 6696/6696/6696
usemtl letters
v 0.72359 0.66415 0.20928
vn 0.00000 0.93386 -0.35765
vt 0 0
v 0.71607 0.66415 0.20928
vn 0.00000 0.93386 -0.35765
vt 1 0
v 0.71607 0.66497 0.21142
vn 0.00000 0.93386 -0.35765
vt 1 1
f 6697/6697/6697 6698/6698/6698 6699/6699/6699
usemtl letters
v 0.72613 0.65863 0.19486
vn 0.00003 0.93384 -0.35769
vt 0 0
v 0.72359 0.66224 0.20428
vn 0.00003 0.93384 -0.35769
vt 1 0
v 0.72359 0.66415 0.20928
vn 0.00003 0.93384 -0.35769
vt 1 1
f 6700/6700/6700 6701/6701/6701 6702/6702/6702
usemtl letters
v 0.72613 0.65863 0.19486
vn 0.00012 0.93386 -0.35763
vt 0 0
v 0.72359 0.66142 0.20214
vn 0.00012 0.93386 -0.35763
vt 1 0
v 0.72359 0.66224 0.20428
vn 0.00012 0.93386 -0.35763
vt 1 1
f 6703/6703/6703 6704/6704/6704 6705/6705/6705
usemtl letters
v 0.72359 0.66142 0.20214
vn 0.00000 0.93385 -0.35766
vt 0 0
v 0.71633 0.66224 0.20428
vn 0.00000 0.93385 -0.35766
vt 1 0
v 0.72359 0.66224 0.20428
vn 0.00000 0.93385 -0.35766
vt 1 1
f 6706/6706/6706 6707/6707/6707 6708/6708/6708
usemtl letters
v 0.72359 0.66142 0.20214
vn 0.00000 0.93385 -0.35766
vt 0 0
v 0.71633 0.66142 0.20214
vn 0.00000 0.93385 -0.35766
vt 1 0
v 0.71633 0.66224 0.20428
vn 0.00000 0.93385 -0.35766
vt 1 1
f 6709/6709/6709 6710/6710/6710 6711/6711/6711
usemtl letters
v 0.72613 0.65863 0.19486
vn -0.00007 0.93385 -0.35767
vt 0 0
v 0.72359 0.65945 0.19699
vn -0.00007 0.93385 -0.35767
vt 1 0
v 0.72359 0.66142 0.20214
vn -0.00007 0.93385 -0.35767
vt 1 1
f 6712/6712/6712 6713/6713/6713 6714/6714/6714
usemtl letters
v 0.72613 0.65863 0.19486
vn 0.00000 0.93384 -0.35768
vt 0 0
v 0.71584 0.65945 0.19699
vn 0.00000 0.93384 -0.35768
vt 1 0
v 0.72359 0.65945 0.19699
vn 0.00000 0.93384 -0.35768
vt 1 1
f 6715/6715/6715 6716/6716/6716 6717/6717/6717
usemtl letters
v 0.72613 0.65863 0.19486
vn 0.00000 0.93385 -0.35767
vt 0 0
v 0.71584 0.65863 0.19486
vn 0.00000 0.93385 -0.35767
vt 1 0
v 0.71584 0.65945 0.19699
vn 0.00000 0.93385 -0.35767
vt 1 1
f 6718/6718/6718 6719/6719/6719 6720/6720/6720
usemtl letters
v 0.74329 0.66411 0.20917
vn 0.00002 0.93386 -0.35764
vt 0 0
v 0.73361 0.66494 0.21134
vn 0.00002 0.93386 -0.35764
vt 1 0
v 0.73651 0.66506 0.21163
vn 0.00002 0.93386 -0.35764
vt 1 1
f 6721/6721/6721 6722/6722/6722 6723/6723/6723
usemtl letters
v 0.74329 0.66411 0.20917
vn 0.00000 0.93384 -0.35768
vt 0 0
v 0.73019 0.66452 0.21023
vn 0.00000 0.93384 -0.35768
vt 1 0
v 0.73361 0.66494 0.21134
vn 0.00000 0.93384 -0.35768
vt 1 1
f 6724/6724/6724 6725/6725/6725 6726/6726/6726
usemtl letters
v 0.74329 0.66411 0.20917
vn 0.00003 0.93385 -0.35766
vt 0 0
v 0.73656 0.66422 0.20945
vn 0.00003 0.93385 -0.35766
vt 1 0
v 0.73019 0.66452 0.21023
vn 0.00003 0.93385 -0.35766
vt 1 1
f 6727/6727/6727 6728/6728/6728 6729/6729/6729
usemtl letters
v 0.73656 0.66422 0.20945
vn 0.00000 0.93386 -0.35764
vt 0 0
v 0.73336 0.66406 0.20904
vn 0.00000 0.93386 -0.35764
vt 1 0
v 0.73019 0.66452 0.21023
vn 0.00000 0.93386 -0.35764
vt 1 1
f 6730/6730/6730 6731/6731/6731 6732/6732/6732
usemtl letters
v 0.73336 0.66406 0.20904
vn 0.00000 0.93385 -0.35766
vt 0 0
v 0.73019 0.66360 0.20782
vn 0.00000 0.93385 -0.35766
vt 1 0
v 0.73019 0.66452 0.21023
vn 0.00000 0.93385 -0.35766
vt 1 1
f 6733/6733/6733 6734/6734/6734 6735/6735/6735
usemtl letters
v 0.74329 0.66411 0.20917
vn -0.00002 0.93385 -0.35766
vt 0 0
v 0.74142 0.66352 0.20763
vn -0.00002 0.93385 -0.35766
vt 1 0
v 0.73656 0.66422 0.20945
vn -0.00002 0.93385 -0.35766
vt 1 1
f 6736/6736/6736 6737/6737/6737 6738/6738/6738
usemtl letters
v 0.74602 0.66176 0.20304
vn -0.00001 0.93385 -0.35766
vt 0 0
v 0.74142 0.66352 0.20763
vn -0.00001 0.93385 -0.35766
vt 1 0
v 0.74329 0.66411 0.20917
vn -0.00001 0.93385 -0.35766
vt 1 1
f 6739/6739/6739 6740/6740/6740 6741/6741/6741
usemtl letters
v 0.74602 0.66176 0.20304
vn 0.00000 0.93385 -0.35767
vt 0 0
v 0.74340 0.66179 0.20311
vn 0.00000 0.93385 -0.35767
vt 1 0
v 0.74142 0.66352 0.20763
vn 0.00000 0.93385 -0.35767
vt 1 1
f 6742/6742/6742 6743/6743/6743 6744/6744/6744
usemtl letters
v 0.74602 0.66176 0.20304
vn 0.00004 0.93385 -0.35767
vt 0 0
v 0.74139 0.66006 0.19858
vn 0.00004 0.93385 -0.35767
vt 1 0
v 0.74340 0.66179 0.20311
vn 0.00004 0.93385 -0.35767
vt 1 1
f 6745/6745/6745 6746/6746/6746 6747/6747/6747
usemtl letters
v 0.74334 0.65946 0.19702
vn -0.00003 0.93385 -0.35766
vt 0 0
v 0.74139 0.66006 0.19858
vn -0.00003 0.93385 -0.35766
vt 1 0
v 0.74602 0.66176 0.20304
vn -0.00003 0.93385 -0.35766
vt 1 1
f 6748/6748/6748 6749/6749/6749 6750/6750/6750
usemtl letters
v 0.73578 0.66094 0.20088
vn 0.00000 0.93385 -0.35768
vt 0 0
v 0.72983 0.66175 0.20301
vn 0.00000 0.93385 -0.35768
vt 1 0
v 0.73578 0.66175 0.20301
vn 0.00000 0.93385 -0.35768
vt 1 1
f 6751/6751/6751 6752/6752/6752 6753/6753/6753
usemtl letters
v 0.73578 0.66094 0.20088
vn 0.00000 0.93384 -0.35768
vt 0 0
v 0.73237 0.66094 0.20088
vn 0.00000 0.93384 -0.35768
vt 1 0
v 0.72983 0.66175 0.20301
vn 0.00000 0.93384 -0.35768
vt 1 1
f 6754/6754/6754 6755/6755/6755 6756/6756/6756
usemtl letters
v 0.73237 0.66094 0.20088
vn 0.00000 0.93385 -0.35766
vt 0 0
v 0.72983 0.65907 0.19600
vn 0.00000 0.93385 -0.35766
vt 1 0
v 0.72983 0.66175 0.20301
vn 0.00000 0.93385 -0.35766
vt 1 1
f 6757/6757/6757 6758/6758/6758 6759/6759/6759
usemtl letters
v 0.73237 0.65963 0.19748
vn 0.00005 0.93385 -0.35766
vt 0 0
v 0.72983 0.65907 0.19600
vn 0.00005 0.93385 -0.35766
vt 1 0
v 0.73237 0.66094 0.20088
vn 0.00005 0.93385 -0.35766
vt 1 1
f 6760/6760/6760 6761/6761/6761 6762/6762/6762
usemtl letters
v 0.74334 0.65946 0.19702
vn 0.00000 0.93384 -0.35768
vt 0 0
v 0.73622 0.65938 0.19682
vn 0.00000 0.93384 -0.35768
vt 1 0
v 0.74139 0.66006 0.19858
vn 0.00000 0.93384 -0.35768
vt 1 1
f 6763/6763/6763 6764/6764/6764 6765/6765/6765
usemtl letters
v 0.73424 0.65946 0.19701
vn 0.00000 0.93384 -0.35768
vt 0 0
v 0.72983 0.65907 0.19600
vn 0.00000 0.93384 -0.35768
vt 1 0
v 0.73237 0.65963 0.19748
vn 0.00000 0.93384 -0.35768
vt 1 1
f 6766/6766/6766 6767/6767/6767 6768/6768/6768
usemtl letters
v 0.73659 0.65855 0.19464
vn 0.00001 0.93385 -0.35766
vt 0 0
v 0.73622 0.65938 0.19682
vn 0.00001 0.93385 -0.35766
vt 1 0
v 0.74334 0.65946 0.19702
vn 0.00001 0.93385 -0.35766
vt 1 1
f 6769/6769/6769 6770/6770/6770 6771/6771/6771
usemtl letters
v 0.73622 0.65938 0.19682
vn 0.00004 0.93383 -0.35771
vt 0 0
v 0.72983 0.65907 0.19600
vn 0.00004 0.93383 -0.35771
vt 1 0
v 0.73424 0.65946 0.19701
vn 0.00004 0.93383 -0.35771
vt 1 1
f 6772/6772/6772 6773/6773/6773 6774/6774/6774
usemtl letters
v 0.73659 0.65855 0.19464
vn -0.00001 0.93386 -0.35765
vt 0 0
v 0.72983 0.65907 0.19600
vn -0.00001 0.93386 -0.35765
vt 1 0
v 0.73622 0.65938 0.19682
vn -0.00001 0.93386 -0.35765
vt 1 1
f 6775/6775/6775 6776/6776/6776 6777/6777/6777
usemtl letters
v 0.73659 0.65855 0.19464
vn 0.00000 0.93383 -0.35772
vt 0 0
v 0.73317 0.65867 0.19495
vn 0.00000 0.93383 -0.35772
vt 1 0
v 0.72983 0.65907 0.19600
vn 0.00000 0.93383 -0.35772
vt 1 1
f 6778/6778/6778 6779/6779/6779 6780/6780/6780
usemtl letters
v 0.76103 0.65863 0.19486
vn 0.00005 0.93385 -0.35767
vt 0 0
v 0.75848 0.66419 0.20938
vn 0.00005 0.93385 -0.35767
vt 1 0
v 0.76103 0.66497 0.21142
vn 0.00005 0.93385 -0.35767
vt 1 1
f 6781/6781/6781 6782/6782/6782 6783/6783/6783
usemtl letters
v 0.75848 0.66419 0.20938
vn 0.00000 0.93386 -0.35765
vt 0 0
v 0.75655 0.66497 0.21142
vn 0.00000 0.93386 -0.35765
vt 1 0
v 0.76103 0.66497 0.21142
vn 0.00000 0.93386 -0.35765
vt 1 1
f 6784/6784/6784 6785/6785/6785 6786/6786/6786
usemtl letters
v 0.75848 0.66419 0.20938
vn -0.00001 0.93385 -0.35766
vt 0 0
v 0.75230 0.66450 0.21017
vn -0.00001 0.93385 -0.35766
vt 1 0
v 0.75655 0.66497 0.21142
vn -0.00001 0.93385 -0.35766
vt 1 1
f 6787/6787/6787 6788/6788/6788 6789/6789/6789
usemtl letters
v 0.75848 0.66419 0.20938
vn 0.00000 0.93386 -0.35764
vt 0 0
v 0.75684 0.66419 0.20938
vn 0.00000 0.93386 -0.35764
vt 1 0
v 0.75230 0.66450 0.21017
vn 0.00000 0.93386 -0.35764
vt 1 1
f 6790/6790/6790 6791/6791/6791 6792/6792/6792
usemtl letters
v 0.75684 0.66419 0.20938
vn 0.00000 0.93385 -0.35767
vt 0 0
v 0.75418 0.66394 0.20871
vn 0.00000 0.93385 -0.35767
vt 1 0
v 0.75230 0.66450 0.21017
vn 0.00000 0.93385 -0.35767
vt 1 1
f 6793/6793/6793 6794/6794/6794 6795/6795/6795
usemtl letters
v 0.75418 0.66394 0.20871
vn -0.00005 0.93385 -0.35767
vt 0 0
v 0.75073 0.66320 0.20678
vn -0.00005 0.93385 -0.35767
vt 1 0
v 0.75230 0.66450 0.21017
vn -0.00005 0.93385 -0.35767
vt 1 1
f 6796/6796/6796 6797/6797/6797 6798/6798/6798
usemtl letters
v 0.76103 0.65863 0.19486
vn -0.00010 0.93385 -0.35766
vt 0 0
v 0.75848 0.66220 0.20418
vn -0.00010 0.93385 -0.35766
vt 1 0
v 0.75848 0.66419 0.20938
vn -0.00010 0.93385 -0.35766
vt 1 1
f 6799/6799/6799 6800/6800/6800 6801/6801/6801
usemtl letters
v 0.75336 0.66323 0.20687
vn 0.00005 0.93386 -0.35764
vt 0 0
v 0.75073 0.66320 0.20678
vn 0.00005 0.93386 -0.35764
vt 1 0
v 0.75418 0.66394 0.20871
vn 0.00005 0.93386 -0.35764
vt 1 1
f 6802/6802/6802 6803/6803/6803 6804/6804/6804
usemtl letters
v 0.75406 0.66252 0.20501
vn 0.00002 0.93384 -0.35769
vt 0 0
v 0.75073 0.66320 0.20678
vn 0.00002 0.93384 -0.35769
vt 1 0
v 0.75336 0.66323 0.20687
vn 0.00002 0.93384 -0.35769
vt 1 1
f 6805/6805/6805 6806/6806/6806 6807/6807/6807
usemtl letters
v 0.75406 0.66252 0.20501
vn -0.00003 0.93385 -0.35767
vt 0 0
v 0.75150 0.66224 0.20429
vn -0.00003 0.93385 -0.35767
vt 1 0
v 0.75073 0.66320 0.20678
vn -0.00003 0.93385 -0.35767
vt 1 1
f 6808/6808/6808 6809/6809/6809 6810/6810/6810
usemtl letters
v 0.75684 0.66220 0.20418
vn 0.00003 0.93385 -0.35767
vt 0 0
v 0.75150 0.66224 0.20429
vn 0.00003 0.93385 -0.35767
vt 1 0
v 0.75406 0.66252 0.20501
vn 0.00003 0.93385 -0.35767
vt 1 1
f 6811/6811/6811 6812/6812/6812 6813/6813/6813
usemtl letters
v 0.75684 0.66220 0.20418
vn 0.00003 0.93385 -0.35767
vt 0 0
v 0.75369 0.66164 0.20272
vn 0.00003 0.93385 -0.35767
vt 1 0
v 0.75150 0.66224 0.20429
vn 0.00003 0.93385 -0.35767
vt 1 1
f 6814/6814/6814 6815/6815/6815 6816/6816/6816
usemtl letters
v 0.76103 0.65863 0.19486
vn 0.00016 0.93385 -0.35766
vt 0 0
v 0.75848 0.66138 0.20204
vn 0.00016 0.93385 -0.35766
vt 1 0
v 0.75848 0.66220 0.20418
vn 0.00016 0.93385 -0.35766
vt 1 1
f 6817/6817/6817 6818/6818/6818 6819/6819/6819
usemtl letters
v 0.75848 0.66138 0.20204
vn 0.00000 0.93385 -0.35766
vt 0 0
v 0.75684 0.66220 0.20418
vn 0.00000 0.93385 -0.35766
vt 1 0
v 0.75848 0.66220 0.20418
vn 0.00000 0.93385 -0.35766
vt 1 1
f 6820/6820/6820 6821/6821/6821 6822/6822/6822
usemtl letters
v 0.75848 0.66138 0.20204
vn 0.00000 0.93385 -0.35765
vt 0 0
v 0.75369 0.66164 0.20272
vn 0.00000 0.93385 -0.35765
vt 1 0
v 0.75684 0.66220 0.20418
vn 0.00000 0.93385 -0.35765
vt 1 1
f 6823/6823/6823 6824/6824/6824 6825/6825/6825
usemtl letters
v 0.75848 0.66138 0.20204
vn 0.00000 0.93384 -0.35769
vt 0 0
v 0.75741 0.66138 0.20204
vn 0.00000 0.93384 -0.35769
vt 1 0
v 0.75369 0.66164 0.20272
vn 0.00000 0.93384 -0.35769
vt 1 1
f 6826/6826/6826 6827/6827/6827 6828/6828/6828
usemtl letters
v 0.75741 0.66138 0.20204
vn 0.00000 0.93385 -0.35765
vt 0 0
v 0.75162 0.66092 0.20083
vn 0.00000 0.93385 -0.35765
vt 1 0
v 0.75369 0.66164 0.20272
vn 0.00000 0.93385 -0.35765
vt 1 1
f 6829/6829/6829 6830/6830/6830 6831/6831/6831
usemtl letters
v 0.76103 0.65863 0.19486
vn 0.00000 0.93385 -0.35766
vt 0 0
v 0.75848 0.65863 0.19486
vn 0.00000 0.93385 -0.35766
vt 1 0
v 0.75848 0.66138 0.20204
vn 0.00000 0.93385 -0.35766
vt 1 1
f 6832/6832/6832 6833/6833/6833 6834/6834/6834
usemtl letters
v 0.75545 0.66115 0.20142
vn 0.00009 0.93388 -0.35758
vt 0 0
v 0.75162 0.66092 0.20083
vn 0.00009 0.93388 -0.35758
vt 1 0
v 0.75741 0.66138 0.20204
vn 0.00009 0.93388 -0.35758
vt 1 1
f 6835/6835/6835 6836/6836/6836 6837/6837/6837
usemtl letters
v 0.75271 0.65993 0.19826
vn -0.00003 0.93384 -0.35768
vt 0 0
v 0.75162 0.66092 0.20083
vn -0.00003 0.93384 -0.35768
vt 1 0
v 0.75545 0.66115 0.20142
vn -0.00003 0.93384 -0.35768
vt 1 1
f 6838/6838/6838 6839/6839/6839 6840/6840/6840
usemtl letters
v 0.75271 0.65993 0.19826
vn 0.00000 0.93385 -0.35767
vt 0 0
v 0.74974 0.65989 0.19813
vn 0.00000 0.93385 -0.35767
vt 1 0
v 0.75162 0.66092 0.20083
vn 0.00000 0.93385 -0.35767
vt 1 1
f 6841/6841/6841 6842/6842/6842 6843/6843/6843
usemtl letters
v 0.75037 0.65863 0.19486
vn -0.00001 0.93385 -0.35767
vt 0 0
v 0.74974 0.65989 0.19813
vn -0.00001 0.93385 -0.35767
vt 1 0
v 0.75271 0.65993 0.19826
vn -0.00001 0.93385 -0.35767
vt 1 1
f 6844/6844/6844 6845/6845/6845 6846/6846/6846
usemtl letters
v 0.75037 0.65863 0.19486
vn 0.00000 0.93386 -0.35765
vt 0 0
v 0.74871 0.65932 0.19666
vn 0.00000 0.93386 -0.35765
vt 1 0
v 0.74974 0.65989 0.19813
vn 0.00000 0.93386 -0.35765
vt 1 1
f 6847/6847/6847 6848/6848/6848 6849/6849/6849
usemtl letters
v 0.75037 0.65863 0.19486
vn 0.00000 0.93385 -0.35767
vt 0 0
v 0.74732 0.65863 0.19486
vn 0.00000 0.93385 -0.35767
vt 1 0
v 0.74871 0.65932 0.19666
vn 0.00000 0.93385 -0.35767
vt 1 1
f 6850/6850/6850 6851/6851/6851 6852/6852/6852
usemtl letters
v 0.77408 0.65863 0.19486
vn 0.00002 0.93385 -0.35766
vt 0 0
v 0.77153 0.66415 0.20928
vn 0.00002 0.93385 -0.35766
vt 1 0
v 0.77408 0.66497 0.21142
vn 0.00002 0.93385 -0.35766
vt 1 1
f 6853/6853/6853 6854/6854/6854 6855/6855/6855
usemtl letters
v 0.77153 0.66415 0.20928
vn 0.00000 0.93385 -0.35765
vt 0 0
v 0.76402 0.66497 0.21142
vn 0.00000 0.93385 -0.35765
vt 1 0
v 0.77408 0.66497 0.21142
vn 0.00000 0.93385 -0.35765
vt 1 1
f 6856/6856/6856 6857/6857/6857 6858/6858/6858
usemtl letters
v 0.77153 0.66415 0.20928
vn 0.00000 0.93385 -0.35766
vt 0 0
v 0.76402 0.66415 0.20928
vn 0.00000 0.93385 -0.35766
vt 1 0
v 0.76402 0.66497 0.21142
vn 0.00000 0.93385 -0.35766
vt 1 1
f 6859/6859/6859 6860/6860/6860 6861/6861/6861
usemtl letters
v 0.77408 0.65863 0.19486
vn 0.00000 0.93384 -0.35768
vt 0 0
v 0.77153 0.66224 0.20428
vn 0.00000 0.93384 -0.35768
vt 1 0
v 0.77153 0.66415 0.20928
vn 0.00000 0.93384 -0.35768
vt 1 1
f 6862/6862/6862 6863/6863/6863 6864/6864/6864
usemtl letters
v 0.77408 0.65863 0.19486
vn 0.00012 0.93386 -0.35765
vt 0 0
v 0.77153 0.66142 0.20214
vn 0.00012 0.93386 -0.35765
vt 1 0
v 0.77153 0.66224 0.20428
vn 0.00012 0.93386 -0.35765
vt 1 1
f 6865/6865/6865 6866/6866/6866 6867/6867/6867
usemtl letters
v 0.77153 0.66142 0.20214
vn 0.00000 0.93385 -0.35766
vt 0 0
v 0.76428 0.66224 0.20428
vn 0.00000 0.93385 -0.35766
vt 1 0
v 0.77153 0.66224 0.20428
vn 0.00000 0.93385 -0.35766
vt 1 1
f 6868/6868/6868 6869/6869/6869 6870/6870/6870
usemtl letters
v 0.77153 0.66142 0.20214
vn 0.00000 0.93385 -0.35766
vt 0 0
v 0.76428 0.66142 0.20214
vn 0.00000 0.93385 -0.35766
vt 1 0
v 0.76428 0.66224 0.20428
vn 0.00000 0.93385 -0.35766
vt 1 1
f 6871/6871/6871 6872/6872/6872 6873/6873/6873
usemtl letters
v 0.77408 0.65863 0.19486
vn -0.00003 0.93385 -0.35766
vt 0 0
v 0.77153 0.65945 0.19699
vn -0.00003 0.93385 -0.35766
vt 1 0
v 0.77153 0.66142 0.20214
vn -0.00003 0.93385 -0.35766
vt 1 1
f 6874/6874/6874 6875/6875/6875 6876/6876/6876
usemtl letters
v 0.77408 0.65863 0.19486
vn 0.00000 0.93385 -0.35767
vt 0 0
v 0.76378 0.65945 0.19699
vn 0.00000 0.93385 -0.35767
vt 1 0
v 0.77153 0.65945 0.19699
vn 0.00000 0.93385 -0.35767
vt 1 1
f 6877/6877/6877 6878/6878/6878 6879/6879/6879
usemtl letters
v 0.77408 0.65863 0.19486
vn 0.00000 0.93384 -0.35768
vt 0 0
v 0.76378 0.65863 0.19486
vn 0.00000 0.93384 -0.35768
vt 1 0
v 0.76378 0.65945 0.19699
vn 0.00000 0.93384 -0.35768
vt 1 1
f 6880/6880/6880 6881/6881/6881 6882/6882/6882
usemtl letters
v 0.79444 0.65863 0.19486
vn 0.00000 0.93385 -0.35767
vt 0 0
v 0.79204 0.66497 0.21142
vn 0.00000 0.93385 -0.35767
vt 1 0
v 0.79444 0.66497 0.21142
vn 0.00000 0.93385 -0.35767
vt 1 1
f 6883/6883/6883 6884/6884/6884 6885/6885/6885
usemtl letters
v 0.79444 0.65863 0.19486
vn 0.00019 0.93385 -0.35766
vt 0 0
v 0.79189 0.66357 0.20775
vn 0.00019 0.93385 -0.35766
vt 1 0
v 0.79204 0.66497 0.21142
vn 0.00019 0.93385 -0.35766
vt 1 1
f 6886/6886/6886 6887/6887/6887 6888/6888/6888
usemtl letters
v 0.79189 0.66357 0.20775
vn 0.00000 0.93371 -0.35802
vt 0 0
v 0.79184 0.66357 0.20775
vn 0.00000 0.93371 -0.35802
vt 1 0
v 0.79204 0.66497 0.21142
vn 0.00000 0.93371 -0.35802
vt 1 1
f 6889/6889/6889 6890/6890/6890 6891/6891/6891
usemtl letters
v 0.79184 0.66357 0.20775
vn 0.00000 0.93385 -0.35766
vt 0 0
v 0.78617 0.66237 0.20462
vn 0.00000 0.93385 -0.35766
vt 1 0
v 0.79204 0.66497 0.21142
vn 0.00000 0.93385 -0.35766
vt 1 1
f 6892/6892/6892 6893/6893/6893 6894/6894/6894
usemtl letters
v 0.78617 0.66237 0.20462
vn 0.00000 0.93385 -0.35766
vt 0 0
v 0.77790 0.66497 0.21142
vn 0.00000 0.93385 -0.35766
vt 1 0
v 0.78027 0.66497 0.21142
vn 0.00000 0.93385 -0.35766
vt 1 1
f 6895/6895/6895 6896/6896/6896 6897/6897/6897
usemtl letters
v 0.78617 0.66237 0.20462
vn 0.00000 0.93385 -0.35766
vt 0 0
v 0.78050 0.66357 0.20775
vn 0.00000 0.93385 -0.35766
vt 1 0
v 0.77790 0.66497 0.21142
vn 0.00000 0.93385 -0.35766
vt 1 1
f 6898/6898/6898 6899/6899/6899 6900/6900/6900
usemtl letters
v 0.78050 0.66357 0.20775
vn 0.00000 0.93375 -0.35793
vt 0 0
v 0.78045 0.66357 0.20775
vn 0.00000 0.93375 -0.35793
vt 1 0
v 0.77790 0.66497 0.21142
vn 0.00000 0.93375 -0.35793
vt 1 1
f 6901/6901/6901 6902/6902/6902 6903/6903/6903
usemtl letters
v 0.78045 0.66357 0.20775
vn -0.00004 0.93385 -0.35767
vt 0 0
v 0.77790 0.65863 0.19486
vn -0.00004 0.93385 -0.35767
vt 1 0
v 0.77790 0.66497 0.21142
vn -0.00004 0.93385 -0.35767
vt 1 1
f 6904/6904/6904 6905/6905/6905 6906/6906/6906
usemtl letters
v 0.79444 0.65863 0.19486
vn 0.00000 0.93385 -0.35767
vt 0 0
v 0.79189 0.65863 0.19486
vn 0.00000 0.93385 -0.35767
vt 1 0
v 0.79189 0.66357 0.20775
vn 0.00000 0.93385 -0.35767
vt 1 1
f 6907/6907/6907 6908/6908/6908 6909/6909/6909
usemtl letters
v 0.78638 0.66111 0.20134
vn 0.00000 0.93385 -0.35767
vt 0 0
v 0.78617 0.66237 0.20462
vn 0.00000 0.93385 -0.35767
vt 1 0
v 0.79184 0.66357 0.20775
vn 0.00000 0.93385 -0.35767
vt 1 1
f 6910/6910/6910 6911/6911/6911 6912/6912/6912
usemtl letters
v 0.78617 0.66237 0.20462
vn 0.00000 0.93385 -0.35766
vt 0 0
v 0.78596 0.66111 0.20134
vn 0.00000 0.93385 -0.35766
vt 1 0
v 0.78050 0.66357 0.20775
vn 0.00000 0.93385 -0.35766
vt 1 1
f 6913/6913/6913 6914/6914/6914 6915/6915/6915
usemtl letters
v 0.78045 0.65863 0.19486
vn 0.00000 0.93385 -0.35767
vt 0 0
v 0.77790 0.65863 0.19486
vn 0.00000 0.93385 -0.35767
vt 1 0
v 0.78045 0.66357 0.20775
vn 0.00000 0.93385 -0.35767
vt 1 1
f 6916/6916/6916 6917/6917/6917 6918/6918/6918
usemtl letters
v 0.78638 0.66111 0.20134
vn 0.00000 0.93387 -0.35761
vt 0 0
v 0.78596 0.66111 0.20134
vn 0.00000 0.93387 -0.35761
vt 1 0
v 0.78617 0.66237 0.20462
vn 0.00000 0.93387 -0.35761
vt 1 1
f 6919/6919/6919 6920/6920/6920 6921/6921/6921
usemtl letters
v 0.80738 0.65863 0.19486
vn 0.00002 0.93385 -0.35766
vt 0 0
v 0.80484 0.66415 0.20928
vn 0.00002 0.93385 -0.35766
vt 1 0
v 0.80738 0.66497 0.21142
vn 0.00002 0.93385 -0.35766
vt 1 1
f 6922/6922/6922 6923/6923/6923 6924/6924/6924
usemtl letters
v 0.80484 0.66415 0.20928
vn 0.00000 0.93385 -0.35765
vt 0 0
v 0.79732 0.66497 0.21142
vn 0.00000 0.93385 -0.35765
vt 1 0
v 0.80738 0.66497 0.21142
vn 0.00000 0.93385 -0.35765
vt 1 1
f 6925/6925/6925 6926/6926/6926 6927/6927/6927
usemtl letters
v 0.80484 0.66415 0.20928
vn 0.00000 0.93385 -0.35766
vt 0 0
v 0.79732 0.66415 0.20928
vn 0.00000 0.93385 -0.35766
vt 1 0
v 0.79732 0.66497 0.21142
vn 0.00000 0.93385 -0.35766
vt 1 1
f 6928/6928/6928 6929/6929/6929 6930/6930/6930
usemtl letters
v 0.80738 0.65863 0.19486
vn 0.00000 0.93385 -0.35767
vt 0 0
v 0.80484 0.66224 0.20428
vn 0.00000 0.93385 -0.35767
vt 1 0
v 0.80484 0.66415 0.20928
vn 0.00000 0.93385 -0.35767
vt 1 1
f 6931/6931/6931 6932/6932/6932 6933/6933/6933
usemtl letters
v 0.80738 0.65863 0.19486
vn 0.00012 0.93385 -0.35766
vt 0 0
v 0.80484 0.66142 0.20214
vn 0.00012 0.93385 -0.35766
vt 1 0
v 0.80484 0.66224 0.20428
vn 0.00012 0.93385 -0.35766
vt 1 1
f 6934/6934/6934 6935/6935/6935 6936/6936/6936
usemtl letters
v 0.80484 0.66142 0.20214
vn 0.00000 0.93385 -0.35766
vt 0 0
v 0.79758 0.66224 0.20428
vn 0.00000 0.93385 -0.35766
vt 1 0
v 0.80484 0.66224 0.20428
vn 0.00000 0.93385 -0.35766
vt 1 1
f 6937/6937/6937 6938/6938/6938 6939/6939/6939
usemtl letters
v 0.80484 0.66142 0.20214
vn 0.00000 0.93385 -0.35766
vt 0 0
v 0.79758 0.66142 0.20214
vn 0.00000 0.93385 -0.35766
vt 1 0
v 0.79758 0.66224 0.20428
vn 0.00000 0.93385 -0.35766
vt 1 1
f 6940/6940/6940 6941/6941/6941 6942/6942/6942
usemtl letters
v 0.80738 0.65863 0.19486
vn -0.00003 0.93385 -0.35766
vt 0 0
v 0.80484 0.65945 0.19699
vn -0.00003 0.93385 -0.35766
vt 1 0
v 0.80484 0.66142 0.20214
vn -0.00003 0.93385 -0.35766
vt 1 1
f 6943/6943/6943 6944/6944/6944 6945/6945/6945
usemtl letters
v 0.80738 0.65863 0.19486
vn 0.00000 0.93385 -0.35767
vt 0 0
v 0.79709 0.65945 0.19699
vn 0.00000 0.93385 -0.35767
vt 1 0
v 0.80484 0.65945 0.19699
vn 0.00000 0.93385 -0.35767
vt 1 1
f 6946/6946/6946 6947/6947/6947 6948/6948/6948
usemtl letters
v 0.80738 0.65863 0.19486
vn 0.00000 0.93384 -0.35768
vt 0 0
v 0.79709 0.65863 0.19486
vn 0.00000 0.93384 -0.35768
vt 1 0
v 0.79709 0.65945 0.19699
vn 0.00000 0.93384 -0.35768
vt 1 1
f 6949/6949/6949 6950/6950/6950 6951/6951/6951
usemtl steel
v 0.28484 0.68171 0.21784
vn 0.25882 0.34548 0.90203
vt 0 0
v 0.27500 0.68217 0.21905
vn 0.00000 0.35766 0.93385
vt 1 0
v 0.27500 0.66536 0.22549
vn 0.00000 0.35766 0.93385
vt 1 1
f 6952/6952/6952 6953/6953/6953 6954/6954/6954
usemtl steel
v 0.28484 0.68171 0.21784
vn 0.25882 0.34548 0.90203
vt 0 0
v 0.27500 0.66536 0.22549
vn 0.00000 0.35766 0.93385
vt 1 0
v 0.28484 0.66490 0.22428
vn 0.25882 0.34548 0.90203
vt 1 1
f 6955/6955/6955 6956/6956/6956 6957/6957/6957
usemtl steel
v 0.26516 0.68171 0.21784
vn -0.25882 0.34548 0.90203
vt 0 0
v 0.25600 0.68035 0.21429
vn -0.50000 0.30975 0.80874
vt 1 0
v 0.25600 0.66354 0.22073
vn -0.50000 0.30975 0.80874
vt 1 1
f 6958/6958/6958 6959/6959/6959 6960/6960/6960
usemtl steel
v 0.26516 0.68171 0.21784
vn -0.25882 0.34548 0.90203
vt 0 0
v 0.25600 0.66354 0.22073
vn -0.50000 0.30975 0.80874
vt 1 0
v 0.26516 0.66490 0.22428
vn -0.25882 0.34548 0.90203
vt 1 1
f 6961/6961/6961 6962/6962/6962 6963/6963/6963
usemtl steel
v 0.25600 0.68035 0.21429
vn -0.50000 0.30975 0.80874
vt 0 0
v 0.24813 0.67819 0.20865
vn -0.70711 0.25291 0.66033
vt 1 0
v 0.24813 0.66138 0.21509
vn -0.70711 0.25291 0.66033
vt 1 1
f 6964/6964/6964 6965/6965/6965 6966/6966/6966
usemtl steel
v 0.25600 0.68035 0.21429
vn -0.50000 0.30975 0.80874
vt 0 0
v 0.24813 0.66138 0.21509
vn -0.70711 0.25291 0.66033
vt 1 0
v 0.25600 0.66354 0.22073
vn -0.50000 0.30975 0.80874
vt 1 1
f 6967/6967/6967 6968/6968/6968 6969/6969/6969
usemtl steel
v 0.24813 0.67819 0.20865
vn -0.70711 0.25291 0.66033
vt 0 0
v 0.24209 0.67537 0.20131
vn -0.86602 0.17883 0.46693
vt 1 0
v 0.24209 0.65857 0.20774
vn -0.86602 0.17883 0.46693
vt 1 1
f 6970/6970/6970 6971/6971/6971 6972/6972/6972
usemtl steel
v 0.24813 0.67819 0.20865
vn -0.70711 0.25291 0.66033
vt 0 0
v 0.24209 0.65857 0.20774
vn -0.86602 0.17883 0.46693
vt 1 0
v 0.24813 0.66138 0.21509
vn -0.70711 0.25291 0.66033
vt 1 1
f 6973/6973/6973 6974/6974/6974 6975/6975/6975
usemtl steel
v 0.24209 0.67537 0.20131
vn -0.86602 0.17883 0.46693
vt 0 0
v 0.23829 0.67210 0.19275
vn -0.96593 0.09257 0.24170
vt 1 0
v 0.23829 0.65529 0.19918
vn -0.96593 0.09257 0.24170
vt 1 1
f 6976/6976/6976 6977/6977/6977 6978/6978/6978
usemtl steel
v 0.24209 0.67537 0.20131
vn -0.86602 0.17883 0.46693
vt 0 0
v 0.23829 0.65529 0.19918
vn -0.96593 0.09257 0.24170
vt 1 0
v 0.24209 0.65857 0.20774
vn -0.86602 0.17883 0.46693
vt 1 1
f 6979/6979/6979 6980/6980/6980 6981/6981/6981
usemtl steel
v 0.23829 0.67210 0.19275
vn -0.96593 0.09257 0.24170
vt 0 0
v 0.23700 0.66858 0.18356
vn -1.00000 -0.00000 -0.00000
vt 1 0
v 0.23700 0.65177 0.19000
vn -1.00000 -0.00000 -0.00000
vt 1 1
f 6982/6982/6982 6983/6983/6983 6984/6984/6984
usemtl steel
v 0.23829 0.67210 0.19275
vn -0.96593 0.09257 0.24170
vt 0 0
v 0.23700 0.65177 0.19000
vn -1.00000 -0.00000 -0.00000
vt 1 0
v 0.23829 0.65529 0.19918
vn -0.96593 0.09257 0.24170
vt 1 1
f 6985/6985/6985 6986/6986/6986 6987/6987/6987
usemtl steel
v 0.23700 0.66858 0.18356
vn -1.00000 -0.00000 -0.00000
vt 0 0
v 0.23829 0.66506 0.17438
vn -0.96593 -0.09257 -0.24170
vt 1 0
v 0.23829 0.64825 0.18082
vn -0.96593 -0.09257 -0.24170
vt 1 1
f 6988/6988/6988 6989/6989/6989 6990/6990/6990
usemtl steel
v 0.23700 0.66858 0.18356
vn -1.00000 -0.00000 -0.00000
vt 0 0
v 0.23829 0.64825 0.18082
vn -0.96593 -0.09257 -0.24170
vt 1 0
v 0.23700 0.65177 0.19000
vn -1.00000 -0.00000 -0.00000
vt 1 1
f 6991/6991/6991 6992/6992/6992 6993/6993/6993
usemtl steel
v 0.23829 0.66506 0.17438
vn -0.96593 -0.09257 -0.24170
vt 0 0
v 0.24209 0.66178 0.16582
vn -0.86602 -0.17883 -0.46693
vt 1 0
v 0.24209 0.64497 0.17226
vn -0.86602 -0.17883 -0.46693
vt 1 1
f 6994/6994/6994 6995/6995/6995 6996/6996/6996
usemtl steel
v 0.23829 0.66506 0.17438
vn -0.96593 -0.09257 -0.24170
vt 0 0
v 0.24209 0.64497 0.17226
vn -0.86602 -0.17883 -0.46693
vt 1 0
v 0.23829 0.64825 0.18082
vn -0.96593 -0.09257 -0.24170
vt 1 1
f 6997/6997/6997 6998/6998/6998 6999/6999/6999
usemtl steel
v 0.24209 0.66178 0.16582
vn -0.86602 -0.17883 -0.46693
vt 0 0
v 0.24813 0.65897 0.15847
vn -0.70711 -0.25291 -0.66033
vt 1 0
v 0.24813 0.64216 0.16491
vn -0.70711 -0.25291 -0.66033
vt 1 1
f 7000/7000/7000 7001/7001/7001 7002/7002/7002
usemtl steel
v 0.24209 0.66178 0.16582
vn -0.86602 -0.17883 -0.46693
vt 0 0
v 0.24813 0.64216 0.16491
vn -0.70711 -0.25291 -0.66033
vt 1 0
v 0.24209 0.64497 0.17226
vn -0.86602 -0.17883 -0.46693
vt 1 1
f 7003/7003/7003 7004/7004/7004 7005/7005/7005
usemtl steel
v 0.24813 0.65897 0.15847
vn -0.70711 -0.25291 -0.66033
vt 0 0
v 0.25600 0.65681 0.15283
vn -0.50000 -0.30975 -0.80874
vt 1 0
v 0.25600 0.64000 0.15927
vn -0.50000 -0.30975 -0.80874
vt 1 1
f 7006/7006/7006 7007/7007/7007 7008/7008/7008
usemtl steel
v 0.24813 0.65897 0.15847
vn -0.70711 -0.25291 -0.66033
vt 0 0
v 0.25600 0.64000 0.15927
vn -0.50000 -0.30975 -0.80874
vt 1 0
v 0.24813 0.64216 0.16491
vn -0.70711 -0.25291 -0.66033
vt 1 1
f 7009/7009/7009 7010/7010/7010 7011/7011/7011
usemtl steel
v 0.25600 0.65681 0.15283
vn -0.50000 -0.30975 -0.80874
vt 0 0
v 0.26516 0.65545 0.14928
vn -0.25882 -0.34548 -0.90203
vt 1 0
v 0.26516 0.63864 0.15572
vn -0.25882 -0.34548 -0.90203
vt 1 1
f 7012/7012/7012 7013/7013/7013 7014/7014/7014
usemtl steel
v 0.25600 0.65681 0.15283
vn -0.50000 -0.30975 -0.80874
vt 0 0
v 0.26516 0.63864 0.15572
vn -0.25882 -0.34548 -0.90203
vt 1 0
v 0.25600 0.64000 0.15927
vn -0.50000 -0.30975 -0.80874
vt 1 1
f 7015/7015/7015 7016/7016/7016 7017/7017/7017
usemtl steel
v 0.26516 0.65545 0.14928
vn -0.25882 -0.34548 -0.90203
vt 0 0
v 0.27500 0.65499 0.14808
vn 0.00000 -0.35767 -0.93385
vt 1 0
v 0.27500 0.63818 0.15451
vn 0.00000 -0.35767 -0.93385
vt 1 1
f 7018/7018/7018 7019/7019/7019 7020/7020/7020
usemtl steel
v 0.26516 0.65545 0.14928
vn -0.25882 -0.34548 -0.90203
vt 0 0
v 0.27500 0.63818 0.15451
vn 0.00000 -0.35767 -0.93385
vt 1 0
v 0.26516 0.63864 0.15572
vn -0.25882 -0.34548 -0.90203
vt 1 1
f 7021/7021/7021 7022/7022/7022 7023/7023/7023
usemtl steel
v 0.27500 0.65499 0.14808
vn 0.00000 -0.35767 -0.93385
vt 0 0
v 0.28484 0.65545 0.14928
vn 0.25882 -0.34548 -0.90203
vt 1 0
v 0.28484 0.63864 0.15572
vn 0.25882 -0.34548 -0.90203
vt 1 1
f 7024/7024/7024 7025/7025/7025 7026/7026/7026
usemtl steel
v 0.27500 0.65499 0.14808
vn 0.00000 -0.35767 -0.93385
vt 0 0
v 0.28484 0.63864 0.15572
vn 0.25882 -0.34548 -0.90203
vt 1 0
v 0.27500 0.63818 0.15451
vn 0.00000 -0.35767 -0.93385
vt 1 1
f 7027/7027/7027 7028/7028/7028 7029/7029/7029
usemtl steel
v 0.28484 0.65545 0.14928
vn 0.25882 -0.34548 -0.90203
vt 0 0
v 0.29400 0.65681 0.15283
vn 0.50000 -0.30975 -0.80874
vt 1 0
v 0.29400 0.64000 0.15927
vn 0.50000 -0.30975 -0.80874
vt 1 1
f 7030/7030/7030 7031/7031/7031 7032/7032/7032
usemtl steel
v 0.28484 0.65545 0.14928
vn 0.25882 -0.34548 -0.90203
vt 0 0
v 0.29400 0.64000 0.15927
vn 0.50000 -0.30975 -0.80874
vt 1 0
v 0.28484 0.63864 0.15572
vn 0.25882 -0.34548 -0.90203
vt 1 1
f 7033/7033/7033 7034/7034/7034 7035/7035/7035
usemtl steel
v 0.29400 0.65681 0.15283
vn 0.50000 -0.30975 -0.80874
vt 0 0
v 0.30187 0.65897 0.15847
vn 0.70711 -0.25291 -0.66033
vt 1 0
v 0.30187 0.64216 0.16491
vn 0.70711 -0.25291 -0.66033
vt 1 1
f 7036/7036/7036 7037/7037/7037 7038/7038/7038
usemtl steel
v 0.29400 0.65681 0.15283
vn 0.50000 -0.30975 -0.80874
vt 0 0
v 0.30187 0.64216 0.16491
vn 0.70711 -0.25291 -0.66033
vt 1 0
v 0.29400 0.64000 0.15927
vn 0.50000 -0.30975 -0.80874
vt 1 1
f 7039/7039/7039 7040/7040/7040 7041/7041/7041
usemtl steel
v 0.30187 0.65897 0.15847
vn 0.70711 -0.25291 -0.66033
vt 0 0
v 0.30791 0.66178 0.16582
vn 0.86602 -0.17883 -0.46693
vt 1 0
v 0.30791 0.64497 0.17226
vn 0.86602 -0.17883 -0.46693
vt 1 1
f 7042/7042/7042 7043/7043/7043 7044/7044/7044
usemtl steel
v 0.30187 0.65897 0.15847
vn 0.70711 -0.25291 -0.66033
vt 0 0
v 0.30791 0.64497 0.17226
vn 0.86602 -0.17883 -0.46693
vt 1 0
v 0.30187 0.64216 0.16491
vn 0.70711 -0.25291 -0.66033
vt 1 1
f 7045/7045/7045 7046/7046/7046 7047/7047/7047
usemtl steel
v 0.30791 0.66178 0.16582
vn 0.86602 -0.17883 -0.46693
vt 0 0
v 0.31171 0.66506 0.17438
vn 0.96593 -0.09257 -0.24170
vt 1 0
v 0.31171 0.64825 0.18082
vn 0.96593 -0.09257 -0.24170
vt 1 1
f 7048/7048/7048 7049/7049/7049 7050/7050/7050
usemtl steel
v 0.30791 0.66178 0.16582
vn 0.86602 -0.17883 -0.46693
vt 0 0
v 0.31171 0.64825 0.18082
vn 0.96593 -0.09257 -0.24170
vt 1 0
v 0.30791 0.64497 0.17226
vn 0.86602 -0.17883 -0.46693
vt 1 1
f 7051/7051/7051 7052/7052/7052 7053/7053/7053
usemtl steel
v 0.31171 0.66506 0.17438
vn 0.96593 -0.09257 -0.24170
vt 0 0
v 0.31300 0.66858 0.18356
vn 1.00000 -0.00000 -0.00000
vt 1 0
v 0.31300 0.65177 0.19000
vn 1.00000 0.00000 0.00000
vt 1 1
f 7054/7054/7054 7055/7055/7055 7056/7056/7056
usemtl steel
v 0.31171 0.66506 0.17438
vn 0.96593 -0.09257 -0.24170
vt 0 0
v 0.31300 0.65177 0.19000
vn 1.00000 0.00000 0.00000
vt 1 0
v 0.31171 0.64825 0.18082
vn 0.96593 -0.09257 -0.24170
vt 1 1
f 7057/7057/7057 7058/7058/7058 7059/7059/7059
usemtl steel
v 0.31300 0.66858 0.18356
vn 1.00000 -0.00000 -0.00000
vt 0 0
v 0.31171 0.67210 0.19275
vn 0.96593 0.09257 0.24170
vt 1 0
v 0.31171 0.65529 0.19918
vn 0.96593 0.09257 0.24170
vt 1 1
f 7060/7060/7060 7061/7061/7061 7062/7062/7062
usemtl steel
v 0.31300 0.66858 0.18356
vn 1.00000 -0.00000 -0.00000
vt 0 0
v 0.31171 0.65529 0.19918
vn 0.96593 0.09257 0.24170
vt 1 0
v 0.31300 0.65177 0.19000
vn 1.00000 0.00000 0.00000
vt 1 1
f 7063/7063/7063 7064/7064/7064 7065/7065/7065
usemtl steel
v 0.31171 0.67210 0.19275
vn 0.96593 0.09257 0.24170
vt 0 0
v 0.30791 0.67537 0.20131
vn 0.86602 0.17883 0.46693
vt 1 0
v 0.30791 0.65857 0.20774
vn 0.86602 0.17883 0.46693
vt 1 1
f 7066/7066/7066 7067/7067/7067 7068/7068/7068
usemtl steel
v 0.31171 0.67210 0.19275
vn 0.96593 0.09257 0.24170
vt 0 0
v 0.30791 0.65857 0.20774
vn 0.86602 0.17883 0.46693
vt 1 0
v 0.31171 0.65529 0.19918
vn 0.96593 0.09257 0.24170
vt 1 1
f 7069/7069/7069 7070/7070/7070 7071/7071/7071
usemtl steel
v 0.30791 0.67537 0.20131
vn 0.86602 0.17883 0.46693
vt 0 0
v 0.30187 0.67819 0.20865
vn 0.70711 0.25291 0.66033
vt 1 0
v 0.30187 0.66138 0.21509
vn 0.70711 0.25291 0.66033
vt 1 1
f 7072/7072/7072 7073/7073/7073 7074/7074/7074
usemtl steel
v 0.30791 0.67537 0.20131
vn 0.86602 0.17883 0.46693
vt 0 0
v 0.30187 0.66138 0.21509
vn 0.70711 0.25291 0.66033
vt 1 0
v 0.30791 0.65857 0.20774
vn 0.86602 0.17883 0.46693
vt 1 1
f 7075/7075/7075 7076/7076/7076 7077/7077/7077
usemtl steel
v 0.30187 0.67819 0.20865
vn 0.70711 0.25291 0.66033
vt 0 0
v 0.29400 0.68035 0.21429
vn 0.50000 0.30975 0.80874
vt 1 0
v 0.29400 0.66354 0.22073
vn 0.50000 0.30975 0.80874
vt 1 1
f 7078/7078/7078 7079/7079/7079 7080/7080/7080
usemtl steel
v 0.30187 0.67819 0.20865
vn 0.70711 0.25291 0.66033
vt 0 0
v 0.29400 0.66354 0.22073
vn 0.50000 0.30975 0.80874
vt 1 0
v 0.30187 0.66138 0.21509
vn 0.70711 0.25291 0.66033
vt 1 1
f 7081/7081/7081 7082/7082/7082 7083/7083/7083
usemtl steel
v 0.26516 0.68171 0.21784
vn -0.00000 0.93385 -0.35766
vt 0 0
v 0.27500 0.68217 0.21905
vn -0.00000 0.93385 -0.35766
vt 1 0
v 0.28484 0.68171 0.21784
vn -0.00000 0.93385 -0.35766
vt 1 1
f 7084/7084/7084 7085/7085/7085 7086/7086/7086
usemtl steel
v 0.28484 0.68171 0.21784
vn -0.00000 0.93385 -0.35766
vt 0 0
v 0.29400 0.68035 0.21429
vn -0.00000 0.93385 -0.35766
vt 1 0
v 0.30187 0.67819 0.20865
vn -0.00000 0.93385 -0.35766
vt 1 1
f 7087/7087/7087 7088/7088/7088 7089/7089/7089
usemtl steel
v 0.30187 0.67819 0.20865
vn -0.00000 0.93385 -0.35766
vt 0 0
v 0.30791 0.67537 0.20131
vn -0.00000 0.93385 -0.35766
vt 1 0
v 0.31171 0.67210 0.19275
vn -0.00000 0.93385 -0.35766
vt 1 1
f 7090/7090/7090 7091/7091/7091 7092/7092/7092
usemtl steel
v 0.31171 0.67210 0.19275
vn -0.00000 0.93385 -0.35766
vt 0 0
v 0.31300 0.66858 0.18356
vn -0.00000 0.93385 -0.35766
vt 1 0
v 0.31171 0.66506 0.17438
vn -0.00000 0.93385 -0.35766
vt 1 1
f 7093/7093/7093 7094/7094/7094 7095/7095/7095
usemtl steel
v 0.31171 0.66506 0.17438
vn -0.00000 0.93385 -0.35766
vt 0 0
v 0.30791 0.66178 0.16582
vn -0.00000 0.93385 -0.35766
vt 1 0
v 0.30187 0.65897 0.15847
vn -0.00000 0.93385 -0.35766
vt 1 1
f 7096/7096/7096 7097/7097/7097 7098/7098/7098
usemtl steel
v 0.30187 0.65897 0.15847
vn -0.00000 0.93385 -0.35766
vt 0 0
v 0.29400 0.65681 0.15283
vn -0.00000 0.93385 -0.35766
vt 1 0
v 0.28484 0.65545 0.14928
vn -0.00000 0.93385 -0.35766
vt 1 1
f 7099/7099/7099 7100/7100/7100 7101/7101/7101
usemtl steel
v 0.28484 0.65545 0.14928
vn -0.00000 0.93385 -0.35766
vt 0 0
v 0.27500 0.65499 0.14808
vn -0.00000 0.93385 -0.35766
vt 1 0
v 0.26516 0.65545 0.14928
vn -0.00000 0.93385 -0.35766
vt 1 1
f 7102/7102/7102 7103/7103/7103 7104/7104/7104
usemtl steel
v 0.26516 0.65545 0.14928
vn -0.00000 0.93385 -0.35766
vt 0 0
v 0.25600 0.65681 0.15283
vn -0.00000 0.93385 -0.35766
vt 1 0
v 0.24813 0.65897 0.15847
vn -0.00000 0.93385 -0.35766
vt 1 1
f 7105/7105/7105 7106/7106/7106 7107/7107/7107
usemtl steel
v 0.24813 0.65897 0.15847
vn -0.00000 0.93385 -0.35766
vt 0 0
v 0.24209 0.66178 0.16582
vn -0.00000 0.93385 -0.35766
vt 1 0
v 0.23829 0.66506 0.17438
vn -0.00000 0.93385 -0.35766
vt 1 1
f 7108/7108/7108 7109/7109/7109 7110/7110/7110
usemtl steel
v 0.23829 0.66506 0.17438
vn -0.00000 0.93385 -0.35766
vt 0 0
v 0.23700 0.66858 0.18356
vn -0.00000 0.93385 -0.35766
vt 1 0
v 0.23829 0.67210 0.19275
vn -0.00000 0.93385 -0.35766
vt 1 1
f 7111/7111/7111 7112/7112/7112 7113/7113/7113
usemtl steel
v 0.23829 0.67210 0.19275
vn -0.00000 0.93385 -0.35766
vt 0 0
v 0.24209 0.67537 0.20131
vn -0.00000 0.93385 -0.35766
vt 1 0
v 0.24813 0.67819 0.20865
vn -0.00000 0.93385 -0.35766
vt 1 1
f 7114/7114/7114 7115/7115/7115 7116/7116/7116
usemtl steel
v 0.24813 0.67819 0.20865
vn -0.00000 0.93385 -0.35766
vt 0 0
v 0.25600 0.68035 0.21429
vn -0.00000 0.93385 -0.35766
vt 1 0
v 0.26516 0.68171 0.21784
vn -0.00000 0.93385 -0.35766
vt 1 1
f 7117/7117/7117 7118/7118/7118 7119/7119/7119
usemtl steel
v 0.26516 0.68171 0.21784
vn -0.00000 0.93385 -0.35766
vt 0 0
v 0.28484 0.68171 0.21784
vn -0.00000 0.93385 -0.35766
vt 1 0
v 0.30187 0.67819 0.20865
vn -0.00000 0.93385 -0.35766
vt 1 1
f 7120/7120/7120 7121/7121/7121 7122/7122/7122
usemtl steel
v 0.30187 0.67819 0.20865
vn -0.00000 0.93385 -0.35766
vt 0 0
v 0.31171 0.67210 0.19275
vn -0.00000 0.93385 -0.35766
vt 1 0
v 0.31171 0.66506 0.17438
vn -0.00000 0.93385 -0.35766
vt 1 1
f 7123/7123/7123 7124/7124/7124 7125/7125/7125
usemtl steel
v 0.31171 0.66506 0.17438
vn -0.00000 0.93385 -0.35766
vt 0 0
v 0.30187 0.65897 0.15847
vn -0.00000 0.93385 -0.35766
vt 1 0
v 0.28484 0.65545 0.14928
vn -0.00000 0.93385 -0.35766
vt 1 1
f 7126/7126/7126 7127/7127/7127 7128/7128/7128
usemtl steel
v 0.28484 0.65545 0.14928
vn -0.00000 0.93385 -0.35766
vt 0 0
v 0.26516 0.65545 0.14928
vn -0.00000 0.93385 -0.35766
vt 1 0
v 0.24813 0.65897 0.15847
vn -0.00000 0.93385 -0.35766
vt 1 1
f 7129/7129/7129 7130/7130/7130 7131/7131/7131
usemtl steel
v 0.24813 0.65897 0.15847
vn -0.00000 0.93385 -0.35766
vt 0 0
v 0.23829 0.66506 0.17438
vn -0.00000 0.93385 -0.35766
vt 1 0
v 0.23829 0.67210 0.19275
vn -0.00000 0.93385 -0.35766
vt 1 1
f 7132/7132/7132 7133/7133/7133 7134/7134/7134
usemtl steel
v 0.23829 0.67210 0.19275
vn -0.00000 0.93385 -0.35766
vt 0 0
v 0.24813 0.67819 0.20865
vn -0.00000 0.93385 -0.35766
vt 1 0
v 0.26516 0.68171 0.21784
vn -0.00000 0.93385 -0.35766
vt 1 1
f 7135/7135/7135 7136/7136/7136 7137/7137/7137
usemtl steel
v 0.26516 0.68171 0.21784
vn -0.00000 0.93385 -0.35766
vt 0 0
v 0.30187 0.67819 0.20865
vn -0.00000 0.93385 -0.35766
vt 1 0
v 0.31171 0.66506 0.17438
vn -0.00000 0.93385 -0.35766
vt 1 1
f 7138/7138/7138 7139/7139/7139 7140/7140/7140
usemtl steel
v 0.31171 0.66506 0.17438
vn -0.00000 0.93385 -0.35766
vt 0 0
v 0.28484 0.65545 0.14928
vn -0.00000 0.93385 -0.35766
vt 1 0
v 0.24813 0.65897 0.15847
vn -0.00000 0.93385 -0.35766
vt 1 1
f 7141/7141/7141 7142/7142/7142 7143/7143/7143
usemtl steel
v 0.24813 0.65897 0.15847
vn -0.00000 0.93385 -0.35766
vt 0 0
v 0.23829 0.67210 0.19275
vn -0.00000 0.93385 -0.35766
vt 1 0
v 0.26516 0.68171 0.21784
vn -0.00000 0.93385 -0.35766
vt 1 1
f 7144/7144/7144 7145/7145/7145 7146/7146/7146
usemtl steel
v 0.31171 0.66506 0.17438
vn -0.00000 0.93385 -0.35766
vt 0 0
v 0.24813 0.65897 0.15847
vn -0.00000 0.93385 -0.35766
vt 1 0
v 0.26516 0.68171 0.21784
vn -0.00000 0.93385 -0.35766
vt 1 1
f 7147/7147/7147 7148/7148/7148 7149/7149/7149
usemtl steel
v 0.29400 0.68035 0.21429
vn 0.50000 0.30975 0.80874
vt 0 0
v 0.28484 0.68171 0.21784
vn 0.25882 0.34548 0.90203
vt 1 0
v 0.28484 0.66490 0.22428
vn 0.25882 0.34548 0.90203
vt 1 1
f 7150/7150/7150 7151/7151/7151 7152/7152/7152
usemtl steel
v 0.29400 0.68035 0.21429
vn 0.50000 0.30975 0.80874
vt 0 0
v 0.28484 0.66490 0.22428
vn 0.25882 0.34548 0.90203
vt 1 0
v 0.29400 0.66354 0.22073
vn 0.50000 0.30975 0.80874
vt 1 1
f 7153/7153/7153 7154/7154/7154 7155/7155/7155
usemtl steel
v 0.28484 0.66490 0.22428
vn -0.00000 -0.93385 0.35766
vt 0 0
v 0.27500 0.66536 0.22549
vn -0.00000 -0.93385 0.35766
vt 1 0
v 0.26516 0.66490 0.22428
vn -0.00000 -0.93385 0.35766
vt 1 1
f 7156/7156/7156 7157/7157/7157 7158/7158/7158
usemtl steel
v 0.26516 0.66490 0.22428
vn -0.00000 -0.93385 0.35766
vt 0 0
v 0.25600 0.66354 0.22073
vn -0.00000 -0.93385 0.35766
vt 1 0
v 0.24813 0.66138 0.21509
vn -0.00000 -0.93385 0.35766
vt 1 1
f 7159/7159/7159 7160/7160/7160 7161/7161/7161
usemtl steel
v 0.24813 0.66138 0.21509
vn -0.00000 -0.93385 0.35766
vt 0 0
v 0.24209 0.65857 0.20774
vn -0.00000 -0.93385 0.35766
vt 1 0
v 0.23829 0.65529 0.19918
vn -0.00000 -0.93385 0.35766
vt 1 1
f 7162/7162/7162 7163/7163/7163 7164/7164/7164
usemtl steel
v 0.23829 0.65529 0.19918
vn -0.00000 -0.93385 0.35766
vt 0 0
v 0.23700 0.65177 0.19000
vn -0.00000 -0.93385 0.35766
vt 1 0
v 0.23829 0.64825 0.18082
vn -0.00000 -0.93385 0.35766
vt 1 1
f 7165/7165/7165 7166/7166/7166 7167/7167/7167
usemtl steel
v 0.23829 0.64825 0.18082
vn -0.00000 -0.93385 0.35766
vt 0 0
v 0.24209 0.64497 0.17226
vn -0.00000 -0.93385 0.35766
vt 1 0
v 0.24813 0.64216 0.16491
vn -0.00000 -0.93385 0.35766
vt 1 1
f 7168/7168/7168 7169/7169/7169 7170/7170/7170
usemtl steel
v 0.24813 0.64216 0.16491
vn -0.00000 -0.93385 0.35766
vt 0 0
v 0.25600 0.64000 0.15927
vn -0.00000 -0.93385 0.35766
vt 1 0
v 0.26516 0.63864 0.15572
vn -0.00000 -0.93385 0.35766
vt 1 1
f 7171/7171/7171 7172/7172/7172 7173/7173/7173
usemtl steel
v 0.26516 0.63864 0.15572
vn -0.00000 -0.93385 0.35766
vt 0 0
v 0.27500 0.63818 0.15451
vn -0.00000 -0.93385 0.35766
vt 1 0
v 0.28484 0.63864 0.15572
vn -0.00000 -0.93385 0.35766
vt 1 1
f 7174/7174/7174 7175/7175/7175 7176/7176/7176
usemtl steel
v 0.28484 0.63864 0.15572
vn -0.00000 -0.93385 0.35766
vt 0 0
v 0.29400 0.64000 0.15927
vn -0.00000 -0.93385 0.35766
vt 1 0
v 0.30187 0.64216 0.16491
vn -0.00000 -0.93385 0.35766
vt 1 1
f 7177/7177/7177 7178/7178/7178 7179/7179/7179
usemtl steel
v 0.30187 0.64216 0.16491
vn -0.00000 -0.93385 0.35766
vt 0 0
v 0.30791 0.64497 0.17226
vn -0.00000 -0.93385 0.35766
vt 1 0
v 0.31171 0.64825 0.18082
vn -0.00000 -0.93385 0.35766
vt 1 1
f 7180/7180/7180 7181/7181/7181 7182/7182/7182
usemtl steel
v 0.31171 0.64825 0.18082
vn -0.00000 -0.93385 0.35766
vt 0 0
v 0.31300 0.65177 0.19000
vn -0.00000 -0.93385 0.35766
vt 1 0
v 0.31171 0.65529 0.19918
vn -0.00000 -0.93385 0.35766
vt 1 1
f 7183/7183/7183 7184/7184/7184 7185/7185/7185
usemtl steel
v 0.31171 0.65529 0.19918
vn -0.00000 -0.93385 0.35766
vt 0 0
v 0.30791 0.65857 0.20774
vn -0.00000 -0.93385 0.35766
vt 1 0
v 0.30187 0.66138 0.21509
vn -0.00000 -0.93385 0.35766
vt 1 1
f 7186/7186/7186 7187/7187/7187 7188/7188/7188
usemtl steel
v 0.30187 0.66138 0.21509
vn -0.00000 -0.93385 0.35766
vt 0 0
v 0.29400 0.66354 0.22073
vn -0.00000 -0.93385 0.35766
vt 1 0
v 0.28484 0.66490 0.22428
vn -0.00000 -0.93385 0.35766
vt 1 1
f 7189/7189/7189 7190/7190/7190 7191/7191/7191
usemtl steel
v 0.28484 0.66490 0.22428
vn -0.00000 -0.93385 0.35766
vt 0 0
v 0.26516 0.66490 0.22428
vn -0.00000 -0.93385 0.35766
vt 1 0
v 0.24813 0.66138 0.21509
vn -0.00000 -0.93385 0.35766
vt 1 1
f 7192/7192/7192 7193/7193/7193 7194/7194/7194
usemtl steel
v 0.24813 0.66138 0.21509
vn -0.00000 -0.93385 0.35766
vt 0 0
v 0.23829 0.65529 0.19918
vn -0.00000 -0.93385 0.35766
vt 1 0
v 0.23829 0.64825 0.18082
vn -0.00000 -0.93385 0.35766
vt 1 1
f 7195/7195/7195 7196/7196/7196 7197/7197/7197
usemtl steel
v 0.23829 0.64825 0.18082
vn -0.00000 -0.93385 0.35766
vt 0 0
v 0.24813 0.64216 0.16491
vn -0.00000 -0.93385 0.35766
vt 1 0
v 0.26516 0.63864 0.15572
vn -0.00000 -0.93385 0.35766
vt 1 1
f 7198/7198/7198 7199/7199/7199 7200/7200/7200
usemtl steel
v 0.26516 0.63864 0.15572
vn -0.00000 -0.93385 0.35766
vt 0 0
v 0.28484 0.63864 0.15572
vn -0.00000 -0.93385 0.35766
vt 1 0
v 0.30187 0.64216 0.16491
vn -0.00000 -0.93385 0.35766
vt 1 1
f 7201/7201/7201 7202/7202/7202 7203/7203/7203
usemtl steel
v 0.30187 0.64216 0.16491
vn -0.00000 -0.93385 0.35766
vt 0 0
v 0.31171 0.64825 0.18082
vn -0.00000 -0.93385 0.35766
vt 1 0
v 0.31171 0.65529 0.19918
vn -0.00000 -0.93385 0.35766
vt 1 1
f 7204/7204/7204 7205/7205/7205 7206/7206/7206
usemtl steel
v 0.31171 0.65529 0.19918
vn -0.00000 -0.93385 0.35766
vt 0 0
v 0.30187 0.66138 0.21509
vn -0.00000 -0.93385 0.35766
vt 1 0
v 0.28484 0.66490 0.22428
vn -0.00000 -0.93385 0.35766
vt 1 1
f 7207/7207/7207 7208/7208/7208 7209/7209/7209
usemtl steel
v 0.28484 0.66490 0.22428
vn -0.00000 -0.93385 0.35766
vt 0 0
v 0.24813 0.66138 0.21509
vn -0.00000 -0.93385 0.35766
vt 1 0
v 0.23829 0.64825 0.18082
vn -0.00000 -0.93385 0.35766
vt 1 1
f 7210/7210/7210 7211/7211/7211 7212/7212/7212
usemtl steel
v 0.23829 0.64825 0.18082
vn -0.00000 -0.93385 0.35766
vt 0 0
v 0.26516 0.63864 0.15572
vn -0.00000 -0.93385 0.35766
vt 1 0
v 0.30187 0.64216 0.16491
vn -0.00000 -0.93385 0.35766
vt 1 1
f 7213/7213/7213 7214/7214/7214 7215/7215/7215
usemtl steel
v 0.30187 0.64216 0.16491
vn -0.00000 -0.93385 0.35766
vt 0 0
v 0.31171 0.65529 0.19918
vn -0.00000 -0.93385 0.35766
vt 1 0
v 0.28484 0.66490 0.22428
vn -0.00000 -0.93385 0.35766
vt 1 1
f 7216/7216/7216 7217/7217/7217 7218/7218/7218
usemtl steel
v 0.23829 0.64825 0.18082
vn -0.00000 -0.93385 0.35766
vt 0 0
v 0.30187 0.64216 0.16491
vn -0.00000 -0.93385 0.35766
vt 1 0
v 0.28484 0.66490 0.22428
vn -0.00000 -0.93385 0.35766
vt 1 1
f 7219/7219/7219 7220/7220/7220 7221/7221/7221
usemtl steel
v 0.27500 0.68217 0.21905
vn 0.00000 0.35766 0.93385
vt 0 0
v 0.26516 0.68171 0.21784
vn -0.25882 0.34548 0.90203
vt 1 0
v 0.26516 0.66490 0.22428
vn -0.25882 0.34548 0.90203
vt 1 1
f 7222/7222/7222 7223/7223/7223 7224/7224/7224
usemtl steel
v 0.27500 0.68217 0.21905
vn 0.00000 0.35766 0.93385
vt 0 0
v 0.26516 0.66490 0.22428
vn -0.25882 0.34548 0.90203
vt 1 0
v 0.27500 0.66536 0.22549
vn 0.00000 0.35766 0.93385
vt 1 1
f 7225/7225/7225 7226/7226/7226 7227/7227/7227
usemtl letters
v 0.25682 0.61781 0.08828
vn 0.00000 0.93385 -0.35767
vt 0 0
v 0.25447 0.62291 0.10159
vn 0.00000 0.93385 -0.35767
vt 1 0
v 0.25682 0.62366 0.10356
vn 0.00000 0.93385 -0.35767
vt 1 1
f 7228/7228/7228 7229/7229/7229 7230/7230/7230
usemtl letters
v 0.25447 0.62291 0.10159
vn 0.00000 0.93384 -0.35768
vt 0 0
v 0.25171 0.62366 0.10356
vn 0.00000 0.93384 -0.35768
vt 1 0
v 0.25682 0.62366 0.10356
vn 0.00000 0.93384 -0.35768
vt 1 1
f 7231/7231/7231 7232/7232/7232 7233/7233/7233
usemtl letters
v 0.25447 0.62291 0.10159
vn 0.00000 0.93384 -0.35768
vt 0 0
v 0.24776 0.62317 0.10227
vn 0.00000 0.93384 -0.35768
vt 1 0
v 0.25171 0.62366 0.10356
vn 0.00000 0.93384 -0.35768
vt 1 1
f 7234/7234/7234 7235/7235/7235 7236/7236/7236
usemtl letters
v 0.25447 0.62291 0.10159
vn 0.00000 0.93382 -0.35775
vt 0 0
v 0.25171 0.62291 0.10159
vn 0.00000 0.93382 -0.35775
vt 1 0
v 0.24776 0.62317 0.10227
vn 0.00000 0.93382 -0.35775
vt 1 1
f 7237/7237/7237 7238/7238/7238 7239/7239/7239
usemtl letters
v 0.25171 0.62291 0.10159
vn 0.00002 0.93386 -0.35764
vt 0 0
v 0.24951 0.62262 0.10084
vn 0.00002 0.93386 -0.35764
vt 1 0
v 0.24776 0.62317 0.10227
vn 0.00002 0.93386 -0.35764
vt 1 1
f 7240/7240/7240 7241/7241/7241 7242/7242/7242
usemtl letters
v 0.24951 0.62262 0.10084
vn 0.00000 0.93385 -0.35766
vt 0 0
v 0.24650 0.62198 0.09917
vn 0.00000 0.93385 -0.35766
vt 1 0
v 0.24776 0.62317 0.10227
vn 0.00000 0.93385 -0.35766
vt 1 1
f 7243/7243/7243 7244/7244/7244 7245/7245/7245
usemtl letters
v 0.25682 0.61781 0.08828
vn 0.00000 0.93385 -0.35766
vt 0 0
v 0.25447 0.62110 0.09686
vn 0.00000 0.93385 -0.35766
vt 1 0
v 0.25447 0.62291 0.10159
vn 0.00000 0.93385 -0.35766
vt 1 1
f 7246/7246/7246 7247/7247/7247 7248/7248/7248
usemtl letters
v 0.24892 0.62202 0.09926
vn 0.00000 0.93384 -0.35768
vt 0 0
v 0.24650 0.62198 0.09917
vn 0.00000 0.93384 -0.35768
vt 1 0
v 0.24951 0.62262 0.10084
vn 0.00000 0.93384 -0.35768
vt 1 1
f 7249/7249/7249 7250/7250/7250 7251/7251/7251
usemtl letters
v 0.24971 0.62134 0.09749
vn 0.00001 0.93385 -0.35766
vt 0 0
v 0.24650 0.62198 0.09917
vn 0.00001 0.93385 -0.35766
vt 1 0
v 0.24892 0.62202 0.09926
vn 0.00001 0.93385 -0.35766
vt 1 1
f 7252/7252/7252 7253/7253/7253 7254/7254/7254
usemtl letters
v 0.24971 0.62134 0.09749
vn -0.00003 0.93385 -0.35766
vt 0 0
v 0.24784 0.62082 0.09613
vn -0.00003 0.93385 -0.35766
vt 1 0
v 0.24650 0.62198 0.09917
vn -0.00003 0.93385 -0.35766
vt 1 1
f 7255/7255/7255 7256/7256/7256 7257/7257/7257
usemtl letters
v 0.25180 0.62110 0.09686
vn 0.00003 0.93385 -0.35768
vt 0 0
v 0.24784 0.62082 0.09613
vn 0.00003 0.93385 -0.35768
vt 1 0
v 0.24971 0.62134 0.09749
vn 0.00003 0.93385 -0.35768
vt 1 1
f 7258/7258/7258 7259/7259/7259 7260/7260/7260
usemtl letters
v 0.25682 0.61781 0.08828
vn 0.00005 0.93385 -0.35766
vt 0 0
v 0.25447 0.62034 0.09489
vn 0.00005 0.93385 -0.35766
vt 1 0
v 0.25447 0.62110 0.09686
vn 0.00005 0.93385 -0.35766
vt 1 1
f 7261/7261/7261 7262/7262/7262 7263/7263/7263
usemtl letters
v 0.25447 0.62034 0.09489
vn 0.00000 0.93386 -0.35765
vt 0 0
v 0.25180 0.62110 0.09686
vn 0.00000 0.93386 -0.35765
vt 1 0
v 0.25447 0.62110 0.09686
vn 0.00000 0.93386 -0.35765
vt 1 1
f 7264/7264/7264 7265/7265/7265 7266/7266/7266
usemtl letters
v 0.25447 0.62034 0.09489
vn -0.00001 0.93385 -0.35767
vt 0 0
v 0.24784 0.62082 0.09613
vn -0.00001 0.93385 -0.35767
vt 1 0
v 0.25180 0.62110 0.09686
vn -0.00001 0.93385 -0.35767
vt 1 1
f 7267/7267/7267 7268/7268/7268 7269/7269/7269
usemtl letters
v 0.25447 0.62034 0.09489
vn 0.00000 0.93385 -0.35767
vt 0 0
v 0.25202 0.62034 0.09489
vn 0.00000 0.93385 -0.35767
vt 1 0
v 0.24784 0.62082 0.09613
vn 0.00000 0.93385 -0.35767
vt 1 1
f 7270/7270/7270 7271/7271/7271 7272/7272/7272
usemtl letters
v 0.25682 0.61781 0.08828
vn 0.00000 0.93385 -0.35766
vt 0 0
v 0.25447 0.61781 0.08828
vn 0.00000 0.93385 -0.35766
vt 1 0
v 0.25447 0.62034 0.09489
vn 0.00000 0.93385 -0.35766
vt 1 1
f 7273/7273/7273 7274/7274/7274 7275/7275/7275
usemtl letters
v 0.27477 0.62285 0.10143
vn 0.00000 0.93384 -0.35768
vt 0 0
v 0.26839 0.62297 0.10175
vn 0.00000 0.93384 -0.35768
vt 1 0
v 0.26839 0.62374 0.10376
vn 0.00000 0.93384 -0.35768
vt 1 1
f 7276/7276/7276 7277/7277/7277 7278/7278/7278
usemtl letters
v 0.26839 0.62297 0.10175
vn 0.00002 0.93384 -0.35769
vt 0 0
v 0.26196 0.62285 0.10144
vn 0.00002 0.93384 -0.35769
vt 1 0
v 0.26839 0.62374 0.10376
vn 0.00002 0.93384 -0.35769
vt 1 1
f 7279/7279/7279 7280/7280/7280 7281/7281/7281
usemtl letters
v 0.27477 0.62285 0.10143
vn -0.00002 0.93385 -0.35767
vt 0 0
v 0.27294 0.62234 0.10009
vn -0.00002 0.93385 -0.35767
vt 1 0
v 0.26839 0.62297 0.10175
vn -0.00002 0.93385 -0.35767
vt 1 1
f 7282/7282/7282 7283/7283/7283 7284/7284/7284
usemtl letters
v 0.26382 0.62234 0.10009
vn 0.00001 0.93386 -0.35765
vt 0 0
v 0.26196 0.62285 0.10144
vn 0.00001 0.93386 -0.35765
vt 1 0
v 0.26839 0.62297 0.10175
vn 0.00001 0.93386 -0.35765
vt 1 1
f 7285/7285/7285 7286/7286/7286 7287/7287/7287
usemtl letters
v 0.26382 0.62234 0.10009
vn 0.00003 0.93385 -0.35766
vt 0 0
v 0.25958 0.62074 0.09592
vn 0.00003 0.93385 -0.35766
vt 1 0
v 0.26196 0.62285 0.10144
vn 0.00003 0.93385 -0.35766
vt 1 1
f 7288/7288/7288 7289/7289/7289 7290/7290/7290
usemtl letters
v 0.27717 0.62074 0.09592
vn 0.00003 0.93385 -0.35766
vt 0 0
v 0.27294 0.62234 0.10009
vn 0.00003 0.93385 -0.35766
vt 1 0
v 0.27477 0.62285 0.10143
vn 0.00003 0.93385 -0.35766
vt 1 1
f 7291/7291/7291 7292/7292/7292 7293/7293/7293
usemtl letters
v 0.27717 0.62074 0.09592
vn 0.00000 0.93385 -0.35766
vt 0 0
v 0.27475 0.62074 0.09592
vn 0.00000 0.93385 -0.35766
vt 1 0
v 0.27294 0.62234 0.10009
vn 0.00000 0.93385 -0.35766
vt 1 1
f 7294/7294/7294 7295/7295/7295 7296/7296/7296
usemtl letters
v 0.26200 0.62074 0.09592
vn 0.00000 0.93385 -0.35765
vt 0 0
v 0.25958 0.62074 0.09592
vn 0.00000 0.93385 -0.35765
vt 1 0
v 0.26382 0.62234 0.10009
vn 0.00000 0.93385 -0.35765
vt 1 1
f 7297/7297/7297 7298/7298/7298 7299/7299/7299
usemtl letters
v 0.27481 0.61864 0.09044
vn 0.00000 0.93385 -0.35767
vt 0 0
v 0.27475 0.62074 0.09592
vn 0.00000 0.93385 -0.35767
vt 1 0
v 0.27717 0.62074 0.09592
vn 0.00000 0.93385 -0.35767
vt 1 1
f 7300/7300/7300 7301/7301/7301 7302/7302/7302
usemtl letters
v 0.27481 0.61864 0.09044
vn 0.00004 0.93385 -0.35767
vt 0 0
v 0.27294 0.61914 0.09175
vn 0.00004 0.93385 -0.35767
vt 1 0
v 0.27475 0.62074 0.09592
vn 0.00004 0.93385 -0.35767
vt 1 1
f 7303/7303/7303 7304/7304/7304 7305/7305/7305
usemtl letters
v 0.26382 0.61914 0.09175
vn 0.00000 0.93385 -0.35767
vt 0 0
v 0.25958 0.62074 0.09592
vn 0.00000 0.93385 -0.35767
vt 1 0
v 0.26200 0.62074 0.09592
vn 0.00000 0.93385 -0.35767
vt 1 1
f 7306/7306/7306 7307/7307/7307 7308/7308/7308
usemtl letters
v 0.26382 0.61914 0.09175
vn -0.00006 0.93385 -0.35767
vt 0 0
v 0.26193 0.61864 0.09045
vn -0.00006 0.93385 -0.35767
vt 1 0
v 0.25958 0.62074 0.09592
vn -0.00006 0.93385 -0.35767
vt 1 1
f 7309/7309/7309 7310/7310/7310 7311/7311/7311
usemtl letters
v 0.27481 0.61864 0.09044
vn 0.00002 0.93385 -0.35766
vt 0 0
v 0.26839 0.61851 0.09009
vn 0.00002 0.93385 -0.35766
vt 1 0
v 0.27294 0.61914 0.09175
vn 0.00002 0.93385 -0.35766
vt 1 1
f 7312/7312/7312 7313/7313/7313 7314/7314/7314
usemtl letters
v 0.26839 0.61851 0.09009
vn 0.00000 0.93385 -0.35767
vt 0 0
v 0.26193 0.61864 0.09045
vn 0.00000 0.93385 -0.35767
vt 1 0
v 0.26382 0.61914 0.09175
vn 0.00000 0.93385 -0.35767
vt 1 1
f 7315/7315/7315 7316/7316/7316 7317/7317/7317
usemtl letters
v 0.26839 0.61851 0.09009
vn 0.00000 0.93384 -0.35768
vt 0 0
v 0.26844 0.61773 0.08807
vn 0.00000 0.93384 -0.35768
vt 1 0
v 0.26193 0.61864 0.09045
vn 0.00000 0.93384 -0.35768
vt 1 1
f 7318/7318/7318 7319/7319/7319 7320/7320/7320
usemtl letters
v 0.26844 0.61773 0.08807
vn 0.00001 0.93385 -0.35768
vt 0 0
v 0.26839 0.61851 0.09009
vn 0.00001 0.93385 -0.35768
vt 1 0
v 0.27481 0.61864 0.09044
vn 0.00001 0.93385 -0.35768
vt 1 1
f 7321/7321/7321 7322/7322/7322 7323/7323/7323
usemtl letters
v 0.29234 0.62291 0.10159
vn 0.00000 0.93384 -0.35769
vt 0 0
v 0.27866 0.62366 0.10356
vn 0.00000 0.93384 -0.35769
vt 1 0
v 0.29234 0.62366 0.10356
vn 0.00000 0.93384 -0.35769
vt 1 1
f 7324/7324/7324 7325/7325/7325 7326/7326/7326
usemtl letters
v 0.29234 0.62291 0.10159
vn 0.00000 0.93385 -0.35768
vt 0 0
v 0.27866 0.62291 0.10159
vn 0.00000 0.93385 -0.35768
vt 1 0
v 0.27866 0.62366 0.10356
vn 0.00000 0.93385 -0.35768
vt 1 1
f 7327/7327/7327 7328/7328/7328 7329/7329/7329
usemtl letters
v 0.28668 0.62291 0.10159
vn 0.00000 -1.00000 -0.00000
vt 0 0
v 0.27866 0.62291 0.10159
vn 0.00000 -1.00000 -0.00000
vt 1 0
v 0.29234 0.62291 0.10159
vn 0.00000 -1.00000 -0.00000
vt 1 1
f 7330/7330/7330 7331/7331/7331 7332/7332/7332
usemtl letters
v 0.28668 0.61781 0.08828
vn -0.00000 0.93385 -0.35766
vt 0 0
v 0.28432 0.62291 0.10159
vn -0.00000 0.93385 -0.35766
vt 1 0
v 0.28668 0.62291 0.10159
vn -0.00000 0.93385 -0.35766
vt 1 1
f 7333/7333/7333 7334/7334/7334 7335/7335/7335
usemtl letters
v 0.28432 0.62291 0.10159
vn 0.00000 1.00000 -0.00000
vt 0 0
v 0.27866 0.62291 0.10159
vn 0.00000 1.00000 -0.00000
vt 1 0
v 0.28668 0.62291 0.10159
vn 0.00000 1.00000 -0.00000
vt 1 1
f 7336/7336/7336 7337/7337/7337 7338/7338/7338
usemtl letters
v 0.28668 0.61781 0.08828
vn 0.00000 0.93385 -0.35766
vt 0 0
v 0.28432 0.61781 0.08828
vn 0.00000 0.93385 -0.35766
vt 1 0
v 0.28432 0.62291 0.10159
vn 0.00000 0.93385 -0.35766
vt 1 1
f 7339/7339/7339 7340/7340/7340 7341/7341/7341
usemtl letters
v 0.30142 0.62332 0.10266
vn 0.00003 0.93386 -0.35763
vt 0 0
v 0.29595 0.62364 0.10349
vn 0.00003 0.93386 -0.35763
vt 1 0
v 0.29781 0.62374 0.10376
vn 0.00003 0.93386 -0.35763
vt 1 1
f 7342/7342/7342 7343/7343/7343 7344/7344/7344
usemtl letters
v 0.30142 0.62332 0.10266
vn -0.00004 0.93384 -0.35769
vt 0 0
v 0.29416 0.62333 0.10269
vn -0.00004 0.93384 -0.35769
vt 1 0
v 0.29595 0.62364 0.10349
vn -0.00004 0.93384 -0.35769
vt 1 1
f 7345/7345/7345 7346/7346/7346 7347/7347/7347
usemtl letters
v 0.30142 0.62332 0.10266
vn -0.00001 0.93385 -0.35768
vt 0 0
v 0.29619 0.62286 0.10146
vn -0.00001 0.93385 -0.35768
vt 1 0
v 0.29416 0.62333 0.10269
vn -0.00001 0.93385 -0.35768
vt 1 1
f 7348/7348/7348 7349/7349/7349 7350/7350/7350
usemtl letters
v 0.29619 0.62286 0.10146
vn 0.00000 0.93385 -0.35767
vt 0 0
v 0.29416 0.62238 0.10020
vn 0.00000 0.93385 -0.35767
vt 1 0
v 0.29416 0.62333 0.10269
vn 0.00000 0.93385 -0.35767
vt 1 1
f 7351/7351/7351 7352/7352/7352 7353/7353/7353
usemtl letters
v 0.30278 0.62218 0.09968
vn 0.00000 0.93385 -0.35766
vt 0 0
v 0.29987 0.62279 0.10129
vn 0.00000 0.93385 -0.35766
vt 1 0
v 0.30142 0.62332 0.10266
vn 0.00000 0.93385 -0.35766
vt 1 1
f 7354/7354/7354 7355/7355/7355 7356/7356/7356
usemtl letters
v 0.29987 0.62279 0.10129
vn -0.00003 0.93386 -0.35765
vt 0 0
v 0.29800 0.62299 0.10179
vn -0.00003 0.93386 -0.35765
vt 1 0
v 0.30142 0.62332 0.10266
vn -0.00003 0.93386 -0.35765
vt 1 1
f 7357/7357/7357 7358/7358/7358 7359/7359/7359
usemtl letters
v 0.29800 0.62299 0.10179
vn 0.00051 0.93376 -0.35791
vt 0 0
v 0.29619 0.62286 0.10146
vn 0.00051 0.93376 -0.35791
vt 1 0
v 0.30142 0.62332 0.10266
vn 0.00051 0.93376 -0.35791
vt 1 1
f 7360/7360/7360 7361/7361/7361 7362/7362/7362
usemtl letters
v 0.30278 0.62218 0.09968
vn 0.00000 0.93384 -0.35769
vt 0 0
v 0.30060 0.62229 0.09998
vn 0.00000 0.93384 -0.35769
vt 1 0
v 0.29987 0.62279 0.10129
vn 0.00000 0.93384 -0.35769
vt 1 1
f 7363/7363/7363 7364/7364/7364 7365/7365/7365
usemtl letters
v 0.30278 0.62218 0.09968
vn 0.00000 0.93385 -0.35766
vt 0 0
v 0.29706 0.62108 0.09682
vn 0.00000 0.93385 -0.35766
vt 1 0
v 0.30060 0.62229 0.09998
vn 0.00000 0.93385 -0.35766
vt 1 1
f 7366/7366/7366 7367/7367/7367 7368/7368/7368
usemtl letters
v 0.29924 0.62055 0.09544
vn 0.00002 0.93385 -0.35767
vt 0 0
v 0.29706 0.62108 0.09682
vn 0.00002 0.93385 -0.35767
vt 1 0
v 0.30278 0.62218 0.09968
vn 0.00002 0.93385 -0.35767
vt 1 1
f 7369/7369/7369 7370/7370/7370 7371/7371/7371
usemtl letters
v 0.29924 0.62055 0.09544
vn -0.00003 0.93385 -0.35767
vt 0 0
v 0.29352 0.61932 0.09222
vn -0.00003 0.93385 -0.35767
vt 1 0
v 0.29706 0.62108 0.09682
vn -0.00003 0.93385 -0.35767
vt 1 1
f 7372/7372/7372 7373/7373/7373 7374/7374/7374
usemtl letters
v 0.29570 0.61923 0.09197
vn 0.00005 0.93385 -0.35765
vt 0 0
v 0.29352 0.61932 0.09222
vn 0.00005 0.93385 -0.35765
vt 1 0
v 0.29924 0.62055 0.09544
vn 0.00005 0.93385 -0.35765
vt 1 1
f 7375/7375/7375 7376/7376/7376 7377/7377/7377
usemtl letters
v 0.30268 0.61827 0.08949
vn 0.00000 0.93385 -0.35766
vt 0 0
v 0.30068 0.61871 0.09062
vn 0.00000 0.93385 -0.35766
vt 1 0
v 0.30268 0.61934 0.09227
vn 0.00000 0.93385 -0.35766
vt 1 1
f 7378/7378/7378 7379/7379/7379 7380/7380/7380
usemtl letters
v 0.29570 0.61923 0.09197
vn -0.00004 0.93385 -0.35767
vt 0 0
v 0.29482 0.61818 0.08925
vn -0.00004 0.93385 -0.35767
vt 1 0
v 0.29352 0.61932 0.09222
vn -0.00004 0.93385 -0.35767
vt 1 1
f 7381/7381/7381 7382/7382/7382 7383/7383/7383
usemtl letters
v 0.29635 0.61873 0.09069
vn 0.00008 0.93384 -0.35768
vt 0 0
v 0.29482 0.61818 0.08925
vn 0.00008 0.93384 -0.35768
vt 1 0
v 0.29570 0.61923 0.09197
vn 0.00008 0.93384 -0.35768
vt 1 1
f 7384/7384/7384 7385/7385/7385 7386/7386/7386
usemtl letters
v 0.29836 0.61849 0.09005
vn -0.00003 0.93385 -0.35766
vt 0 0
v 0.29482 0.61818 0.08925
vn -0.00003 0.93385 -0.35766
vt 1 0
v 0.29635 0.61873 0.09069
vn -0.00003 0.93385 -0.35766
vt 1 1
f 7387/7387/7387 7388/7388/7388 7389/7389/7389
usemtl letters
v 0.30268 0.61827 0.08949
vn -0.00001 0.93386 -0.35765
vt 0 0
v 0.29836 0.61849 0.09005
vn -0.00001 0.93386 -0.35765
vt 1 0
v 0.30068 0.61871 0.09062
vn -0.00001 0.93386 -0.35765
vt 1 1
f 7390/7390/7390 7391/7391/7391 7392/7392/7392
usemtl letters
v 0.30268 0.61827 0.08949
vn -0.00002 0.93384 -0.35770
vt 0 0
v 0.29482 0.61818 0.08925
vn -0.00002 0.93384 -0.35770
vt 1 0
v 0.29836 0.61849 0.09005
vn -0.00002 0.93384 -0.35770
vt 1 1
f 7393/7393/7393 7394/7394/7394 7395/7395/7395
usemtl letters
v 0.30055 0.61786 0.08842
vn 0.00001 0.93386 -0.35764
vt 0 0
v 0.29482 0.61818 0.08925
vn 0.00001 0.93386 -0.35764
vt 1 0
v 0.30268 0.61827 0.08949
vn 0.00001 0.93386 -0.35764
vt 1 1
f 7396/7396/7396 7397/7397/7397 7398/7398/7398
usemtl letters
v 0.30055 0.61786 0.08842
vn -0.00003 0.93384 -0.35769
vt 0 0
v 0.29810 0.61773 0.08807
vn -0.00003 0.93384 -0.35769
vt 1 0
v 0.29482 0.61818 0.08925
vn -0.00003 0.93384 -0.35769
vt 1 1
f 7399/7399/7399 7400/7400/7400 7401/7401/7401
usemtl rubber
v 0.00000 0.51250 -0.02750
vn 0.00000 0.00000 -1.00000
vt 0 0
v 0.00000 0.55750 -0.02750
vn 0.00000 0.00000 -1.00000
vt 1 0
v 1.00000 0.55750 -0.02750
vn 0.00000 0.00000 -1.00000
vt 1 1
f 7402/7402/7402 7403/7403/7403 7404/7404/7404
usemtl rubber
v 0.00000 0.51250 -0.02750
vn 0.00000 0.00000 -1.00000
vt 0 0
v 1.00000 0.55750 -0.02750
vn 0.00000 0.00000 -1.00000
vt 1 0
v 1.00000 0.51250 -0.02750
vn 0.00000 0.00000 -1.00000
vt 1 1
f 7405/7405/7405 7406/7406/7406 7407/7407/7407
usemtl rubber
v 0.00000 0.51250 -0.02750
vn 0.00000 -1.00000 -0.00000
vt 0 0
v 1.00000 0.51250 -0.02750
vn 0.00000 -1.00000 -0.00000
vt 1 0
v 1.00000 0.51250 0.02750
vn 0.00000 -1.00000 -0.00000
vt 1 1
f 7408/7408/7408 7409/7409/7409 7410/7410/7410
usemtl rubber
v 0.00000 0.51250 -0.02750
vn 0.00000 -1.00000 -0.00000
vt 0 0
v 1.00000 0.51250 0.02750
vn 0.00000 -1.00000 -0.00000
vt 1 0
v 0.00000 0.51250 0.02750
vn 0.00000 -1.00000 -0.00000
vt 1 1
f 7411/7411/7411 7412/7412/7412 7413/7413/7413
usemtl rubber
v 1.00000 0.51250 0.02750
vn 0.00000 0.00000 1.00000
vt 0 0
v 1.00000 0.55750 0.02750
vn 0.00000 0.00000 1.00000
vt 1 0
v 0.00000 0.55750 0.02750
vn 0.00000 0.00000 1.00000
vt 1 1
f 7414/7414/7414 7415/7415/7415 7416/7416/7416
usemtl rubber
v 1.00000 0.51250 0.02750
vn 0.00000 0.00000 1.00000
vt 0 0
v 0.00000 0.55750 0.02750
vn 0.00000 0.00000 1.00000
vt 1 0
v 0.00000 0.51250 0.02750
vn 0.00000 0.00000 1.00000
vt 1 1
f 7417/7417/7417 7418/7418/7418 7419/7419/7419
usemtl rubber
v 1.00000 0.55750 -0.02750
vn 0.00000 1.00000 -0.00000
vt 0 0
v 0.00000 0.55750 -0.02750
vn 0.00000 1.00000 -0.00000
vt 1 0
v 0.00000 0.55750 0.02750
vn 0.00000 1.00000 -0.00000
vt 1 1
f 7420/7420/7420 7421/7421/7421 7422/7422/7422
usemtl rubber
v 1.00000 0.55750 -0.02750
vn 0.00000 1.00000 -0.00000
vt 0 0
v 0.00000 0.55750 0.02750
vn 0.00000 1.00000 -0.00000
vt 1 0
v 1.00000 0.55750 0.02750
vn 0.00000 1.00000 -0.00000
vt 1 1
f 7423/7423/7423 7424/7424/7424 7425/7425/7425
