# Approved Blender desk mesh
mtllib desk_approved.mtl
usemtl red_off
v 0.27500 0.66294 0.21356
vn -0.00000 0.35049 0.93657
vt 0 0
v 0.27161 0.66286 0.21336
vn -0.13053 0.34743 0.92858
vt 1 0
v 0.27164 0.66183 0.21347
vn -0.11317 -0.15810 0.98092
vt 1 1
f 1/1/1 2/2/2 3/3/3
usemtl red_off
v 0.27500 0.66294 0.21356
vn -0.00000 0.35049 0.93657
vt 0 0
v 0.27164 0.66183 0.21347
vn -0.11317 -0.15810 0.98092
vt 1 0
v 0.27500 0.66191 0.21367
vn -0.00001 -0.15543 0.98785
vt 1 1
f 4/4/4 5/5/5 6/6/6
usemtl red_off
v 0.27500 0.66191 0.21367
vn -0.00002 -0.15554 0.98783
vt 0 0
v 0.27164 0.66183 0.21347
vn -0.11314 -0.15819 0.98090
vt 1 0
v 0.27174 0.66088 0.21305
vn -0.06566 -0.62850 0.77503
vt 1 1
f 7/7/7 8/8/8 9/9/9
usemtl red_off
v 0.27500 0.66191 0.21367
vn -0.00002 -0.15554 0.98783
vt 0 0
v 0.27174 0.66088 0.21305
vn -0.06566 -0.62850 0.77503
vt 1 0
v 0.27500 0.66096 0.21325
vn -0.00001 -0.62696 0.77905
vt 1 1
f 10/10/10 11/11/11 12/12/12
usemtl red_off
v 0.27500 0.66096 0.21325
vn -0.00002 -0.62705 0.77898
vt 0 0
v 0.27174 0.66088 0.21305
vn -0.06568 -0.62860 0.77495
vt 1 0
v 0.27187 0.66028 0.21222
vn -0.00011 -0.93351 0.35855
vt 1 1
f 13/13/13 14/14/14 15/15/15
usemtl red_off
v 0.27500 0.66096 0.21325
vn -0.00002 -0.62705 0.77898
vt 0 0
v 0.27187 0.66028 0.21222
vn -0.00011 -0.93351 0.35855
vt 1 0
v 0.27500 0.66035 0.21241
vn 0.00000 -0.93351 0.35856
vt 1 1
f 16/16/16 17/17/17 18/18/18
usemtl red_off
v 0.27161 0.69461 0.20120
vn -0.13052 0.36176 0.92309
vt 0 0
v 0.27500 0.69469 0.20140
vn 0.00001 0.36482 0.93108
vt 1 0
v 0.27500 0.69553 0.20080
vn 0.00001 0.77556 0.63127
vt 1 1
f 19/19/19 20/20/20 21/21/21
usemtl red_off
v 0.27161 0.69461 0.20120
vn -0.13052 0.36176 0.92309
vt 0 0
v 0.27500 0.69553 0.20080
vn 0.00001 0.77556 0.63127
vt 1 0
v 0.27164 0.69545 0.20059
vn -0.11314 0.77291 0.62435
vt 1 1
f 22/22/22 23/23/23 24/24/24
usemtl red_off
v 0.27164 0.69545 0.20059
vn -0.11312 0.77298 0.62427
vt 0 0
v 0.27500 0.69553 0.20080
vn 0.00001 0.77562 0.63119
vt 1 0
v 0.27500 0.69595 0.19985
vn -0.00002 0.98697 0.16091
vt 1 1
f 25/25/25 26/26/26 27/27/27
usemtl red_off
v 0.27164 0.69545 0.20059
vn -0.11312 0.77298 0.62427
vt 0 0
v 0.27500 0.69595 0.19985
vn -0.00002 0.98697 0.16091
vt 1 0
v 0.27174 0.69587 0.19965
vn -0.06567 0.98543 0.15690
vt 1 1
f 28/28/28 29/29/29 30/30/30
usemtl red_off
v 0.27174 0.69587 0.19965
vn -0.06569 0.98544 0.15681
vt 0 0
v 0.27500 0.69595 0.19985
vn -0.00002 0.98698 0.16082
vt 1 0
v 0.27500 0.69584 0.19882
vn -0.00004 0.93420 -0.35675
vt 1 1
f 31/31/31 32/32/32 33/33/33
usemtl red_off
v 0.27174 0.69587 0.19965
vn -0.06569 0.98544 0.15681
vt 0 0
v 0.27500 0.69584 0.19882
vn -0.00004 0.93420 -0.35675
vt 1 0
v 0.27187 0.69577 0.19863
vn -0.00016 0.93420 -0.35676
vt 1 1
f 34/34/34 35/35/35 36/36/36
usemtl red_off
v 0.27161 0.66286 0.21336
vn -0.13053 0.34743 0.92858
vt 0 0
v 0.26827 0.66262 0.21274
vn -0.25885 0.33829 0.90474
vt 1 0
v 0.26834 0.66159 0.21285
vn -0.22439 -0.16602 0.96025
vt 1 1
f 37/37/37 38/38/38 39/39/39
usemtl red_off
v 0.27161 0.66286 0.21336
vn -0.13053 0.34743 0.92858
vt 0 0
v 0.26834 0.66159 0.21285
vn -0.22439 -0.16602 0.96025
vt 1 0
v 0.27164 0.66183 0.21347
vn -0.11317 -0.15810 0.98092
vt 1 1
f 40/40/40 41/41/41 42/42/42
usemtl red_off
v 0.27164 0.66183 0.21347
vn -0.11318 -0.15816 0.98091
vt 0 0
v 0.26834 0.66159 0.21285
vn -0.22437 -0.16607 0.96025
vt 1 0
v 0.26853 0.66066 0.21245
vn -0.13024 -0.63307 0.76306
vt 1 1
f 43/43/43 44/44/44 45/45/45
usemtl red_off
v 0.27164 0.66183 0.21347
vn -0.11318 -0.15816 0.98091
vt 0 0
v 0.26853 0.66066 0.21245
vn -0.13024 -0.63307 0.76306
vt 1 0
v 0.27174 0.66088 0.21305
vn -0.06571 -0.62847 0.77505
vt 1 1
f 46/46/46 47/47/47 48/48/48
usemtl red_off
v 0.27174 0.66088 0.21305
vn -0.06571 -0.62858 0.77496
vt 0 0
v 0.26853 0.66066 0.21245
vn -0.13024 -0.63317 0.76297
vt 1 0
v 0.26879 0.66006 0.21164
vn -0.00024 -0.93351 0.35854
vt 1 1
f 49/49/49 50/50/50 51/51/51
usemtl red_off
v 0.27174 0.66088 0.21305
vn -0.06571 -0.62858 0.77496
vt 0 0
v 0.26879 0.66006 0.21164
vn -0.00024 -0.93351 0.35854
vt 1 0
v 0.27187 0.66028 0.21222
vn -0.00013 -0.93350 0.35857
vt 1 1
f 52/52/52 53/53/53 54/54/54
usemtl red_off
v 0.26827 0.69437 0.20058
vn -0.25881 0.35263 0.89926
vt 0 0
v 0.27161 0.69461 0.20120
vn -0.13052 0.36176 0.92309
vt 1 0
v 0.27164 0.69545 0.20059
vn -0.11314 0.77291 0.62435
vt 1 1
f 55/55/55 56/56/56 57/57/57
usemtl red_off
v 0.26827 0.69437 0.20058
vn -0.25881 0.35263 0.89926
vt 0 0
v 0.27164 0.69545 0.20059
vn -0.11314 0.77291 0.62435
vt 1 0
v 0.26834 0.69521 0.19998
vn -0.22436 0.76500 0.60369
vt 1 1
f 58/58/58 59/59/59 60/60/60
usemtl red_off
v 0.26834 0.69521 0.19998
vn -0.22432 0.76506 0.60362
vt 0 0
v 0.27164 0.69545 0.20059
vn -0.11313 0.77297 0.62428
vt 1 0
v 0.27174 0.69587 0.19965
vn -0.06570 0.98543 0.15689
vt 1 1
f 61/61/61 62/62/62 63/63/63
usemtl red_off
v 0.26834 0.69521 0.19998
vn -0.22432 0.76506 0.60362
vt 0 0
v 0.27174 0.69587 0.19965
vn -0.06570 0.98543 0.15689
vt 1 0
v 0.26853 0.69564 0.19905
vn -0.13023 0.98084 0.14492
vt 1 1
f 64/64/64 65/65/65 66/66/66
usemtl red_off
v 0.26853 0.69564 0.19905
vn -0.13023 0.98085 0.14479
vt 0 0
v 0.27174 0.69587 0.19965
vn -0.06569 0.98545 0.15677
vt 1 0
v 0.27187 0.69577 0.19863
vn -0.00016 0.93419 -0.35678
vt 1 1
f 67/67/67 68/68/68 69/69/69
usemtl red_off
v 0.26853 0.69564 0.19905
vn -0.13023 0.98085 0.14479
vt 0 0
v 0.27187 0.69577 0.19863
vn -0.00016 0.93419 -0.35678
vt 1 0
v 0.26879 0.69555 0.19805
vn -0.00027 0.93418 -0.35680
vt 1 1
f 70/70/70 71/71/71 72/72/72
usemtl red_off
v 0.26827 0.66262 0.21274
vn -0.25885 0.33829 0.90474
vt 0 0
v 0.26505 0.66223 0.21172
vn -0.38265 0.32327 0.86549
vt 1 0
v 0.26515 0.66121 0.21184
vn -0.33177 -0.17905 0.92621
vt 1 1
f 73/73/73 74/74/74 75/75/75
usemtl red_off
v 0.26827 0.66262 0.21274
vn -0.25885 0.33829 0.90474
vt 0 0
v 0.26515 0.66121 0.21184
vn -0.33177 -0.17905 0.92621
vt 1 0
v 0.26834 0.66159 0.21285
vn -0.22439 -0.16602 0.96025
vt 1 1
f 76/76/76 77/77/77 78/78/78
usemtl red_off
v 0.26834 0.66159 0.21285
vn -0.22435 -0.16609 0.96025
vt 0 0
v 0.26515 0.66121 0.21184
vn -0.33170 -0.17913 0.92622
vt 1 0
v 0.26543 0.66028 0.21147
vn -0.19254 -0.64065 0.74330
vt 1 1
f 79/79/79 80/80/80 81/81/81
usemtl red_off
v 0.26834 0.66159 0.21285
vn -0.22435 -0.16609 0.96025
vt 0 0
v 0.26543 0.66028 0.21147
vn -0.19254 -0.64065 0.74330
vt 1 0
v 0.26853 0.66066 0.21245
vn -0.13024 -0.63309 0.76305
vt 1 1
f 82/82/82 83/83/83 84/84/84
usemtl red_off
v 0.26853 0.66066 0.21245
vn -0.13024 -0.63317 0.76298
vt 0 0
v 0.26543 0.66028 0.21147
vn -0.19255 -0.64073 0.74323
vt 1 0
v 0.26582 0.65970 0.21070
vn -0.00035 -0.93352 0.35852
vt 1 1
f 85/85/85 86/86/86 87/87/87
usemtl red_off
v 0.26853 0.66066 0.21245
vn -0.13024 -0.63317 0.76298
vt 0 0
v 0.26582 0.65970 0.21070
vn -0.00035 -0.93352 0.35852
vt 1 0
v 0.26879 0.66006 0.21164
vn -0.00024 -0.93351 0.35855
vt 1 1
f 88/88/88 89/89/89 90/90/90
usemtl red_off
v 0.26505 0.69398 0.19956
vn -0.38267 0.33759 0.86000
vt 0 0
v 0.26827 0.69437 0.20058
vn -0.25881 0.35263 0.89926
vt 1 0
v 0.26834 0.69521 0.19998
vn -0.22436 0.76500 0.60369
vt 1 1
f 91/91/91 92/92/92 93/93/93
usemtl red_off
v 0.26505 0.69398 0.19956
vn -0.38267 0.33759 0.86000
vt 0 0
v 0.26834 0.69521 0.19998
vn -0.22436 0.76500 0.60369
vt 1 0
v 0.26515 0.69483 0.19897
vn -0.33174 0.75196 0.56966
vt 1 1
f 94/94/94 95/95/95 96/96/96
usemtl red_off
v 0.26515 0.69483 0.19897
vn -0.33174 0.75201 0.56958
vt 0 0
v 0.26834 0.69521 0.19998
vn -0.22439 0.76505 0.60361
vt 1 0
v 0.26853 0.69564 0.19905
vn -0.13032 0.98083 0.14489
vt 1 1
f 97/97/97 98/98/98 99/99/99
usemtl red_off
v 0.26515 0.69483 0.19897
vn -0.33174 0.75201 0.56958
vt 0 0
v 0.26853 0.69564 0.19905
vn -0.13032 0.98083 0.14489
vt 1 0
v 0.26543 0.69527 0.19807
vn -0.19261 0.97326 0.12514
vt 1 1
f 100/100/100 101/101/101 102/102/102
usemtl red_off
v 0.26543 0.69527 0.19807
vn -0.19254 0.97329 0.12503
vt 0 0
v 0.26853 0.69564 0.19905
vn -0.13023 0.98086 0.14478
vt 1 0
v 0.26879 0.69555 0.19805
vn -0.00026 0.93418 -0.35681
vt 1 1
f 103/103/103 104/104/104 105/105/105
usemtl red_off
v 0.26543 0.69527 0.19807
vn -0.19254 0.97329 0.12503
vt 0 0
v 0.26879 0.69555 0.19805
vn -0.00026 0.93418 -0.35681
vt 1 0
v 0.26582 0.69519 0.19711
vn -0.00037 0.93416 -0.35685
vt 1 1
f 106/106/106 107/107/107 108/108/108
usemtl red_off
v 0.26505 0.66223 0.21172
vn -0.38265 0.32327 0.86549
vt 0 0
v 0.26200 0.66169 0.21031
vn -0.50000 0.30258 0.81145
vt 1 0
v 0.26213 0.66067 0.21045
vn -0.43347 -0.19697 0.87938
vt 1 1
f 109/109/109 110/110/110 111/111/111
usemtl red_off
v 0.26505 0.66223 0.21172
vn -0.38265 0.32327 0.86549
vt 0 0
v 0.26213 0.66067 0.21045
vn -0.43347 -0.19697 0.87938
vt 1 0
v 0.26515 0.66121 0.21184
vn -0.33177 -0.17905 0.92621
vt 1 1
f 112/112/112 113/113/113 114/114/114
usemtl red_off
v 0.26515 0.66121 0.21184
vn -0.33175 -0.17914 0.92620
vt 0 0
v 0.26213 0.66067 0.21045
vn -0.43343 -0.19707 0.87938
vt 1 0
v 0.26250 0.65976 0.21012
vn -0.25161 -0.65107 0.71610
vt 1 1
f 115/115/115 116/116/116 117/117/117
usemtl red_off
v 0.26515 0.66121 0.21184
vn -0.33175 -0.17914 0.92620
vt 0 0
v 0.26250 0.65976 0.21012
vn -0.25161 -0.65107 0.71610
vt 1 0
v 0.26543 0.66028 0.21147
vn -0.19261 -0.64066 0.74327
vt 1 1
f 118/118/118 119/119/119 120/120/120
usemtl red_off
v 0.26543 0.66028 0.21147
vn -0.19257 -0.64074 0.74322
vt 0 0
v 0.26250 0.65976 0.21012
vn -0.25159 -0.65115 0.71604
vt 1 0
v 0.26300 0.65920 0.20941
vn -0.00047 -0.93354 0.35846
vt 1 1
f 121/121/121 122/122/122 123/123/123
usemtl red_off
v 0.26543 0.66028 0.21147
vn -0.19257 -0.64074 0.74322
vt 0 0
v 0.26300 0.65920 0.20941
vn -0.00047 -0.93354 0.35846
vt 1 0
v 0.26582 0.65970 0.21070
vn -0.00036 -0.93353 0.35851
vt 1 1
f 124/124/124 125/125/125 126/126/126
usemtl red_off
v 0.26200 0.69344 0.19815
vn -0.49997 0.31691 0.80598
vt 0 0
v 0.26505 0.69398 0.19956
vn -0.38267 0.33759 0.86000
vt 1 0
v 0.26515 0.69483 0.19897
vn -0.33174 0.75196 0.56966
vt 1 1
f 127/127/127 128/128/128 129/129/129
usemtl red_off
v 0.26200 0.69344 0.19815
vn -0.49997 0.31691 0.80598
vt 0 0
v 0.26515 0.69483 0.19897
vn -0.33174 0.75196 0.56966
vt 1 0
v 0.26213 0.69429 0.19758
vn -0.43343 0.73403 0.52282
vt 1 1
f 130/130/130 131/131/131 132/132/132
usemtl red_off
v 0.26213 0.69429 0.19758
vn -0.43343 0.73408 0.52275
vt 0 0
v 0.26515 0.69483 0.19897
vn -0.33174 0.75202 0.56957
vt 1 0
v 0.26543 0.69527 0.19807
vn -0.19264 0.97326 0.12513
vt 1 1
f 133/133/133 134/134/134 135/135/135
usemtl red_off
v 0.26213 0.69429 0.19758
vn -0.43343 0.73408 0.52275
vt 0 0
v 0.26543 0.69527 0.19807
vn -0.19264 0.97326 0.12513
vt 1 0
v 0.26250 0.69475 0.19672
vn -0.25164 0.96285 0.09795
vt 1 1
f 136/136/136 137/137/137 138/138/138
usemtl red_off
v 0.26250 0.69475 0.19672
vn -0.25156 0.96288 0.09785
vt 0 0
v 0.26543 0.69527 0.19807
vn -0.19255 0.97329 0.12503
vt 1 0
v 0.26582 0.69519 0.19711
vn -0.00037 0.93416 -0.35685
vt 1 1
f 139/139/139 140/140/140 141/141/141
usemtl red_off
v 0.26250 0.69475 0.19672
vn -0.25156 0.96288 0.09785
vt 0 0
v 0.26582 0.69519 0.19711
vn -0.00037 0.93416 -0.35685
vt 1 0
v 0.26300 0.69469 0.19581
vn -0.00047 0.93414 -0.35690
vt 1 1
f 142/142/142 143/143/143 144/144/144
usemtl red_off
v 0.26200 0.66169 0.21031
vn -0.50000 0.30258 0.81145
vt 0 0
v 0.25917 0.66102 0.20855
vn -0.60876 0.27659 0.74358
vt 1 0
v 0.25934 0.66001 0.20871
vn -0.52777 -0.21951 0.82053
vt 1 1
f 145/145/145 146/146/146 147/147/147
usemtl red_off
v 0.26200 0.66169 0.21031
vn -0.50000 0.30258 0.81145
vt 0 0
v 0.25934 0.66001 0.20871
vn -0.52777 -0.21951 0.82053
vt 1 0
v 0.26213 0.66067 0.21045
vn -0.43347 -0.19697 0.87938
vt 1 1
f 148/148/148 149/149/149 150/150/150
usemtl red_off
v 0.26213 0.66067 0.21045
vn -0.43339 -0.19710 0.87939
vt 0 0
v 0.25934 0.66001 0.20871
vn -0.52766 -0.21964 0.82057
vt 1 0
v 0.25978 0.65911 0.20842
vn -0.30629 -0.66417 0.68195
vt 1 1
f 151/151/151 152/152/152 153/153/153
usemtl red_off
v 0.26213 0.66067 0.21045
vn -0.43339 -0.19710 0.87939
vt 0 0
v 0.25978 0.65911 0.20842
vn -0.30629 -0.66417 0.68195
vt 1 0
v 0.26250 0.65976 0.21012
vn -0.25159 -0.65110 0.71608
vt 1 1
f 154/154/154 155/155/155 156/156/156
usemtl red_off
v 0.26250 0.65976 0.21012
vn -0.25165 -0.65114 0.71602
vt 0 0
v 0.25978 0.65911 0.20842
vn -0.30637 -0.66421 0.68188
vt 1 0
v 0.26039 0.65858 0.20778
vn -0.00063 -0.93357 0.35840
vt 1 1
f 157/157/157 158/158/158 159/159/159
usemtl red_off
v 0.26250 0.65976 0.21012
vn -0.25165 -0.65114 0.71602
vt 0 0
v 0.26039 0.65858 0.20778
vn -0.00063 -0.93357 0.35840
vt 1 0
v 0.26300 0.65920 0.20941
vn -0.00053 -0.93354 0.35847
vt 1 1
f 160/160/160 161/161/161 162/162/162
usemtl red_off
v 0.25917 0.69277 0.19639
vn -0.60874 0.29091 0.73811
vt 0 0
v 0.26200 0.69344 0.19815
vn -0.49997 0.31691 0.80598
vt 1 0
v 0.26213 0.69429 0.19758
vn -0.43343 0.73403 0.52282
vt 1 1
f 163/163/163 164/164/164 165/165/165
usemtl red_off
v 0.25917 0.69277 0.19639
vn -0.60874 0.29091 0.73811
vt 0 0
v 0.26213 0.69429 0.19758
vn -0.43343 0.73403 0.52282
vt 1 0
v 0.25934 0.69362 0.19583
vn -0.52773 0.71149 0.46399
vt 1 1
f 166/166/166 167/167/167 168/168/168
usemtl red_off
v 0.25934 0.69362 0.19583
vn -0.52769 0.71156 0.46393
vt 0 0
v 0.26213 0.69429 0.19758
vn -0.43342 0.73409 0.52275
vt 1 0
v 0.26250 0.69475 0.19672
vn -0.25165 0.96285 0.09794
vt 1 1
f 169/169/169 170/170/170 171/171/171
usemtl red_off
v 0.25934 0.69362 0.19583
vn -0.52769 0.71156 0.46393
vt 0 0
v 0.26250 0.69475 0.19672
vn -0.25165 0.96285 0.09794
vt 1 0
v 0.25978 0.69410 0.19502
vn -0.30636 0.94977 0.06381
vt 1 1
f 172/172/172 173/173/173 174/174/174
usemtl red_off
v 0.25978 0.69410 0.19502
vn -0.30633 0.94979 0.06371
vt 0 0
v 0.26250 0.69475 0.19672
vn -0.25161 0.96287 0.09784
vt 1 0
v 0.26300 0.69469 0.19581
vn -0.00052 0.93414 -0.35690
vt 1 1
f 175/175/175 176/176/176 177/177/177
usemtl red_off
v 0.25978 0.69410 0.19502
vn -0.30633 0.94979 0.06371
vt 0 0
v 0.26300 0.69469 0.19581
vn -0.00052 0.93414 -0.35690
vt 1 0
v 0.26039 0.69407 0.19419
vn -0.00062 0.93412 -0.35696
vt 1 1
f 178/178/178 179/179/179 180/180/180
usemtl red_off
v 0.25917 0.66102 0.20855
vn -0.60876 0.27659 0.74358
vt 0 0
v 0.25662 0.66021 0.20645
vn -0.70710 0.24573 0.66305
vt 1 0
v 0.25681 0.65921 0.20663
vn -0.61301 -0.24627 0.75072
vt 1 1
f 181/181/181 182/182/182 183/183/183
usemtl red_off
v 0.25917 0.66102 0.20855
vn -0.60876 0.27659 0.74358
vt 0 0
v 0.25681 0.65921 0.20663
vn -0.61301 -0.24627 0.75072
vt 1 0
v 0.25934 0.66001 0.20871
vn -0.52777 -0.21951 0.82053
vt 1 1
f 184/184/184 185/185/185 186/186/186
usemtl red_off
v 0.25934 0.66001 0.20871
vn -0.52772 -0.21959 0.82055
vt 0 0
v 0.25681 0.65921 0.20663
vn -0.61295 -0.24633 0.75074
vt 1 0
v 0.25732 0.65834 0.20641
vn -0.35584 -0.67966 0.64143
vt 1 1
f 187/187/187 188/188/188 189/189/189
usemtl red_off
v 0.25934 0.66001 0.20871
vn -0.52772 -0.21959 0.82055
vt 0 0
v 0.25732 0.65834 0.20641
vn -0.35584 -0.67966 0.64143
vt 1 0
v 0.25978 0.65911 0.20842
vn -0.30638 -0.66414 0.68194
vt 1 1
f 190/190/190 191/191/191 192/192/192
usemtl red_off
v 0.25978 0.65911 0.20842
vn -0.30633 -0.66424 0.68187
vt 0 0
v 0.25732 0.65834 0.20641
vn -0.35580 -0.67976 0.64135
vt 1 0
v 0.25803 0.65784 0.20585
vn -0.00067 -0.93360 0.35831
vt 1 1
f 193/193/193 194/194/194 195/195/195
usemtl red_off
v 0.25978 0.65911 0.20842
vn -0.30633 -0.66424 0.68187
vt 0 0
v 0.25803 0.65784 0.20585
vn -0.00067 -0.93360 0.35831
vt 1 0
v 0.26039 0.65858 0.20778
vn -0.00059 -0.93357 0.35838
vt 1 1
f 196/196/196 197/197/197 198/198/198
usemtl red_off
v 0.25662 0.69196 0.19429
vn -0.70708 0.26006 0.65757
vt 0 0
v 0.25917 0.69277 0.19639
vn -0.60874 0.29091 0.73811
vt 1 0
v 0.25934 0.69362 0.19583
vn -0.52773 0.71149 0.46399
vt 1 1
f 199/199/199 200/200/200 201/201/201
usemtl red_off
v 0.25662 0.69196 0.19429
vn -0.70708 0.26006 0.65757
vt 0 0
v 0.25934 0.69362 0.19583
vn -0.52773 0.71149 0.46399
vt 1 0
v 0.25681 0.69283 0.19376
vn -0.61299 0.68474 0.39417
vt 1 1
f 202/202/202 203/203/203 204/204/204
usemtl red_off
v 0.25681 0.69283 0.19376
vn -0.61297 0.68481 0.39409
vt 0 0
v 0.25934 0.69362 0.19583
vn -0.52773 0.71155 0.46389
vt 1 0
v 0.25978 0.69410 0.19502
vn -0.30642 0.94976 0.06376
vt 1 1
f 205/205/205 206/206/206 207/207/207
usemtl red_off
v 0.25681 0.69283 0.19376
vn -0.61297 0.68481 0.39409
vt 0 0
v 0.25978 0.69410 0.19502
vn -0.30642 0.94976 0.06376
vt 1 0
v 0.25732 0.69333 0.19301
vn -0.35589 0.93424 0.02325
vt 1 1
f 208/208/208 209/209/209 210/210/210
usemtl red_off
v 0.25732 0.69333 0.19301
vn -0.35583 0.93426 0.02318
vt 0 0
v 0.25978 0.69410 0.19502
vn -0.30636 0.94978 0.06370
vt 1 0
v 0.26039 0.69407 0.19419
vn -0.00064 0.93412 -0.35696
vt 1 1
f 211/211/211 212/212/212 213/213/213
usemtl red_off
v 0.25732 0.69333 0.19301
vn -0.35583 0.93426 0.02318
vt 0 0
v 0.26039 0.69407 0.19419
vn -0.00064 0.93412 -0.35696
vt 1 0
v 0.25803 0.69332 0.19225
vn -0.00073 0.93409 -0.35704
vt 1 1
f 214/214/214 215/215/215 216/216/216
usemtl red_off
v 0.25662 0.66021 0.20645
vn -0.70710 0.24573 0.66305
vt 0 0
v 0.25437 0.65930 0.20407
vn -0.79333 0.21055 0.57122
vt 1 0
v 0.25459 0.65831 0.20427
vn -0.68775 -0.27677 0.67111
vt 1 1
f 217/217/217 218/218/218 219/219/219
usemtl red_off
v 0.25662 0.66021 0.20645
vn -0.70710 0.24573 0.66305
vt 0 0
v 0.25459 0.65831 0.20427
vn -0.68775 -0.27677 0.67111
vt 1 0
v 0.25681 0.65921 0.20663
vn -0.61301 -0.24627 0.75072
vt 1 1
f 220/220/220 221/221/221 222/222/222
usemtl red_off
v 0.25681 0.65921 0.20663
vn -0.61300 -0.24629 0.75071
vt 0 0
v 0.25459 0.65831 0.20427
vn -0.68775 -0.27678 0.67111
vt 1 0
v 0.25517 0.65746 0.20412
vn -0.39931 -0.69734 0.59521
vt 1 1
f 223/223/223 224/224/224 225/225/225
usemtl red_off
v 0.25681 0.65921 0.20663
vn -0.61300 -0.24629 0.75071
vt 0 0
v 0.25517 0.65746 0.20412
vn -0.39931 -0.69734 0.59521
vt 1 0
v 0.25732 0.65834 0.20641
vn -0.35593 -0.67964 0.64141
vt 1 1
f 226/226/226 227/227/227 228/228/228
usemtl red_off
v 0.25732 0.65834 0.20641
vn -0.35578 -0.67979 0.64133
vt 0 0
v 0.25517 0.65746 0.20412
vn -0.39917 -0.69749 0.59513
vt 1 0
v 0.25596 0.65699 0.20364
vn -0.00072 -0.93364 0.35820
vt 1 1
f 229/229/229 230/230/230 231/231/231
usemtl red_off
v 0.25732 0.65834 0.20641
vn -0.35578 -0.67979 0.64133
vt 0 0
v 0.25596 0.65699 0.20364
vn -0.00072 -0.93364 0.35820
vt 1 0
v 0.25803 0.65784 0.20585
vn -0.00064 -0.93361 0.35828
vt 1 1
f 232/232/232 233/233/233 234/234/234
usemtl red_off
v 0.25437 0.69105 0.19190
vn -0.79332 0.22490 0.56574
vt 0 0
v 0.25662 0.69196 0.19429
vn -0.70708 0.26006 0.65757
vt 1 0
v 0.25681 0.69283 0.19376
vn -0.61299 0.68474 0.39417
vt 1 1
f 235/235/235 236/236/236 237/237/237
usemtl red_off
v 0.25437 0.69105 0.19190
vn -0.79332 0.22490 0.56574
vt 0 0
v 0.25681 0.69283 0.19376
vn -0.61299 0.68474 0.39417
vt 1 0
v 0.25459 0.69192 0.19139
vn -0.68773 0.65427 0.31456
vt 1 1
f 238/238/238 239/239/239 240/240/240
usemtl red_off
v 0.25459 0.69192 0.19139
vn -0.68772 0.65432 0.31449
vt 0 0
v 0.25681 0.69283 0.19376
vn -0.61297 0.68481 0.39409
vt 1 0
v 0.25732 0.69333 0.19301
vn -0.35591 0.93423 0.02323
vt 1 1
f 241/241/241 242/242/242 243/243/243
usemtl red_off
v 0.25459 0.69192 0.19139
vn -0.68772 0.65432 0.31449
vt 0 0
v 0.25732 0.69333 0.19301
vn -0.35591 0.93423 0.02323
vt 1 0
v 0.25517 0.69245 0.19072
vn -0.39928 0.91654 -0.02296
vt 1 1
f 244/244/244 245/245/245 246/246/246
usemtl red_off
v 0.25517 0.69245 0.19072
vn -0.39916 0.91659 -0.02301
vt 0 0
v 0.25732 0.69333 0.19301
vn -0.35577 0.93428 0.02320
vt 1 0
v 0.25803 0.69332 0.19225
vn -0.00066 0.93410 -0.35702
vt 1 1
f 247/247/247 248/248/248 249/249/249
usemtl red_off
v 0.25517 0.69245 0.19072
vn -0.39916 0.91659 -0.02301
vt 0 0
v 0.25803 0.69332 0.19225
vn -0.00066 0.93410 -0.35702
vt 1 0
v 0.25596 0.69248 0.19005
vn -0.00074 0.93407 -0.35710
vt 1 1
f 250/250/250 251/251/251 252/252/252
usemtl red_off
v 0.25437 0.65930 0.20407
vn -0.79333 0.21055 0.57122
vt 0 0
v 0.25248 0.65829 0.20142
vn -0.86602 0.17165 0.46963
vt 1 0
v 0.25272 0.65731 0.20166
vn -0.75076 -0.31048 0.58306
vt 1 1
f 253/253/253 254/254/254 255/255/255
usemtl red_off
v 0.25437 0.65930 0.20407
vn -0.79333 0.21055 0.57122
vt 0 0
v 0.25272 0.65731 0.20166
vn -0.75076 -0.31048 0.58306
vt 1 0
v 0.25459 0.65831 0.20427
vn -0.68775 -0.27677 0.67111
vt 1 1
f 256/256/256 257/257/257 258/258/258
usemtl red_off
v 0.25459 0.65831 0.20427
vn -0.68773 -0.27681 0.67112
vt 0 0
v 0.25272 0.65731 0.20166
vn -0.75072 -0.31053 0.58309
vt 1 0
v 0.25335 0.65649 0.20158
vn -0.43584 -0.71693 0.54411
vt 1 1
f 259/259/259 260/260/260 261/261/261
usemtl red_off
v 0.25459 0.65831 0.20427
vn -0.68773 -0.27681 0.67112
vt 0 0
v 0.25335 0.65649 0.20158
vn -0.43584 -0.71693 0.54411
vt 1 0
v 0.25517 0.65746 0.20412
vn -0.39929 -0.69736 0.59519
vt 1 1
f 262/262/262 263/263/263 264/264/264
usemtl red_off
v 0.25517 0.65746 0.20412
vn -0.39923 -0.69746 0.59511
vt 0 0
v 0.25335 0.65649 0.20158
vn -0.43579 -0.71703 0.54402
vt 1 0
v 0.25422 0.65606 0.20120
vn -0.00085 -0.93368 0.35811
vt 1 1
f 265/265/265 266/266/266 267/267/267
usemtl red_off
v 0.25517 0.65746 0.20412
vn -0.39923 -0.69746 0.59511
vt 0 0
v 0.25422 0.65606 0.20120
vn -0.00085 -0.93368 0.35811
vt 1 0
v 0.25596 0.65699 0.20364
vn -0.00079 -0.93364 0.35821
vt 1 1
f 268/268/268 269/269/269 270/270/270
usemtl red_off
v 0.25248 0.69004 0.18926
vn -0.86599 0.18600 0.46418
vt 0 0
v 0.25437 0.69105 0.19190
vn -0.79332 0.22490 0.56574
vt 1 0
v 0.25459 0.69192 0.19139
vn -0.68773 0.65427 0.31456
vt 1 1
f 271/271/271 272/272/272 273/273/273
usemtl red_off
v 0.25248 0.69004 0.18926
vn -0.86599 0.18600 0.46418
vt 0 0
v 0.25459 0.69192 0.19139
vn -0.68773 0.65427 0.31456
vt 1 0
v 0.25272 0.69092 0.18878
vn -0.75074 0.62054 0.22652
vt 1 1
f 274/274/274 275/275/275 276/276/276
usemtl red_off
v 0.25272 0.69092 0.18878
vn -0.75074 0.62057 0.22644
vt 0 0
v 0.25459 0.69192 0.19139
vn -0.68775 0.65430 0.31447
vt 1 0
v 0.25517 0.69245 0.19072
vn -0.39934 0.91652 -0.02299
vt 1 1
f 277/277/277 278/278/278 279/279/279
usemtl red_off
v 0.25272 0.69092 0.18878
vn -0.75074 0.62057 0.22644
vt 0 0
v 0.25517 0.69245 0.19072
vn -0.39934 0.91652 -0.02299
vt 1 0
v 0.25335 0.69148 0.18818
vn -0.43588 0.89695 -0.07408
vt 1 1
f 280/280/280 281/281/281 282/282/282
usemtl red_off
v 0.25335 0.69148 0.18818
vn -0.43582 0.89698 -0.07411
vt 0 0
v 0.25517 0.69245 0.19072
vn -0.39925 0.91655 -0.02302
vt 1 0
v 0.25596 0.69248 0.19005
vn -0.00084 0.93406 -0.35712
vt 1 1
f 283/283/283 284/284/284 285/285/285
usemtl red_off
v 0.25335 0.69148 0.18818
vn -0.43582 0.89698 -0.07411
vt 0 0
v 0.25596 0.69248 0.19005
vn -0.00084 0.93406 -0.35712
vt 1 0
v 0.25422 0.69155 0.18761
vn -0.00090 0.93403 -0.35721
vt 1 1
f 286/286/286 287/287/287 288/288/288
usemtl red_off
v 0.25248 0.65829 0.20142
vn -0.86602 0.17165 0.46963
vt 0 0
v 0.25098 0.65720 0.19858
vn -0.92385 0.12970 0.36010
vt 1 0
v 0.25123 0.65623 0.19884
vn -0.80091 -0.34685 0.48809
vt 1 1
f 289/289/289 290/290/290 291/291/291
usemtl red_off
v 0.25248 0.65829 0.20142
vn -0.86602 0.17165 0.46963
vt 0 0
v 0.25123 0.65623 0.19884
vn -0.80091 -0.34685 0.48809
vt 1 0
v 0.25272 0.65731 0.20166
vn -0.75076 -0.31048 0.58306
vt 1 1
f 292/292/292 293/293/293 294/294/294
usemtl red_off
v 0.25272 0.65731 0.20166
vn -0.75073 -0.31055 0.58306
vt 0 0
v 0.25123 0.65623 0.19884
vn -0.80087 -0.34692 0.48810
vt 1 0
v 0.25190 0.65544 0.19884
vn -0.46496 -0.73807 0.48895
vt 1 1
f 295/295/295 296/296/296 297/297/297
usemtl red_off
v 0.25272 0.65731 0.20166
vn -0.75073 -0.31055 0.58306
vt 0 0
v 0.25190 0.65544 0.19884
vn -0.46496 -0.73807 0.48895
vt 1 0
v 0.25335 0.65649 0.20158
vn -0.43587 -0.71696 0.54405
vt 1 1
f 298/298/298 299/299/299 300/300/300
usemtl red_off
v 0.25335 0.65649 0.20158
vn -0.43575 -0.71706 0.54401
vt 0 0
v 0.25190 0.65544 0.19884
vn -0.46485 -0.73816 0.48890
vt 1 0
v 0.25283 0.65505 0.19858
vn -0.00086 -0.93372 0.35801
vt 1 1
f 301/301/301 302/302/302 303/303/303
usemtl red_off
v 0.25335 0.65649 0.20158
vn -0.43575 -0.71706 0.54401
vt 0 0
v 0.25283 0.65505 0.19858
vn -0.00086 -0.93372 0.35801
vt 1 0
v 0.25422 0.65606 0.20120
vn -0.00080 -0.93368 0.35810
vt 1 1
f 304/304/304 305/305/305 306/306/306
usemtl red_off
v 0.25098 0.68895 0.18642
vn -0.92385 0.14403 0.35462
vt 0 0
v 0.25248 0.69004 0.18926
vn -0.86599 0.18600 0.46418
vt 1 0
v 0.25272 0.69092 0.18878
vn -0.75074 0.62054 0.22652
vt 1 1
f 307/307/307 308/308/308 309/309/309
usemtl red_off
v 0.25098 0.68895 0.18642
vn -0.92385 0.14403 0.35462
vt 0 0
v 0.25272 0.69092 0.18878
vn -0.75074 0.62054 0.22652
vt 1 0
v 0.25123 0.68984 0.18596
vn -0.80091 0.58416 0.13153
vt 1 1
f 310/310/310 311/311/311 312/312/312
usemtl red_off
v 0.25123 0.68984 0.18596
vn -0.80088 0.58421 0.13148
vt 0 0
v 0.25272 0.69092 0.18878
vn -0.75074 0.62058 0.22643
vt 1 0
v 0.25335 0.69148 0.18818
vn -0.43589 0.89694 -0.07411
vt 1 1
f 313/313/313 314/314/314 315/315/315
usemtl red_off
v 0.25123 0.68984 0.18596
vn -0.80088 0.58421 0.13148
vt 0 0
v 0.25335 0.69148 0.18818
vn -0.43589 0.89694 -0.07411
vt 1 0
v 0.25190 0.69043 0.18544
vn -0.46499 0.87584 -0.12921
vt 1 1
f 316/316/316 317/317/317 318/318/318
usemtl red_off
v 0.25190 0.69043 0.18544
vn -0.46485 0.87591 -0.12926
vt 0 0
v 0.25335 0.69148 0.18818
vn -0.43575 0.89701 -0.07414
vt 1 0
v 0.25422 0.69155 0.18761
vn -0.00082 0.93402 -0.35723
vt 1 1
f 319/319/319 320/320/320 321/321/321
usemtl red_off
v 0.25190 0.69043 0.18544
vn -0.46485 0.87591 -0.12926
vt 0 0
v 0.25422 0.69155 0.18761
vn -0.00082 0.93402 -0.35723
vt 1 0
v 0.25283 0.69054 0.18498
vn -0.00087 0.93398 -0.35732
vt 1 1
f 322/322/322 323/323/323 324/324/324
usemtl red_off
v 0.25098 0.65720 0.19858
vn -0.92385 0.12970 0.36010
vt 0 0
v 0.24989 0.65604 0.19557
vn -0.96590 0.08540 0.24443
vt 1 0
v 0.25015 0.65509 0.19586
vn -0.83736 -0.38526 0.38781
vt 1 1
f 325/325/325 326/326/326 327/327/327
usemtl red_off
v 0.25098 0.65720 0.19858
vn -0.92385 0.12970 0.36010
vt 0 0
v 0.25015 0.65509 0.19586
vn -0.83736 -0.38526 0.38781
vt 1 0
v 0.25123 0.65623 0.19884
vn -0.80091 -0.34685 0.48809
vt 1 1
f 328/328/328 329/329/329 330/330/330
usemtl red_off
v 0.25123 0.65623 0.19884
vn -0.80088 -0.34693 0.48809
vt 0 0
v 0.25015 0.65509 0.19586
vn -0.83732 -0.38533 0.38784
vt 1 0
v 0.25085 0.65433 0.19595
vn -0.48612 -0.76036 0.43074
vt 1 1
f 331/331/331 332/332/332 333/333/333
usemtl red_off
v 0.25123 0.65623 0.19884
vn -0.80088 -0.34693 0.48809
vt 0 0
v 0.25085 0.65433 0.19595
vn -0.48612 -0.76036 0.43074
vt 1 0
v 0.25190 0.65544 0.19884
vn -0.46498 -0.73807 0.48892
vt 1 1
f 334/334/334 335/335/335 336/336/336
usemtl red_off
v 0.25190 0.65544 0.19884
vn -0.46489 -0.73815 0.48889
vt 0 0
v 0.25085 0.65433 0.19595
vn -0.48604 -0.76044 0.43070
vt 1 0
v 0.25182 0.65399 0.19580
vn -0.00093 -0.93376 0.35791
vt 1 1
f 337/337/337 338/338/338 339/339/339
usemtl red_off
v 0.25190 0.65544 0.19884
vn -0.46489 -0.73815 0.48889
vt 0 0
v 0.25182 0.65399 0.19580
vn -0.00093 -0.93376 0.35791
vt 1 0
v 0.25283 0.65505 0.19858
vn -0.00090 -0.93372 0.35801
vt 1 1
f 340/340/340 341/341/341 342/342/342
usemtl red_off
v 0.24989 0.68780 0.18341
vn -0.96590 0.09973 0.23895
vt 0 0
v 0.25098 0.68895 0.18642
vn -0.92385 0.14403 0.35462
vt 1 0
v 0.25123 0.68984 0.18596
vn -0.80091 0.58416 0.13153
vt 1 1
f 343/343/343 344/344/344 345/345/345
usemtl red_off
v 0.24989 0.68780 0.18341
vn -0.96590 0.09973 0.23895
vt 0 0
v 0.25123 0.68984 0.18596
vn -0.80091 0.58416 0.13153
vt 1 0
v 0.25015 0.68870 0.18299
vn -0.83736 0.54576 0.03126
vt 1 1
f 346/346/346 347/347/347 348/348/348
usemtl red_off
v 0.25015 0.68870 0.18299
vn -0.83732 0.54582 0.03122
vt 0 0
v 0.25123 0.68984 0.18596
vn -0.80087 0.58422 0.13147
vt 1 0
v 0.25190 0.69043 0.18544
vn -0.46498 0.87584 -0.12924
vt 1 1
f 349/349/349 350/350/350 351/351/351
usemtl red_off
v 0.25015 0.68870 0.18299
vn -0.83732 0.54582 0.03122
vt 0 0
v 0.25190 0.69043 0.18544
vn -0.46498 0.87584 -0.12924
vt 1 0
v 0.25085 0.68932 0.18255
vn -0.48613 0.85355 -0.18741
vt 1 1
f 352/352/352 353/353/353 354/354/354
usemtl red_off
v 0.25085 0.68932 0.18255
vn -0.48607 0.85358 -0.18744
vt 0 0
v 0.25190 0.69043 0.18544
vn -0.46491 0.87587 -0.12925
vt 1 0
v 0.25283 0.69054 0.18498
vn -0.00094 0.93398 -0.35732
vt 1 1
f 355/355/355 356/356/356 357/357/357
usemtl red_off
v 0.25085 0.68932 0.18255
vn -0.48607 0.85358 -0.18744
vt 0 0
v 0.25283 0.69054 0.18498
vn -0.00094 0.93398 -0.35732
vt 1 0
v 0.25182 0.68948 0.18221
vn -0.00098 0.93394 -0.35742
vt 1 1
f 358/358/358 359/359/359 360/360/360
usemtl red_off
v 0.24989 0.65604 0.19557
vn -0.96590 0.08540 0.24443
vt 0 0
v 0.24922 0.65485 0.19245
vn -0.99141 0.03953 0.12467
vt 1 0
v 0.24949 0.65391 0.19278
vn -0.85948 -0.42504 0.28395
vt 1 1
f 361/361/361 362/362/362 363/363/363
usemtl red_off
v 0.24989 0.65604 0.19557
vn -0.96590 0.08540 0.24443
vt 0 0
v 0.24949 0.65391 0.19278
vn -0.85948 -0.42504 0.28395
vt 1 0
v 0.25015 0.65509 0.19586
vn -0.83736 -0.38526 0.38781
vt 1 1
f 364/364/364 365/365/365 366/366/366
usemtl red_off
v 0.25015 0.65509 0.19586
vn -0.83731 -0.38534 0.38784
vt 0 0
v 0.24949 0.65391 0.19278
vn -0.85943 -0.42512 0.28400
vt 1 0
v 0.25022 0.65319 0.19295
vn -0.49895 -0.78346 0.37046
vt 1 1
f 367/367/367 368/368/368 369/369/369
usemtl red_off
v 0.25015 0.65509 0.19586
vn -0.83731 -0.38534 0.38784
vt 0 0
v 0.25022 0.65319 0.19295
vn -0.49895 -0.78346 0.37046
vt 1 0
v 0.25085 0.65433 0.19595
vn -0.48611 -0.76038 0.43072
vt 1 1
f 370/370/370 371/371/371 372/372/372
usemtl red_off
v 0.25085 0.65433 0.19595
vn -0.48609 -0.76042 0.43068
vt 0 0
v 0.25022 0.65319 0.19295
vn -0.49892 -0.78350 0.37041
vt 1 0
v 0.25121 0.65289 0.19292
vn -0.00101 -0.93380 0.35780
vt 1 1
f 373/373/373 374/374/374 375/375/375
usemtl red_off
v 0.25085 0.65433 0.19595
vn -0.48609 -0.76042 0.43068
vt 0 0
v 0.25121 0.65289 0.19292
vn -0.00101 -0.93380 0.35780
vt 1 0
v 0.25182 0.65399 0.19580
vn -0.00099 -0.93376 0.35790
vt 1 1
f 376/376/376 377/377/377 378/378/378
usemtl red_off
v 0.24922 0.68660 0.18029
vn -0.99141 0.05385 0.11915
vt 0 0
v 0.24989 0.68780 0.18341
vn -0.96590 0.09973 0.23895
vt 1 0
v 0.25015 0.68870 0.18299
vn -0.83736 0.54576 0.03126
vt 1 1
f 379/379/379 380/380/380 381/381/381
usemtl red_off
v 0.24922 0.68660 0.18029
vn -0.99141 0.05385 0.11915
vt 0 0
v 0.25015 0.68870 0.18299
vn -0.83736 0.54576 0.03126
vt 1 0
v 0.24949 0.68752 0.17990
vn -0.85949 0.50598 -0.07260
vt 1 1
f 382/382/382 383/383/383 384/384/384
usemtl red_off
v 0.24949 0.68752 0.17990
vn -0.85943 0.50606 -0.07264
vt 0 0
v 0.25015 0.68870 0.18299
vn -0.83731 0.54583 0.03120
vt 1 0
v 0.25085 0.68932 0.18255
vn -0.48612 0.85355 -0.18745
vt 1 1
f 385/385/385 386/386/386 387/387/387
usemtl red_off
v 0.24949 0.68752 0.17990
vn -0.85943 0.50606 -0.07264
vt 0 0
v 0.25085 0.68932 0.18255
vn -0.48612 0.85355 -0.18745
vt 1 0
v 0.25022 0.68817 0.17955
vn -0.49896 0.83047 -0.24771
vt 1 1
f 388/388/388 389/389/389 390/390/390
usemtl red_off
v 0.25022 0.68817 0.17955
vn -0.49889 0.83050 -0.24774
vt 0 0
v 0.25085 0.68932 0.18255
vn -0.48605 0.85359 -0.18747
vt 1 0
v 0.25182 0.68948 0.18221
vn -0.00096 0.93393 -0.35745
vt 1 1
f 391/391/391 392/392/392 393/393/393
usemtl red_off
v 0.25022 0.68817 0.17955
vn -0.49889 0.83050 -0.24774
vt 0 0
v 0.25182 0.68948 0.18221
vn -0.00096 0.93393 -0.35745
vt 1 0
v 0.25121 0.68838 0.17933
vn -0.00098 0.93389 -0.35755
vt 1 1
f 394/394/394 395/395/395 396/396/396
usemtl red_off
v 0.24922 0.65485 0.19245
vn -0.99141 0.03953 0.12467
vt 0 0
v 0.24900 0.65364 0.18928
vn -0.99997 -0.00718 0.00273
vt 1 0
v 0.24927 0.65270 0.18964
vn -0.86690 -0.46552 0.17827
vt 1 1
f 397/397/397 398/398/398 399/399/399
usemtl red_off
v 0.24922 0.65485 0.19245
vn -0.99141 0.03953 0.12467
vt 0 0
v 0.24927 0.65270 0.18964
vn -0.86690 -0.46552 0.17827
vt 1 0
v 0.24949 0.65391 0.19278
vn -0.85948 -0.42504 0.28395
vt 1 1
f 400/400/400 401/401/401 402/402/402
usemtl red_off
v 0.24949 0.65391 0.19278
vn -0.85941 -0.42517 0.28399
vt 0 0
v 0.24927 0.65270 0.18964
vn -0.86682 -0.46564 0.17835
vt 1 0
v 0.25000 0.65202 0.18990
vn -0.50321 -0.80699 0.30912
vt 1 1
f 403/403/403 404/404/404 405/405/405
usemtl red_off
v 0.24949 0.65391 0.19278
vn -0.85941 -0.42517 0.28399
vt 0 0
v 0.25000 0.65202 0.18990
vn -0.50321 -0.80699 0.30912
vt 1 0
v 0.25022 0.65319 0.19295
vn -0.49891 -0.78350 0.37042
vt 1 1
f 406/406/406 407/407/407 408/408/408
usemtl red_off
v 0.25022 0.65319 0.19295
vn -0.49892 -0.78350 0.37040
vt 0 0
v 0.25000 0.65202 0.18990
vn -0.50323 -0.80699 0.30908
vt 1 0
v 0.25100 0.65177 0.19000
vn -0.00102 -0.93384 0.35768
vt 1 1
f 409/409/409 410/410/410 411/411/411
usemtl red_off
v 0.25022 0.65319 0.19295
vn -0.49892 -0.78350 0.37040
vt 0 0
v 0.25100 0.65177 0.19000
vn -0.00102 -0.93384 0.35768
vt 1 0
v 0.25121 0.65289 0.19292
vn -0.00101 -0.93380 0.35779
vt 1 1
f 412/412/412 413/413/413 414/414/414
usemtl red_off
v 0.24900 0.68539 0.17712
vn -0.99997 0.00717 -0.00273
vt 0 0
v 0.24922 0.68660 0.18029
vn -0.99141 0.05385 0.11915
vt 1 0
v 0.24949 0.68752 0.17990
vn -0.85949 0.50598 -0.07260
vt 1 1
f 415/415/415 416/416/416 417/417/417
usemtl red_off
v 0.24900 0.68539 0.17712
vn -0.99997 0.00717 -0.00273
vt 0 0
v 0.24949 0.68752 0.17990
vn -0.85949 0.50598 -0.07260
vt 1 0
v 0.24927 0.68632 0.17677
vn -0.86690 0.46551 -0.17827
vt 1 1
f 418/418/418 419/419/419 420/420/420
usemtl red_off
v 0.24927 0.68632 0.17677
vn -0.86687 0.46556 -0.17830
vt 0 0
v 0.24949 0.68752 0.17990
vn -0.85945 0.50603 -0.07265
vt 1 0
v 0.25022 0.68817 0.17955
vn -0.49899 0.83044 -0.24775
vt 1 1
f 421/421/421 422/422/422 423/423/423
usemtl red_off
v 0.24927 0.68632 0.17677
vn -0.86687 0.46556 -0.17830
vt 0 0
v 0.25022 0.68817 0.17955
vn -0.49899 0.83044 -0.24775
vt 1 0
v 0.25000 0.68701 0.17650
vn -0.50330 0.80695 -0.30906
vt 1 1
f 424/424/424 425/425/425 426/426/426
usemtl red_off
v 0.25000 0.68701 0.17650
vn -0.50313 0.80704 -0.30910
vt 0 0
v 0.25022 0.68817 0.17955
vn -0.49883 0.83053 -0.24778
vt 1 0
v 0.25121 0.68838 0.17933
vn -0.00090 0.93388 -0.35758
vt 1 1
f 427/427/427 428/428/428 429/429/429
usemtl red_off
v 0.25000 0.68701 0.17650
vn -0.50313 0.80704 -0.30910
vt 0 0
v 0.25121 0.68838 0.17933
vn -0.00090 0.93388 -0.35758
vt 1 0
v 0.25100 0.68726 0.17641
vn -0.00091 0.93384 -0.35768
vt 1 1
f 430/430/430 431/431/431 432/432/432
usemtl red_off
v 0.24900 0.65364 0.18928
vn -0.99997 -0.00718 0.00273
vt 0 0
v 0.24922 0.65242 0.18612
vn -0.99141 -0.05386 -0.11917
vt 1 0
v 0.24949 0.65150 0.18651
vn -0.85948 -0.50598 0.07261
vt 1 1
f 433/433/433 434/434/434 435/435/435
usemtl red_off
v 0.24900 0.65364 0.18928
vn -0.99997 -0.00718 0.00273
vt 0 0
v 0.24949 0.65150 0.18651
vn -0.85948 -0.50598 0.07261
vt 1 0
v 0.24927 0.65270 0.18964
vn -0.86690 -0.46552 0.17827
vt 1 1
f 436/436/436 437/437/437 438/438/438
usemtl red_off
v 0.24927 0.65270 0.18964
vn -0.86687 -0.46556 0.17830
vt 0 0
v 0.24949 0.65150 0.18651
vn -0.85945 -0.50603 0.07266
vt 1 0
v 0.25022 0.65085 0.18686
vn -0.49900 -0.83044 0.24775
vt 1 1
f 439/439/439 440/440/440 441/441/441
usemtl red_off
v 0.24927 0.65270 0.18964
vn -0.86687 -0.46556 0.17830
vt 0 0
v 0.25022 0.65085 0.18686
vn -0.49900 -0.83044 0.24775
vt 1 0
v 0.25000 0.65202 0.18990
vn -0.50330 -0.80695 0.30906
vt 1 1
f 442/442/442 443/443/443 444/444/444
usemtl red_off
v 0.25000 0.65202 0.18990
vn -0.50316 -0.80703 0.30909
vt 0 0
v 0.25022 0.65085 0.18686
vn -0.49886 -0.83051 0.24777
vt 1 0
v 0.25121 0.65065 0.18708
vn -0.00094 -0.93388 0.35758
vt 1 1
f 445/445/445 446/446/446 447/447/447
usemtl red_off
v 0.25000 0.65202 0.18990
vn -0.50316 -0.80703 0.30909
vt 0 0
v 0.25121 0.65065 0.18708
vn -0.00094 -0.93388 0.35758
vt 1 0
v 0.25100 0.65177 0.19000
vn -0.00095 -0.93384 0.35769
vt 1 1
f 448/448/448 449/449/449 450/450/450
usemtl red_off
v 0.24922 0.68417 0.17395
vn -0.99142 -0.03951 -0.12463
vt 0 0
v 0.24900 0.68539 0.17712
vn -0.99997 0.00717 -0.00273
vt 1 0
v 0.24927 0.68632 0.17677
vn -0.86690 0.46551 -0.17827
vt 1 1
f 451/451/451 452/452/452 453/453/453
usemtl red_off
v 0.24922 0.68417 0.17395
vn -0.99142 -0.03951 -0.12463
vt 0 0
v 0.24927 0.68632 0.17677
vn -0.86690 0.46551 -0.17827
vt 1 0
v 0.24949 0.68512 0.17363
vn -0.85948 0.42504 -0.28394
vt 1 1
f 454/454/454 455/455/455 456/456/456
usemtl red_off
v 0.24949 0.68512 0.17363
vn -0.85943 0.42513 -0.28398
vt 0 0
v 0.24927 0.68632 0.17677
vn -0.86685 0.46559 -0.17833
vt 1 0
v 0.25000 0.68701 0.17650
vn -0.50326 0.80696 -0.30911
vt 1 1
f 457/457/457 458/458/458 459/459/459
usemtl red_off
v 0.24949 0.68512 0.17363
vn -0.85943 0.42513 -0.28398
vt 0 0
v 0.25000 0.68701 0.17650
vn -0.50326 0.80696 -0.30911
vt 1 0
v 0.25022 0.68584 0.17346
vn -0.49896 0.78348 -0.37041
vt 1 1
f 460/460/460 461/461/461 462/462/462
usemtl red_off
v 0.25022 0.68584 0.17346
vn -0.49889 0.78352 -0.37040
vt 0 0
v 0.25000 0.68701 0.17650
vn -0.50320 0.80701 -0.30909
vt 1 0
v 0.25100 0.68726 0.17641
vn -0.00099 0.93384 -0.35768
vt 1 1
f 463/463/463 464/464/464 465/465/465
usemtl red_off
v 0.25022 0.68584 0.17346
vn -0.49889 0.78352 -0.37040
vt 0 0
v 0.25100 0.68726 0.17641
vn -0.00099 0.93384 -0.35768
vt 1 0
v 0.25121 0.68614 0.17348
vn -0.00098 0.93380 -0.35779
vt 1 1
f 466/466/466 467/467/467 468/468/468
usemtl red_off
v 0.24922 0.65242 0.18612
vn -0.99141 -0.05386 -0.11917
vt 0 0
v 0.24989 0.65123 0.18300
vn -0.96589 -0.09974 -0.23895
vt 1 0
v 0.25015 0.65032 0.18342
vn -0.83736 -0.54576 -0.03125
vt 1 1
f 469/469/469 470/470/470 471/471/471
usemtl red_off
v 0.24922 0.65242 0.18612
vn -0.99141 -0.05386 -0.11917
vt 0 0
v 0.25015 0.65032 0.18342
vn -0.83736 -0.54576 -0.03125
vt 1 0
v 0.24949 0.65150 0.18651
vn -0.85948 -0.50598 0.07261
vt 1 1
f 472/472/472 473/473/473 474/474/474
usemtl red_off
v 0.24949 0.65150 0.18651
vn -0.85943 -0.50607 0.07264
vt 0 0
v 0.25015 0.65032 0.18342
vn -0.83731 -0.54584 -0.03120
vt 1 0
v 0.25085 0.64971 0.18386
vn -0.48612 -0.85355 0.18745
vt 1 1
f 475/475/475 476/476/476 477/477/477
usemtl red_off
v 0.24949 0.65150 0.18651
vn -0.85943 -0.50607 0.07264
vt 0 0
v 0.25085 0.64971 0.18386
vn -0.48612 -0.85355 0.18745
vt 1 0
v 0.25022 0.65085 0.18686
vn -0.49896 -0.83047 0.24771
vt 1 1
f 478/478/478 479/479/479 480/480/480
usemtl red_off
v 0.25022 0.65085 0.18686
vn -0.49892 -0.83049 0.24773
vt 0 0
v 0.25085 0.64971 0.18386
vn -0.48608 -0.85357 0.18746
vt 1 0
v 0.25182 0.64955 0.18420
vn -0.00099 -0.93394 0.35744
vt 1 1
f 481/481/481 482/482/482 483/483/483
usemtl red_off
v 0.25022 0.65085 0.18686
vn -0.49892 -0.83049 0.24773
vt 0 0
v 0.25182 0.64955 0.18420
vn -0.00099 -0.93394 0.35744
vt 1 0
v 0.25121 0.65065 0.18708
vn -0.00101 -0.93389 0.35755
vt 1 1
f 484/484/484 485/485/485 486/486/486
usemtl red_off
v 0.24989 0.68298 0.17084
vn -0.96590 -0.08540 -0.24443
vt 0 0
v 0.24922 0.68417 0.17395
vn -0.99142 -0.03951 -0.12463
vt 1 0
v 0.24949 0.68512 0.17363
vn -0.85948 0.42504 -0.28394
vt 1 1
f 487/487/487 488/488/488 489/489/489
usemtl red_off
v 0.24989 0.68298 0.17084
vn -0.96590 -0.08540 -0.24443
vt 0 0
v 0.24949 0.68512 0.17363
vn -0.85948 0.42504 -0.28394
vt 1 0
v 0.25015 0.68394 0.17055
vn -0.83737 0.38526 -0.38780
vt 1 1
f 490/490/490 491/491/491 492/492/492
usemtl red_off
v 0.25015 0.68394 0.17055
vn -0.83731 0.38536 -0.38783
vt 0 0
v 0.24949 0.68512 0.17363
vn -0.85943 0.42513 -0.28399
vt 1 0
v 0.25022 0.68584 0.17346
vn -0.49894 0.78347 -0.37045
vt 1 1
f 493/493/493 494/494/494 495/495/495
usemtl red_off
v 0.25015 0.68394 0.17055
vn -0.83731 0.38536 -0.38783
vt 0 0
v 0.25022 0.68584 0.17346
vn -0.49894 0.78347 -0.37045
vt 1 0
v 0.25085 0.68469 0.17046
vn -0.48611 0.76039 -0.43070
vt 1 1
f 496/496/496 497/497/497 498/498/498
usemtl red_off
v 0.25085 0.68469 0.17046
vn -0.48606 0.76043 -0.43068
vt 0 0
v 0.25022 0.68584 0.17346
vn -0.49889 0.78352 -0.37042
vt 1 0
v 0.25121 0.68614 0.17348
vn -0.00097 0.93380 -0.35780
vt 1 1
f 499/499/499 500/500/500 501/501/501
usemtl red_off
v 0.25085 0.68469 0.17046
vn -0.48606 0.76043 -0.43068
vt 0 0
v 0.25121 0.68614 0.17348
vn -0.00097 0.93380 -0.35780
vt 1 0
v 0.25182 0.68503 0.17061
vn -0.00095 0.93376 -0.35791
vt 1 1
f 502/502/502 503/503/503 504/504/504
usemtl red_off
v 0.24989 0.65123 0.18300
vn -0.96589 -0.09974 -0.23895
vt 0 0
v 0.25098 0.65008 0.17999
vn -0.92386 -0.14402 -0.35459
vt 1 0
v 0.25123 0.64918 0.18045
vn -0.80091 -0.58416 -0.13153
vt 1 1
f 505/505/505 506/506/506 507/507/507
usemtl red_off
v 0.24989 0.65123 0.18300
vn -0.96589 -0.09974 -0.23895
vt 0 0
v 0.25123 0.64918 0.18045
vn -0.80091 -0.58416 -0.13153
vt 1 0
v 0.25015 0.65032 0.18342
vn -0.83736 -0.54576 -0.03125
vt 1 1
f 508/508/508 509/509/509 510/510/510
usemtl red_off
v 0.25015 0.65032 0.18342
vn -0.83733 -0.54581 -0.03122
vt 0 0
v 0.25123 0.64918 0.18045
vn -0.80089 -0.58421 -0.13147
vt 1 0
v 0.25190 0.64860 0.18097
vn -0.46500 -0.87583 0.12924
vt 1 1
f 511/511/511 512/512/512 513/513/513
usemtl red_off
v 0.25015 0.65032 0.18342
vn -0.83733 -0.54581 -0.03122
vt 0 0
v 0.25190 0.64860 0.18097
vn -0.46500 -0.87583 0.12924
vt 1 0
v 0.25085 0.64971 0.18386
vn -0.48615 -0.85354 0.18741
vt 1 1
f 514/514/514 515/515/515 516/516/516
usemtl red_off
v 0.25085 0.64971 0.18386
vn -0.48607 -0.85358 0.18744
vt 0 0
v 0.25190 0.64860 0.18097
vn -0.46491 -0.87587 0.12925
vt 1 0
v 0.25283 0.64849 0.18142
vn -0.00094 -0.93398 0.35732
vt 1 1
f 517/517/517 518/518/518 519/519/519
usemtl red_off
v 0.25085 0.64971 0.18386
vn -0.48607 -0.85358 0.18744
vt 0 0
v 0.25283 0.64849 0.18142
vn -0.00094 -0.93398 0.35732
vt 1 0
v 0.25182 0.64955 0.18420
vn -0.00098 -0.93394 0.35742
vt 1 1
f 520/520/520 521/521/521 522/522/522
usemtl red_off
v 0.25098 0.68183 0.16783
vn -0.92386 -0.12970 -0.36010
vt 0 0
v 0.24989 0.68298 0.17084
vn -0.96590 -0.08540 -0.24443
vt 1 0
v 0.25015 0.68394 0.17055
vn -0.83737 0.38526 -0.38780
vt 1 1
f 523/523/523 524/524/524 525/525/525
usemtl red_off
v 0.25098 0.68183 0.16783
vn -0.92386 -0.12970 -0.36010
vt 0 0
v 0.25015 0.68394 0.17055
vn -0.83737 0.38526 -0.38780
vt 1 0
v 0.25123 0.68280 0.16757
vn -0.80092 0.34685 -0.48807
vt 1 1
f 526/526/526 527/527/527 528/528/528
usemtl red_off
v 0.25123 0.68280 0.16757
vn -0.80087 0.34694 -0.48810
vt 0 0
v 0.25015 0.68394 0.17055
vn -0.83731 0.38534 -0.38785
vt 1 0
v 0.25085 0.68469 0.17046
vn -0.48611 0.76037 -0.43075
vt 1 1
f 529/529/529 530/530/530 531/531/531
usemtl red_off
v 0.25123 0.68280 0.16757
vn -0.80087 0.34694 -0.48810
vt 0 0
v 0.25085 0.68469 0.17046
vn -0.48611 0.76037 -0.43075
vt 1 0
v 0.25190 0.68358 0.16757
vn -0.46496 0.73808 -0.48893
vt 1 1
f 532/532/532 533/533/533 534/534/534
usemtl red_off
v 0.25190 0.68358 0.16757
vn -0.46492 0.73814 -0.48888
vt 0 0
v 0.25085 0.68469 0.17046
vn -0.48607 0.76042 -0.43069
vt 1 0
v 0.25182 0.68503 0.17061
vn -0.00097 0.93376 -0.35791
vt 1 1
f 535/535/535 536/536/536 537/537/537
usemtl red_off
v 0.25190 0.68358 0.16757
vn -0.46492 0.73814 -0.48888
vt 0 0
v 0.25182 0.68503 0.17061
vn -0.00097 0.93376 -0.35791
vt 1 0
v 0.25283 0.68397 0.16783
vn -0.00093 0.93372 -0.35801
vt 1 1
f 538/538/538 539/539/539 540/540/540
usemtl red_off
v 0.25098 0.65008 0.17999
vn -0.92386 -0.14402 -0.35459
vt 0 0
v 0.25248 0.64899 0.17714
vn -0.86599 -0.18599 -0.46418
vt 1 0
v 0.25272 0.64810 0.17763
vn -0.75075 -0.62053 -0.22651
vt 1 1
f 541/541/541 542/542/542 543/543/543
usemtl red_off
v 0.25098 0.65008 0.17999
vn -0.92386 -0.14402 -0.35459
vt 0 0
v 0.25272 0.64810 0.17763
vn -0.75075 -0.62053 -0.22651
vt 1 0
v 0.25123 0.64918 0.18045
vn -0.80091 -0.58416 -0.13153
vt 1 1
f 544/544/544 545/545/545 546/546/546
usemtl red_off
v 0.25123 0.64918 0.18045
vn -0.80087 -0.58422 -0.13147
vt 0 0
v 0.25272 0.64810 0.17763
vn -0.75073 -0.62059 -0.22642
vt 1 0
v 0.25335 0.64755 0.17823
vn -0.43588 -0.89695 0.07412
vt 1 1
f 547/547/547 548/548/548 549/549/549
usemtl red_off
v 0.25123 0.64918 0.18045
vn -0.80087 -0.58422 -0.13147
vt 0 0
v 0.25335 0.64755 0.17823
vn -0.43588 -0.89695 0.07412
vt 1 0
v 0.25190 0.64860 0.18097
vn -0.46498 -0.87584 0.12922
vt 1 1
f 550/550/550 551/551/551 552/552/552
usemtl red_off
v 0.25190 0.64860 0.18097
vn -0.46488 -0.87589 0.12925
vt 0 0
v 0.25335 0.64755 0.17823
vn -0.43578 -0.89700 0.07414
vt 1 0
v 0.25422 0.64748 0.17880
vn -0.00086 -0.93402 0.35722
vt 1 1
f 553/553/553 554/554/554 555/555/555
usemtl red_off
v 0.25190 0.64860 0.18097
vn -0.46488 -0.87589 0.12925
vt 0 0
v 0.25422 0.64748 0.17880
vn -0.00086 -0.93402 0.35722
vt 1 0
v 0.25283 0.64849 0.18142
vn -0.00090 -0.93398 0.35732
vt 1 1
f 556/556/556 557/557/557 558/558/558
usemtl red_off
v 0.25248 0.68074 0.16498
vn -0.86600 -0.17166 -0.46966
vt 0 0
v 0.25098 0.68183 0.16783
vn -0.92386 -0.12970 -0.36010
vt 1 0
v 0.25123 0.68280 0.16757
vn -0.80092 0.34685 -0.48807
vt 1 1
f 559/559/559 560/560/560 561/561/561
usemtl red_off
v 0.25248 0.68074 0.16498
vn -0.86600 -0.17166 -0.46966
vt 0 0
v 0.25123 0.68280 0.16757
vn -0.80092 0.34685 -0.48807
vt 1 0
v 0.25272 0.68172 0.16475
vn -0.75075 0.31049 -0.58307
vt 1 1
f 562/562/562 563/563/563 564/564/564
usemtl red_off
v 0.25272 0.68172 0.16475
vn -0.75073 0.31057 -0.58306
vt 0 0
v 0.25123 0.68280 0.16757
vn -0.80087 0.34694 -0.48810
vt 1 0
v 0.25190 0.68358 0.16757
vn -0.46495 0.73808 -0.48894
vt 1 1
f 565/565/565 566/566/566 567/567/567
usemtl red_off
v 0.25272 0.68172 0.16475
vn -0.75073 0.31057 -0.58306
vt 0 0
v 0.25190 0.68358 0.16757
vn -0.46495 0.73808 -0.48894
vt 1 0
v 0.25335 0.68254 0.16483
vn -0.43586 0.71697 -0.54405
vt 1 1
f 568/568/568 569/569/569 570/570/570
usemtl red_off
v 0.25335 0.68254 0.16483
vn -0.43575 0.71706 -0.54402
vt 0 0
v 0.25190 0.68358 0.16757
vn -0.46485 0.73816 -0.48891
vt 1 0
v 0.25283 0.68397 0.16783
vn -0.00086 0.93372 -0.35801
vt 1 1
f 571/571/571 572/572/572 573/573/573
usemtl red_off
v 0.25335 0.68254 0.16483
vn -0.43575 0.71706 -0.54402
vt 0 0
v 0.25283 0.68397 0.16783
vn -0.00086 0.93372 -0.35801
vt 1 0
v 0.25422 0.68297 0.16520
vn -0.00080 0.93368 -0.35811
vt 1 1
f 574/574/574 575/575/575 576/576/576
usemtl red_off
v 0.25248 0.64899 0.17714
vn -0.86599 -0.18599 -0.46418
vt 0 0
v 0.25437 0.64798 0.17450
vn -0.79333 -0.22488 -0.56574
vt 1 0
v 0.25459 0.64710 0.17501
vn -0.68777 -0.65424 -0.31454
vt 1 1
f 577/577/577 578/578/578 579/579/579
usemtl red_off
v 0.25248 0.64899 0.17714
vn -0.86599 -0.18599 -0.46418
vt 0 0
v 0.25459 0.64710 0.17501
vn -0.68777 -0.65424 -0.31454
vt 1 0
v 0.25272 0.64810 0.17763
vn -0.75075 -0.62053 -0.22651
vt 1 1
f 580/580/580 581/581/581 582/582/582
usemtl red_off
v 0.25272 0.64810 0.17763
vn -0.75070 -0.62062 -0.22644
vt 0 0
v 0.25459 0.64710 0.17501
vn -0.68772 -0.65434 -0.31447
vt 1 0
v 0.25517 0.64658 0.17569
vn -0.39928 -0.91654 0.02300
vt 1 1
f 583/583/583 584/584/584 585/585/585
usemtl red_off
v 0.25272 0.64810 0.17763
vn -0.75070 -0.62062 -0.22644
vt 0 0
v 0.25517 0.64658 0.17569
vn -0.39928 -0.91654 0.02300
vt 1 0
v 0.25335 0.64755 0.17823
vn -0.43583 -0.89697 0.07408
vt 1 1
f 586/586/586 587/587/587 588/588/588
usemtl red_off
v 0.25335 0.64755 0.17823
vn -0.43579 -0.89699 0.07411
vt 0 0
v 0.25517 0.64658 0.17569
vn -0.39922 -0.91656 0.02303
vt 1 0
v 0.25596 0.64655 0.17636
vn -0.00080 -0.93406 0.35712
vt 1 1
f 589/589/589 590/590/590 591/591/591
usemtl red_off
v 0.25335 0.64755 0.17823
vn -0.43579 -0.89699 0.07411
vt 0 0
v 0.25596 0.64655 0.17636
vn -0.00080 -0.93406 0.35712
vt 1 0
v 0.25422 0.64748 0.17880
vn -0.00087 -0.93402 0.35721
vt 1 1
f 592/592/592 593/593/593 594/594/594
usemtl red_off
v 0.25437 0.67973 0.16234
vn -0.79333 -0.21055 -0.57123
vt 0 0
v 0.25248 0.68074 0.16498
vn -0.86600 -0.17166 -0.46966
vt 1 0
v 0.25272 0.68172 0.16475
vn -0.75075 0.31049 -0.58307
vt 1 1
f 595/595/595 596/596/596 597/597/597
usemtl red_off
v 0.25437 0.67973 0.16234
vn -0.79333 -0.21055 -0.57123
vt 0 0
v 0.25272 0.68172 0.16475
vn -0.75075 0.31049 -0.58307
vt 1 0
v 0.25459 0.68072 0.16214
vn -0.68775 0.27677 -0.67112
vt 1 1
f 598/598/598 599/599/599 600/600/600
usemtl red_off
v 0.25459 0.68072 0.16214
vn -0.68774 0.27681 -0.67111
vt 0 0
v 0.25272 0.68172 0.16475
vn -0.75073 0.31052 -0.58308
vt 1 0
v 0.25335 0.68254 0.16483
vn -0.43586 0.71693 -0.54410
vt 1 1
f 601/601/601 602/602/602 603/603/603
usemtl red_off
v 0.25459 0.68072 0.16214
vn -0.68774 0.27681 -0.67111
vt 0 0
v 0.25335 0.68254 0.16483
vn -0.43586 0.71693 -0.54410
vt 1 0
v 0.25517 0.68156 0.16229
vn -0.39931 0.69736 -0.59518
vt 1 1
f 604/604/604 605/605/605 606/606/606
usemtl red_off
v 0.25517 0.68156 0.16229
vn -0.39920 0.69748 -0.59512
vt 0 0
v 0.25335 0.68254 0.16483
vn -0.43575 0.71705 -0.54403
vt 1 0
v 0.25422 0.68297 0.16520
vn -0.00081 0.93368 -0.35811
vt 1 1
f 607/607/607 608/608/608 609/609/609
usemtl red_off
v 0.25517 0.68156 0.16229
vn -0.39920 0.69748 -0.59512
vt 0 0
v 0.25422 0.68297 0.16520
vn -0.00081 0.93368 -0.35811
vt 1 0
v 0.25596 0.68203 0.16277
vn -0.00075 0.93364 -0.35821
vt 1 1
f 610/610/610 611/611/611 612/612/612
usemtl red_off
v 0.25437 0.64798 0.17450
vn -0.79333 -0.22488 -0.56574
vt 0 0
v 0.25662 0.64706 0.17212
vn -0.70708 -0.26006 -0.65757
vt 1 0
v 0.25681 0.64620 0.17265
vn -0.61299 -0.68475 -0.39416
vt 1 1
f 613/613/613 614/614/614 615/615/615
usemtl red_off
v 0.25437 0.64798 0.17450
vn -0.79333 -0.22488 -0.56574
vt 0 0
v 0.25681 0.64620 0.17265
vn -0.61299 -0.68475 -0.39416
vt 1 0
v 0.25459 0.64710 0.17501
vn -0.68777 -0.65424 -0.31454
vt 1 1
f 616/616/616 617/617/617 618/618/618
usemtl red_off
v 0.25459 0.64710 0.17501
vn -0.68770 -0.65435 -0.31449
vt 0 0
v 0.25681 0.64620 0.17265
vn -0.61294 -0.68483 -0.39408
vt 1 0
v 0.25732 0.64570 0.17340
vn -0.35587 -0.93425 -0.02323
vt 1 1
f 619/619/619 620/620/620 621/621/621
usemtl red_off
v 0.25459 0.64710 0.17501
vn -0.68770 -0.65435 -0.31449
vt 0 0
v 0.25732 0.64570 0.17340
vn -0.35587 -0.93425 -0.02323
vt 1 0
v 0.25517 0.64658 0.17569
vn -0.39925 -0.91656 0.02296
vt 1 1
f 622/622/622 623/623/623 624/624/624
usemtl red_off
v 0.25517 0.64658 0.17569
vn -0.39922 -0.91656 0.02300
vt 0 0
v 0.25732 0.64570 0.17340
vn -0.35584 -0.93426 -0.02320
vt 1 0
v 0.25803 0.64570 0.17415
vn -0.00073 -0.93410 0.35701
vt 1 1
f 625/625/625 626/626/626 627/627/627
usemtl red_off
v 0.25517 0.64658 0.17569
vn -0.39922 -0.91656 0.02300
vt 0 0
v 0.25803 0.64570 0.17415
vn -0.00073 -0.93410 0.35701
vt 1 0
v 0.25596 0.64655 0.17636
vn -0.00080 -0.93407 0.35710
vt 1 1
f 628/628/628 629/629/629 630/630/630
usemtl red_off
v 0.25662 0.67881 0.15996
vn -0.70709 -0.24573 -0.66306
vt 0 0
v 0.25437 0.67973 0.16234
vn -0.79333 -0.21055 -0.57123
vt 1 0
v 0.25459 0.68072 0.16214
vn -0.68775 0.27677 -0.67112
vt 1 1
f 631/631/631 632/632/632 633/633/633
usemtl red_off
v 0.25662 0.67881 0.15996
vn -0.70709 -0.24573 -0.66306
vt 0 0
v 0.25459 0.68072 0.16214
vn -0.68775 0.27677 -0.67112
vt 1 0
v 0.25681 0.67981 0.15978
vn -0.61300 0.24627 -0.75072
vt 1 1
f 634/634/634 635/635/635 636/636/636
usemtl red_off
v 0.25681 0.67981 0.15978
vn -0.61298 0.24632 -0.75072
vt 0 0
v 0.25459 0.68072 0.16214
vn -0.68773 0.27680 -0.67112
vt 1 0
v 0.25517 0.68156 0.16229
vn -0.39928 0.69735 -0.59521
vt 1 1
f 637/637/637 638/638/638 639/639/639
usemtl red_off
v 0.25681 0.67981 0.15978
vn -0.61298 0.24632 -0.75072
vt 0 0
v 0.25517 0.68156 0.16229
vn -0.39928 0.69735 -0.59521
vt 1 0
v 0.25732 0.68068 0.16000
vn -0.35590 0.67966 -0.64140
vt 1 1
f 640/640/640 641/641/641 642/642/642
usemtl red_off
v 0.25732 0.68068 0.16000
vn -0.35582 0.67976 -0.64134
vt 0 0
v 0.25517 0.68156 0.16229
vn -0.39921 0.69746 -0.59514
vt 1 0
v 0.25596 0.68203 0.16277
vn -0.00076 0.93363 -0.35823
vt 1 1
f 643/643/643 644/644/644 645/645/645
usemtl red_off
v 0.25732 0.68068 0.16000
vn -0.35582 0.67976 -0.64134
vt 0 0
v 0.25596 0.68203 0.16277
vn -0.00076 0.93363 -0.35823
vt 1 0
v 0.25803 0.68119 0.16056
vn -0.00069 0.93360 -0.35830
vt 1 1
f 646/646/646 647/647/647 648/648/648
usemtl red_off
v 0.25662 0.64706 0.17212
vn -0.70708 -0.26006 -0.65757
vt 0 0
v 0.25917 0.64626 0.17002
vn -0.60874 -0.29092 -0.73811
vt 1 0
v 0.25934 0.64540 0.17058
vn -0.52773 -0.71150 -0.46397
vt 1 1
f 649/649/649 650/650/650 651/651/651
usemtl red_off
v 0.25662 0.64706 0.17212
vn -0.70708 -0.26006 -0.65757
vt 0 0
v 0.25934 0.64540 0.17058
vn -0.52773 -0.71150 -0.46397
vt 1 0
v 0.25681 0.64620 0.17265
vn -0.61299 -0.68475 -0.39416
vt 1 1
f 652/652/652 653/653/653 654/654/654
usemtl red_off
v 0.25681 0.64620 0.17265
vn -0.61300 -0.68477 -0.39410
vt 0 0
v 0.25934 0.64540 0.17058
vn -0.52777 -0.71152 -0.46389
vt 1 0
v 0.25978 0.64493 0.17138
vn -0.30647 -0.94974 -0.06377
vt 1 1
f 655/655/655 656/656/656 657/657/657
usemtl red_off
v 0.25681 0.64620 0.17265
vn -0.61300 -0.68477 -0.39410
vt 0 0
v 0.25978 0.64493 0.17138
vn -0.30647 -0.94974 -0.06377
vt 1 0
v 0.25732 0.64570 0.17340
vn -0.35593 -0.93422 -0.02326
vt 1 1
f 658/658/658 659/659/659 660/660/660
usemtl red_off
v 0.25732 0.64570 0.17340
vn -0.35583 -0.93426 -0.02318
vt 0 0
v 0.25978 0.64493 0.17138
vn -0.30635 -0.94978 -0.06370
vt 1 0
v 0.26039 0.64496 0.17222
vn -0.00064 -0.93412 0.35697
vt 1 1
f 661/661/661 662/662/662 663/663/663
usemtl red_off
v 0.25732 0.64570 0.17340
vn -0.35583 -0.93426 -0.02318
vt 0 0
v 0.26039 0.64496 0.17222
vn -0.00064 -0.93412 0.35697
vt 1 0
v 0.25803 0.64570 0.17415
vn -0.00072 -0.93409 0.35704
vt 1 1
f 664/664/664 665/665/665 666/666/666
usemtl red_off
v 0.25917 0.67801 0.15786
vn -0.60876 -0.27658 -0.74359
vt 0 0
v 0.25662 0.67881 0.15996
vn -0.70709 -0.24573 -0.66306
vt 1 0
v 0.25681 0.67981 0.15978
vn -0.61300 0.24627 -0.75072
vt 1 1
f 667/667/667 668/668/668 669/669/669
usemtl red_off
v 0.25917 0.67801 0.15786
vn -0.60876 -0.27658 -0.74359
vt 0 0
v 0.25681 0.67981 0.15978
vn -0.61300 0.24627 -0.75072
vt 1 0
v 0.25934 0.67902 0.15770
vn -0.52777 0.21951 -0.82053
vt 1 1
f 670/670/670 671/671/671 672/672/672
usemtl red_off
v 0.25934 0.67902 0.15770
vn -0.52771 0.21962 -0.82054
vt 0 0
v 0.25681 0.67981 0.15978
vn -0.61294 0.24636 -0.75074
vt 1 0
v 0.25732 0.68068 0.16000
vn -0.35583 0.67969 -0.64141
vt 1 1
f 673/673/673 674/674/674 675/675/675
usemtl red_off
v 0.25934 0.67902 0.15770
vn -0.52771 0.21962 -0.82054
vt 0 0
v 0.25732 0.68068 0.16000
vn -0.35583 0.67969 -0.64141
vt 1 0
v 0.25978 0.67991 0.15798
vn -0.30637 0.66416 -0.68193
vt 1 1
f 676/676/676 677/677/677 678/678/678
usemtl red_off
v 0.25978 0.67991 0.15798
vn -0.30633 0.66423 -0.68188
vt 0 0
v 0.25732 0.68068 0.16000
vn -0.35581 0.67975 -0.64136
vt 1 0
v 0.25803 0.68119 0.16056
vn -0.00067 0.93360 -0.35832
vt 1 1
f 679/679/679 680/680/680 681/681/681
usemtl red_off
v 0.25978 0.67991 0.15798
vn -0.30633 0.66423 -0.68188
vt 0 0
v 0.25803 0.68119 0.16056
vn -0.00067 0.93360 -0.35832
vt 1 0
v 0.26039 0.68045 0.15863
vn -0.00059 0.93357 -0.35839
vt 1 1
f 682/682/682 683/683/683 684/684/684
usemtl red_off
v 0.25917 0.64626 0.17002
vn -0.60874 -0.29092 -0.73811
vt 0 0
v 0.26200 0.64558 0.16826
vn -0.49998 -0.31691 -0.80597
vt 1 0
v 0.26213 0.64473 0.16883
vn -0.43344 -0.73403 -0.52281
vt 1 1
f 685/685/685 686/686/686 687/687/687
usemtl red_off
v 0.25917 0.64626 0.17002
vn -0.60874 -0.29092 -0.73811
vt 0 0
v 0.26213 0.64473 0.16883
vn -0.43344 -0.73403 -0.52281
vt 1 0
v 0.25934 0.64540 0.17058
vn -0.52773 -0.71150 -0.46397
vt 1 1
f 688/688/688 689/689/689 690/690/690
usemtl red_off
v 0.25934 0.64540 0.17058
vn -0.52766 -0.71157 -0.46393
vt 0 0
v 0.26213 0.64473 0.16883
vn -0.43340 -0.73409 -0.52275
vt 1 0
v 0.26250 0.64428 0.16969
vn -0.25163 -0.96285 -0.09794
vt 1 1
f 691/691/691 692/692/692 693/693/693
usemtl red_off
v 0.25934 0.64540 0.17058
vn -0.52766 -0.71157 -0.46393
vt 0 0
v 0.26250 0.64428 0.16969
vn -0.25163 -0.96285 -0.09794
vt 1 0
v 0.25978 0.64493 0.17138
vn -0.30634 -0.94978 -0.06382
vt 1 1
f 694/694/694 695/695/695 696/696/696
usemtl red_off
v 0.25978 0.64493 0.17138
vn -0.30632 -0.94979 -0.06371
vt 0 0
v 0.26250 0.64428 0.16969
vn -0.25161 -0.96287 -0.09784
vt 1 0
v 0.26300 0.64434 0.17059
vn -0.00051 -0.93414 0.35690
vt 1 1
f 697/697/697 698/698/698 699/699/699
usemtl red_off
v 0.25978 0.64493 0.17138
vn -0.30632 -0.94979 -0.06371
vt 0 0
v 0.26300 0.64434 0.17059
vn -0.00051 -0.93414 0.35690
vt 1 0
v 0.26039 0.64496 0.17222
vn -0.00061 -0.93412 0.35696
vt 1 1
f 700/700/700 701/701/701 702/702/702
usemtl red_off
v 0.26200 0.67734 0.15610
vn -0.49999 -0.30257 -0.81145
vt 0 0
v 0.25917 0.67801 0.15786
vn -0.60876 -0.27658 -0.74359
vt 1 0
v 0.25934 0.67902 0.15770
vn -0.52777 0.21951 -0.82053
vt 1 1
f 703/703/703 704/704/704 705/705/705
usemtl red_off
v 0.26200 0.67734 0.15610
vn -0.49999 -0.30257 -0.81145
vt 0 0
v 0.25934 0.67902 0.15770
vn -0.52777 0.21951 -0.82053
vt 1 0
v 0.26213 0.67835 0.15596
vn -0.43347 0.19699 -0.87937
vt 1 1
f 706/706/706 707/707/707 708/708/708
usemtl red_off
v 0.26213 0.67835 0.15596
vn -0.43342 0.19710 -0.87937
vt 0 0
v 0.25934 0.67902 0.15770
vn -0.52769 0.21963 -0.82055
vt 1 0
v 0.25978 0.67991 0.15798
vn -0.30632 0.66417 -0.68194
vt 1 1
f 709/709/709 710/710/710 711/711/711
usemtl red_off
v 0.26213 0.67835 0.15596
vn -0.43342 0.19710 -0.87937
vt 0 0
v 0.25978 0.67991 0.15798
vn -0.30632 0.66417 -0.68194
vt 1 0
v 0.26250 0.67926 0.15629
vn -0.25162 0.65110 -0.71607
vt 1 1
f 712/712/712 713/713/713 714/714/714
usemtl red_off
v 0.26250 0.67926 0.15629
vn -0.25162 0.65115 -0.71603
vt 0 0
v 0.25978 0.67991 0.15798
vn -0.30633 0.66422 -0.68189
vt 1 0
v 0.26039 0.68045 0.15863
vn -0.00059 0.93357 -0.35840
vt 1 1
f 715/715/715 716/716/716 717/717/717
usemtl red_off
v 0.26250 0.67926 0.15629
vn -0.25162 0.65115 -0.71603
vt 0 0
v 0.26039 0.68045 0.15863
vn -0.00059 0.93357 -0.35840
vt 1 0
v 0.26300 0.67982 0.15700
vn -0.00050 0.93354 -0.35846
vt 1 1
f 718/718/718 719/719/719 720/720/720
usemtl red_off
v 0.26200 0.64558 0.16826
vn -0.49998 -0.31691 -0.80597
vt 0 0
v 0.26505 0.64505 0.16685
vn -0.38263 -0.33760 -0.86001
vt 1 0
v 0.26515 0.64420 0.16744
vn -0.33171 -0.75197 -0.56966
vt 1 1
f 721/721/721 722/722/722 723/723/723
usemtl red_off
v 0.26200 0.64558 0.16826
vn -0.49998 -0.31691 -0.80597
vt 0 0
v 0.26515 0.64420 0.16744
vn -0.33171 -0.75197 -0.56966
vt 1 0
v 0.26213 0.64473 0.16883
vn -0.43344 -0.73403 -0.52281
vt 1 1
f 724/724/724 725/725/725 726/726/726
usemtl red_off
v 0.26213 0.64473 0.16883
vn -0.43344 -0.73408 -0.52274
vt 0 0
v 0.26515 0.64420 0.16744
vn -0.33176 -0.75202 -0.56956
vt 1 0
v 0.26543 0.64376 0.16834
vn -0.19265 -0.97326 -0.12512
vt 1 1
f 727/727/727 728/728/728 729/729/729
usemtl red_off
v 0.26213 0.64473 0.16883
vn -0.43344 -0.73408 -0.52274
vt 0 0
v 0.26543 0.64376 0.16834
vn -0.19265 -0.97326 -0.12512
vt 1 0
v 0.26250 0.64428 0.16969
vn -0.25165 -0.96285 -0.09794
vt 1 1
f 730/730/730 731/731/731 732/732/732
usemtl red_off
v 0.26250 0.64428 0.16969
vn -0.25158 -0.96288 -0.09785
vt 0 0
v 0.26543 0.64376 0.16834
vn -0.19256 -0.97329 -0.12502
vt 1 0
v 0.26582 0.64384 0.16930
vn -0.00039 -0.93416 0.35685
vt 1 1
f 733/733/733 734/734/734 735/735/735
usemtl red_off
v 0.26250 0.64428 0.16969
vn -0.25158 -0.96288 -0.09785
vt 0 0
v 0.26582 0.64384 0.16930
vn -0.00039 -0.93416 0.35685
vt 1 0
v 0.26300 0.64434 0.17059
vn -0.00049 -0.93414 0.35690
vt 1 1
f 736/736/736 737/737/737 738/738/738
usemtl red_off
v 0.26505 0.67680 0.15469
vn -0.38268 -0.32326 -0.86548
vt 0 0
v 0.26200 0.67734 0.15610
vn -0.49999 -0.30257 -0.81145
vt 1 0
v 0.26213 0.67835 0.15596
vn -0.43347 0.19699 -0.87937
vt 1 1
f 739/739/739 740/740/740 741/741/741
usemtl red_off
v 0.26505 0.67680 0.15469
vn -0.38268 -0.32326 -0.86548
vt 0 0
v 0.26213 0.67835 0.15596
vn -0.43347 0.19699 -0.87937
vt 1 0
v 0.26515 0.67782 0.15457
vn -0.33176 0.17905 -0.92622
vt 1 1
f 742/742/742 743/743/743 744/744/744
usemtl red_off
v 0.26515 0.67782 0.15457
vn -0.33176 0.17915 -0.92620
vt 0 0
v 0.26213 0.67835 0.15596
vn -0.43344 0.19709 -0.87937
vt 1 0
v 0.26250 0.67926 0.15629
vn -0.25162 0.65108 -0.71608
vt 1 1
f 745/745/745 746/746/746 747/747/747
usemtl red_off
v 0.26515 0.67782 0.15457
vn -0.33176 0.17915 -0.92620
vt 0 0
v 0.26250 0.67926 0.15629
vn -0.25162 0.65108 -0.71608
vt 1 0
v 0.26543 0.67875 0.15494
vn -0.19262 0.64067 -0.74326
vt 1 1
f 748/748/748 749/749/749 750/750/750
usemtl red_off
v 0.26543 0.67875 0.15494
vn -0.19257 0.64073 -0.74322
vt 0 0
v 0.26250 0.67926 0.15629
vn -0.25159 0.65114 -0.71604
vt 1 0
v 0.26300 0.67982 0.15700
vn -0.00047 0.93354 -0.35848
vt 1 1
f 751/751/751 752/752/752 753/753/753
usemtl red_off
v 0.26543 0.67875 0.15494
vn -0.19257 0.64073 -0.74322
vt 0 0
v 0.26300 0.67982 0.15700
vn -0.00047 0.93354 -0.35848
vt 1 0
v 0.26582 0.67933 0.15571
vn -0.00037 0.93352 -0.35852
vt 1 1
f 754/754/754 755/755/755 756/756/756
usemtl red_off
v 0.26505 0.64505 0.16685
vn -0.38263 -0.33760 -0.86001
vt 0 0
v 0.26827 0.64466 0.16583
vn -0.25884 -0.35263 -0.89925
vt 1 0
v 0.26834 0.64381 0.16643
vn -0.22434 -0.76500 -0.60369
vt 1 1
f 757/757/757 758/758/758 759/759/759
usemtl red_off
v 0.26505 0.64505 0.16685
vn -0.38263 -0.33760 -0.86001
vt 0 0
v 0.26834 0.64381 0.16643
vn -0.22434 -0.76500 -0.60369
vt 1 0
v 0.26515 0.64420 0.16744
vn -0.33171 -0.75197 -0.56966
vt 1 1
f 760/760/760 761/761/761 762/762/762
usemtl red_off
v 0.26515 0.64420 0.16744
vn -0.33173 -0.75202 -0.56958
vt 0 0
v 0.26834 0.64381 0.16643
vn -0.22437 -0.76506 -0.60361
vt 1 0
v 0.26853 0.64338 0.16736
vn -0.13030 -0.98083 -0.14489
vt 1 1
f 763/763/763 764/764/764 765/765/765
usemtl red_off
v 0.26515 0.64420 0.16744
vn -0.33173 -0.75202 -0.56958
vt 0 0
v 0.26853 0.64338 0.16736
vn -0.13030 -0.98083 -0.14489
vt 1 0
v 0.26543 0.64376 0.16834
vn -0.19260 -0.97326 -0.12515
vt 1 1
f 766/766/766 767/767/767 768/768/768
usemtl red_off
v 0.26543 0.64376 0.16834
vn -0.19254 -0.97329 -0.12503
vt 0 0
v 0.26853 0.64338 0.16736
vn -0.13023 -0.98086 -0.14478
vt 1 0
v 0.26879 0.64348 0.16836
vn -0.00026 -0.93418 0.35681
vt 1 1
f 769/769/769 770/770/770 771/771/771
usemtl red_off
v 0.26543 0.64376 0.16834
vn -0.19254 -0.97329 -0.12503
vt 0 0
v 0.26879 0.64348 0.16836
vn -0.00026 -0.93418 0.35681
vt 1 0
v 0.26582 0.64384 0.16930
vn -0.00037 -0.93416 0.35685
vt 1 1
f 772/772/772 773/773/773 774/774/774
usemtl red_off
v 0.26827 0.67641 0.15367
vn -0.25882 -0.33831 -0.90474
vt 0 0
v 0.26505 0.67680 0.15469
vn -0.38268 -0.32326 -0.86548
vt 1 0
v 0.26515 0.67782 0.15457
vn -0.33176 0.17905 -0.92622
vt 1 1
f 775/775/775 776/776/776 777/777/777
usemtl red_off
v 0.26827 0.67641 0.15367
vn -0.25882 -0.33831 -0.90474
vt 0 0
v 0.26515 0.67782 0.15457
vn -0.33176 0.17905 -0.92622
vt 1 0
v 0.26834 0.67743 0.15356
vn -0.22439 0.16600 -0.96026
vt 1 1
f 778/778/778 779/779/779 780/780/780
usemtl red_off
v 0.26834 0.67743 0.15356
vn -0.22435 0.16612 -0.96025
vt 0 0
v 0.26515 0.67782 0.15457
vn -0.33170 0.17916 -0.92622
vt 1 0
v 0.26543 0.67875 0.15494
vn -0.19253 0.64067 -0.74328
vt 1 1
f 781/781/781 782/782/782 783/783/783
usemtl red_off
v 0.26834 0.67743 0.15356
vn -0.22435 0.16612 -0.96025
vt 0 0
v 0.26543 0.67875 0.15494
vn -0.19253 0.64067 -0.74328
vt 1 0
v 0.26853 0.67837 0.15396
vn -0.13023 0.63311 -0.76303
vt 1 1
f 784/784/784 785/785/785 786/786/786
usemtl red_off
v 0.26853 0.67837 0.15396
vn -0.13026 0.63317 -0.76298
vt 0 0
v 0.26543 0.67875 0.15494
vn -0.19257 0.64073 -0.74322
vt 1 0
v 0.26582 0.67933 0.15571
vn -0.00036 0.93352 -0.35852
vt 1 1
f 787/787/787 788/788/788 789/789/789
usemtl red_off
v 0.26853 0.67837 0.15396
vn -0.13026 0.63317 -0.76298
vt 0 0
v 0.26582 0.67933 0.15571
vn -0.00036 0.93352 -0.35852
vt 1 0
v 0.26879 0.67897 0.15476
vn -0.00025 0.93351 -0.35855
vt 1 1
f 790/790/790 791/791/791 792/792/792
usemtl red_off
v 0.26827 0.64466 0.16583
vn -0.25884 -0.35263 -0.89925
vt 0 0
v 0.27161 0.64442 0.16521
vn -0.13051 -0.36175 -0.92310
vt 1 0
v 0.27164 0.64358 0.16582
vn -0.11314 -0.77290 -0.62436
vt 1 1
f 793/793/793 794/794/794 795/795/795
usemtl red_off
v 0.26827 0.64466 0.16583
vn -0.25884 -0.35263 -0.89925
vt 0 0
v 0.27164 0.64358 0.16582
vn -0.11314 -0.77290 -0.62436
vt 1 0
v 0.26834 0.64381 0.16643
vn -0.22434 -0.76500 -0.60369
vt 1 1
f 796/796/796 797/797/797 798/798/798
usemtl red_off
v 0.26834 0.64381 0.16643
vn -0.22435 -0.76506 -0.60361
vt 0 0
v 0.27164 0.64358 0.16582
vn -0.11316 -0.77298 -0.62426
vt 1 0
v 0.27174 0.64316 0.16676
vn -0.06573 -0.98543 -0.15688
vt 1 1
f 799/799/799 800/800/800 801/801/801
usemtl red_off
v 0.26834 0.64381 0.16643
vn -0.22435 -0.76506 -0.60361
vt 0 0
v 0.27174 0.64316 0.16676
vn -0.06573 -0.98543 -0.15688
vt 1 0
v 0.26853 0.64338 0.16736
vn -0.13025 -0.98084 -0.14490
vt 1 1
f 802/802/802 803/803/803 804/804/804
usemtl red_off
v 0.26853 0.64338 0.16736
vn -0.13023 -0.98085 -0.14479
vt 0 0
v 0.27174 0.64316 0.16676
vn -0.06569 -0.98545 -0.15677
vt 1 0
v 0.27187 0.64326 0.16778
vn -0.00016 -0.93419 0.35678
vt 1 1
f 805/805/805 806/806/806 807/807/807
usemtl red_off
v 0.26853 0.64338 0.16736
vn -0.13023 -0.98085 -0.14479
vt 0 0
v 0.27187 0.64326 0.16778
vn -0.00016 -0.93419 0.35678
vt 1 0
v 0.26879 0.64348 0.16836
vn -0.00027 -0.93418 0.35680
vt 1 1
f 808/808/808 809/809/809 810/810/810
usemtl red_off
v 0.27161 0.67617 0.15305
vn -0.13053 -0.34743 -0.92858
vt 0 0
v 0.26827 0.67641 0.15367
vn -0.25882 -0.33831 -0.90474
vt 1 0
v 0.26834 0.67743 0.15356
vn -0.22439 0.16600 -0.96026
vt 1 1
f 811/811/811 812/812/812 813/813/813
usemtl red_off
v 0.27161 0.67617 0.15305
vn -0.13053 -0.34743 -0.92858
vt 0 0
v 0.26834 0.67743 0.15356
vn -0.22439 0.16600 -0.96026
vt 1 0
v 0.27164 0.67720 0.15294
vn -0.11317 0.15810 -0.98092
vt 1 1
f 814/814/814 815/815/815 816/816/816
usemtl red_off
v 0.27164 0.67720 0.15294
vn -0.11317 0.15819 -0.98090
vt 0 0
v 0.26834 0.67743 0.15356
vn -0.22436 0.16610 -0.96025
vt 1 0
v 0.26853 0.67837 0.15396
vn -0.13023 0.63309 -0.76304
vt 1 1
f 817/817/817 818/818/818 819/819/819
usemtl red_off
v 0.27164 0.67720 0.15294
vn -0.11317 0.15819 -0.98090
vt 0 0
v 0.26853 0.67837 0.15396
vn -0.13023 0.63309 -0.76304
vt 1 0
v 0.27174 0.67814 0.15336
vn -0.06570 0.62850 -0.77503
vt 1 1
f 820/820/820 821/821/821 822/822/822
usemtl red_off
v 0.27174 0.67814 0.15336
vn -0.06571 0.62858 -0.77496
vt 0 0
v 0.26853 0.67837 0.15396
vn -0.13024 0.63317 -0.76297
vt 1 0
v 0.26879 0.67897 0.15476
vn -0.00024 0.93351 -0.35854
vt 1 1
f 823/823/823 824/824/824 825/825/825
usemtl red_off
v 0.27174 0.67814 0.15336
vn -0.06571 0.62858 -0.77496
vt 0 0
v 0.26879 0.67897 0.15476
vn -0.00024 0.93351 -0.35854
vt 1 0
v 0.27187 0.67875 0.15419
vn -0.00013 0.93350 -0.35857
vt 1 1
f 826/826/826 827/827/827 828/828/828
usemtl red_off
v 0.27161 0.64442 0.16521
vn -0.13051 -0.36175 -0.92310
vt 0 0
v 0.27500 0.64434 0.16500
vn 0.00001 -0.36481 -0.93108
vt 1 0
v 0.27500 0.64350 0.16561
vn 0.00001 -0.77555 -0.63129
vt 1 1
f 829/829/829 830/830/830 831/831/831
usemtl red_off
v 0.27161 0.64442 0.16521
vn -0.13051 -0.36175 -0.92310
vt 0 0
v 0.27500 0.64350 0.16561
vn 0.00001 -0.77555 -0.63129
vt 1 0
v 0.27164 0.64358 0.16582
vn -0.11314 -0.77290 -0.62436
vt 1 1
f 832/832/832 833/833/833 834/834/834
usemtl red_off
v 0.27164 0.64358 0.16582
vn -0.11313 -0.77297 -0.62427
vt 0 0
v 0.27500 0.64350 0.16561
vn -0.00001 -0.77563 -0.63119
vt 1 0
v 0.27500 0.64308 0.16656
vn -0.00004 -0.98697 -0.16091
vt 1 1
f 835/835/835 836/836/836 837/837/837
usemtl red_off
v 0.27164 0.64358 0.16582
vn -0.11313 -0.77297 -0.62427
vt 0 0
v 0.27500 0.64308 0.16656
vn -0.00004 -0.98697 -0.16091
vt 1 0
v 0.27174 0.64316 0.16676
vn -0.06569 -0.98543 -0.15690
vt 1 1
f 838/838/838 839/839/839 840/840/840
usemtl red_off
v 0.27174 0.64316 0.16676
vn -0.06567 -0.98544 -0.15681
vt 0 0
v 0.27500 0.64308 0.16656
vn -0.00001 -0.98698 -0.16082
vt 1 0
v 0.27500 0.64319 0.16759
vn -0.00003 -0.93420 0.35675
vt 1 1
f 841/841/841 842/842/842 843/843/843
usemtl red_off
v 0.27174 0.64316 0.16676
vn -0.06567 -0.98544 -0.15681
vt 0 0
v 0.27500 0.64319 0.16759
vn -0.00003 -0.93420 0.35675
vt 1 0
v 0.27187 0.64326 0.16778
vn -0.00014 -0.93420 0.35675
vt 1 1
f 844/844/844 845/845/845 846/846/846
usemtl red_off
v 0.27500 0.67609 0.15284
vn -0.00000 -0.35048 -0.93657
vt 0 0
v 0.27161 0.67617 0.15305
vn -0.13053 -0.34743 -0.92858
vt 1 0
v 0.27164 0.67720 0.15294
vn -0.11317 0.15810 -0.98092
vt 1 1
f 847/847/847 848/848/848 849/849/849
usemtl red_off
v 0.27500 0.67609 0.15284
vn -0.00000 -0.35048 -0.93657
vt 0 0
v 0.27164 0.67720 0.15294
vn -0.11317 0.15810 -0.98092
vt 1 0
v 0.27500 0.67712 0.15274
vn -0.00002 0.15545 -0.98784
vt 1 1
f 850/850/850 851/851/851 852/852/852
usemtl red_off
v 0.27500 0.67712 0.15274
vn -0.00003 0.15552 -0.98783
vt 0 0
v 0.27164 0.67720 0.15294
vn -0.11315 0.15817 -0.98091
vt 1 0
v 0.27174 0.67814 0.15336
vn -0.06567 0.62849 -0.77504
vt 1 1
f 853/853/853 854/854/854 855/855/855
usemtl red_off
v 0.27500 0.67712 0.15274
vn -0.00003 0.15552 -0.98783
vt 0 0
v 0.27174 0.67814 0.15336
vn -0.06567 0.62849 -0.77504
vt 1 0
v 0.27500 0.67807 0.15316
vn -0.00002 0.62694 -0.77906
vt 1 1
f 856/856/856 857/857/857 858/858/858
usemtl red_off
v 0.27500 0.67807 0.15316
vn -0.00001 0.62705 -0.77898
vt 0 0
v 0.27174 0.67814 0.15336
vn -0.06567 0.62860 -0.77495
vt 1 0
v 0.27187 0.67875 0.15419
vn -0.00011 0.93351 -0.35855
vt 1 1
f 859/859/859 860/860/860 861/861/861
usemtl red_off
v 0.27500 0.67807 0.15316
vn -0.00001 0.62705 -0.77898
vt 0 0
v 0.27187 0.67875 0.15419
vn -0.00011 0.93351 -0.35855
vt 1 0
v 0.27500 0.67867 0.15400
vn 0.00001 0.93351 -0.35856
vt 1 1
f 862/862/862 863/863/863 864/864/864
usemtl red_off
v 0.27500 0.64434 0.16500
vn 0.00001 -0.36481 -0.93108
vt 0 0
v 0.27839 0.64442 0.16521
vn 0.13053 -0.36175 -0.92309
vt 1 0
v 0.27836 0.64358 0.16582
vn 0.11317 -0.77290 -0.62436
vt 1 1
f 865/865/865 866/866/866 867/867/867
usemtl red_off
v 0.27500 0.64434 0.16500
vn 0.00001 -0.36481 -0.93108
vt 0 0
v 0.27836 0.64358 0.16582
vn 0.11317 -0.77290 -0.62436
vt 1 0
v 0.27500 0.64350 0.16561
vn 0.00001 -0.77555 -0.63129
vt 1 1
f 868/868/868 869/869/869 870/870/870
usemtl red_off
v 0.27500 0.64350 0.16561
vn 0.00002 -0.77562 -0.63119
vt 0 0
v 0.27836 0.64358 0.16582
vn 0.11314 -0.77297 -0.62427
vt 1 0
v 0.27826 0.64316 0.16676
vn 0.06566 -0.98543 -0.15689
vt 1 1
f 871/871/871 872/872/872 873/873/873
usemtl red_off
v 0.27500 0.64350 0.16561
vn 0.00002 -0.77562 -0.63119
vt 0 0
v 0.27826 0.64316 0.16676
vn 0.06566 -0.98543 -0.15689
vt 1 0
v 0.27500 0.64308 0.16656
vn 0.00001 -0.98697 -0.16092
vt 1 1
f 874/874/874 875/875/875 876/876/876
usemtl red_off
v 0.27500 0.64308 0.16656
vn 0.00002 -0.98698 -0.16082
vt 0 0
v 0.27826 0.64316 0.16676
vn 0.06568 -0.98544 -0.15680
vt 1 0
v 0.27813 0.64326 0.16778
vn 0.00012 -0.93420 0.35675
vt 1 1
f 877/877/877 878/878/878 879/879/879
usemtl red_off
v 0.27500 0.64308 0.16656
vn 0.00002 -0.98698 -0.16082
vt 0 0
v 0.27813 0.64326 0.16778
vn 0.00012 -0.93420 0.35675
vt 1 0
v 0.27500 0.64319 0.16759
vn 0.00000 -0.93420 0.35675
vt 1 1
f 880/880/880 881/881/881 882/882/882
usemtl red_off
v 0.27839 0.67617 0.15305
vn 0.13051 -0.34743 -0.92858
vt 0 0
v 0.27500 0.67609 0.15284
vn -0.00000 -0.35048 -0.93657
vt 1 0
v 0.27500 0.67712 0.15274
vn -0.00002 0.15545 -0.98784
vt 1 1
f 883/883/883 884/884/884 885/885/885
usemtl red_off
v 0.27839 0.67617 0.15305
vn 0.13051 -0.34743 -0.92858
vt 0 0
v 0.27500 0.67712 0.15274
vn -0.00002 0.15545 -0.98784
vt 1 0
v 0.27836 0.67720 0.15294
vn 0.11314 0.15810 -0.98092
vt 1 1
f 886/886/886 887/887/887 888/888/888
usemtl red_off
v 0.27836 0.67720 0.15294
vn 0.11314 0.15817 -0.98091
vt 0 0
v 0.27500 0.67712 0.15274
vn 0.00002 0.15552 -0.98783
vt 1 0
v 0.27500 0.67807 0.15316
vn 0.00005 0.62695 -0.77906
vt 1 1
f 889/889/889 890/890/890 891/891/891
usemtl red_off
v 0.27836 0.67720 0.15294
vn 0.11314 0.15817 -0.98091
vt 0 0
v 0.27500 0.67807 0.15316
vn 0.00005 0.62695 -0.77906
vt 1 0
v 0.27826 0.67814 0.15336
vn 0.06570 0.62848 -0.77504
vt 1 1
f 892/892/892 893/893/893 894/894/894
usemtl red_off
v 0.27826 0.67814 0.15336
vn 0.06566 0.62860 -0.77495
vt 0 0
v 0.27500 0.67807 0.15316
vn 0.00000 0.62706 -0.77897
vt 1 0
v 0.27500 0.67867 0.15400
vn 0.00002 0.93351 -0.35855
vt 1 1
f 895/895/895 896/896/896 897/897/897
usemtl red_off
v 0.27826 0.67814 0.15336
vn 0.06566 0.62860 -0.77495
vt 0 0
v 0.27500 0.67867 0.15400
vn 0.00002 0.93351 -0.35855
vt 1 0
v 0.27813 0.67875 0.15419
vn 0.00013 0.93351 -0.35854
vt 1 1
f 898/898/898 899/899/899 900/900/900
usemtl red_off
v 0.27839 0.64442 0.16521
vn 0.13053 -0.36175 -0.92309
vt 0 0
v 0.28173 0.64466 0.16583
vn 0.25885 -0.35263 -0.89925
vt 1 0
v 0.28166 0.64381 0.16643
vn 0.22438 -0.76500 -0.60368
vt 1 1
f 901/901/901 902/902/902 903/903/903
usemtl red_off
v 0.27839 0.64442 0.16521
vn 0.13053 -0.36175 -0.92309
vt 0 0
v 0.28166 0.64381 0.16643
vn 0.22438 -0.76500 -0.60368
vt 1 0
v 0.27836 0.64358 0.16582
vn 0.11317 -0.77290 -0.62436
vt 1 1
f 904/904/904 905/905/905 906/906/906
usemtl red_off
v 0.27836 0.64358 0.16582
vn 0.11316 -0.77297 -0.62427
vt 0 0
v 0.28166 0.64381 0.16643
vn 0.22435 -0.76506 -0.60362
vt 1 0
v 0.28147 0.64338 0.16736
vn 0.13023 -0.98084 -0.14491
vt 1 1
f 907/907/907 908/908/908 909/909/909
usemtl red_off
v 0.27836 0.64358 0.16582
vn 0.11316 -0.77297 -0.62427
vt 0 0
v 0.28147 0.64338 0.16736
vn 0.13023 -0.98084 -0.14491
vt 1 0
v 0.27826 0.64316 0.16676
vn 0.06570 -0.98543 -0.15690
vt 1 1
f 910/910/910 911/911/911 912/912/912
usemtl red_off
v 0.27826 0.64316 0.16676
vn 0.06570 -0.98545 -0.15677
vt 0 0
v 0.28147 0.64338 0.16736
vn 0.13024 -0.98085 -0.14479
vt 1 0
v 0.28121 0.64348 0.16836
vn 0.00025 -0.93418 0.35680
vt 1 1
f 913/913/913 914/914/914 915/915/915
usemtl red_off
v 0.27826 0.64316 0.16676
vn 0.06570 -0.98545 -0.15677
vt 0 0
v 0.28121 0.64348 0.16836
vn 0.00025 -0.93418 0.35680
vt 1 0
v 0.27813 0.64326 0.16778
vn 0.00013 -0.93419 0.35678
vt 1 1
f 916/916/916 917/917/917 918/918/918
usemtl red_off
v 0.28173 0.67641 0.15367
vn 0.25881 -0.33831 -0.90475
vt 0 0
v 0.27839 0.67617 0.15305
vn 0.13051 -0.34743 -0.92858
vt 1 0
v 0.27836 0.67720 0.15294
vn 0.11314 0.15810 -0.98092
vt 1 1
f 919/919/919 920/920/920 921/921/921
usemtl red_off
v 0.28173 0.67641 0.15367
vn 0.25881 -0.33831 -0.90475
vt 0 0
v 0.27836 0.67720 0.15294
vn 0.11314 0.15810 -0.98092
vt 1 0
v 0.28166 0.67743 0.15356
vn 0.22436 0.16600 -0.96026
vt 1 1
f 922/922/922 923/923/923 924/924/924
usemtl red_off
v 0.28166 0.67743 0.15356
vn 0.22436 0.16610 -0.96025
vt 0 0
v 0.27836 0.67720 0.15294
vn 0.11316 0.15820 -0.98090
vt 1 0
v 0.27826 0.67814 0.15336
vn 0.06574 0.62851 -0.77502
vt 1 1
f 925/925/925 926/926/926 927/927/927
usemtl red_off
v 0.28166 0.67743 0.15356
vn 0.22436 0.16610 -0.96025
vt 0 0
v 0.27826 0.67814 0.15336
vn 0.06574 0.62851 -0.77502
vt 1 0
v 0.28147 0.67837 0.15396
vn 0.13026 0.63309 -0.76304
vt 1 1
f 928/928/928 929/929/929 930/930/930
usemtl red_off
v 0.28147 0.67837 0.15396
vn 0.13023 0.63317 -0.76298
vt 0 0
v 0.27826 0.67814 0.15336
vn 0.06570 0.62858 -0.77497
vt 1 0
v 0.27813 0.67875 0.15419
vn 0.00016 0.93350 -0.35857
vt 1 1
f 931/931/931 932/932/932 933/933/933
usemtl red_off
v 0.28147 0.67837 0.15396
vn 0.13023 0.63317 -0.76298
vt 0 0
v 0.27813 0.67875 0.15419
vn 0.00016 0.93350 -0.35857
vt 1 0
v 0.28121 0.67897 0.15476
vn 0.00027 0.93351 -0.35854
vt 1 1
f 934/934/934 935/935/935 936/936/936
usemtl red_off
v 0.28173 0.64466 0.16583
vn 0.25885 -0.35263 -0.89925
vt 0 0
v 0.28495 0.64505 0.16685
vn 0.38264 -0.33760 -0.86001
vt 1 0
v 0.28485 0.64420 0.16744
vn 0.33175 -0.75196 -0.56964
vt 1 1
f 937/937/937 938/938/938 939/939/939
usemtl red_off
v 0.28173 0.64466 0.16583
vn 0.25885 -0.35263 -0.89925
vt 0 0
v 0.28485 0.64420 0.16744
vn 0.33175 -0.75196 -0.56964
vt 1 0
v 0.28166 0.64381 0.16643
vn 0.22438 -0.76500 -0.60368
vt 1 1
f 940/940/940 941/941/941 942/942/942
usemtl red_off
v 0.28166 0.64381 0.16643
vn 0.22437 -0.76506 -0.60361
vt 0 0
v 0.28485 0.64420 0.16744
vn 0.33172 -0.75203 -0.56958
vt 1 0
v 0.28457 0.64376 0.16834
vn 0.19256 -0.97327 -0.12515
vt 1 1
f 943/943/943 944/944/944 945/945/945
usemtl red_off
v 0.28166 0.64381 0.16643
vn 0.22437 -0.76506 -0.60361
vt 0 0
v 0.28457 0.64376 0.16834
vn 0.19256 -0.97327 -0.12515
vt 1 0
v 0.28147 0.64338 0.16736
vn 0.13026 -0.98083 -0.14491
vt 1 1
f 946/946/946 947/947/947 948/948/948
usemtl red_off
v 0.28147 0.64338 0.16736
vn 0.13024 -0.98086 -0.14478
vt 0 0
v 0.28457 0.64376 0.16834
vn 0.19255 -0.97329 -0.12502
vt 1 0
v 0.28418 0.64384 0.16930
vn 0.00034 -0.93417 0.35684
vt 1 1
f 949/949/949 950/950/950 951/951/951
usemtl red_off
v 0.28147 0.64338 0.16736
vn 0.13024 -0.98086 -0.14478
vt 0 0
v 0.28418 0.64384 0.16930
vn 0.00034 -0.93417 0.35684
vt 1 0
v 0.28121 0.64348 0.16836
vn 0.00023 -0.93418 0.35680
vt 1 1
f 952/952/952 953/953/953 954/954/954
usemtl red_off
v 0.28495 0.67680 0.15469
vn 0.38267 -0.32326 -0.86549
vt 0 0
v 0.28173 0.67641 0.15367
vn 0.25881 -0.33831 -0.90475
vt 1 0
v 0.28166 0.67743 0.15356
vn 0.22436 0.16600 -0.96026
vt 1 1
f 955/955/955 956/956/956 957/957/957
usemtl red_off
v 0.28495 0.67680 0.15469
vn 0.38267 -0.32326 -0.86549
vt 0 0
v 0.28166 0.67743 0.15356
vn 0.22436 0.16600 -0.96026
vt 1 0
v 0.28485 0.67782 0.15457
vn 0.33173 0.17905 -0.92623
vt 1 1
f 958/958/958 959/959/959 960/960/960
usemtl red_off
v 0.28485 0.67782 0.15457
vn 0.33171 0.17912 -0.92622
vt 0 0
v 0.28166 0.67743 0.15356
vn 0.22435 0.16609 -0.96025
vt 1 0
v 0.28147 0.67837 0.15396
vn 0.13028 0.63309 -0.76304
vt 1 1
f 961/961/961 962/962/962 963/963/963
usemtl red_off
v 0.28485 0.67782 0.15457
vn 0.33171 0.17912 -0.92622
vt 0 0
v 0.28147 0.67837 0.15396
vn 0.13028 0.63309 -0.76304
vt 1 0
v 0.28457 0.67875 0.15494
vn 0.19258 0.64065 -0.74329
vt 1 1
f 964/964/964 965/965/965 966/966/966
usemtl red_off
v 0.28457 0.67875 0.15494
vn 0.19254 0.64073 -0.74323
vt 0 0
v 0.28147 0.67837 0.15396
vn 0.13023 0.63317 -0.76298
vt 1 0
v 0.28121 0.67897 0.15476
vn 0.00026 0.93351 -0.35854
vt 1 1
f 967/967/967 968/968/968 969/969/969
usemtl red_off
v 0.28457 0.67875 0.15494
vn 0.19254 0.64073 -0.74323
vt 0 0
v 0.28121 0.67897 0.15476
vn 0.00026 0.93351 -0.35854
vt 1 0
v 0.28418 0.67933 0.15571
vn 0.00037 0.93353 -0.35851
vt 1 1
f 970/970/970 971/971/971 972/972/972
usemtl red_off
v 0.28495 0.64505 0.16685
vn 0.38264 -0.33760 -0.86001
vt 0 0
v 0.28800 0.64558 0.16826
vn 0.50000 -0.31690 -0.80596
vt 1 0
v 0.28787 0.64473 0.16883
vn 0.43346 -0.73402 -0.52280
vt 1 1
f 973/973/973 974/974/974 975/975/975
usemtl red_off
v 0.28495 0.64505 0.16685
vn 0.38264 -0.33760 -0.86001
vt 0 0
v 0.28787 0.64473 0.16883
vn 0.43346 -0.73402 -0.52280
vt 1 0
v 0.28485 0.64420 0.16744
vn 0.33175 -0.75196 -0.56964
vt 1 1
f 976/976/976 977/977/977 978/978/978
usemtl red_off
v 0.28485 0.64420 0.16744
vn 0.33176 -0.75202 -0.56956
vt 0 0
v 0.28787 0.64473 0.16883
vn 0.43344 -0.73408 -0.52273
vt 1 0
v 0.28750 0.64428 0.16969
vn 0.25163 -0.96286 -0.09795
vt 1 1
f 979/979/979 980/980/980 981/981/981
usemtl red_off
v 0.28485 0.64420 0.16744
vn 0.33176 -0.75202 -0.56956
vt 0 0
v 0.28750 0.64428 0.16969
vn 0.25163 -0.96286 -0.09795
vt 1 0
v 0.28457 0.64376 0.16834
vn 0.19262 -0.97326 -0.12513
vt 1 1
f 982/982/982 983/983/983 984/984/984
usemtl red_off
v 0.28457 0.64376 0.16834
vn 0.19256 -0.97329 -0.12502
vt 0 0
v 0.28750 0.64428 0.16969
vn 0.25157 -0.96288 -0.09784
vt 1 0
v 0.28700 0.64434 0.17059
vn 0.00045 -0.93415 0.35689
vt 1 1
f 985/985/985 986/986/986 987/987/987
usemtl red_off
v 0.28457 0.64376 0.16834
vn 0.19256 -0.97329 -0.12502
vt 0 0
v 0.28700 0.64434 0.17059
vn 0.00045 -0.93415 0.35689
vt 1 0
v 0.28418 0.64384 0.16930
vn 0.00035 -0.93417 0.35684
vt 1 1
f 988/988/988 989/989/989 990/990/990
usemtl red_off
v 0.28800 0.67734 0.15610
vn 0.49999 -0.30258 -0.81146
vt 0 0
v 0.28495 0.67680 0.15469
vn 0.38267 -0.32326 -0.86549
vt 1 0
v 0.28485 0.67782 0.15457
vn 0.33173 0.17905 -0.92623
vt 1 1
f 991/991/991 992/992/992 993/993/993
usemtl red_off
v 0.28800 0.67734 0.15610
vn 0.49999 -0.30258 -0.81146
vt 0 0
v 0.28485 0.67782 0.15457
vn 0.33173 0.17905 -0.92623
vt 1 0
v 0.28787 0.67835 0.15596
vn 0.43345 0.19698 -0.87939
vt 1 1
f 994/994/994 995/995/995 996/996/996
usemtl red_off
v 0.28787 0.67835 0.15596
vn 0.43342 0.19706 -0.87938
vt 0 0
v 0.28485 0.67782 0.15457
vn 0.33174 0.17913 -0.92621
vt 1 0
v 0.28457 0.67875 0.15494
vn 0.19263 0.64066 -0.74327
vt 1 1
f 997/997/997 998/998/998 999/999/999
usemtl red_off
v 0.28787 0.67835 0.15596
vn 0.43342 0.19706 -0.87938
vt 0 0
v 0.28457 0.67875 0.15494
vn 0.19263 0.64066 -0.74327
vt 1 0
v 0.28750 0.67926 0.15629
vn 0.25164 0.65106 -0.71610
vt 1 1
f 1000/1000/1000 1001/1001/1001 1002/1002/1002
usemtl red_off
v 0.28750 0.67926 0.15629
vn 0.25158 0.65115 -0.71604
vt 0 0
v 0.28457 0.67875 0.15494
vn 0.19256 0.64074 -0.74322
vt 1 0
v 0.28418 0.67933 0.15571
vn 0.00039 0.93353 -0.35850
vt 1 1
f 1003/1003/1003 1004/1004/1004 1005/1005/1005
usemtl red_off
v 0.28750 0.67926 0.15629
vn 0.25158 0.65115 -0.71604
vt 0 0
v 0.28418 0.67933 0.15571
vn 0.00039 0.93353 -0.35850
vt 1 0
v 0.28700 0.67982 0.15700
vn 0.00049 0.93355 -0.35846
vt 1 1
f 1006/1006/1006 1007/1007/1007 1008/1008/1008
usemtl red_off
v 0.28800 0.64558 0.16826
vn 0.50000 -0.31690 -0.80596
vt 0 0
v 0.29083 0.64626 0.17002
vn 0.60875 -0.29091 -0.73810
vt 1 0
v 0.29066 0.64540 0.17058
vn 0.52775 -0.71149 -0.46397
vt 1 1
f 1009/1009/1009 1010/1010/1010 1011/1011/1011
usemtl red_off
v 0.28800 0.64558 0.16826
vn 0.50000 -0.31690 -0.80596
vt 0 0
v 0.29066 0.64540 0.17058
vn 0.52775 -0.71149 -0.46397
vt 1 0
v 0.28787 0.64473 0.16883
vn 0.43346 -0.73402 -0.52280
vt 1 1
f 1012/1012/1012 1013/1013/1013 1014/1014/1014
usemtl red_off
v 0.28787 0.64473 0.16883
vn 0.43341 -0.73409 -0.52275
vt 0 0
v 0.29066 0.64540 0.17058
vn 0.52767 -0.71157 -0.46392
vt 1 0
v 0.29022 0.64493 0.17138
vn 0.30631 -0.94979 -0.06382
vt 1 1
f 1015/1015/1015 1016/1016/1016 1017/1017/1017
usemtl red_off
v 0.28787 0.64473 0.16883
vn 0.43341 -0.73409 -0.52275
vt 0 0
v 0.29022 0.64493 0.17138
vn 0.30631 -0.94979 -0.06382
vt 1 0
v 0.28750 0.64428 0.16969
vn 0.25161 -0.96286 -0.09796
vt 1 1
f 1018/1018/1018 1019/1019/1019 1020/1020/1020
usemtl red_off
v 0.28750 0.64428 0.16969
vn 0.25162 -0.96287 -0.09784
vt 0 0
v 0.29022 0.64493 0.17138
vn 0.30634 -0.94979 -0.06370
vt 1 0
v 0.28961 0.64496 0.17222
vn 0.00059 -0.93412 0.35695
vt 1 1
f 1021/1021/1021 1022/1022/1022 1023/1023/1023
usemtl red_off
v 0.28750 0.64428 0.16969
vn 0.25162 -0.96287 -0.09784
vt 0 0
v 0.28961 0.64496 0.17222
vn 0.00059 -0.93412 0.35695
vt 1 0
v 0.28700 0.64434 0.17059
vn 0.00050 -0.93415 0.35688
vt 1 1
f 1024/1024/1024 1025/1025/1025 1026/1026/1026
usemtl red_off
v 0.29083 0.67801 0.15786
vn 0.60875 -0.27659 -0.74359
vt 0 0
v 0.28800 0.67734 0.15610
vn 0.49999 -0.30258 -0.81146
vt 1 0
v 0.28787 0.67835 0.15596
vn 0.43345 0.19698 -0.87939
vt 1 1
f 1027/1027/1027 1028/1028/1028 1029/1029/1029
usemtl red_off
v 0.29083 0.67801 0.15786
vn 0.60875 -0.27659 -0.74359
vt 0 0
v 0.28787 0.67835 0.15596
vn 0.43345 0.19698 -0.87939
vt 1 0
v 0.29066 0.67902 0.15770
vn 0.52775 0.21950 -0.82055
vt 1 1
f 1030/1030/1030 1031/1031/1031 1032/1032/1032
usemtl red_off
v 0.29066 0.67902 0.15770
vn 0.52767 0.21964 -0.82056
vt 0 0
v 0.28787 0.67835 0.15596
vn 0.43341 0.19711 -0.87938
vt 1 0
v 0.28750 0.67926 0.15629
vn 0.25163 0.65111 -0.71606
vt 1 1
f 1033/1033/1033 1034/1034/1034 1035/1035/1035
usemtl red_off
v 0.29066 0.67902 0.15770
vn 0.52767 0.21964 -0.82056
vt 0 0
v 0.28750 0.67926 0.15629
vn 0.25163 0.65111 -0.71606
vt 1 0
v 0.29022 0.67991 0.15798
vn 0.30634 0.66418 -0.68192
vt 1 1
f 1036/1036/1036 1037/1037/1037 1038/1038/1038
usemtl red_off
v 0.29022 0.67991 0.15798
vn 0.30633 0.66421 -0.68190
vt 0 0
v 0.28750 0.67926 0.15629
vn 0.25161 0.65114 -0.71604
vt 1 0
v 0.28700 0.67982 0.15700
vn 0.00052 0.93355 -0.35846
vt 1 1
f 1039/1039/1039 1040/1040/1040 1041/1041/1041
usemtl red_off
v 0.29022 0.67991 0.15798
vn 0.30633 0.66421 -0.68190
vt 0 0
v 0.28700 0.67982 0.15700
vn 0.00052 0.93355 -0.35846
vt 1 0
v 0.28961 0.68045 0.15863
vn 0.00062 0.93357 -0.35839
vt 1 1
f 1042/1042/1042 1043/1043/1043 1044/1044/1044
usemtl red_off
v 0.29083 0.64626 0.17002
vn 0.60875 -0.29091 -0.73810
vt 0 0
v 0.29338 0.64706 0.17212
vn 0.70710 -0.26005 -0.65756
vt 1 0
v 0.29319 0.64620 0.17265
vn 0.61301 -0.68474 -0.39415
vt 1 1
f 1045/1045/1045 1046/1046/1046 1047/1047/1047
usemtl red_off
v 0.29083 0.64626 0.17002
vn 0.60875 -0.29091 -0.73810
vt 0 0
v 0.29319 0.64620 0.17265
vn 0.61301 -0.68474 -0.39415
vt 1 0
v 0.29066 0.64540 0.17058
vn 0.52775 -0.71149 -0.46397
vt 1 1
f 1048/1048/1048 1049/1049/1049 1050/1050/1050
usemtl red_off
v 0.29066 0.64540 0.17058
vn 0.52773 -0.71155 -0.46389
vt 0 0
v 0.29319 0.64620 0.17265
vn 0.61297 -0.68481 -0.39408
vt 1 0
v 0.29268 0.64570 0.17340
vn 0.35586 -0.93425 -0.02326
vt 1 1
f 1051/1051/1051 1052/1052/1052 1053/1053/1053
usemtl red_off
v 0.29066 0.64540 0.17058
vn 0.52773 -0.71155 -0.46389
vt 0 0
v 0.29268 0.64570 0.17340
vn 0.35586 -0.93425 -0.02326
vt 1 0
v 0.29022 0.64493 0.17138
vn 0.30639 -0.94977 -0.06377
vt 1 1
f 1054/1054/1054 1055/1055/1055 1056/1056/1056
usemtl red_off
v 0.29022 0.64493 0.17138
vn 0.30637 -0.94978 -0.06369
vt 0 0
v 0.29268 0.64570 0.17340
vn 0.35584 -0.93426 -0.02317
vt 1 0
v 0.29197 0.64570 0.17415
vn 0.00071 -0.93409 0.35703
vt 1 1
f 1057/1057/1057 1058/1058/1058 1059/1059/1059
usemtl red_off
v 0.29022 0.64493 0.17138
vn 0.30637 -0.94978 -0.06369
vt 0 0
v 0.29197 0.64570 0.17415
vn 0.00071 -0.93409 0.35703
vt 1 0
v 0.28961 0.64496 0.17222
vn 0.00063 -0.93412 0.35695
vt 1 1
f 1060/1060/1060 1061/1061/1061 1062/1062/1062
usemtl red_off
v 0.29338 0.67881 0.15996
vn 0.70708 -0.24574 -0.66306
vt 0 0
v 0.29083 0.67801 0.15786
vn 0.60875 -0.27659 -0.74359
vt 1 0
v 0.29066 0.67902 0.15770
vn 0.52775 0.21950 -0.82055
vt 1 1
f 1063/1063/1063 1064/1064/1064 1065/1065/1065
usemtl red_off
v 0.29338 0.67881 0.15996
vn 0.70708 -0.24574 -0.66306
vt 0 0
v 0.29066 0.67902 0.15770
vn 0.52775 0.21950 -0.82055
vt 1 0
v 0.29319 0.67981 0.15978
vn 0.61298 0.24625 -0.75074
vt 1 1
f 1066/1066/1066 1067/1067/1067 1068/1068/1068
usemtl red_off
v 0.29319 0.67981 0.15978
vn 0.61294 0.24633 -0.75075
vt 0 0
v 0.29066 0.67902 0.15770
vn 0.52771 0.21959 -0.82055
vt 1 0
v 0.29022 0.67991 0.15798
vn 0.30640 0.66415 -0.68193
vt 1 1
f 1069/1069/1069 1070/1070/1070 1071/1071/1071
usemtl red_off
v 0.29319 0.67981 0.15978
vn 0.61294 0.24633 -0.75075
vt 0 0
v 0.29022 0.67991 0.15798
vn 0.30640 0.66415 -0.68193
vt 1 0
v 0.29268 0.68068 0.16000
vn 0.35586 0.67967 -0.64141
vt 1 1
f 1072/1072/1072 1073/1073/1073 1074/1074/1074
usemtl red_off
v 0.29268 0.68068 0.16000
vn 0.35580 0.67975 -0.64136
vt 0 0
v 0.29022 0.67991 0.15798
vn 0.30632 0.66424 -0.68187
vt 1 0
v 0.28961 0.68045 0.15863
vn 0.00060 0.93358 -0.35837
vt 1 1
f 1075/1075/1075 1076/1076/1076 1077/1077/1077
usemtl red_off
v 0.29268 0.68068 0.16000
vn 0.35580 0.67975 -0.64136
vt 0 0
v 0.28961 0.68045 0.15863
vn 0.00060 0.93358 -0.35837
vt 1 0
v 0.29197 0.68119 0.16056
vn 0.00069 0.93361 -0.35829
vt 1 1
f 1078/1078/1078 1079/1079/1079 1080/1080/1080
usemtl red_off
v 0.29338 0.64706 0.17212
vn 0.70710 -0.26005 -0.65756
vt 0 0
v 0.29563 0.64798 0.17450
vn 0.79334 -0.22488 -0.56572
vt 1 0
v 0.29541 0.64710 0.17501
vn 0.68777 -0.65425 -0.31453
vt 1 1
f 1081/1081/1081 1082/1082/1082 1083/1083/1083
usemtl red_off
v 0.29338 0.64706 0.17212
vn 0.70710 -0.26005 -0.65756
vt 0 0
v 0.29541 0.64710 0.17501
vn 0.68777 -0.65425 -0.31453
vt 1 0
v 0.29319 0.64620 0.17265
vn 0.61301 -0.68474 -0.39415
vt 1 1
f 1084/1084/1084 1085/1085/1085 1086/1086/1086
usemtl red_off
v 0.29319 0.64620 0.17265
vn 0.61295 -0.68483 -0.39408
vt 0 0
v 0.29541 0.64710 0.17501
vn 0.68770 -0.65435 -0.31448
vt 1 0
v 0.29483 0.64658 0.17569
vn 0.39923 -0.91656 0.02294
vt 1 1
f 1087/1087/1087 1088/1088/1088 1089/1089/1089
usemtl red_off
v 0.29319 0.64620 0.17265
vn 0.61295 -0.68483 -0.39408
vt 0 0
v 0.29483 0.64658 0.17569
vn 0.39923 -0.91656 0.02294
vt 1 0
v 0.29268 0.64570 0.17340
vn 0.35585 -0.93425 -0.02325
vt 1 1
f 1090/1090/1090 1091/1091/1091 1092/1092/1092
usemtl red_off
v 0.29268 0.64570 0.17340
vn 0.35584 -0.93426 -0.02319
vt 0 0
v 0.29483 0.64658 0.17569
vn 0.39923 -0.91656 0.02301
vt 1 0
v 0.29404 0.64655 0.17636
vn 0.00079 -0.93407 0.35708
vt 1 1
f 1093/1093/1093 1094/1094/1094 1095/1095/1095
usemtl red_off
v 0.29268 0.64570 0.17340
vn 0.35584 -0.93426 -0.02319
vt 0 0
v 0.29404 0.64655 0.17636
vn 0.00079 -0.93407 0.35708
vt 1 0
v 0.29197 0.64570 0.17415
vn 0.00072 -0.93410 0.35700
vt 1 1
f 1096/1096/1096 1097/1097/1097 1098/1098/1098
usemtl red_off
v 0.29563 0.67973 0.16234
vn 0.79332 -0.21056 -0.57123
vt 0 0
v 0.29338 0.67881 0.15996
vn 0.70708 -0.24574 -0.66306
vt 1 0
v 0.29319 0.67981 0.15978
vn 0.61298 0.24625 -0.75074
vt 1 1
f 1099/1099/1099 1100/1100/1100 1101/1101/1101
usemtl red_off
v 0.29563 0.67973 0.16234
vn 0.79332 -0.21056 -0.57123
vt 0 0
v 0.29319 0.67981 0.15978
vn 0.61298 0.24625 -0.75074
vt 1 0
v 0.29541 0.68072 0.16214
vn 0.68773 0.27675 -0.67114
vt 1 1
f 1102/1102/1102 1103/1103/1103 1104/1104/1104
usemtl red_off
v 0.29541 0.68072 0.16214
vn 0.68772 0.27680 -0.67113
vt 0 0
v 0.29319 0.67981 0.15978
vn 0.61297 0.24631 -0.75073
vt 1 0
v 0.29268 0.68068 0.16000
vn 0.35591 0.67967 -0.64139
vt 1 1
f 1105/1105/1105 1106/1106/1106 1107/1107/1107
usemtl red_off
v 0.29541 0.68072 0.16214
vn 0.68772 0.27680 -0.67113
vt 0 0
v 0.29268 0.68068 0.16000
vn 0.35591 0.67967 -0.64139
vt 1 0
v 0.29483 0.68156 0.16229
vn 0.39929 0.69736 -0.59520
vt 1 1
f 1108/1108/1108 1109/1109/1109 1110/1110/1110
usemtl red_off
v 0.29483 0.68156 0.16229
vn 0.39920 0.69746 -0.59513
vt 0 0
v 0.29268 0.68068 0.16000
vn 0.35580 0.67977 -0.64134
vt 1 0
v 0.29197 0.68119 0.16056
vn 0.00070 0.93362 -0.35827
vt 1 1
f 1111/1111/1111 1112/1112/1112 1113/1113/1113
usemtl red_off
v 0.29483 0.68156 0.16229
vn 0.39920 0.69746 -0.59513
vt 0 0
v 0.29197 0.68119 0.16056
vn 0.00070 0.93362 -0.35827
vt 1 0
v 0.29404 0.68203 0.16277
vn 0.00077 0.93365 -0.35819
vt 1 1
f 1114/1114/1114 1115/1115/1115 1116/1116/1116
usemtl red_off
v 0.29563 0.64798 0.17450
vn 0.79334 -0.22488 -0.56572
vt 0 0
v 0.29752 0.64899 0.17714
vn 0.86601 -0.18599 -0.46415
vt 1 0
v 0.29728 0.64810 0.17763
vn 0.75075 -0.62054 -0.22649
vt 1 1
f 1117/1117/1117 1118/1118/1118 1119/1119/1119
usemtl red_off
v 0.29563 0.64798 0.17450
vn 0.79334 -0.22488 -0.56572
vt 0 0
v 0.29728 0.64810 0.17763
vn 0.75075 -0.62054 -0.22649
vt 1 0
v 0.29541 0.64710 0.17501
vn 0.68777 -0.65425 -0.31453
vt 1 1
f 1120/1120/1120 1121/1121/1121 1122/1122/1122
usemtl red_off
v 0.29541 0.64710 0.17501
vn 0.68775 -0.65430 -0.31447
vt 0 0
v 0.29728 0.64810 0.17763
vn 0.75073 -0.62059 -0.22644
vt 1 0
v 0.29665 0.64755 0.17823
vn 0.43585 -0.89697 0.07405
vt 1 1
f 1123/1123/1123 1124/1124/1124 1125/1125/1125
usemtl red_off
v 0.29541 0.64710 0.17501
vn 0.68775 -0.65430 -0.31447
vt 0 0
v 0.29665 0.64755 0.17823
vn 0.43585 -0.89697 0.07405
vt 1 0
v 0.29483 0.64658 0.17569
vn 0.39930 -0.91653 0.02297
vt 1 1
f 1126/1126/1126 1127/1127/1127 1128/1128/1128
usemtl red_off
v 0.29483 0.64658 0.17569
vn 0.39923 -0.91656 0.02304
vt 0 0
v 0.29665 0.64755 0.17823
vn 0.43579 -0.89699 0.07412
vt 1 0
v 0.29578 0.64748 0.17880
vn 0.00086 -0.93403 0.35719
vt 1 1
f 1129/1129/1129 1130/1130/1130 1131/1131/1131
usemtl red_off
v 0.29483 0.64658 0.17569
vn 0.39923 -0.91656 0.02304
vt 0 0
v 0.29578 0.64748 0.17880
vn 0.00086 -0.93403 0.35719
vt 1 0
v 0.29404 0.64655 0.17636
vn 0.00079 -0.93407 0.35710
vt 1 1
f 1132/1132/1132 1133/1133/1133 1134/1134/1134
usemtl red_off
v 0.29752 0.68074 0.16498
vn 0.86600 -0.17165 -0.46966
vt 0 0
v 0.29563 0.67973 0.16234
vn 0.79332 -0.21056 -0.57123
vt 1 0
v 0.29541 0.68072 0.16214
vn 0.68773 0.27675 -0.67114
vt 1 1
f 1135/1135/1135 1136/1136/1136 1137/1137/1137
usemtl red_off
v 0.29752 0.68074 0.16498
vn 0.86600 -0.17165 -0.46966
vt 0 0
v 0.29541 0.68072 0.16214
vn 0.68773 0.27675 -0.67114
vt 1 0
v 0.29728 0.68172 0.16475
vn 0.75074 0.31049 -0.58308
vt 1 1
f 1138/1138/1138 1139/1139/1139 1140/1140/1140
usemtl red_off
v 0.29728 0.68172 0.16475
vn 0.75072 0.31052 -0.58309
vt 0 0
v 0.29541 0.68072 0.16214
vn 0.68773 0.27681 -0.67112
vt 1 0
v 0.29483 0.68156 0.16229
vn 0.39932 0.69737 -0.59516
vt 1 1
f 1141/1141/1141 1142/1142/1142 1143/1143/1143
usemtl red_off
v 0.29728 0.68172 0.16475
vn 0.75072 0.31052 -0.58309
vt 0 0
v 0.29483 0.68156 0.16229
vn 0.39932 0.69737 -0.59516
vt 1 0
v 0.29665 0.68254 0.16483
vn 0.43587 0.71693 -0.54408
vt 1 1
f 1144/1144/1144 1145/1145/1145 1146/1146/1146
usemtl red_off
v 0.29665 0.68254 0.16483
vn 0.43571 0.71706 -0.54404
vt 0 0
v 0.29483 0.68156 0.16229
vn 0.39916 0.69748 -0.59514
vt 1 0
v 0.29404 0.68203 0.16277
vn 0.00073 0.93365 -0.35819
vt 1 1
f 1147/1147/1147 1148/1148/1148 1149/1149/1149
usemtl red_off
v 0.29665 0.68254 0.16483
vn 0.43571 0.71706 -0.54404
vt 0 0
v 0.29404 0.68203 0.16277
vn 0.00073 0.93365 -0.35819
vt 1 0
v 0.29578 0.68297 0.16520
vn 0.00079 0.93368 -0.35810
vt 1 1
f 1150/1150/1150 1151/1151/1151 1152/1152/1152
usemtl red_off
v 0.29752 0.64899 0.17714
vn 0.86601 -0.18599 -0.46415
vt 0 0
v 0.29902 0.65008 0.17999
vn 0.92386 -0.14403 -0.35461
vt 1 0
v 0.29877 0.64918 0.18045
vn 0.80091 -0.58416 -0.13151
vt 1 1
f 1153/1153/1153 1154/1154/1154 1155/1155/1155
usemtl red_off
v 0.29752 0.64899 0.17714
vn 0.86601 -0.18599 -0.46415
vt 0 0
v 0.29877 0.64918 0.18045
vn 0.80091 -0.58416 -0.13151
vt 1 0
v 0.29728 0.64810 0.17763
vn 0.75075 -0.62054 -0.22649
vt 1 1
f 1156/1156/1156 1157/1157/1157 1158/1158/1158
usemtl red_off
v 0.29728 0.64810 0.17763
vn 0.75074 -0.62058 -0.22643
vt 0 0
v 0.29877 0.64918 0.18045
vn 0.80088 -0.58421 -0.13147
vt 1 0
v 0.29810 0.64860 0.18097
vn 0.46497 -0.87585 0.12919
vt 1 1
f 1159/1159/1159 1160/1160/1160 1161/1161/1161
usemtl red_off
v 0.29728 0.64810 0.17763
vn 0.75074 -0.62058 -0.22643
vt 0 0
v 0.29810 0.64860 0.18097
vn 0.46497 -0.87585 0.12919
vt 1 0
v 0.29665 0.64755 0.17823
vn 0.43588 -0.89695 0.07408
vt 1 1
f 1162/1162/1162 1163/1163/1163 1164/1164/1164
usemtl red_off
v 0.29665 0.64755 0.17823
vn 0.43578 -0.89699 0.07414
vt 0 0
v 0.29810 0.64860 0.18097
vn 0.46488 -0.87588 0.12926
vt 1 0
v 0.29717 0.64849 0.18142
vn 0.00089 -0.93399 0.35730
vt 1 1
f 1165/1165/1165 1166/1166/1166 1167/1167/1167
usemtl red_off
v 0.29665 0.64755 0.17823
vn 0.43578 -0.89699 0.07414
vt 0 0
v 0.29717 0.64849 0.18142
vn 0.00089 -0.93399 0.35730
vt 1 0
v 0.29578 0.64748 0.17880
vn 0.00085 -0.93403 0.35720
vt 1 1
f 1168/1168/1168 1169/1169/1169 1170/1170/1170
usemtl red_off
v 0.29902 0.68183 0.16783
vn 0.92385 -0.12971 -0.36010
vt 0 0
v 0.29752 0.68074 0.16498
vn 0.86600 -0.17165 -0.46966
vt 1 0
v 0.29728 0.68172 0.16475
vn 0.75074 0.31049 -0.58308
vt 1 1
f 1171/1171/1171 1172/1172/1172 1173/1173/1173
usemtl red_off
v 0.29902 0.68183 0.16783
vn 0.92385 -0.12971 -0.36010
vt 0 0
v 0.29728 0.68172 0.16475
vn 0.75074 0.31049 -0.58308
vt 1 0
v 0.29877 0.68280 0.16757
vn 0.80091 0.34684 -0.48810
vt 1 1
f 1174/1174/1174 1175/1175/1175 1176/1176/1176
usemtl red_off
v 0.29877 0.68280 0.16757
vn 0.80087 0.34692 -0.48812
vt 0 0
v 0.29728 0.68172 0.16475
vn 0.75072 0.31055 -0.58307
vt 1 0
v 0.29665 0.68254 0.16483
vn 0.43587 0.71697 -0.54403
vt 1 1
f 1177/1177/1177 1178/1178/1178 1179/1179/1179
usemtl red_off
v 0.29877 0.68280 0.16757
vn 0.80087 0.34692 -0.48812
vt 0 0
v 0.29665 0.68254 0.16483
vn 0.43587 0.71697 -0.54403
vt 1 0
v 0.29810 0.68358 0.16757
vn 0.46497 0.73807 -0.48893
vt 1 1
f 1180/1180/1180 1181/1181/1181 1182/1182/1182
usemtl red_off
v 0.29810 0.68358 0.16757
vn 0.46489 0.73814 -0.48891
vt 0 0
v 0.29665 0.68254 0.16483
vn 0.43578 0.71703 -0.54402
vt 1 0
v 0.29578 0.68297 0.16520
vn 0.00086 0.93369 -0.35809
vt 1 1
f 1183/1183/1183 1184/1184/1184 1185/1185/1185
usemtl red_off
v 0.29810 0.68358 0.16757
vn 0.46489 0.73814 -0.48891
vt 0 0
v 0.29578 0.68297 0.16520
vn 0.00086 0.93369 -0.35809
vt 1 0
v 0.29717 0.68397 0.16783
vn 0.00091 0.93372 -0.35800
vt 1 1
f 1186/1186/1186 1187/1187/1187 1188/1188/1188
usemtl red_off
v 0.29902 0.65008 0.17999
vn 0.92386 -0.14403 -0.35461
vt 0 0
v 0.30011 0.65123 0.18300
vn 0.96590 -0.09973 -0.23894
vt 1 0
v 0.29985 0.65032 0.18342
vn 0.83737 -0.54574 -0.03123
vt 1 1
f 1189/1189/1189 1190/1190/1190 1191/1191/1191
usemtl red_off
v 0.29902 0.65008 0.17999
vn 0.92386 -0.14403 -0.35461
vt 0 0
v 0.29985 0.65032 0.18342
vn 0.83737 -0.54574 -0.03123
vt 1 0
v 0.29877 0.64918 0.18045
vn 0.80091 -0.58416 -0.13151
vt 1 1
f 1192/1192/1192 1193/1193/1193 1194/1194/1194
usemtl red_off
v 0.29877 0.64918 0.18045
vn 0.80089 -0.58420 -0.13147
vt 0 0
v 0.29985 0.65032 0.18342
vn 0.83733 -0.54580 -0.03122
vt 1 0
v 0.29915 0.64971 0.18386
vn 0.48615 -0.85355 0.18738
vt 1 1
f 1195/1195/1195 1196/1196/1196 1197/1197/1197
usemtl red_off
v 0.29877 0.64918 0.18045
vn 0.80089 -0.58420 -0.13147
vt 0 0
v 0.29915 0.64971 0.18386
vn 0.48615 -0.85355 0.18738
vt 1 0
v 0.29810 0.64860 0.18097
vn 0.46500 -0.87583 0.12920
vt 1 1
f 1198/1198/1198 1199/1199/1199 1200/1200/1200
usemtl red_off
v 0.29810 0.64860 0.18097
vn 0.46492 -0.87587 0.12927
vt 0 0
v 0.29915 0.64971 0.18386
vn 0.48607 -0.85358 0.18746
vt 1 0
v 0.29818 0.64955 0.18420
vn 0.00096 -0.93395 0.35741
vt 1 1
f 1201/1201/1201 1202/1202/1202 1203/1203/1203
usemtl red_off
v 0.29810 0.64860 0.18097
vn 0.46492 -0.87587 0.12927
vt 0 0
v 0.29818 0.64955 0.18420
vn 0.00096 -0.93395 0.35741
vt 1 0
v 0.29717 0.64849 0.18142
vn 0.00093 -0.93399 0.35731
vt 1 1
f 1204/1204/1204 1205/1205/1205 1206/1206/1206
usemtl red_off
v 0.30011 0.68298 0.17084
vn 0.96590 -0.08540 -0.24444
vt 0 0
v 0.29902 0.68183 0.16783
vn 0.92385 -0.12971 -0.36010
vt 1 0
v 0.29877 0.68280 0.16757
vn 0.80091 0.34684 -0.48810
vt 1 1
f 1207/1207/1207 1208/1208/1208 1209/1209/1209
usemtl red_off
v 0.30011 0.68298 0.17084
vn 0.96590 -0.08540 -0.24444
vt 0 0
v 0.29877 0.68280 0.16757
vn 0.80091 0.34684 -0.48810
vt 1 0
v 0.29985 0.68394 0.17055
vn 0.83736 0.38526 -0.38783
vt 1 1
f 1210/1210/1210 1211/1211/1211 1212/1212/1212
usemtl red_off
v 0.29985 0.68394 0.17055
vn 0.83729 0.38536 -0.38788
vt 0 0
v 0.29877 0.68280 0.16757
vn 0.80084 0.34696 -0.48813
vt 1 0
v 0.29810 0.68358 0.16757
vn 0.46493 0.73811 -0.48891
vt 1 1
f 1213/1213/1213 1214/1214/1214 1215/1215/1215
usemtl red_off
v 0.29985 0.68394 0.17055
vn 0.83729 0.38536 -0.38788
vt 0 0
v 0.29810 0.68358 0.16757
vn 0.46493 0.73811 -0.48891
vt 1 0
v 0.29915 0.68469 0.17046
vn 0.48609 0.76039 -0.43073
vt 1 1
f 1216/1216/1216 1217/1217/1217 1218/1218/1218
usemtl red_off
v 0.29915 0.68469 0.17046
vn 0.48610 0.76040 -0.43069
vt 0 0
v 0.29810 0.68358 0.16757
vn 0.46494 0.73812 -0.48888
vt 1 0
v 0.29717 0.68397 0.16783
vn 0.00098 0.93373 -0.35798
vt 1 1
f 1219/1219/1219 1220/1220/1220 1221/1221/1221
usemtl red_off
v 0.29915 0.68469 0.17046
vn 0.48610 0.76040 -0.43069
vt 0 0
v 0.29717 0.68397 0.16783
vn 0.00098 0.93373 -0.35798
vt 1 0
v 0.29818 0.68503 0.17061
vn 0.00101 0.93377 -0.35788
vt 1 1
f 1222/1222/1222 1223/1223/1223 1224/1224/1224
usemtl red_off
v 0.30011 0.65123 0.18300
vn 0.96590 -0.09973 -0.23894
vt 0 0
v 0.30078 0.65242 0.18612
vn 0.99141 -0.05386 -0.11918
vt 1 0
v 0.30051 0.65150 0.18651
vn 0.85949 -0.50597 0.07263
vt 1 1
f 1225/1225/1225 1226/1226/1226 1227/1227/1227
usemtl red_off
v 0.30011 0.65123 0.18300
vn 0.96590 -0.09973 -0.23894
vt 0 0
v 0.30051 0.65150 0.18651
vn 0.85949 -0.50597 0.07263
vt 1 0
v 0.29985 0.65032 0.18342
vn 0.83737 -0.54574 -0.03123
vt 1 1
f 1228/1228/1228 1229/1229/1229 1230/1230/1230
usemtl red_off
v 0.29985 0.65032 0.18342
vn 0.83732 -0.54583 -0.03118
vt 0 0
v 0.30051 0.65150 0.18651
vn 0.85943 -0.50606 0.07266
vt 1 0
v 0.29978 0.65085 0.18686
vn 0.49896 -0.83048 0.24770
vt 1 1
f 1231/1231/1231 1232/1232/1232 1233/1233/1233
usemtl red_off
v 0.29985 0.65032 0.18342
vn 0.83732 -0.54583 -0.03118
vt 0 0
v 0.29978 0.65085 0.18686
vn 0.49896 -0.83048 0.24770
vt 1 0
v 0.29915 0.64971 0.18386
vn 0.48612 -0.85355 0.18744
vt 1 1
f 1234/1234/1234 1235/1235/1235 1236/1236/1236
usemtl red_off
v 0.29915 0.64971 0.18386
vn 0.48608 -0.85357 0.18748
vt 0 0
v 0.29978 0.65085 0.18686
vn 0.49892 -0.83048 0.24775
vt 1 0
v 0.29879 0.65065 0.18708
vn 0.00101 -0.93390 0.35753
vt 1 1
f 1237/1237/1237 1238/1238/1238 1239/1239/1239
usemtl red_off
v 0.29915 0.64971 0.18386
vn 0.48608 -0.85357 0.18748
vt 0 0
v 0.29879 0.65065 0.18708
vn 0.00101 -0.93390 0.35753
vt 1 0
v 0.29818 0.64955 0.18420
vn 0.00099 -0.93394 0.35743
vt 1 1
f 1240/1240/1240 1241/1241/1241 1242/1242/1242
usemtl red_off
v 0.30078 0.68417 0.17395
vn 0.99141 -0.03951 -0.12464
vt 0 0
v 0.30011 0.68298 0.17084
vn 0.96590 -0.08540 -0.24444
vt 1 0
v 0.29985 0.68394 0.17055
vn 0.83736 0.38526 -0.38783
vt 1 1
f 1243/1243/1243 1244/1244/1244 1245/1245/1245
usemtl red_off
v 0.30078 0.68417 0.17395
vn 0.99141 -0.03951 -0.12464
vt 0 0
v 0.29985 0.68394 0.17055
vn 0.83736 0.38526 -0.38783
vt 1 0
v 0.30051 0.68512 0.17363
vn 0.85947 0.42504 -0.28397
vt 1 1
f 1246/1246/1246 1247/1247/1247 1248/1248/1248
usemtl red_off
v 0.30051 0.68512 0.17363
vn 0.85946 0.42507 -0.28399
vt 0 0
v 0.29985 0.68394 0.17055
vn 0.83734 0.38530 -0.38783
vt 1 0
v 0.29915 0.68469 0.17046
vn 0.48617 0.76037 -0.43068
vt 1 1
f 1249/1249/1249 1250/1250/1250 1251/1251/1251
usemtl red_off
v 0.30051 0.68512 0.17363
vn 0.85946 0.42507 -0.28399
vt 0 0
v 0.29915 0.68469 0.17046
vn 0.48617 0.76037 -0.43068
vt 1 0
v 0.29978 0.68584 0.17346
vn 0.49900 0.78344 -0.37042
vt 1 1
f 1252/1252/1252 1253/1253/1253 1254/1254/1254
usemtl red_off
v 0.29978 0.68584 0.17346
vn 0.49889 0.78352 -0.37043
vt 0 0
v 0.29915 0.68469 0.17046
vn 0.48605 0.76043 -0.43070
vt 1 0
v 0.29818 0.68503 0.17061
vn 0.00096 0.93377 -0.35788
vt 1 1
f 1255/1255/1255 1256/1256/1256 1257/1257/1257
usemtl red_off
v 0.29978 0.68584 0.17346
vn 0.49889 0.78352 -0.37043
vt 0 0
v 0.29818 0.68503 0.17061
vn 0.00096 0.93377 -0.35788
vt 1 0
v 0.29879 0.68614 0.17348
vn 0.00097 0.93381 -0.35777
vt 1 1
f 1258/1258/1258 1259/1259/1259 1260/1260/1260
usemtl red_off
v 0.30078 0.65242 0.18612
vn 0.99141 -0.05386 -0.11918
vt 0 0
v 0.30100 0.65364 0.18928
vn 0.99997 -0.00716 0.00275
vt 1 0
v 0.30073 0.65270 0.18964
vn 0.86690 -0.46550 0.17830
vt 1 1
f 1261/1261/1261 1262/1262/1262 1263/1263/1263
usemtl red_off
v 0.30078 0.65242 0.18612
vn 0.99141 -0.05386 -0.11918
vt 0 0
v 0.30073 0.65270 0.18964
vn 0.86690 -0.46550 0.17830
vt 1 0
v 0.30051 0.65150 0.18651
vn 0.85949 -0.50597 0.07263
vt 1 1
f 1264/1264/1264 1265/1265/1265 1266/1266/1266
usemtl red_off
v 0.30051 0.65150 0.18651
vn 0.85946 -0.50602 0.07267
vt 0 0
v 0.30073 0.65270 0.18964
vn 0.86687 -0.46556 0.17831
vt 1 0
v 0.30000 0.65202 0.18990
vn 0.50330 -0.80696 0.30904
vt 1 1
f 1267/1267/1267 1268/1268/1268 1269/1269/1269
usemtl red_off
v 0.30051 0.65150 0.18651
vn 0.85946 -0.50602 0.07267
vt 0 0
v 0.30000 0.65202 0.18990
vn 0.50330 -0.80696 0.30904
vt 1 0
v 0.29978 0.65085 0.18686
vn 0.49900 -0.83044 0.24773
vt 1 1
f 1270/1270/1270 1271/1271/1271 1272/1272/1272
usemtl red_off
v 0.29978 0.65085 0.18686
vn 0.49886 -0.83051 0.24779
vt 0 0
v 0.30000 0.65202 0.18990
vn 0.50316 -0.80702 0.30910
vt 1 0
v 0.29900 0.65177 0.19000
vn 0.00094 -0.93385 0.35766
vt 1 1
f 1273/1273/1273 1274/1274/1274 1275/1275/1275
usemtl red_off
v 0.29978 0.65085 0.18686
vn 0.49886 -0.83051 0.24779
vt 0 0
v 0.29900 0.65177 0.19000
vn 0.00094 -0.93385 0.35766
vt 1 0
v 0.29879 0.65065 0.18708
vn 0.00094 -0.93389 0.35755
vt 1 1
f 1276/1276/1276 1277/1277/1277 1278/1278/1278
usemtl red_off
v 0.30100 0.68539 0.17712
vn 0.99997 0.00717 -0.00275
vt 0 0
v 0.30078 0.68417 0.17395
vn 0.99141 -0.03951 -0.12464
vt 1 0
v 0.30051 0.68512 0.17363
vn 0.85947 0.42504 -0.28397
vt 1 1
f 1279/1279/1279 1280/1280/1280 1281/1281/1281
usemtl red_off
v 0.30100 0.68539 0.17712
vn 0.99997 0.00717 -0.00275
vt 0 0
v 0.30051 0.68512 0.17363
vn 0.85947 0.42504 -0.28397
vt 1 0
v 0.30073 0.68632 0.17677
vn 0.86690 0.46550 -0.17830
vt 1 1
f 1282/1282/1282 1283/1283/1283 1284/1284/1284
usemtl red_off
v 0.30073 0.68632 0.17677
vn 0.86685 0.46558 -0.17833
vt 0 0
v 0.30051 0.68512 0.17363
vn 0.85943 0.42513 -0.28398
vt 1 0
v 0.29978 0.68584 0.17346
vn 0.49896 0.78349 -0.37038
vt 1 1
f 1285/1285/1285 1286/1286/1286 1287/1287/1287
usemtl red_off
v 0.30073 0.68632 0.17677
vn 0.86685 0.46558 -0.17833
vt 0 0
v 0.29978 0.68584 0.17346
vn 0.49896 0.78349 -0.37038
vt 1 0
v 0.30000 0.68701 0.17650
vn 0.50327 0.80697 -0.30908
vt 1 1
f 1288/1288/1288 1289/1289/1289 1290/1290/1290
usemtl red_off
v 0.30000 0.68701 0.17650
vn 0.50320 0.80700 -0.30909
vt 0 0
v 0.29978 0.68584 0.17346
vn 0.49889 0.78352 -0.37041
vt 1 0
v 0.29879 0.68614 0.17348
vn 0.00098 0.93381 -0.35776
vt 1 1
f 1291/1291/1291 1292/1292/1292 1293/1293/1293
usemtl red_off
v 0.30000 0.68701 0.17650
vn 0.50320 0.80700 -0.30909
vt 0 0
v 0.29879 0.68614 0.17348
vn 0.00098 0.93381 -0.35776
vt 1 0
v 0.29900 0.68726 0.17641
vn 0.00099 0.93385 -0.35766
vt 1 1
f 1294/1294/1294 1295/1295/1295 1296/1296/1296
usemtl red_off
v 0.30100 0.65364 0.18928
vn 0.99997 -0.00716 0.00275
vt 0 0
v 0.30078 0.65485 0.19245
vn 0.99141 0.03953 0.12466
vt 1 0
v 0.30051 0.65391 0.19278
vn 0.85948 -0.42503 0.28397
vt 1 1
f 1297/1297/1297 1298/1298/1298 1299/1299/1299
usemtl red_off
v 0.30100 0.65364 0.18928
vn 0.99997 -0.00716 0.00275
vt 0 0
v 0.30051 0.65391 0.19278
vn 0.85948 -0.42503 0.28397
vt 1 0
v 0.30073 0.65270 0.18964
vn 0.86690 -0.46550 0.17830
vt 1 1
f 1300/1300/1300 1301/1301/1301 1302/1302/1302
usemtl red_off
v 0.30073 0.65270 0.18964
vn 0.86685 -0.46559 0.17833
vt 0 0
v 0.30051 0.65391 0.19278
vn 0.85943 -0.42513 0.28398
vt 1 0
v 0.29978 0.65319 0.19295
vn 0.49896 -0.78349 0.37038
vt 1 1
f 1303/1303/1303 1304/1304/1304 1305/1305/1305
usemtl red_off
v 0.30073 0.65270 0.18964
vn 0.86685 -0.46559 0.17833
vt 0 0
v 0.29978 0.65319 0.19295
vn 0.49896 -0.78349 0.37038
vt 1 0
v 0.30000 0.65202 0.18990
vn 0.50327 -0.80697 0.30908
vt 1 1
f 1306/1306/1306 1307/1307/1307 1308/1308/1308
usemtl red_off
v 0.30000 0.65202 0.18990
vn 0.50320 -0.80700 0.30910
vt 0 0
v 0.29978 0.65319 0.19295
vn 0.49889 -0.78352 0.37041
vt 1 0
v 0.29879 0.65289 0.19292
vn 0.00098 -0.93381 0.35776
vt 1 1
f 1309/1309/1309 1310/1310/1310 1311/1311/1311
usemtl red_off
v 0.30000 0.65202 0.18990
vn 0.50320 -0.80700 0.30910
vt 0 0
v 0.29879 0.65289 0.19292
vn 0.00098 -0.93381 0.35776
vt 1 0
v 0.29900 0.65177 0.19000
vn 0.00099 -0.93385 0.35765
vt 1 1
f 1312/1312/1312 1313/1313/1313 1314/1314/1314
usemtl red_off
v 0.30078 0.68660 0.18029
vn 0.99142 0.05384 0.11914
vt 0 0
v 0.30100 0.68539 0.17712
vn 0.99997 0.00717 -0.00275
vt 1 0
v 0.30073 0.68632 0.17677
vn 0.86690 0.46550 -0.17830
vt 1 1
f 1315/1315/1315 1316/1316/1316 1317/1317/1317
usemtl red_off
v 0.30078 0.68660 0.18029
vn 0.99142 0.05384 0.11914
vt 0 0
v 0.30073 0.68632 0.17677
vn 0.86690 0.46550 -0.17830
vt 1 0
v 0.30051 0.68752 0.17990
vn 0.85949 0.50596 -0.07263
vt 1 1
f 1318/1318/1318 1319/1319/1319 1320/1320/1320
usemtl red_off
v 0.30051 0.68752 0.17990
vn 0.85943 0.50606 -0.07268
vt 0 0
v 0.30073 0.68632 0.17677
vn 0.86684 0.46560 -0.17832
vt 1 0
v 0.30000 0.68701 0.17650
vn 0.50326 0.80698 -0.30905
vt 1 1
f 1321/1321/1321 1322/1322/1322 1323/1323/1323
usemtl red_off
v 0.30051 0.68752 0.17990
vn 0.85943 0.50606 -0.07268
vt 0 0
v 0.30000 0.68701 0.17650
vn 0.50326 0.80698 -0.30905
vt 1 0
v 0.29978 0.68817 0.17955
vn 0.49895 0.83046 -0.24774
vt 1 1
f 1324/1324/1324 1325/1325/1325 1326/1326/1326
usemtl red_off
v 0.29978 0.68817 0.17955
vn 0.49883 0.83052 -0.24779
vt 0 0
v 0.30000 0.68701 0.17650
vn 0.50313 0.80704 -0.30911
vt 1 0
v 0.29900 0.68726 0.17641
vn 0.00091 0.93385 -0.35767
vt 1 1
f 1327/1327/1327 1328/1328/1328 1329/1329/1329
usemtl red_off
v 0.29978 0.68817 0.17955
vn 0.49883 0.83052 -0.24779
vt 0 0
v 0.29900 0.68726 0.17641
vn 0.00091 0.93385 -0.35767
vt 1 0
v 0.29879 0.68838 0.17933
vn 0.00090 0.93389 -0.35756
vt 1 1
f 1330/1330/1330 1331/1331/1331 1332/1332/1332
usemtl red_off
v 0.30078 0.65485 0.19245
vn 0.99141 0.03953 0.12466
vt 0 0
v 0.30011 0.65604 0.19557
vn 0.96589 0.08541 0.24445
vt 1 0
v 0.29985 0.65509 0.19586
vn 0.83736 -0.38525 0.38783
vt 1 1
f 1333/1333/1333 1334/1334/1334 1335/1335/1335
usemtl red_off
v 0.30078 0.65485 0.19245
vn 0.99141 0.03953 0.12466
vt 0 0
v 0.29985 0.65509 0.19586
vn 0.83736 -0.38525 0.38783
vt 1 0
v 0.30051 0.65391 0.19278
vn 0.85948 -0.42503 0.28397
vt 1 1
f 1336/1336/1336 1337/1337/1337 1338/1338/1338
usemtl red_off
v 0.30051 0.65391 0.19278
vn 0.85942 -0.42512 0.28401
vt 0 0
v 0.29985 0.65509 0.19586
vn 0.83731 -0.38535 0.38784
vt 1 0
v 0.29915 0.65433 0.19595
vn 0.48611 -0.76040 0.43068
vt 1 1
f 1339/1339/1339 1340/1340/1340 1341/1341/1341
usemtl red_off
v 0.30051 0.65391 0.19278
vn 0.85942 -0.42512 0.28401
vt 0 0
v 0.29915 0.65433 0.19595
vn 0.48611 -0.76040 0.43068
vt 1 0
v 0.29978 0.65319 0.19295
vn 0.49895 -0.78347 0.37043
vt 1 1
f 1342/1342/1342 1343/1343/1343 1344/1344/1344
usemtl red_off
v 0.29978 0.65319 0.19295
vn 0.49892 -0.78350 0.37042
vt 0 0
v 0.29915 0.65433 0.19595
vn 0.48608 -0.76041 0.43069
vt 1 0
v 0.29818 0.65399 0.19580
vn 0.00099 -0.93377 0.35789
vt 1 1
f 1345/1345/1345 1346/1346/1346 1347/1347/1347
usemtl red_off
v 0.29978 0.65319 0.19295
vn 0.49892 -0.78350 0.37042
vt 0 0
v 0.29818 0.65399 0.19580
vn 0.00099 -0.93377 0.35789
vt 1 0
v 0.29879 0.65289 0.19292
vn 0.00101 -0.93381 0.35778
vt 1 1
f 1348/1348/1348 1349/1349/1349 1350/1350/1350
usemtl red_off
v 0.30011 0.68780 0.18341
vn 0.96590 0.09973 0.23895
vt 0 0
v 0.30078 0.68660 0.18029
vn 0.99142 0.05384 0.11914
vt 1 0
v 0.30051 0.68752 0.17990
vn 0.85949 0.50596 -0.07263
vt 1 1
f 1351/1351/1351 1352/1352/1352 1353/1353/1353
usemtl red_off
v 0.30011 0.68780 0.18341
vn 0.96590 0.09973 0.23895
vt 0 0
v 0.30051 0.68752 0.17990
vn 0.85949 0.50596 -0.07263
vt 1 0
v 0.29985 0.68870 0.18299
vn 0.83737 0.54574 0.03123
vt 1 1
f 1354/1354/1354 1355/1355/1355 1356/1356/1356
usemtl red_off
v 0.29985 0.68870 0.18299
vn 0.83732 0.54583 0.03118
vt 0 0
v 0.30051 0.68752 0.17990
vn 0.85943 0.50606 -0.07266
vt 1 0
v 0.29978 0.68817 0.17955
vn 0.49895 0.83048 -0.24770
vt 1 1
f 1357/1357/1357 1358/1358/1358 1359/1359/1359
usemtl red_off
v 0.29985 0.68870 0.18299
vn 0.83732 0.54583 0.03118
vt 0 0
v 0.29978 0.68817 0.17955
vn 0.49895 0.83048 -0.24770
vt 1 0
v 0.29915 0.68932 0.18255
vn 0.48612 0.85355 -0.18744
vt 1 1
f 1360/1360/1360 1361/1361/1361 1362/1362/1362
usemtl red_off
v 0.29915 0.68932 0.18255
vn 0.48605 0.85358 -0.18748
vt 0 0
v 0.29978 0.68817 0.17955
vn 0.49889 0.83050 -0.24775
vt 1 0
v 0.29879 0.68838 0.17933
vn 0.00097 0.93390 -0.35753
vt 1 1
f 1363/1363/1363 1364/1364/1364 1365/1365/1365
usemtl red_off
v 0.29915 0.68932 0.18255
vn 0.48605 0.85358 -0.18748
vt 0 0
v 0.29879 0.68838 0.17933
vn 0.00097 0.93390 -0.35753
vt 1 0
v 0.29818 0.68948 0.18221
vn 0.00095 0.93394 -0.35742
vt 1 1
f 1366/1366/1366 1367/1367/1367 1368/1368/1368
usemtl red_off
v 0.30011 0.65604 0.19557
vn 0.96589 0.08541 0.24445
vt 0 0
v 0.29902 0.65720 0.19858
vn 0.92386 0.12970 0.36007
vt 1 0
v 0.29877 0.65623 0.19884
vn 0.80091 -0.34684 0.48810
vt 1 1
f 1369/1369/1369 1370/1370/1370 1371/1371/1371
usemtl red_off
v 0.30011 0.65604 0.19557
vn 0.96589 0.08541 0.24445
vt 0 0
v 0.29877 0.65623 0.19884
vn 0.80091 -0.34684 0.48810
vt 1 0
v 0.29985 0.65509 0.19586
vn 0.83736 -0.38525 0.38783
vt 1 1
f 1372/1372/1372 1373/1373/1373 1374/1374/1374
usemtl red_off
v 0.29985 0.65509 0.19586
vn 0.83731 -0.38534 0.38786
vt 0 0
v 0.29877 0.65623 0.19884
vn 0.80086 -0.34694 0.48811
vt 1 0
v 0.29810 0.65544 0.19884
vn 0.46496 -0.73810 0.48890
vt 1 1
f 1375/1375/1375 1376/1376/1376 1377/1377/1377
usemtl red_off
v 0.29985 0.65509 0.19586
vn 0.83731 -0.38534 0.38786
vt 0 0
v 0.29810 0.65544 0.19884
vn 0.46496 -0.73810 0.48890
vt 1 0
v 0.29915 0.65433 0.19595
vn 0.48612 -0.76038 0.43072
vt 1 1
f 1378/1378/1378 1379/1379/1379 1380/1380/1380
usemtl red_off
v 0.29915 0.65433 0.19595
vn 0.48607 -0.76042 0.43070
vt 0 0
v 0.29810 0.65544 0.19884
vn 0.46491 -0.73813 0.48889
vt 1 0
v 0.29717 0.65505 0.19858
vn 0.00094 -0.93373 0.35799
vt 1 1
f 1381/1381/1381 1382/1382/1382 1383/1383/1383
usemtl red_off
v 0.29915 0.65433 0.19595
vn 0.48607 -0.76042 0.43070
vt 0 0
v 0.29717 0.65505 0.19858
vn 0.00094 -0.93373 0.35799
vt 1 0
v 0.29818 0.65399 0.19580
vn 0.00098 -0.93376 0.35789
vt 1 1
f 1384/1384/1384 1385/1385/1385 1386/1386/1386
usemtl red_off
v 0.29902 0.68895 0.18642
vn 0.92385 0.14403 0.35461
vt 0 0
v 0.30011 0.68780 0.18341
vn 0.96590 0.09973 0.23895
vt 1 0
v 0.29985 0.68870 0.18299
vn 0.83737 0.54574 0.03123
vt 1 1
f 1387/1387/1387 1388/1388/1388 1389/1389/1389
usemtl red_off
v 0.29902 0.68895 0.18642
vn 0.92385 0.14403 0.35461
vt 0 0
v 0.29985 0.68870 0.18299
vn 0.83737 0.54574 0.03123
vt 1 0
v 0.29877 0.68984 0.18596
vn 0.80092 0.58415 0.13151
vt 1 1
f 1390/1390/1390 1391/1391/1391 1392/1392/1392
usemtl red_off
v 0.29877 0.68984 0.18596
vn 0.80088 0.58422 0.13146
vt 0 0
v 0.29985 0.68870 0.18299
vn 0.83732 0.54582 0.03121
vt 1 0
v 0.29915 0.68932 0.18255
vn 0.48612 0.85356 -0.18739
vt 1 1
f 1393/1393/1393 1394/1394/1394 1395/1395/1395
usemtl red_off
v 0.29877 0.68984 0.18596
vn 0.80088 0.58422 0.13146
vt 0 0
v 0.29915 0.68932 0.18255
vn 0.48612 0.85356 -0.18739
vt 1 0
v 0.29810 0.69043 0.18544
vn 0.46498 0.87584 -0.12921
vt 1 1
f 1396/1396/1396 1397/1397/1397 1398/1398/1398
usemtl red_off
v 0.29810 0.69043 0.18544
vn 0.46492 0.87586 -0.12927
vt 0 0
v 0.29915 0.68932 0.18255
vn 0.48607 0.85358 -0.18746
vt 1 0
v 0.29818 0.68948 0.18221
vn 0.00097 0.93394 -0.35742
vt 1 1
f 1399/1399/1399 1400/1400/1400 1401/1401/1401
usemtl red_off
v 0.29810 0.69043 0.18544
vn 0.46492 0.87586 -0.12927
vt 0 0
v 0.29818 0.68948 0.18221
vn 0.00097 0.93394 -0.35742
vt 1 0
v 0.29717 0.69054 0.18498
vn 0.00093 0.93398 -0.35731
vt 1 1
f 1402/1402/1402 1403/1403/1403 1404/1404/1404
usemtl red_off
v 0.29902 0.65720 0.19858
vn 0.92386 0.12970 0.36007
vt 0 0
v 0.29752 0.65829 0.20142
vn 0.86600 0.17166 0.46966
vt 1 0
v 0.29728 0.65731 0.20166
vn 0.75075 -0.31047 0.58308
vt 1 1
f 1405/1405/1405 1406/1406/1406 1407/1407/1407
usemtl red_off
v 0.29902 0.65720 0.19858
vn 0.92386 0.12970 0.36007
vt 0 0
v 0.29728 0.65731 0.20166
vn 0.75075 -0.31047 0.58308
vt 1 0
v 0.29877 0.65623 0.19884
vn 0.80091 -0.34684 0.48810
vt 1 1
f 1408/1408/1408 1409/1409/1409 1410/1410/1410
usemtl red_off
v 0.29877 0.65623 0.19884
vn 0.80086 -0.34693 0.48812
vt 0 0
v 0.29728 0.65731 0.20166
vn 0.75072 -0.31056 0.58307
vt 1 0
v 0.29665 0.65649 0.20158
vn 0.43586 -0.71698 0.54403
vt 1 1
f 1411/1411/1411 1412/1412/1412 1413/1413/1413
usemtl red_off
v 0.29877 0.65623 0.19884
vn 0.80086 -0.34693 0.48812
vt 0 0
v 0.29665 0.65649 0.20158
vn 0.43586 -0.71698 0.54403
vt 1 0
v 0.29810 0.65544 0.19884
vn 0.46496 -0.73808 0.48893
vt 1 1
f 1414/1414/1414 1415/1415/1415 1416/1416/1416
usemtl red_off
v 0.29810 0.65544 0.19884
vn 0.46488 -0.73814 0.48891
vt 0 0
v 0.29665 0.65649 0.20158
vn 0.43577 -0.71704 0.54402
vt 1 0
v 0.29578 0.65606 0.20120
vn 0.00085 -0.93369 0.35809
vt 1 1
f 1417/1417/1417 1418/1418/1418 1419/1419/1419
usemtl red_off
v 0.29810 0.65544 0.19884
vn 0.46488 -0.73814 0.48891
vt 0 0
v 0.29578 0.65606 0.20120
vn 0.00085 -0.93369 0.35809
vt 1 0
v 0.29717 0.65505 0.19858
vn 0.00091 -0.93372 0.35799
vt 1 1
f 1420/1420/1420 1421/1421/1421 1422/1422/1422
usemtl red_off
v 0.29752 0.69004 0.18926
vn 0.86600 0.18599 0.46417
vt 0 0
v 0.29902 0.68895 0.18642
vn 0.92385 0.14403 0.35461
vt 1 0
v 0.29877 0.68984 0.18596
vn 0.80092 0.58415 0.13151
vt 1 1
f 1423/1423/1423 1424/1424/1424 1425/1425/1425
usemtl red_off
v 0.29752 0.69004 0.18926
vn 0.86600 0.18599 0.46417
vt 0 0
v 0.29877 0.68984 0.18596
vn 0.80092 0.58415 0.13151
vt 1 0
v 0.29728 0.69092 0.18878
vn 0.75076 0.62053 0.22649
vt 1 1
f 1426/1426/1426 1427/1427/1427 1428/1428/1428
usemtl red_off
v 0.29728 0.69092 0.18878
vn 0.75072 0.62061 0.22642
vt 0 0
v 0.29877 0.68984 0.18596
vn 0.80086 0.58425 0.13147
vt 1 0
v 0.29810 0.69043 0.18544
vn 0.46493 0.87587 -0.12919
vt 1 1
f 1429/1429/1429 1430/1430/1430 1431/1431/1431
usemtl red_off
v 0.29728 0.69092 0.18878
vn 0.75072 0.62061 0.22642
vt 0 0
v 0.29810 0.69043 0.18544
vn 0.46493 0.87587 -0.12919
vt 1 0
v 0.29665 0.69148 0.18818
vn 0.43584 0.89697 -0.07409
vt 1 1
f 1432/1432/1432 1433/1433/1433 1434/1434/1434
usemtl red_off
v 0.29665 0.69148 0.18818
vn 0.43575 0.89701 -0.07415
vt 0 0
v 0.29810 0.69043 0.18544
vn 0.46485 0.87590 -0.12927
vt 1 0
v 0.29717 0.69054 0.18498
vn 0.00086 0.93399 -0.35730
vt 1 1
f 1435/1435/1435 1436/1436/1436 1437/1437/1437
usemtl red_off
v 0.29665 0.69148 0.18818
vn 0.43575 0.89701 -0.07415
vt 0 0
v 0.29717 0.69054 0.18498
vn 0.00086 0.93399 -0.35730
vt 1 0
v 0.29578 0.69155 0.18761
vn 0.00081 0.93403 -0.35720
vt 1 1
f 1438/1438/1438 1439/1439/1439 1440/1440/1440
usemtl red_off
v 0.29752 0.65829 0.20142
vn 0.86600 0.17166 0.46966
vt 0 0
v 0.29563 0.65930 0.20407
vn 0.79332 0.21056 0.57123
vt 1 0
v 0.29541 0.65831 0.20427
vn 0.68774 -0.27675 0.67114
vt 1 1
f 1441/1441/1441 1442/1442/1442 1443/1443/1443
usemtl red_off
v 0.29752 0.65829 0.20142
vn 0.86600 0.17166 0.46966
vt 0 0
v 0.29541 0.65831 0.20427
vn 0.68774 -0.27675 0.67114
vt 1 0
v 0.29728 0.65731 0.20166
vn 0.75075 -0.31047 0.58308
vt 1 1
f 1444/1444/1444 1445/1445/1445 1446/1446/1446
usemtl red_off
v 0.29728 0.65731 0.20166
vn 0.75071 -0.31053 0.58310
vt 0 0
v 0.29541 0.65831 0.20427
vn 0.68772 -0.27682 0.67113
vt 1 0
v 0.29483 0.65746 0.20412
vn 0.39929 -0.69738 0.59517
vt 1 1
f 1447/1447/1447 1448/1448/1448 1449/1449/1449
usemtl red_off
v 0.29728 0.65731 0.20166
vn 0.75071 -0.31053 0.58310
vt 0 0
v 0.29483 0.65746 0.20412
vn 0.39929 -0.69738 0.59517
vt 1 0
v 0.29665 0.65649 0.20158
vn 0.43585 -0.71694 0.54409
vt 1 1
f 1450/1450/1450 1451/1451/1451 1452/1452/1452
usemtl red_off
v 0.29665 0.65649 0.20158
vn 0.43578 -0.71702 0.54403
vt 0 0
v 0.29483 0.65746 0.20412
vn 0.39923 -0.69746 0.59512
vt 1 0
v 0.29404 0.65699 0.20364
vn 0.00080 -0.93365 0.35819
vt 1 1
f 1453/1453/1453 1454/1454/1454 1455/1455/1455
usemtl red_off
v 0.29665 0.65649 0.20158
vn 0.43578 -0.71702 0.54403
vt 0 0
v 0.29404 0.65699 0.20364
vn 0.00080 -0.93365 0.35819
vt 1 0
v 0.29578 0.65606 0.20120
vn 0.00086 -0.93368 0.35810
vt 1 1
f 1456/1456/1456 1457/1457/1457 1458/1458/1458
usemtl red_off
v 0.29563 0.69105 0.19190
vn 0.79333 0.22489 0.56573
vt 0 0
v 0.29752 0.69004 0.18926
vn 0.86600 0.18599 0.46417
vt 1 0
v 0.29728 0.69092 0.18878
vn 0.75076 0.62053 0.22649
vt 1 1
f 1459/1459/1459 1460/1460/1460 1461/1461/1461
usemtl red_off
v 0.29563 0.69105 0.19190
vn 0.79333 0.22489 0.56573
vt 0 0
v 0.29728 0.69092 0.18878
vn 0.75076 0.62053 0.22649
vt 1 0
v 0.29541 0.69192 0.19139
vn 0.68776 0.65425 0.31455
vt 1 1
f 1462/1462/1462 1463/1463/1463 1464/1464/1464
usemtl red_off
v 0.29541 0.69192 0.19139
vn 0.68774 0.65431 0.31446
vt 0 0
v 0.29728 0.69092 0.18878
vn 0.75073 0.62060 0.22643
vt 1 0
v 0.29665 0.69148 0.18818
vn 0.43584 0.89697 -0.07406
vt 1 1
f 1465/1465/1465 1466/1466/1466 1467/1467/1467
usemtl red_off
v 0.29541 0.69192 0.19139
vn 0.68774 0.65431 0.31446
vt 0 0
v 0.29665 0.69148 0.18818
vn 0.43584 0.89697 -0.07406
vt 1 0
v 0.29483 0.69245 0.19072
vn 0.39929 0.91654 -0.02297
vt 1 1
f 1468/1468/1468 1469/1469/1469 1470/1470/1470
usemtl red_off
v 0.29483 0.69245 0.19072
vn 0.39923 0.91656 -0.02304
vt 0 0
v 0.29665 0.69148 0.18818
vn 0.43579 0.89699 -0.07412
vt 1 0
v 0.29578 0.69155 0.18761
vn 0.00086 0.93403 -0.35719
vt 1 1
f 1471/1471/1471 1472/1472/1472 1473/1473/1473
usemtl red_off
v 0.29483 0.69245 0.19072
vn 0.39923 0.91656 -0.02304
vt 0 0
v 0.29578 0.69155 0.18761
vn 0.00086 0.93403 -0.35719
vt 1 0
v 0.29404 0.69248 0.19005
vn 0.00079 0.93407 -0.35710
vt 1 1
f 1474/1474/1474 1475/1475/1475 1476/1476/1476
usemtl red_off
v 0.29563 0.65930 0.20407
vn 0.79332 0.21056 0.57123
vt 0 0
v 0.29338 0.66021 0.20645
vn 0.70708 0.24574 0.66306
vt 1 0
v 0.29319 0.65921 0.20663
vn 0.61299 -0.24625 0.75073
vt 1 1
f 1477/1477/1477 1478/1478/1478 1479/1479/1479
usemtl red_off
v 0.29563 0.65930 0.20407
vn 0.79332 0.21056 0.57123
vt 0 0
v 0.29319 0.65921 0.20663
vn 0.61299 -0.24625 0.75073
vt 1 0
v 0.29541 0.65831 0.20427
vn 0.68774 -0.27675 0.67114
vt 1 1
f 1480/1480/1480 1481/1481/1481 1482/1482/1482
usemtl red_off
v 0.29541 0.65831 0.20427
vn 0.68772 -0.27683 0.67112
vt 0 0
v 0.29319 0.65921 0.20663
vn 0.61297 -0.24635 0.75072
vt 1 0
v 0.29268 0.65834 0.20641
vn 0.35590 -0.67969 0.64137
vt 1 1
f 1483/1483/1483 1484/1484/1484 1485/1485/1485
usemtl red_off
v 0.29541 0.65831 0.20427
vn 0.68772 -0.27683 0.67112
vt 0 0
v 0.29268 0.65834 0.20641
vn 0.35590 -0.67969 0.64137
vt 1 0
v 0.29483 0.65746 0.20412
vn 0.39928 -0.69738 0.59517
vt 1 1
f 1486/1486/1486 1487/1487/1487 1488/1488/1488
usemtl red_off
v 0.29483 0.65746 0.20412
vn 0.39920 -0.69746 0.59514
vt 0 0
v 0.29268 0.65834 0.20641
vn 0.35581 -0.67977 0.64134
vt 1 0
v 0.29197 0.65784 0.20585
vn 0.00070 -0.93361 0.35828
vt 1 1
f 1489/1489/1489 1490/1490/1490 1491/1491/1491
usemtl red_off
v 0.29483 0.65746 0.20412
vn 0.39920 -0.69746 0.59514
vt 0 0
v 0.29197 0.65784 0.20585
vn 0.00070 -0.93361 0.35828
vt 1 0
v 0.29404 0.65699 0.20364
vn 0.00078 -0.93364 0.35820
vt 1 1
f 1492/1492/1492 1493/1493/1493 1494/1494/1494
usemtl red_off
v 0.29338 0.69196 0.19429
vn 0.70709 0.26006 0.65757
vt 0 0
v 0.29563 0.69105 0.19190
vn 0.79333 0.22489 0.56573
vt 1 0
v 0.29541 0.69192 0.19139
vn 0.68776 0.65425 0.31455
vt 1 1
f 1495/1495/1495 1496/1496/1496 1497/1497/1497
usemtl red_off
v 0.29338 0.69196 0.19429
vn 0.70709 0.26006 0.65757
vt 0 0
v 0.29541 0.69192 0.19139
vn 0.68776 0.65425 0.31455
vt 1 0
v 0.29319 0.69283 0.19376
vn 0.61300 0.68475 0.39415
vt 1 1
f 1498/1498/1498 1499/1499/1499 1500/1500/1500
usemtl red_off
v 0.29319 0.69283 0.19376
vn 0.61295 0.68483 0.39408
vt 0 0
v 0.29541 0.69192 0.19139
vn 0.68770 0.65435 0.31448
vt 1 0
v 0.29483 0.69245 0.19072
vn 0.39923 0.91656 -0.02294
vt 1 1
f 1501/1501/1501 1502/1502/1502 1503/1503/1503
usemtl red_off
v 0.29319 0.69283 0.19376
vn 0.61295 0.68483 0.39408
vt 0 0
v 0.29483 0.69245 0.19072
vn 0.39923 0.91656 -0.02294
vt 1 0
v 0.29268 0.69333 0.19301
vn 0.35585 0.93425 0.02325
vt 1 1
f 1504/1504/1504 1505/1505/1505 1506/1506/1506
usemtl red_off
v 0.29268 0.69333 0.19301
vn 0.35584 0.93426 0.02319
vt 0 0
v 0.29483 0.69245 0.19072
vn 0.39923 0.91656 -0.02302
vt 1 0
v 0.29404 0.69248 0.19005
vn 0.00079 0.93407 -0.35709
vt 1 1
f 1507/1507/1507 1508/1508/1508 1509/1509/1509
usemtl red_off
v 0.29268 0.69333 0.19301
vn 0.35584 0.93426 0.02319
vt 0 0
v 0.29404 0.69248 0.19005
vn 0.00079 0.93407 -0.35709
vt 1 0
v 0.29197 0.69332 0.19225
vn 0.00072 0.93410 -0.35700
vt 1 1
f 1510/1510/1510 1511/1511/1511 1512/1512/1512
usemtl red_off
v 0.29338 0.66021 0.20645
vn 0.70708 0.24574 0.66306
vt 0 0
v 0.29083 0.66102 0.20855
vn 0.60874 0.27658 0.74360
vt 1 0
v 0.29066 0.66001 0.20871
vn 0.52773 -0.21952 0.82055
vt 1 1
f 1513/1513/1513 1514/1514/1514 1515/1515/1515
usemtl red_off
v 0.29338 0.66021 0.20645
vn 0.70708 0.24574 0.66306
vt 0 0
v 0.29066 0.66001 0.20871
vn 0.52773 -0.21952 0.82055
vt 1 0
v 0.29319 0.65921 0.20663
vn 0.61299 -0.24625 0.75073
vt 1 1
f 1516/1516/1516 1517/1517/1517 1518/1518/1518
usemtl red_off
v 0.29319 0.65921 0.20663
vn 0.61291 -0.24635 0.75076
vt 0 0
v 0.29066 0.66001 0.20871
vn 0.52768 -0.21961 0.82056
vt 1 0
v 0.29022 0.65911 0.20842
vn 0.30636 -0.66417 0.68192
vt 1 1
f 1519/1519/1519 1520/1520/1520 1521/1521/1521
usemtl red_off
v 0.29319 0.65921 0.20663
vn 0.61291 -0.24635 0.75076
vt 0 0
v 0.29022 0.65911 0.20842
vn 0.30636 -0.66417 0.68192
vt 1 0
v 0.29268 0.65834 0.20641
vn 0.35583 -0.67968 0.64142
vt 1 1
f 1522/1522/1522 1523/1523/1523 1524/1524/1524
usemtl red_off
v 0.29268 0.65834 0.20641
vn 0.35583 -0.67974 0.64136
vt 0 0
v 0.29022 0.65911 0.20842
vn 0.30636 -0.66422 0.68188
vt 1 0
v 0.28961 0.65858 0.20778
vn 0.00065 -0.93358 0.35838
vt 1 1
f 1525/1525/1525 1526/1526/1526 1527/1527/1527
usemtl red_off
v 0.29268 0.65834 0.20641
vn 0.35583 -0.67974 0.64136
vt 0 0
v 0.28961 0.65858 0.20778
vn 0.00065 -0.93358 0.35838
vt 1 0
v 0.29197 0.65784 0.20585
vn 0.00073 -0.93360 0.35830
vt 1 1
f 1528/1528/1528 1529/1529/1529 1530/1530/1530
usemtl red_off
v 0.29083 0.69277 0.19639
vn 0.60874 0.29092 0.73811
vt 0 0
v 0.29338 0.69196 0.19429
vn 0.70709 0.26006 0.65757
vt 1 0
v 0.29319 0.69283 0.19376
vn 0.61300 0.68475 0.39415
vt 1 1
f 1531/1531/1531 1532/1532/1532 1533/1533/1533
usemtl red_off
v 0.29083 0.69277 0.19639
vn 0.60874 0.29092 0.73811
vt 0 0
v 0.29319 0.69283 0.19376
vn 0.61300 0.68475 0.39415
vt 1 0
v 0.29066 0.69362 0.19583
vn 0.52773 0.71151 0.46397
vt 1 1
f 1534/1534/1534 1535/1535/1535 1536/1536/1536
usemtl red_off
v 0.29066 0.69362 0.19583
vn 0.52777 0.71152 0.46389
vt 0 0
v 0.29319 0.69283 0.19376
vn 0.61301 0.68477 0.39409
vt 1 0
v 0.29268 0.69333 0.19301
vn 0.35590 0.93423 0.02327
vt 1 1
f 1537/1537/1537 1538/1538/1538 1539/1539/1539
usemtl red_off
v 0.29066 0.69362 0.19583
vn 0.52777 0.71152 0.46389
vt 0 0
v 0.29268 0.69333 0.19301
vn 0.35590 0.93423 0.02327
vt 1 0
v 0.29022 0.69410 0.19502
vn 0.30645 0.94975 0.06379
vt 1 1
f 1540/1540/1540 1541/1541/1541 1542/1542/1542
usemtl red_off
v 0.29022 0.69410 0.19502
vn 0.30633 0.94979 0.06369
vt 0 0
v 0.29268 0.69333 0.19301
vn 0.35580 0.93428 0.02317
vt 1 0
v 0.29197 0.69332 0.19225
vn 0.00067 0.93410 -0.35702
vt 1 1
f 1543/1543/1543 1544/1544/1544 1545/1545/1545
usemtl red_off
v 0.29022 0.69410 0.19502
vn 0.30633 0.94979 0.06369
vt 0 0
v 0.29197 0.69332 0.19225
vn 0.00067 0.93410 -0.35702
vt 1 0
v 0.28961 0.69407 0.19419
vn 0.00058 0.93412 -0.35695
vt 1 1
f 1546/1546/1546 1547/1547/1547 1548/1548/1548
usemtl red_off
v 0.29083 0.66102 0.20855
vn 0.60874 0.27658 0.74360
vt 0 0
v 0.28800 0.66169 0.21031
vn 0.49997 0.30257 0.81147
vt 1 0
v 0.28787 0.66067 0.21045
vn 0.43342 -0.19698 0.87940
vt 1 1
f 1549/1549/1549 1550/1550/1550 1551/1551/1551
usemtl red_off
v 0.29083 0.66102 0.20855
vn 0.60874 0.27658 0.74360
vt 0 0
v 0.28787 0.66067 0.21045
vn 0.43342 -0.19698 0.87940
vt 1 0
v 0.29066 0.66001 0.20871
vn 0.52773 -0.21952 0.82055
vt 1 1
f 1552/1552/1552 1553/1553/1553 1554/1554/1554
usemtl red_off
v 0.29066 0.66001 0.20871
vn 0.52765 -0.21961 0.82058
vt 0 0
v 0.28787 0.66067 0.21045
vn 0.43339 -0.19707 0.87940
vt 1 0
v 0.28750 0.65976 0.21012
vn 0.25162 -0.65108 0.71608
vt 1 1
f 1555/1555/1555 1556/1556/1556 1557/1557/1557
usemtl red_off
v 0.29066 0.66001 0.20871
vn 0.52765 -0.21961 0.82058
vt 0 0
v 0.28750 0.65976 0.21012
vn 0.25162 -0.65108 0.71608
vt 1 0
v 0.29022 0.65911 0.20842
vn 0.30633 -0.66415 0.68196
vt 1 1
f 1558/1558/1558 1559/1559/1559 1560/1560/1560
usemtl red_off
v 0.29022 0.65911 0.20842
vn 0.30632 -0.66422 0.68190
vt 0 0
v 0.28750 0.65976 0.21012
vn 0.25161 -0.65115 0.71603
vt 1 0
v 0.28700 0.65920 0.20941
vn 0.00052 -0.93355 0.35845
vt 1 1
f 1561/1561/1561 1562/1562/1562 1563/1563/1563
usemtl red_off
v 0.29022 0.65911 0.20842
vn 0.30632 -0.66422 0.68190
vt 0 0
v 0.28700 0.65920 0.20941
vn 0.00052 -0.93355 0.35845
vt 1 0
v 0.28961 0.65858 0.20778
vn 0.00062 -0.93357 0.35839
vt 1 1
f 1564/1564/1564 1565/1565/1565 1566/1566/1566
usemtl red_off
v 0.28800 0.69344 0.19815
vn 0.49999 0.31690 0.80597
vt 0 0
v 0.29083 0.69277 0.19639
vn 0.60874 0.29092 0.73811
vt 1 0
v 0.29066 0.69362 0.19583
vn 0.52773 0.71151 0.46397
vt 1 1
f 1567/1567/1567 1568/1568/1568 1569/1569/1569
usemtl red_off
v 0.28800 0.69344 0.19815
vn 0.49999 0.31690 0.80597
vt 0 0
v 0.29066 0.69362 0.19583
vn 0.52773 0.71151 0.46397
vt 1 0
v 0.28787 0.69429 0.19758
vn 0.43345 0.73403 0.52280
vt 1 1
f 1570/1570/1570 1571/1571/1571 1572/1572/1572
usemtl red_off
v 0.28787 0.69429 0.19758
vn 0.43343 0.73408 0.52274
vt 0 0
v 0.29066 0.69362 0.19583
vn 0.52770 0.71156 0.46392
vt 1 0
v 0.29022 0.69410 0.19502
vn 0.30634 0.94978 0.06382
vt 1 1
f 1573/1573/1573 1574/1574/1574 1575/1575/1575
usemtl red_off
v 0.28787 0.69429 0.19758
vn 0.43343 0.73408 0.52274
vt 0 0
v 0.29022 0.69410 0.19502
vn 0.30634 0.94978 0.06382
vt 1 0
v 0.28750 0.69475 0.19672
vn 0.25164 0.96285 0.09796
vt 1 1
f 1576/1576/1576 1577/1577/1577 1578/1578/1578
usemtl red_off
v 0.28750 0.69475 0.19672
vn 0.25162 0.96287 0.09784
vt 0 0
v 0.29022 0.69410 0.19502
vn 0.30633 0.94979 0.06370
vt 1 0
v 0.28961 0.69407 0.19419
vn 0.00059 0.93412 -0.35695
vt 1 1
f 1579/1579/1579 1580/1580/1580 1581/1581/1581
usemtl red_off
v 0.28750 0.69475 0.19672
vn 0.25162 0.96287 0.09784
vt 0 0
v 0.28961 0.69407 0.19419
vn 0.00059 0.93412 -0.35695
vt 1 0
v 0.28700 0.69469 0.19581
vn 0.00049 0.93415 -0.35688
vt 1 1
f 1582/1582/1582 1583/1583/1583 1584/1584/1584
usemtl red_off
v 0.28800 0.66169 0.21031
vn 0.49997 0.30257 0.81147
vt 0 0
v 0.28495 0.66223 0.21172
vn 0.38265 0.32326 0.86550
vt 1 0
v 0.28485 0.66121 0.21184
vn 0.33174 -0.17906 0.92622
vt 1 1
f 1585/1585/1585 1586/1586/1586 1587/1587/1587
usemtl red_off
v 0.28800 0.66169 0.21031
vn 0.49997 0.30257 0.81147
vt 0 0
v 0.28485 0.66121 0.21184
vn 0.33174 -0.17906 0.92622
vt 1 0
v 0.28787 0.66067 0.21045
vn 0.43342 -0.19698 0.87940
vt 1 1
f 1588/1588/1588 1589/1589/1589 1590/1590/1590
usemtl red_off
v 0.28787 0.66067 0.21045
vn 0.43342 -0.19709 0.87938
vt 0 0
v 0.28485 0.66121 0.21184
vn 0.33174 -0.17916 0.92620
vt 1 0
v 0.28457 0.66028 0.21147
vn 0.19263 -0.64068 0.74325
vt 1 1
f 1591/1591/1591 1592/1592/1592 1593/1593/1593
usemtl red_off
v 0.28787 0.66067 0.21045
vn 0.43342 -0.19709 0.87938
vt 0 0
v 0.28457 0.66028 0.21147
vn 0.19263 -0.64068 0.74325
vt 1 0
v 0.28750 0.65976 0.21012
vn 0.25163 -0.65109 0.71608
vt 1 1
f 1594/1594/1594 1595/1595/1595 1596/1596/1596
usemtl red_off
v 0.28750 0.65976 0.21012
vn 0.25158 -0.65114 0.71604
vt 0 0
v 0.28457 0.66028 0.21147
vn 0.19256 -0.64073 0.74322
vt 1 0
v 0.28418 0.65970 0.21070
vn 0.00039 -0.93353 0.35850
vt 1 1
f 1597/1597/1597 1598/1598/1598 1599/1599/1599
usemtl red_off
v 0.28750 0.65976 0.21012
vn 0.25158 -0.65114 0.71604
vt 0 0
v 0.28418 0.65970 0.21070
vn 0.00039 -0.93353 0.35850
vt 1 0
v 0.28700 0.65920 0.20941
vn 0.00049 -0.93355 0.35846
vt 1 1
f 1600/1600/1600 1601/1601/1601 1602/1602/1602
usemtl red_off
v 0.28495 0.69398 0.19956
vn 0.38268 0.33759 0.85999
vt 0 0
v 0.28800 0.69344 0.19815
vn 0.49999 0.31690 0.80597
vt 1 0
v 0.28787 0.69429 0.19758
vn 0.43345 0.73403 0.52280
vt 1 1
f 1603/1603/1603 1604/1604/1604 1605/1605/1605
usemtl red_off
v 0.28495 0.69398 0.19956
vn 0.38268 0.33759 0.85999
vt 0 0
v 0.28787 0.69429 0.19758
vn 0.43345 0.73403 0.52280
vt 1 0
v 0.28485 0.69483 0.19897
vn 0.33176 0.75196 0.56965
vt 1 1
f 1606/1606/1606 1607/1607/1607 1608/1608/1608
usemtl red_off
v 0.28485 0.69483 0.19897
vn 0.33176 0.75202 0.56956
vt 0 0
v 0.28787 0.69429 0.19758
vn 0.43343 0.73409 0.52274
vt 1 0
v 0.28750 0.69475 0.19672
vn 0.25162 0.96286 0.09796
vt 1 1
f 1609/1609/1609 1610/1610/1610 1611/1611/1611
usemtl red_off
v 0.28485 0.69483 0.19897
vn 0.33176 0.75202 0.56956
vt 0 0
v 0.28750 0.69475 0.19672
vn 0.25162 0.96286 0.09796
vt 1 0
v 0.28457 0.69527 0.19807
vn 0.19261 0.97326 0.12514
vt 1 1
f 1612/1612/1612 1613/1613/1613 1614/1614/1614
usemtl red_off
v 0.28457 0.69527 0.19807
vn 0.19256 0.97329 0.12502
vt 0 0
v 0.28750 0.69475 0.19672
vn 0.25157 0.96288 0.09784
vt 1 0
v 0.28700 0.69469 0.19581
vn 0.00045 0.93415 -0.35689
vt 1 1
f 1615/1615/1615 1616/1616/1616 1617/1617/1617
usemtl red_off
v 0.28457 0.69527 0.19807
vn 0.19256 0.97329 0.12502
vt 0 0
v 0.28700 0.69469 0.19581
vn 0.00045 0.93415 -0.35689
vt 1 0
v 0.28418 0.69519 0.19711
vn 0.00035 0.93417 -0.35684
vt 1 1
f 1618/1618/1618 1619/1619/1619 1620/1620/1620
usemtl red_off
v 0.28495 0.66223 0.21172
vn 0.38265 0.32326 0.86550
vt 0 0
v 0.28173 0.66262 0.21274
vn 0.25886 0.33829 0.90474
vt 1 0
v 0.28166 0.66159 0.21285
vn 0.22437 -0.16603 0.96026
vt 1 1
f 1621/1621/1621 1622/1622/1622 1623/1623/1623
usemtl red_off
v 0.28495 0.66223 0.21172
vn 0.38265 0.32326 0.86550
vt 0 0
v 0.28166 0.66159 0.21285
vn 0.22437 -0.16603 0.96026
vt 1 0
v 0.28485 0.66121 0.21184
vn 0.33174 -0.17906 0.92622
vt 1 1
f 1624/1624/1624 1625/1625/1625 1626/1626/1626
usemtl red_off
v 0.28485 0.66121 0.21184
vn 0.33169 -0.17914 0.92622
vt 0 0
v 0.28166 0.66159 0.21285
vn 0.22434 -0.16610 0.96025
vt 1 0
v 0.28147 0.66066 0.21245
vn 0.13026 -0.63310 0.76303
vt 1 1
f 1627/1627/1627 1628/1628/1628 1629/1629/1629
usemtl red_off
v 0.28485 0.66121 0.21184
vn 0.33169 -0.17914 0.92622
vt 0 0
v 0.28147 0.66066 0.21245
vn 0.13026 -0.63310 0.76303
vt 1 0
v 0.28457 0.66028 0.21147
vn 0.19256 -0.64066 0.74329
vt 1 1
f 1630/1630/1630 1631/1631/1631 1632/1632/1632
usemtl red_off
v 0.28457 0.66028 0.21147
vn 0.19256 -0.64073 0.74323
vt 0 0
v 0.28147 0.66066 0.21245
vn 0.13024 -0.63317 0.76298
vt 1 0
v 0.28121 0.66006 0.21164
vn 0.00028 -0.93351 0.35855
vt 1 1
f 1633/1633/1633 1634/1634/1634 1635/1635/1635
usemtl red_off
v 0.28457 0.66028 0.21147
vn 0.19256 -0.64073 0.74323
vt 0 0
v 0.28121 0.66006 0.21164
vn 0.00028 -0.93351 0.35855
vt 1 0
v 0.28418 0.65970 0.21070
vn 0.00039 -0.93353 0.35851
vt 1 1
f 1636/1636/1636 1637/1637/1637 1638/1638/1638
usemtl red_off
v 0.28173 0.69437 0.20058
vn 0.25882 0.35263 0.89926
vt 0 0
v 0.28495 0.69398 0.19956
vn 0.38268 0.33759 0.85999
vt 1 0
v 0.28485 0.69483 0.19897
vn 0.33176 0.75196 0.56965
vt 1 1
f 1639/1639/1639 1640/1640/1640 1641/1641/1641
usemtl red_off
v 0.28173 0.69437 0.20058
vn 0.25882 0.35263 0.89926
vt 0 0
v 0.28485 0.69483 0.19897
vn 0.33176 0.75196 0.56965
vt 1 0
v 0.28166 0.69521 0.19998
vn 0.22438 0.76499 0.60369
vt 1 1
f 1642/1642/1642 1643/1643/1643 1644/1644/1644
usemtl red_off
v 0.28166 0.69521 0.19998
vn 0.22438 0.76505 0.60361
vt 0 0
v 0.28485 0.69483 0.19897
vn 0.33174 0.75202 0.56958
vt 1 0
v 0.28457 0.69527 0.19807
vn 0.19257 0.97327 0.12515
vt 1 1
f 1645/1645/1645 1646/1646/1646 1647/1647/1647
usemtl red_off
v 0.28166 0.69521 0.19998
vn 0.22438 0.76505 0.60361
vt 0 0
v 0.28457 0.69527 0.19807
vn 0.19257 0.97327 0.12515
vt 1 0
v 0.28147 0.69564 0.19905
vn 0.13027 0.98083 0.14490
vt 1 1
f 1648/1648/1648 1649/1649/1649 1650/1650/1650
usemtl red_off
v 0.28147 0.69564 0.19905
vn 0.13024 0.98086 0.14478
vt 0 0
v 0.28457 0.69527 0.19807
vn 0.19255 0.97329 0.12502
vt 1 0
v 0.28418 0.69519 0.19711
vn 0.00035 0.93416 -0.35684
vt 1 1
f 1651/1651/1651 1652/1652/1652 1653/1653/1653
usemtl red_off
v 0.28147 0.69564 0.19905
vn 0.13024 0.98086 0.14478
vt 0 0
v 0.28418 0.69519 0.19711
vn 0.00035 0.93416 -0.35684
vt 1 0
v 0.28121 0.69555 0.19805
vn 0.00024 0.93418 -0.35681
vt 1 1
f 1654/1654/1654 1655/1655/1655 1656/1656/1656
usemtl red_off
v 0.28173 0.66262 0.21274
vn 0.25886 0.33829 0.90474
vt 0 0
v 0.27839 0.66286 0.21336
vn 0.13051 0.34743 0.92858
vt 1 0
v 0.27836 0.66183 0.21347
vn 0.11314 -0.15810 0.98092
vt 1 1
f 1657/1657/1657 1658/1658/1658 1659/1659/1659
usemtl red_off
v 0.28173 0.66262 0.21274
vn 0.25886 0.33829 0.90474
vt 0 0
v 0.27836 0.66183 0.21347
vn 0.11314 -0.15810 0.98092
vt 1 0
v 0.28166 0.66159 0.21285
vn 0.22437 -0.16603 0.96026
vt 1 1
f 1660/1660/1660 1661/1661/1661 1662/1662/1662
usemtl red_off
v 0.28166 0.66159 0.21285
vn 0.22436 -0.16607 0.96025
vt 0 0
v 0.27836 0.66183 0.21347
vn 0.11317 -0.15816 0.98091
vt 1 0
v 0.27826 0.66088 0.21305
vn 0.06574 -0.62848 0.77504
vt 1 1
f 1663/1663/1663 1664/1664/1664 1665/1665/1665
usemtl red_off
v 0.28166 0.66159 0.21285
vn 0.22436 -0.16607 0.96025
vt 0 0
v 0.27826 0.66088 0.21305
vn 0.06574 -0.62848 0.77504
vt 1 0
v 0.28147 0.66066 0.21245
vn 0.13027 -0.63307 0.76306
vt 1 1
f 1666/1666/1666 1667/1667/1667 1668/1668/1668
usemtl red_off
v 0.28147 0.66066 0.21245
vn 0.13022 -0.63317 0.76298
vt 0 0
v 0.27826 0.66088 0.21305
vn 0.06569 -0.62858 0.77497
vt 1 0
v 0.27813 0.66028 0.21222
vn 0.00015 -0.93350 0.35857
vt 1 1
f 1669/1669/1669 1670/1670/1670 1671/1671/1671
usemtl red_off
v 0.28147 0.66066 0.21245
vn 0.13022 -0.63317 0.76298
vt 0 0
v 0.27813 0.66028 0.21222
vn 0.00015 -0.93350 0.35857
vt 1 0
v 0.28121 0.66006 0.21164
vn 0.00026 -0.93351 0.35854
vt 1 1
f 1672/1672/1672 1673/1673/1673 1674/1674/1674
usemtl red_off
v 0.27839 0.69461 0.20120
vn 0.13053 0.36176 0.92309
vt 0 0
v 0.28173 0.69437 0.20058
vn 0.25882 0.35263 0.89926
vt 1 0
v 0.28166 0.69521 0.19998
vn 0.22438 0.76499 0.60369
vt 1 1
f 1675/1675/1675 1676/1676/1676 1677/1677/1677
usemtl red_off
v 0.27839 0.69461 0.20120
vn 0.13053 0.36176 0.92309
vt 0 0
v 0.28166 0.69521 0.19998
vn 0.22438 0.76499 0.60369
vt 1 0
v 0.27836 0.69545 0.20059
vn 0.11317 0.77291 0.62435
vt 1 1
f 1678/1678/1678 1679/1679/1679 1680/1680/1680
usemtl red_off
v 0.27836 0.69545 0.20059
vn 0.11315 0.77297 0.62427
vt 0 0
v 0.28166 0.69521 0.19998
vn 0.22435 0.76506 0.60361
vt 1 0
v 0.28147 0.69564 0.19905
vn 0.13021 0.98084 0.14491
vt 1 1
f 1681/1681/1681 1682/1682/1682 1683/1683/1683
usemtl red_off
v 0.27836 0.69545 0.20059
vn 0.11315 0.77297 0.62427
vt 0 0
v 0.28147 0.69564 0.19905
vn 0.13021 0.98084 0.14491
vt 1 0
v 0.27826 0.69587 0.19965
vn 0.06569 0.98543 0.15689
vt 1 1
f 1684/1684/1684 1685/1685/1685 1686/1686/1686
usemtl red_off
v 0.27826 0.69587 0.19965
vn 0.06571 0.98545 0.15677
vt 0 0
v 0.28147 0.69564 0.19905
vn 0.13024 0.98085 0.14479
vt 1 0
v 0.28121 0.69555 0.19805
vn 0.00025 0.93418 -0.35680
vt 1 1
f 1687/1687/1687 1688/1688/1688 1689/1689/1689
usemtl red_off
v 0.27826 0.69587 0.19965
vn 0.06571 0.98545 0.15677
vt 0 0
v 0.28121 0.69555 0.19805
vn 0.00025 0.93418 -0.35680
vt 1 0
v 0.27813 0.69577 0.19863
vn 0.00013 0.93419 -0.35678
vt 1 1
f 1690/1690/1690 1691/1691/1691 1692/1692/1692
usemtl red_off
v 0.27839 0.66286 0.21336
vn 0.13051 0.34743 0.92858
vt 0 0
v 0.27500 0.66294 0.21356
vn -0.00000 0.35049 0.93657
vt 1 0
v 0.27500 0.66191 0.21367
vn -0.00001 -0.15543 0.98785
vt 1 1
f 1693/1693/1693 1694/1694/1694 1695/1695/1695
usemtl red_off
v 0.27839 0.66286 0.21336
vn 0.13051 0.34743 0.92858
vt 0 0
v 0.27500 0.66191 0.21367
vn -0.00001 -0.15543 0.98785
vt 1 0
v 0.27836 0.66183 0.21347
vn 0.11314 -0.15810 0.98092
vt 1 1
f 1696/1696/1696 1697/1697/1697 1698/1698/1698
usemtl red_off
v 0.27836 0.66183 0.21347
vn 0.11313 -0.15819 0.98091
vt 0 0
v 0.27500 0.66191 0.21367
vn 0.00001 -0.15554 0.98783
vt 1 0
v 0.27500 0.66096 0.21325
vn 0.00004 -0.62696 0.77905
vt 1 1
f 1699/1699/1699 1700/1700/1700 1701/1701/1701
usemtl red_off
v 0.27836 0.66183 0.21347
vn 0.11313 -0.15819 0.98091
vt 0 0
v 0.27500 0.66096 0.21325
vn 0.00004 -0.62696 0.77905
vt 1 0
v 0.27826 0.66088 0.21305
vn 0.06569 -0.62850 0.77503
vt 1 1
f 1702/1702/1702 1703/1703/1703 1704/1704/1704
usemtl red_off
v 0.27826 0.66088 0.21305
vn 0.06567 -0.62860 0.77495
vt 0 0
v 0.27500 0.66096 0.21325
vn 0.00001 -0.62706 0.77897
vt 1 0
v 0.27500 0.66035 0.21241
vn 0.00002 -0.93351 0.35855
vt 1 1
f 1705/1705/1705 1706/1706/1706 1707/1707/1707
usemtl red_off
v 0.27826 0.66088 0.21305
vn 0.06567 -0.62860 0.77495
vt 0 0
v 0.27500 0.66035 0.21241
vn 0.00002 -0.93351 0.35855
vt 1 0
v 0.27813 0.66028 0.21222
vn 0.00014 -0.93351 0.35854
vt 1 1
f 1708/1708/1708 1709/1709/1709 1710/1710/1710
usemtl red_off
v 0.27500 0.69469 0.20140
vn 0.00001 0.36482 0.93108
vt 0 0
v 0.27839 0.69461 0.20120
vn 0.13053 0.36176 0.92309
vt 1 0
v 0.27836 0.69545 0.20059
vn 0.11317 0.77291 0.62435
vt 1 1
f 1711/1711/1711 1712/1712/1712 1713/1713/1713
usemtl red_off
v 0.27500 0.69469 0.20140
vn 0.00001 0.36482 0.93108
vt 0 0
v 0.27836 0.69545 0.20059
vn 0.11317 0.77291 0.62435
vt 1 0
v 0.27500 0.69553 0.20080
vn 0.00001 0.77556 0.63127
vt 1 1
f 1714/1714/1714 1715/1715/1715 1716/1716/1716
usemtl red_off
v 0.27500 0.69553 0.20080
vn 0.00000 0.77562 0.63120
vt 0 0
v 0.27836 0.69545 0.20059
vn 0.11313 0.77298 0.62427
vt 1 0
v 0.27826 0.69587 0.19965
vn 0.06565 0.98543 0.15690
vt 1 1
f 1717/1717/1717 1718/1718/1718 1719/1719/1719
usemtl red_off
v 0.27500 0.69553 0.20080
vn 0.00000 0.77562 0.63120
vt 0 0
v 0.27826 0.69587 0.19965
vn 0.06565 0.98543 0.15690
vt 1 0
v 0.27500 0.69595 0.19985
vn -0.00000 0.98697 0.16092
vt 1 1
f 1720/1720/1720 1721/1721/1721 1722/1722/1722
usemtl red_off
v 0.27500 0.69595 0.19985
vn 0.00002 0.98698 0.16082
vt 0 0
v 0.27826 0.69587 0.19965
vn 0.06568 0.98544 0.15680
vt 1 0
v 0.27813 0.69577 0.19863
vn 0.00011 0.93420 -0.35676
vt 1 1
f 1723/1723/1723 1724/1724/1724 1725/1725/1725
usemtl red_off
v 0.27500 0.69595 0.19985
vn 0.00002 0.98698 0.16082
vt 0 0
v 0.27813 0.69577 0.19863
vn 0.00011 0.93420 -0.35676
vt 1 0
v 0.27500 0.69584 0.19882
vn -0.00000 0.93420 -0.35675
vt 1 1
f 1726/1726/1726 1727/1727/1727 1728/1728/1728
usemtl red_off
v 0.27813 0.66028 0.21222
vn 0.00012 -0.93351 0.35855
vt 0 0
v 0.27500 0.66035 0.21241
vn -0.00000 -0.93351 0.35856
vt 1 0
v 0.27187 0.66028 0.21222
vn -0.00013 -0.93351 0.35855
vt 1 1
f 1729/1729/1729 1730/1730/1730 1731/1731/1731
usemtl red_off
v 0.27187 0.66028 0.21222
vn -0.00013 -0.93351 0.35855
vt 0 0
v 0.26879 0.66006 0.21164
vn -0.00025 -0.93352 0.35853
vt 1 0
v 0.26582 0.65970 0.21070
vn -0.00037 -0.93353 0.35849
vt 1 1
f 1732/1732/1732 1733/1733/1733 1734/1734/1734
usemtl red_off
v 0.26582 0.65970 0.21070
vn -0.00037 -0.93353 0.35849
vt 0 0
v 0.26300 0.65920 0.20941
vn -0.00048 -0.93355 0.35844
vt 1 0
v 0.26039 0.65858 0.20778
vn -0.00058 -0.93358 0.35838
vt 1 1
f 1735/1735/1735 1736/1736/1736 1737/1737/1737
usemtl red_off
v 0.26039 0.65858 0.20778
vn -0.00058 -0.93358 0.35838
vt 0 0
v 0.25803 0.65784 0.20585
vn -0.00068 -0.93361 0.35830
vt 1 0
v 0.25596 0.65699 0.20364
vn -0.00076 -0.93364 0.35821
vt 1 1
f 1738/1738/1738 1739/1739/1739 1740/1740/1740
usemtl red_off
v 0.25596 0.65699 0.20364
vn -0.00076 -0.93364 0.35821
vt 0 0
v 0.25422 0.65606 0.20120
vn -0.00083 -0.93368 0.35811
vt 1 0
v 0.25283 0.65505 0.19858
vn -0.00089 -0.93372 0.35801
vt 1 1
f 1741/1741/1741 1742/1742/1742 1743/1743/1743
usemtl red_off
v 0.25283 0.65505 0.19858
vn -0.00089 -0.93372 0.35801
vt 0 0
v 0.25182 0.65399 0.19580
vn -0.00093 -0.93376 0.35790
vt 1 0
v 0.25121 0.65289 0.19292
vn -0.00095 -0.93380 0.35778
vt 1 1
f 1744/1744/1744 1745/1745/1745 1746/1746/1746
usemtl red_off
v 0.25121 0.65289 0.19292
vn -0.00095 -0.93380 0.35778
vt 0 0
v 0.25100 0.65177 0.19000
vn -0.00096 -0.93385 0.35767
vt 1 0
v 0.25121 0.65065 0.18708
vn -0.00095 -0.93389 0.35755
vt 1 1
f 1747/1747/1747 1748/1748/1748 1749/1749/1749
usemtl red_off
v 0.25121 0.65065 0.18708
vn -0.00095 -0.93389 0.35755
vt 0 0
v 0.25182 0.64955 0.18420
vn -0.00093 -0.93394 0.35743
vt 1 0
v 0.25283 0.64849 0.18142
vn -0.00089 -0.93398 0.35732
vt 1 1
f 1750/1750/1750 1751/1751/1751 1752/1752/1752
usemtl red_off
v 0.25283 0.64849 0.18142
vn -0.00089 -0.93398 0.35732
vt 0 0
v 0.25422 0.64748 0.17880
vn -0.00083 -0.93402 0.35722
vt 1 0
v 0.25596 0.64655 0.17636
vn -0.00076 -0.93406 0.35712
vt 1 1
f 1753/1753/1753 1754/1754/1754 1755/1755/1755
usemtl red_off
v 0.25596 0.64655 0.17636
vn -0.00076 -0.93406 0.35712
vt 0 0
v 0.25803 0.64570 0.17415
vn -0.00068 -0.93409 0.35703
vt 1 0
v 0.26039 0.64496 0.17222
vn -0.00058 -0.93412 0.35695
vt 1 1
f 1756/1756/1756 1757/1757/1757 1758/1758/1758
usemtl red_off
v 0.26039 0.64496 0.17222
vn -0.00058 -0.93412 0.35695
vt 0 0
v 0.26300 0.64434 0.17059
vn -0.00048 -0.93415 0.35689
vt 1 0
v 0.26582 0.64384 0.16930
vn -0.00037 -0.93417 0.35684
vt 1 1
f 1759/1759/1759 1760/1760/1760 1761/1761/1761
usemtl red_off
v 0.26582 0.64384 0.16930
vn -0.00037 -0.93417 0.35684
vt 0 0
v 0.26879 0.64348 0.16836
vn -0.00025 -0.93418 0.35680
vt 1 0
v 0.27187 0.64326 0.16778
vn -0.00013 -0.93419 0.35678
vt 1 1
f 1762/1762/1762 1763/1763/1763 1764/1764/1764
usemtl red_off
v 0.27187 0.64326 0.16778
vn -0.00013 -0.93419 0.35678
vt 0 0
v 0.27500 0.64319 0.16759
vn -0.00000 -0.93419 0.35677
vt 1 0
v 0.27813 0.64326 0.16778
vn 0.00012 -0.93419 0.35678
vt 1 1
f 1765/1765/1765 1766/1766/1766 1767/1767/1767
usemtl red_off
v 0.27813 0.64326 0.16778
vn 0.00012 -0.93419 0.35678
vt 0 0
v 0.28121 0.64348 0.16836
vn 0.00025 -0.93418 0.35680
vt 1 0
v 0.28418 0.64384 0.16930
vn 0.00037 -0.93417 0.35684
vt 1 1
f 1768/1768/1768 1769/1769/1769 1770/1770/1770
usemtl red_off
v 0.28418 0.64384 0.16930
vn 0.00037 -0.93417 0.35684
vt 0 0
v 0.28700 0.64434 0.17059
vn 0.00048 -0.93415 0.35689
vt 1 0
v 0.28961 0.64496 0.17222
vn 0.00058 -0.93412 0.35695
vt 1 1
f 1771/1771/1771 1772/1772/1772 1773/1773/1773
usemtl red_off
v 0.28961 0.64496 0.17222
vn 0.00058 -0.93412 0.35695
vt 0 0
v 0.29197 0.64570 0.17415
vn 0.00068 -0.93409 0.35703
vt 1 0
v 0.29404 0.64655 0.17636
vn 0.00076 -0.93406 0.35712
vt 1 1
f 1774/1774/1774 1775/1775/1775 1776/1776/1776
usemtl red_off
v 0.29404 0.64655 0.17636
vn 0.00076 -0.93406 0.35712
vt 0 0
v 0.29578 0.64748 0.17880
vn 0.00083 -0.93402 0.35722
vt 1 0
v 0.29717 0.64849 0.18142
vn 0.00089 -0.93398 0.35732
vt 1 1
f 1777/1777/1777 1778/1778/1778 1779/1779/1779
usemtl red_off
v 0.29717 0.64849 0.18142
vn 0.00089 -0.93398 0.35732
vt 0 0
v 0.29818 0.64955 0.18420
vn 0.00093 -0.93394 0.35743
vt 1 0
v 0.29879 0.65065 0.18708
vn 0.00095 -0.93389 0.35755
vt 1 1
f 1780/1780/1780 1781/1781/1781 1782/1782/1782
usemtl red_off
v 0.29879 0.65065 0.18708
vn 0.00095 -0.93389 0.35755
vt 0 0
v 0.29900 0.65177 0.19000
vn 0.00096 -0.93385 0.35767
vt 1 0
v 0.29879 0.65289 0.19292
vn 0.00095 -0.93380 0.35778
vt 1 1
f 1783/1783/1783 1784/1784/1784 1785/1785/1785
usemtl red_off
v 0.29879 0.65289 0.19292
vn 0.00095 -0.93380 0.35778
vt 0 0
v 0.29818 0.65399 0.19580
vn 0.00093 -0.93376 0.35790
vt 1 0
v 0.29717 0.65505 0.19858
vn 0.00089 -0.93372 0.35801
vt 1 1
f 1786/1786/1786 1787/1787/1787 1788/1788/1788
usemtl red_off
v 0.29717 0.65505 0.19858
vn 0.00089 -0.93372 0.35801
vt 0 0
v 0.29578 0.65606 0.20120
vn 0.00083 -0.93368 0.35811
vt 1 0
v 0.29404 0.65699 0.20364
vn 0.00076 -0.93364 0.35821
vt 1 1
f 1789/1789/1789 1790/1790/1790 1791/1791/1791
usemtl red_off
v 0.29404 0.65699 0.20364
vn 0.00076 -0.93364 0.35821
vt 0 0
v 0.29197 0.65784 0.20585
vn 0.00068 -0.93361 0.35830
vt 1 0
v 0.28961 0.65858 0.20778
vn 0.00058 -0.93358 0.35838
vt 1 1
f 1792/1792/1792 1793/1793/1793 1794/1794/1794
usemtl red_off
v 0.28961 0.65858 0.20778
vn 0.00058 -0.93358 0.35838
vt 0 0
v 0.28700 0.65920 0.20941
vn 0.00048 -0.93355 0.35844
vt 1 0
v 0.28418 0.65970 0.21070
vn 0.00037 -0.93353 0.35849
vt 1 1
f 1795/1795/1795 1796/1796/1796 1797/1797/1797
usemtl red_off
v 0.28418 0.65970 0.21070
vn 0.00037 -0.93353 0.35849
vt 0 0
v 0.28121 0.66006 0.21164
vn 0.00025 -0.93352 0.35853
vt 1 0
v 0.27813 0.66028 0.21222
vn 0.00012 -0.93351 0.35855
vt 1 1
f 1798/1798/1798 1799/1799/1799 1800/1800/1800
usemtl red_off
v 0.27813 0.66028 0.21222
vn 0.00012 -0.93351 0.35855
vt 0 0
v 0.27187 0.66028 0.21222
vn -0.00013 -0.93351 0.35855
vt 1 0
v 0.26582 0.65970 0.21070
vn -0.00037 -0.93353 0.35849
vt 1 1
f 1801/1801/1801 1802/1802/1802 1803/1803/1803
usemtl red_off
v 0.26582 0.65970 0.21070
vn -0.00037 -0.93353 0.35849
vt 0 0
v 0.26039 0.65858 0.20778
vn -0.00058 -0.93358 0.35838
vt 1 0
v 0.25596 0.65699 0.20364
vn -0.00076 -0.93364 0.35821
vt 1 1
f 1804/1804/1804 1805/1805/1805 1806/1806/1806
usemtl red_off
v 0.25596 0.65699 0.20364
vn -0.00076 -0.93364 0.35821
vt 0 0
v 0.25283 0.65505 0.19858
vn -0.00089 -0.93372 0.35801
vt 1 0
v 0.25121 0.65289 0.19292
vn -0.00095 -0.93380 0.35778
vt 1 1
f 1807/1807/1807 1808/1808/1808 1809/1809/1809
usemtl red_off
v 0.25121 0.65289 0.19292
vn -0.00095 -0.93380 0.35778
vt 0 0
v 0.25121 0.65065 0.18708
vn -0.00095 -0.93389 0.35755
vt 1 0
v 0.25283 0.64849 0.18142
vn -0.00089 -0.93398 0.35732
vt 1 1
f 1810/1810/1810 1811/1811/1811 1812/1812/1812
usemtl red_off
v 0.25283 0.64849 0.18142
vn -0.00089 -0.93398 0.35732
vt 0 0
v 0.25596 0.64655 0.17636
vn -0.00076 -0.93406 0.35712
vt 1 0
v 0.26039 0.64496 0.17222
vn -0.00058 -0.93412 0.35695
vt 1 1
f 1813/1813/1813 1814/1814/1814 1815/1815/1815
usemtl red_off
v 0.26039 0.64496 0.17222
vn -0.00058 -0.93412 0.35695
vt 0 0
v 0.26582 0.64384 0.16930
vn -0.00037 -0.93417 0.35684
vt 1 0
v 0.27187 0.64326 0.16778
vn -0.00013 -0.93419 0.35678
vt 1 1
f 1816/1816/1816 1817/1817/1817 1818/1818/1818
usemtl red_off
v 0.27187 0.64326 0.16778
vn -0.00013 -0.93419 0.35678
vt 0 0
v 0.27813 0.64326 0.16778
vn 0.00012 -0.93419 0.35678
vt 1 0
v 0.28418 0.64384 0.16930
vn 0.00037 -0.93417 0.35684
vt 1 1
f 1819/1819/1819 1820/1820/1820 1821/1821/1821
usemtl red_off
v 0.28418 0.64384 0.16930
vn 0.00037 -0.93417 0.35684
vt 0 0
v 0.28961 0.64496 0.17222
vn 0.00058 -0.93412 0.35695
vt 1 0
v 0.29404 0.64655 0.17636
vn 0.00076 -0.93406 0.35712
vt 1 1
f 1822/1822/1822 1823/1823/1823 1824/1824/1824
usemtl red_off
v 0.29404 0.64655 0.17636
vn 0.00076 -0.93406 0.35712
vt 0 0
v 0.29717 0.64849 0.18142
vn 0.00089 -0.93398 0.35732
vt 1 0
v 0.29879 0.65065 0.18708
vn 0.00095 -0.93389 0.35755
vt 1 1
f 1825/1825/1825 1826/1826/1826 1827/1827/1827
usemtl red_off
v 0.29879 0.65065 0.18708
vn 0.00095 -0.93389 0.35755
vt 0 0
v 0.29879 0.65289 0.19292
vn 0.00095 -0.93380 0.35778
vt 1 0
v 0.29717 0.65505 0.19858
vn 0.00089 -0.93372 0.35801
vt 1 1
f 1828/1828/1828 1829/1829/1829 1830/1830/1830
usemtl red_off
v 0.29717 0.65505 0.19858
vn 0.00089 -0.93372 0.35801
vt 0 0
v 0.29404 0.65699 0.20364
vn 0.00076 -0.93364 0.35821
vt 1 0
v 0.28961 0.65858 0.20778
vn 0.00058 -0.93358 0.35838
vt 1 1
f 1831/1831/1831 1832/1832/1832 1833/1833/1833
usemtl red_off
v 0.28961 0.65858 0.20778
vn 0.00058 -0.93358 0.35838
vt 0 0
v 0.28418 0.65970 0.21070
vn 0.00037 -0.93353 0.35849
vt 1 0
v 0.27813 0.66028 0.21222
vn 0.00012 -0.93351 0.35855
vt 1 1
f 1834/1834/1834 1835/1835/1835 1836/1836/1836
usemtl red_off
v 0.27813 0.66028 0.21222
vn 0.00012 -0.93351 0.35855
vt 0 0
v 0.26582 0.65970 0.21070
vn -0.00037 -0.93353 0.35849
vt 1 0
v 0.25596 0.65699 0.20364
vn -0.00076 -0.93364 0.35821
vt 1 1
f 1837/1837/1837 1838/1838/1838 1839/1839/1839
usemtl red_off
v 0.25596 0.65699 0.20364
vn -0.00076 -0.93364 0.35821
vt 0 0
v 0.25121 0.65289 0.19292
vn -0.00095 -0.93380 0.35778
vt 1 0
v 0.25283 0.64849 0.18142
vn -0.00089 -0.93398 0.35732
vt 1 1
f 1840/1840/1840 1841/1841/1841 1842/1842/1842
usemtl red_off
v 0.25283 0.64849 0.18142
vn -0.00089 -0.93398 0.35732
vt 0 0
v 0.26039 0.64496 0.17222
vn -0.00058 -0.93412 0.35695
vt 1 0
v 0.27187 0.64326 0.16778
vn -0.00013 -0.93419 0.35678
vt 1 1
f 1843/1843/1843 1844/1844/1844 1845/1845/1845
usemtl red_off
v 0.27187 0.64326 0.16778
vn -0.00013 -0.93419 0.35678
vt 0 0
v 0.28418 0.64384 0.16930
vn 0.00037 -0.93417 0.35684
vt 1 0
v 0.29404 0.64655 0.17636
vn 0.00076 -0.93406 0.35712
vt 1 1
f 1846/1846/1846 1847/1847/1847 1848/1848/1848
usemtl red_off
v 0.29404 0.64655 0.17636
vn 0.00076 -0.93406 0.35712
vt 0 0
v 0.29879 0.65065 0.18708
vn 0.00095 -0.93389 0.35755
vt 1 0
v 0.29717 0.65505 0.19858
vn 0.00089 -0.93372 0.35801
vt 1 1
f 1849/1849/1849 1850/1850/1850 1851/1851/1851
usemtl red_off
v 0.29717 0.65505 0.19858
vn 0.00089 -0.93372 0.35801
vt 0 0
v 0.28961 0.65858 0.20778
vn 0.00058 -0.93358 0.35838
vt 1 0
v 0.27813 0.66028 0.21222
vn 0.00012 -0.93351 0.35855
vt 1 1
f 1852/1852/1852 1853/1853/1853 1854/1854/1854
usemtl red_off
v 0.27813 0.66028 0.21222
vn 0.00012 -0.93351 0.35855
vt 0 0
v 0.25596 0.65699 0.20364
vn -0.00076 -0.93364 0.35821
vt 1 0
v 0.25283 0.64849 0.18142
vn -0.00089 -0.93398 0.35732
vt 1 1
f 1855/1855/1855 1856/1856/1856 1857/1857/1857
usemtl red_off
v 0.25283 0.64849 0.18142
vn -0.00089 -0.93398 0.35732
vt 0 0
v 0.27187 0.64326 0.16778
vn -0.00013 -0.93419 0.35678
vt 1 0
v 0.29404 0.64655 0.17636
vn 0.00076 -0.93406 0.35712
vt 1 1
f 1858/1858/1858 1859/1859/1859 1860/1860/1860
usemtl red_off
v 0.29404 0.64655 0.17636
vn 0.00076 -0.93406 0.35712
vt 0 0
v 0.29717 0.65505 0.19858
vn 0.00089 -0.93372 0.35801
vt 1 0
v 0.27813 0.66028 0.21222
vn 0.00012 -0.93351 0.35855
vt 1 1
f 1861/1861/1861 1862/1862/1862 1863/1863/1863
usemtl red_off
v 0.25283 0.64849 0.18142
vn -0.00089 -0.93398 0.35732
vt 0 0
v 0.29404 0.64655 0.17636
vn 0.00076 -0.93406 0.35712
vt 1 0
v 0.27813 0.66028 0.21222
vn 0.00012 -0.93351 0.35855
vt 1 1
f 1864/1864/1864 1865/1865/1865 1866/1866/1866
usemtl red_off
v 0.27500 0.66294 0.21356
vn -0.00000 0.35049 0.93657
vt 0 0
v 0.27500 0.69469 0.20140
vn 0.00001 0.36482 0.93108
vt 1 0
v 0.27161 0.69461 0.20120
vn -0.13052 0.36176 0.92309
vt 1 1
f 1867/1867/1867 1868/1868/1868 1869/1869/1869
usemtl red_off
v 0.27500 0.66294 0.21356
vn -0.00000 0.35049 0.93657
vt 0 0
v 0.27161 0.69461 0.20120
vn -0.13052 0.36176 0.92309
vt 1 0
v 0.27161 0.66286 0.21336
vn -0.13053 0.34743 0.92858
vt 1 1
f 1870/1870/1870 1871/1871/1871 1872/1872/1872
usemtl red_off
v 0.27839 0.66286 0.21336
vn 0.13051 0.34743 0.92858
vt 0 0
v 0.27839 0.69461 0.20120
vn 0.13053 0.36176 0.92309
vt 1 0
v 0.27500 0.69469 0.20140
vn 0.00001 0.36482 0.93108
vt 1 1
f 1873/1873/1873 1874/1874/1874 1875/1875/1875
usemtl red_off
v 0.27839 0.66286 0.21336
vn 0.13051 0.34743 0.92858
vt 0 0
v 0.27500 0.69469 0.20140
vn 0.00001 0.36482 0.93108
vt 1 0
v 0.27500 0.66294 0.21356
vn -0.00000 0.35049 0.93657
vt 1 1
f 1876/1876/1876 1877/1877/1877 1878/1878/1878
usemtl red_off
v 0.26879 0.69555 0.19805
vn -0.00025 0.93418 -0.35680
vt 0 0
v 0.27187 0.69577 0.19863
vn -0.00013 0.93419 -0.35678
vt 1 0
v 0.27500 0.69584 0.19882
vn -0.00000 0.93419 -0.35677
vt 1 1
f 1879/1879/1879 1880/1880/1880 1881/1881/1881
usemtl red_off
v 0.27500 0.69584 0.19882
vn -0.00000 0.93419 -0.35677
vt 0 0
v 0.27813 0.69577 0.19863
vn 0.00013 0.93419 -0.35678
vt 1 0
v 0.28121 0.69555 0.19805
vn 0.00025 0.93418 -0.35680
vt 1 1
f 1882/1882/1882 1883/1883/1883 1884/1884/1884
usemtl red_off
v 0.28121 0.69555 0.19805
vn 0.00025 0.93418 -0.35680
vt 0 0
v 0.28418 0.69519 0.19711
vn 0.00037 0.93417 -0.35684
vt 1 0
v 0.28700 0.69469 0.19581
vn 0.00048 0.93415 -0.35689
vt 1 1
f 1885/1885/1885 1886/1886/1886 1887/1887/1887
usemtl red_off
v 0.28700 0.69469 0.19581
vn 0.00048 0.93415 -0.35689
vt 0 0
v 0.28961 0.69407 0.19419
vn 0.00058 0.93412 -0.35695
vt 1 0
v 0.29197 0.69332 0.19225
vn 0.00068 0.93409 -0.35703
vt 1 1
f 1888/1888/1888 1889/1889/1889 1890/1890/1890
usemtl red_off
v 0.29197 0.69332 0.19225
vn 0.00068 0.93409 -0.35703
vt 0 0
v 0.29404 0.69248 0.19005
vn 0.00076 0.93406 -0.35712
vt 1 0
v 0.29578 0.69155 0.18761
vn 0.00083 0.93402 -0.35722
vt 1 1
f 1891/1891/1891 1892/1892/1892 1893/1893/1893
usemtl red_off
v 0.29578 0.69155 0.18761
vn 0.00083 0.93402 -0.35722
vt 0 0
v 0.29717 0.69054 0.18498
vn 0.00089 0.93398 -0.35732
vt 1 0
v 0.29818 0.68948 0.18221
vn 0.00093 0.93394 -0.35743
vt 1 1
f 1894/1894/1894 1895/1895/1895 1896/1896/1896
usemtl red_off
v 0.29818 0.68948 0.18221
vn 0.00093 0.93394 -0.35743
vt 0 0
v 0.29879 0.68838 0.17933
vn 0.00095 0.93389 -0.35755
vt 1 0
v 0.29900 0.68726 0.17641
vn 0.00096 0.93385 -0.35767
vt 1 1
f 1897/1897/1897 1898/1898/1898 1899/1899/1899
usemtl red_off
v 0.29900 0.68726 0.17641
vn 0.00096 0.93385 -0.35767
vt 0 0
v 0.29879 0.68614 0.17348
vn 0.00095 0.93380 -0.35778
vt 1 0
v 0.29818 0.68503 0.17061
vn 0.00093 0.93376 -0.35790
vt 1 1
f 1900/1900/1900 1901/1901/1901 1902/1902/1902
usemtl red_off
v 0.29818 0.68503 0.17061
vn 0.00093 0.93376 -0.35790
vt 0 0
v 0.29717 0.68397 0.16783
vn 0.00089 0.93372 -0.35801
vt 1 0
v 0.29578 0.68297 0.16520
vn 0.00083 0.93368 -0.35811
vt 1 1
f 1903/1903/1903 1904/1904/1904 1905/1905/1905
usemtl red_off
v 0.29578 0.68297 0.16520
vn 0.00083 0.93368 -0.35811
vt 0 0
v 0.29404 0.68203 0.16277
vn 0.00076 0.93364 -0.35821
vt 1 0
v 0.29197 0.68119 0.16056
vn 0.00068 0.93361 -0.35830
vt 1 1
f 1906/1906/1906 1907/1907/1907 1908/1908/1908
usemtl red_off
v 0.29197 0.68119 0.16056
vn 0.00068 0.93361 -0.35830
vt 0 0
v 0.28961 0.68045 0.15863
vn 0.00058 0.93358 -0.35838
vt 1 0
v 0.28700 0.67982 0.15700
vn 0.00048 0.93355 -0.35844
vt 1 1
f 1909/1909/1909 1910/1910/1910 1911/1911/1911
usemtl red_off
v 0.28700 0.67982 0.15700
vn 0.00048 0.93355 -0.35844
vt 0 0
v 0.28418 0.67933 0.15571
vn 0.00037 0.93353 -0.35849
vt 1 0
v 0.28121 0.67897 0.15476
vn 0.00025 0.93352 -0.35853
vt 1 1
f 1912/1912/1912 1913/1913/1913 1914/1914/1914
usemtl red_off
v 0.28121 0.67897 0.15476
vn 0.00025 0.93352 -0.35853
vt 0 0
v 0.27813 0.67875 0.15419
vn 0.00012 0.93351 -0.35855
vt 1 0
v 0.27500 0.67867 0.15400
vn -0.00000 0.93351 -0.35856
vt 1 1
f 1915/1915/1915 1916/1916/1916 1917/1917/1917
usemtl red_off
v 0.27500 0.67867 0.15400
vn -0.00000 0.93351 -0.35856
vt 0 0
v 0.27187 0.67875 0.15419
vn -0.00013 0.93351 -0.35855
vt 1 0
v 0.26879 0.67897 0.15476
vn -0.00025 0.93352 -0.35853
vt 1 1
f 1918/1918/1918 1919/1919/1919 1920/1920/1920
usemtl red_off
v 0.26879 0.67897 0.15476
vn -0.00025 0.93352 -0.35853
vt 0 0
v 0.26582 0.67933 0.15571
vn -0.00037 0.93353 -0.35849
vt 1 0
v 0.26300 0.67982 0.15700
vn -0.00048 0.93355 -0.35844
vt 1 1
f 1921/1921/1921 1922/1922/1922 1923/1923/1923
usemtl red_off
v 0.26300 0.67982 0.15700
vn -0.00048 0.93355 -0.35844
vt 0 0
v 0.26039 0.68045 0.15863
vn -0.00058 0.93358 -0.35838
vt 1 0
v 0.25803 0.68119 0.16056
vn -0.00068 0.93361 -0.35830
vt 1 1
f 1924/1924/1924 1925/1925/1925 1926/1926/1926
usemtl red_off
v 0.25803 0.68119 0.16056
vn -0.00068 0.93361 -0.35830
vt 0 0
v 0.25596 0.68203 0.16277
vn -0.00076 0.93364 -0.35821
vt 1 0
v 0.25422 0.68297 0.16520
vn -0.00083 0.93368 -0.35811
vt 1 1
f 1927/1927/1927 1928/1928/1928 1929/1929/1929
usemtl red_off
v 0.25422 0.68297 0.16520
vn -0.00083 0.93368 -0.35811
vt 0 0
v 0.25283 0.68397 0.16783
vn -0.00089 0.93372 -0.35801
vt 1 0
v 0.25182 0.68503 0.17061
vn -0.00093 0.93376 -0.35790
vt 1 1
f 1930/1930/1930 1931/1931/1931 1932/1932/1932
usemtl red_off
v 0.25182 0.68503 0.17061
vn -0.00093 0.93376 -0.35790
vt 0 0
v 0.25121 0.68614 0.17348
vn -0.00095 0.93380 -0.35778
vt 1 0
v 0.25100 0.68726 0.17641
vn -0.00096 0.93385 -0.35766
vt 1 1
f 1933/1933/1933 1934/1934/1934 1935/1935/1935
usemtl red_off
v 0.25100 0.68726 0.17641
vn -0.00096 0.93385 -0.35766
vt 0 0
v 0.25121 0.68838 0.17933
vn -0.00095 0.93389 -0.35755
vt 1 0
v 0.25182 0.68948 0.18221
vn -0.00093 0.93394 -0.35743
vt 1 1
f 1936/1936/1936 1937/1937/1937 1938/1938/1938
usemtl red_off
v 0.25182 0.68948 0.18221
vn -0.00093 0.93394 -0.35743
vt 0 0
v 0.25283 0.69054 0.18498
vn -0.00089 0.93398 -0.35732
vt 1 0
v 0.25422 0.69155 0.18761
vn -0.00083 0.93402 -0.35722
vt 1 1
f 1939/1939/1939 1940/1940/1940 1941/1941/1941
usemtl red_off
v 0.25422 0.69155 0.18761
vn -0.00083 0.93402 -0.35722
vt 0 0
v 0.25596 0.69248 0.19005
vn -0.00076 0.93406 -0.35712
vt 1 0
v 0.25803 0.69332 0.19225
vn -0.00068 0.93409 -0.35703
vt 1 1
f 1942/1942/1942 1943/1943/1943 1944/1944/1944
usemtl red_off
v 0.25803 0.69332 0.19225
vn -0.00068 0.93409 -0.35703
vt 0 0
v 0.26039 0.69407 0.19419
vn -0.00058 0.93412 -0.35695
vt 1 0
v 0.26300 0.69469 0.19581
vn -0.00048 0.93415 -0.35689
vt 1 1
f 1945/1945/1945 1946/1946/1946 1947/1947/1947
usemtl red_off
v 0.26300 0.69469 0.19581
vn -0.00048 0.93415 -0.35689
vt 0 0
v 0.26582 0.69519 0.19711
vn -0.00037 0.93417 -0.35684
vt 1 0
v 0.26879 0.69555 0.19805
vn -0.00025 0.93418 -0.35680
vt 1 1
f 1948/1948/1948 1949/1949/1949 1950/1950/1950
usemtl red_off
v 0.26879 0.69555 0.19805
vn -0.00025 0.93418 -0.35680
vt 0 0
v 0.27500 0.69584 0.19882
vn -0.00000 0.93419 -0.35677
vt 1 0
v 0.28121 0.69555 0.19805
vn 0.00025 0.93418 -0.35680
vt 1 1
f 1951/1951/1951 1952/1952/1952 1953/1953/1953
usemtl red_off
v 0.28121 0.69555 0.19805
vn 0.00025 0.93418 -0.35680
vt 0 0
v 0.28700 0.69469 0.19581
vn 0.00048 0.93415 -0.35689
vt 1 0
v 0.29197 0.69332 0.19225
vn 0.00068 0.93409 -0.35703
vt 1 1
f 1954/1954/1954 1955/1955/1955 1956/1956/1956
usemtl red_off
v 0.29197 0.69332 0.19225
vn 0.00068 0.93409 -0.35703
vt 0 0
v 0.29578 0.69155 0.18761
vn 0.00083 0.93402 -0.35722
vt 1 0
v 0.29818 0.68948 0.18221
vn 0.00093 0.93394 -0.35743
vt 1 1
f 1957/1957/1957 1958/1958/1958 1959/1959/1959
usemtl red_off
v 0.29818 0.68948 0.18221
vn 0.00093 0.93394 -0.35743
vt 0 0
v 0.29900 0.68726 0.17641
vn 0.00096 0.93385 -0.35767
vt 1 0
v 0.29818 0.68503 0.17061
vn 0.00093 0.93376 -0.35790
vt 1 1
f 1960/1960/1960 1961/1961/1961 1962/1962/1962
usemtl red_off
v 0.29818 0.68503 0.17061
vn 0.00093 0.93376 -0.35790
vt 0 0
v 0.29578 0.68297 0.16520
vn 0.00083 0.93368 -0.35811
vt 1 0
v 0.29197 0.68119 0.16056
vn 0.00068 0.93361 -0.35830
vt 1 1
f 1963/1963/1963 1964/1964/1964 1965/1965/1965
usemtl red_off
v 0.29197 0.68119 0.16056
vn 0.00068 0.93361 -0.35830
vt 0 0
v 0.28700 0.67982 0.15700
vn 0.00048 0.93355 -0.35844
vt 1 0
v 0.28121 0.67897 0.15476
vn 0.00025 0.93352 -0.35853
vt 1 1
f 1966/1966/1966 1967/1967/1967 1968/1968/1968
usemtl red_off
v 0.28121 0.67897 0.15476
vn 0.00025 0.93352 -0.35853
vt 0 0
v 0.27500 0.67867 0.15400
vn -0.00000 0.93351 -0.35856
vt 1 0
v 0.26879 0.67897 0.15476
vn -0.00025 0.93352 -0.35853
vt 1 1
f 1969/1969/1969 1970/1970/1970 1971/1971/1971
usemtl red_off
v 0.26879 0.67897 0.15476
vn -0.00025 0.93352 -0.35853
vt 0 0
v 0.26300 0.67982 0.15700
vn -0.00048 0.93355 -0.35844
vt 1 0
v 0.25803 0.68119 0.16056
vn -0.00068 0.93361 -0.35830
vt 1 1
f 1972/1972/1972 1973/1973/1973 1974/1974/1974
usemtl red_off
v 0.25803 0.68119 0.16056
vn -0.00068 0.93361 -0.35830
vt 0 0
v 0.25422 0.68297 0.16520
vn -0.00083 0.93368 -0.35811
vt 1 0
v 0.25182 0.68503 0.17061
vn -0.00093 0.93376 -0.35790
vt 1 1
f 1975/1975/1975 1976/1976/1976 1977/1977/1977
usemtl red_off
v 0.25182 0.68503 0.17061
vn -0.00093 0.93376 -0.35790
vt 0 0
v 0.25100 0.68726 0.17641
vn -0.00096 0.93385 -0.35766
vt 1 0
v 0.25182 0.68948 0.18221
vn -0.00093 0.93394 -0.35743
vt 1 1
f 1978/1978/1978 1979/1979/1979 1980/1980/1980
usemtl red_off
v 0.25182 0.68948 0.18221
vn -0.00093 0.93394 -0.35743
vt 0 0
v 0.25422 0.69155 0.18761
vn -0.00083 0.93402 -0.35722
vt 1 0
v 0.25803 0.69332 0.19225
vn -0.00068 0.93409 -0.35703
vt 1 1
f 1981/1981/1981 1982/1982/1982 1983/1983/1983
usemtl red_off
v 0.25803 0.69332 0.19225
vn -0.00068 0.93409 -0.35703
vt 0 0
v 0.26300 0.69469 0.19581
vn -0.00048 0.93415 -0.35689
vt 1 0
v 0.26879 0.69555 0.19805
vn -0.00025 0.93418 -0.35680
vt 1 1
f 1984/1984/1984 1985/1985/1985 1986/1986/1986
usemtl red_off
v 0.26879 0.69555 0.19805
vn -0.00025 0.93418 -0.35680
vt 0 0
v 0.28121 0.69555 0.19805
vn 0.00025 0.93418 -0.35680
vt 1 0
v 0.29197 0.69332 0.19225
vn 0.00068 0.93409 -0.35703
vt 1 1
f 1987/1987/1987 1988/1988/1988 1989/1989/1989
usemtl red_off
v 0.29197 0.69332 0.19225
vn 0.00068 0.93409 -0.35703
vt 0 0
v 0.29818 0.68948 0.18221
vn 0.00093 0.93394 -0.35743
vt 1 0
v 0.29818 0.68503 0.17061
vn 0.00093 0.93376 -0.35790
vt 1 1
f 1990/1990/1990 1991/1991/1991 1992/1992/1992
usemtl red_off
v 0.29818 0.68503 0.17061
vn 0.00093 0.93376 -0.35790
vt 0 0
v 0.29197 0.68119 0.16056
vn 0.00068 0.93361 -0.35830
vt 1 0
v 0.28121 0.67897 0.15476
vn 0.00025 0.93352 -0.35853
vt 1 1
f 1993/1993/1993 1994/1994/1994 1995/1995/1995
usemtl red_off
v 0.28121 0.67897 0.15476
vn 0.00025 0.93352 -0.35853
vt 0 0
v 0.26879 0.67897 0.15476
vn -0.00025 0.93352 -0.35853
vt 1 0
v 0.25803 0.68119 0.16056
vn -0.00068 0.93361 -0.35830
vt 1 1
f 1996/1996/1996 1997/1997/1997 1998/1998/1998
usemtl red_off
v 0.25803 0.68119 0.16056
vn -0.00068 0.93361 -0.35830
vt 0 0
v 0.25182 0.68503 0.17061
vn -0.00093 0.93376 -0.35790
vt 1 0
v 0.25182 0.68948 0.18221
vn -0.00093 0.93394 -0.35743
vt 1 1
f 1999/1999/1999 2000/2000/2000 2001/2001/2001
usemtl red_off
v 0.25182 0.68948 0.18221
vn -0.00093 0.93394 -0.35743
vt 0 0
v 0.25803 0.69332 0.19225
vn -0.00068 0.93409 -0.35703
vt 1 0
v 0.26879 0.69555 0.19805
vn -0.00025 0.93418 -0.35680
vt 1 1
f 2002/2002/2002 2003/2003/2003 2004/2004/2004
usemtl red_off
v 0.26879 0.69555 0.19805
vn -0.00025 0.93418 -0.35680
vt 0 0
v 0.29197 0.69332 0.19225
vn 0.00068 0.93409 -0.35703
vt 1 0
v 0.29818 0.68503 0.17061
vn 0.00093 0.93376 -0.35790
vt 1 1
f 2005/2005/2005 2006/2006/2006 2007/2007/2007
usemtl red_off
v 0.29818 0.68503 0.17061
vn 0.00093 0.93376 -0.35790
vt 0 0
v 0.28121 0.67897 0.15476
vn 0.00025 0.93352 -0.35853
vt 1 0
v 0.25803 0.68119 0.16056
vn -0.00068 0.93361 -0.35830
vt 1 1
f 2008/2008/2008 2009/2009/2009 2010/2010/2010
usemtl red_off
v 0.25803 0.68119 0.16056
vn -0.00068 0.93361 -0.35830
vt 0 0
v 0.25182 0.68948 0.18221
vn -0.00093 0.93394 -0.35743
vt 1 0
v 0.26879 0.69555 0.19805
vn -0.00025 0.93418 -0.35680
vt 1 1
f 2011/2011/2011 2012/2012/2012 2013/2013/2013
usemtl red_off
v 0.29818 0.68503 0.17061
vn 0.00093 0.93376 -0.35790
vt 0 0
v 0.25803 0.68119 0.16056
vn -0.00068 0.93361 -0.35830
vt 1 0
v 0.26879 0.69555 0.19805
vn -0.00025 0.93418 -0.35680
vt 1 1
f 2014/2014/2014 2015/2015/2015 2016/2016/2016
usemtl red_off
v 0.27161 0.66286 0.21336
vn -0.13053 0.34743 0.92858
vt 0 0
v 0.27161 0.69461 0.20120
vn -0.13052 0.36176 0.92309
vt 1 0
v 0.26827 0.69437 0.20058
vn -0.25881 0.35263 0.89926
vt 1 1
f 2017/2017/2017 2018/2018/2018 2019/2019/2019
usemtl red_off
v 0.27161 0.66286 0.21336
vn -0.13053 0.34743 0.92858
vt 0 0
v 0.26827 0.69437 0.20058
vn -0.25881 0.35263 0.89926
vt 1 0
v 0.26827 0.66262 0.21274
vn -0.25885 0.33829 0.90474
vt 1 1
f 2020/2020/2020 2021/2021/2021 2022/2022/2022
usemtl red_off
v 0.26827 0.66262 0.21274
vn -0.25885 0.33829 0.90474
vt 0 0
v 0.26827 0.69437 0.20058
vn -0.25881 0.35263 0.89926
vt 1 0
v 0.26505 0.69398 0.19956
vn -0.38267 0.33759 0.86000
vt 1 1
f 2023/2023/2023 2024/2024/2024 2025/2025/2025
usemtl red_off
v 0.26827 0.66262 0.21274
vn -0.25885 0.33829 0.90474
vt 0 0
v 0.26505 0.69398 0.19956
vn -0.38267 0.33759 0.86000
vt 1 0
v 0.26505 0.66223 0.21172
vn -0.38265 0.32327 0.86549
vt 1 1
f 2026/2026/2026 2027/2027/2027 2028/2028/2028
usemtl red_off
v 0.26505 0.66223 0.21172
vn -0.38265 0.32327 0.86549
vt 0 0
v 0.26505 0.69398 0.19956
vn -0.38267 0.33759 0.86000
vt 1 0
v 0.26200 0.69344 0.19815
vn -0.49997 0.31691 0.80598
vt 1 1
f 2029/2029/2029 2030/2030/2030 2031/2031/2031
usemtl red_off
v 0.26505 0.66223 0.21172
vn -0.38265 0.32327 0.86549
vt 0 0
v 0.26200 0.69344 0.19815
vn -0.49997 0.31691 0.80598
vt 1 0
v 0.26200 0.66169 0.21031
vn -0.50000 0.30258 0.81145
vt 1 1
f 2032/2032/2032 2033/2033/2033 2034/2034/2034
usemtl red_off
v 0.26200 0.66169 0.21031
vn -0.50000 0.30258 0.81145
vt 0 0
v 0.26200 0.69344 0.19815
vn -0.49997 0.31691 0.80598
vt 1 0
v 0.25917 0.69277 0.19639
vn -0.60874 0.29091 0.73811
vt 1 1
f 2035/2035/2035 2036/2036/2036 2037/2037/2037
usemtl red_off
v 0.26200 0.66169 0.21031
vn -0.50000 0.30258 0.81145
vt 0 0
v 0.25917 0.69277 0.19639
vn -0.60874 0.29091 0.73811
vt 1 0
v 0.25917 0.66102 0.20855
vn -0.60876 0.27659 0.74358
vt 1 1
f 2038/2038/2038 2039/2039/2039 2040/2040/2040
usemtl red_off
v 0.25917 0.66102 0.20855
vn -0.60876 0.27659 0.74358
vt 0 0
v 0.25917 0.69277 0.19639
vn -0.60874 0.29091 0.73811
vt 1 0
v 0.25662 0.69196 0.19429
vn -0.70708 0.26006 0.65757
vt 1 1
f 2041/2041/2041 2042/2042/2042 2043/2043/2043
usemtl red_off
v 0.25917 0.66102 0.20855
vn -0.60876 0.27659 0.74358
vt 0 0
v 0.25662 0.69196 0.19429
vn -0.70708 0.26006 0.65757
vt 1 0
v 0.25662 0.66021 0.20645
vn -0.70710 0.24573 0.66305
vt 1 1
f 2044/2044/2044 2045/2045/2045 2046/2046/2046
usemtl red_off
v 0.25662 0.66021 0.20645
vn -0.70710 0.24573 0.66305
vt 0 0
v 0.25662 0.69196 0.19429
vn -0.70708 0.26006 0.65757
vt 1 0
v 0.25437 0.69105 0.19190
vn -0.79332 0.22490 0.56574
vt 1 1
f 2047/2047/2047 2048/2048/2048 2049/2049/2049
usemtl red_off
v 0.25662 0.66021 0.20645
vn -0.70710 0.24573 0.66305
vt 0 0
v 0.25437 0.69105 0.19190
vn -0.79332 0.22490 0.56574
vt 1 0
v 0.25437 0.65930 0.20407
vn -0.79333 0.21055 0.57122
vt 1 1
f 2050/2050/2050 2051/2051/2051 2052/2052/2052
usemtl red_off
v 0.25437 0.65930 0.20407
vn -0.79333 0.21055 0.57122
vt 0 0
v 0.25437 0.69105 0.19190
vn -0.79332 0.22490 0.56574
vt 1 0
v 0.25248 0.69004 0.18926
vn -0.86599 0.18600 0.46418
vt 1 1
f 2053/2053/2053 2054/2054/2054 2055/2055/2055
usemtl red_off
v 0.25437 0.65930 0.20407
vn -0.79333 0.21055 0.57122
vt 0 0
v 0.25248 0.69004 0.18926
vn -0.86599 0.18600 0.46418
vt 1 0
v 0.25248 0.65829 0.20142
vn -0.86602 0.17165 0.46963
vt 1 1
f 2056/2056/2056 2057/2057/2057 2058/2058/2058
usemtl red_off
v 0.25248 0.65829 0.20142
vn -0.86602 0.17165 0.46963
vt 0 0
v 0.25248 0.69004 0.18926
vn -0.86599 0.18600 0.46418
vt 1 0
v 0.25098 0.68895 0.18642
vn -0.92385 0.14403 0.35462
vt 1 1
f 2059/2059/2059 2060/2060/2060 2061/2061/2061
usemtl red_off
v 0.25248 0.65829 0.20142
vn -0.86602 0.17165 0.46963
vt 0 0
v 0.25098 0.68895 0.18642
vn -0.92385 0.14403 0.35462
vt 1 0
v 0.25098 0.65720 0.19858
vn -0.92385 0.12970 0.36010
vt 1 1
f 2062/2062/2062 2063/2063/2063 2064/2064/2064
usemtl red_off
v 0.25098 0.65720 0.19858
vn -0.92385 0.12970 0.36010
vt 0 0
v 0.25098 0.68895 0.18642
vn -0.92385 0.14403 0.35462
vt 1 0
v 0.24989 0.68780 0.18341
vn -0.96590 0.09973 0.23895
vt 1 1
f 2065/2065/2065 2066/2066/2066 2067/2067/2067
usemtl red_off
v 0.25098 0.65720 0.19858
vn -0.92385 0.12970 0.36010
vt 0 0
v 0.24989 0.68780 0.18341
vn -0.96590 0.09973 0.23895
vt 1 0
v 0.24989 0.65604 0.19557
vn -0.96590 0.08540 0.24443
vt 1 1
f 2068/2068/2068 2069/2069/2069 2070/2070/2070
usemtl red_off
v 0.24989 0.65604 0.19557
vn -0.96590 0.08540 0.24443
vt 0 0
v 0.24989 0.68780 0.18341
vn -0.96590 0.09973 0.23895
vt 1 0
v 0.24922 0.68660 0.18029
vn -0.99141 0.05385 0.11915
vt 1 1
f 2071/2071/2071 2072/2072/2072 2073/2073/2073
usemtl red_off
v 0.24989 0.65604 0.19557
vn -0.96590 0.08540 0.24443
vt 0 0
v 0.24922 0.68660 0.18029
vn -0.99141 0.05385 0.11915
vt 1 0
v 0.24922 0.65485 0.19245
vn -0.99141 0.03953 0.12467
vt 1 1
f 2074/2074/2074 2075/2075/2075 2076/2076/2076
usemtl red_off
v 0.24922 0.65485 0.19245
vn -0.99141 0.03953 0.12467
vt 0 0
v 0.24922 0.68660 0.18029
vn -0.99141 0.05385 0.11915
vt 1 0
v 0.24900 0.68539 0.17712
vn -0.99997 0.00717 -0.00273
vt 1 1
f 2077/2077/2077 2078/2078/2078 2079/2079/2079
usemtl red_off
v 0.24922 0.65485 0.19245
vn -0.99141 0.03953 0.12467
vt 0 0
v 0.24900 0.68539 0.17712
vn -0.99997 0.00717 -0.00273
vt 1 0
v 0.24900 0.65364 0.18928
vn -0.99997 -0.00718 0.00273
vt 1 1
f 2080/2080/2080 2081/2081/2081 2082/2082/2082
usemtl red_off
v 0.24900 0.65364 0.18928
vn -0.99997 -0.00718 0.00273
vt 0 0
v 0.24900 0.68539 0.17712
vn -0.99997 0.00717 -0.00273
vt 1 0
v 0.24922 0.68417 0.17395
vn -0.99142 -0.03951 -0.12463
vt 1 1
f 2083/2083/2083 2084/2084/2084 2085/2085/2085
usemtl red_off
v 0.24900 0.65364 0.18928
vn -0.99997 -0.00718 0.00273
vt 0 0
v 0.24922 0.68417 0.17395
vn -0.99142 -0.03951 -0.12463
vt 1 0
v 0.24922 0.65242 0.18612
vn -0.99141 -0.05386 -0.11917
vt 1 1
f 2086/2086/2086 2087/2087/2087 2088/2088/2088
usemtl red_off
v 0.24922 0.65242 0.18612
vn -0.99141 -0.05386 -0.11917
vt 0 0
v 0.24922 0.68417 0.17395
vn -0.99142 -0.03951 -0.12463
vt 1 0
v 0.24989 0.68298 0.17084
vn -0.96590 -0.08540 -0.24443
vt 1 1
f 2089/2089/2089 2090/2090/2090 2091/2091/2091
usemtl red_off
v 0.24922 0.65242 0.18612
vn -0.99141 -0.05386 -0.11917
vt 0 0
v 0.24989 0.68298 0.17084
vn -0.96590 -0.08540 -0.24443
vt 1 0
v 0.24989 0.65123 0.18300
vn -0.96589 -0.09974 -0.23895
vt 1 1
f 2092/2092/2092 2093/2093/2093 2094/2094/2094
usemtl red_off
v 0.24989 0.65123 0.18300
vn -0.96589 -0.09974 -0.23895
vt 0 0
v 0.24989 0.68298 0.17084
vn -0.96590 -0.08540 -0.24443
vt 1 0
v 0.25098 0.68183 0.16783
vn -0.92386 -0.12970 -0.36010
vt 1 1
f 2095/2095/2095 2096/2096/2096 2097/2097/2097
usemtl red_off
v 0.24989 0.65123 0.18300
vn -0.96589 -0.09974 -0.23895
vt 0 0
v 0.25098 0.68183 0.16783
vn -0.92386 -0.12970 -0.36010
vt 1 0
v 0.25098 0.65008 0.17999
vn -0.92386 -0.14402 -0.35459
vt 1 1
f 2098/2098/2098 2099/2099/2099 2100/2100/2100
usemtl red_off
v 0.25098 0.65008 0.17999
vn -0.92386 -0.14402 -0.35459
vt 0 0
v 0.25098 0.68183 0.16783
vn -0.92386 -0.12970 -0.36010
vt 1 0
v 0.25248 0.68074 0.16498
vn -0.86600 -0.17166 -0.46966
vt 1 1
f 2101/2101/2101 2102/2102/2102 2103/2103/2103
usemtl red_off
v 0.25098 0.65008 0.17999
vn -0.92386 -0.14402 -0.35459
vt 0 0
v 0.25248 0.68074 0.16498
vn -0.86600 -0.17166 -0.46966
vt 1 0
v 0.25248 0.64899 0.17714
vn -0.86599 -0.18599 -0.46418
vt 1 1
f 2104/2104/2104 2105/2105/2105 2106/2106/2106
usemtl red_off
v 0.25248 0.64899 0.17714
vn -0.86599 -0.18599 -0.46418
vt 0 0
v 0.25248 0.68074 0.16498
vn -0.86600 -0.17166 -0.46966
vt 1 0
v 0.25437 0.67973 0.16234
vn -0.79333 -0.21055 -0.57123
vt 1 1
f 2107/2107/2107 2108/2108/2108 2109/2109/2109
usemtl red_off
v 0.25248 0.64899 0.17714
vn -0.86599 -0.18599 -0.46418
vt 0 0
v 0.25437 0.67973 0.16234
vn -0.79333 -0.21055 -0.57123
vt 1 0
v 0.25437 0.64798 0.17450
vn -0.79333 -0.22488 -0.56574
vt 1 1
f 2110/2110/2110 2111/2111/2111 2112/2112/2112
usemtl red_off
v 0.25437 0.64798 0.17450
vn -0.79333 -0.22488 -0.56574
vt 0 0
v 0.25437 0.67973 0.16234
vn -0.79333 -0.21055 -0.57123
vt 1 0
v 0.25662 0.67881 0.15996
vn -0.70709 -0.24573 -0.66306
vt 1 1
f 2113/2113/2113 2114/2114/2114 2115/2115/2115
usemtl red_off
v 0.25437 0.64798 0.17450
vn -0.79333 -0.22488 -0.56574
vt 0 0
v 0.25662 0.67881 0.15996
vn -0.70709 -0.24573 -0.66306
vt 1 0
v 0.25662 0.64706 0.17212
vn -0.70708 -0.26006 -0.65757
vt 1 1
f 2116/2116/2116 2117/2117/2117 2118/2118/2118
usemtl red_off
v 0.25662 0.64706 0.17212
vn -0.70708 -0.26006 -0.65757
vt 0 0
v 0.25662 0.67881 0.15996
vn -0.70709 -0.24573 -0.66306
vt 1 0
v 0.25917 0.67801 0.15786
vn -0.60876 -0.27658 -0.74359
vt 1 1
f 2119/2119/2119 2120/2120/2120 2121/2121/2121
usemtl red_off
v 0.25662 0.64706 0.17212
vn -0.70708 -0.26006 -0.65757
vt 0 0
v 0.25917 0.67801 0.15786
vn -0.60876 -0.27658 -0.74359
vt 1 0
v 0.25917 0.64626 0.17002
vn -0.60874 -0.29092 -0.73811
vt 1 1
f 2122/2122/2122 2123/2123/2123 2124/2124/2124
usemtl red_off
v 0.25917 0.64626 0.17002
vn -0.60874 -0.29092 -0.73811
vt 0 0
v 0.25917 0.67801 0.15786
vn -0.60876 -0.27658 -0.74359
vt 1 0
v 0.26200 0.67734 0.15610
vn -0.49999 -0.30257 -0.81145
vt 1 1
f 2125/2125/2125 2126/2126/2126 2127/2127/2127
usemtl red_off
v 0.25917 0.64626 0.17002
vn -0.60874 -0.29092 -0.73811
vt 0 0
v 0.26200 0.67734 0.15610
vn -0.49999 -0.30257 -0.81145
vt 1 0
v 0.26200 0.64558 0.16826
vn -0.49998 -0.31691 -0.80597
vt 1 1
f 2128/2128/2128 2129/2129/2129 2130/2130/2130
usemtl red_off
v 0.26200 0.64558 0.16826
vn -0.49998 -0.31691 -0.80597
vt 0 0
v 0.26200 0.67734 0.15610
vn -0.49999 -0.30257 -0.81145
vt 1 0
v 0.26505 0.67680 0.15469
vn -0.38268 -0.32326 -0.86548
vt 1 1
f 2131/2131/2131 2132/2132/2132 2133/2133/2133
usemtl red_off
v 0.26200 0.64558 0.16826
vn -0.49998 -0.31691 -0.80597
vt 0 0
v 0.26505 0.67680 0.15469
vn -0.38268 -0.32326 -0.86548
vt 1 0
v 0.26505 0.64505 0.16685
vn -0.38263 -0.33760 -0.86001
vt 1 1
f 2134/2134/2134 2135/2135/2135 2136/2136/2136
usemtl red_off
v 0.26505 0.64505 0.16685
vn -0.38263 -0.33760 -0.86001
vt 0 0
v 0.26505 0.67680 0.15469
vn -0.38268 -0.32326 -0.86548
vt 1 0
v 0.26827 0.67641 0.15367
vn -0.25882 -0.33831 -0.90474
vt 1 1
f 2137/2137/2137 2138/2138/2138 2139/2139/2139
usemtl red_off
v 0.26505 0.64505 0.16685
vn -0.38263 -0.33760 -0.86001
vt 0 0
v 0.26827 0.67641 0.15367
vn -0.25882 -0.33831 -0.90474
vt 1 0
v 0.26827 0.64466 0.16583
vn -0.25884 -0.35263 -0.89925
vt 1 1
f 2140/2140/2140 2141/2141/2141 2142/2142/2142
usemtl red_off
v 0.26827 0.64466 0.16583
vn -0.25884 -0.35263 -0.89925
vt 0 0
v 0.26827 0.67641 0.15367
vn -0.25882 -0.33831 -0.90474
vt 1 0
v 0.27161 0.67617 0.15305
vn -0.13053 -0.34743 -0.92858
vt 1 1
f 2143/2143/2143 2144/2144/2144 2145/2145/2145
usemtl red_off
v 0.26827 0.64466 0.16583
vn -0.25884 -0.35263 -0.89925
vt 0 0
v 0.27161 0.67617 0.15305
vn -0.13053 -0.34743 -0.92858
vt 1 0
v 0.27161 0.64442 0.16521
vn -0.13051 -0.36175 -0.92310
vt 1 1
f 2146/2146/2146 2147/2147/2147 2148/2148/2148
usemtl red_off
v 0.27161 0.64442 0.16521
vn -0.13051 -0.36175 -0.92310
vt 0 0
v 0.27161 0.67617 0.15305
vn -0.13053 -0.34743 -0.92858
vt 1 0
v 0.27500 0.67609 0.15284
vn -0.00000 -0.35048 -0.93657
vt 1 1
f 2149/2149/2149 2150/2150/2150 2151/2151/2151
usemtl red_off
v 0.27161 0.64442 0.16521
vn -0.13051 -0.36175 -0.92310
vt 0 0
v 0.27500 0.67609 0.15284
vn -0.00000 -0.35048 -0.93657
vt 1 0
v 0.27500 0.64434 0.16500
vn 0.00001 -0.36481 -0.93108
vt 1 1
f 2152/2152/2152 2153/2153/2153 2154/2154/2154
usemtl red_off
v 0.27500 0.64434 0.16500
vn 0.00001 -0.36481 -0.93108
vt 0 0
v 0.27500 0.67609 0.15284
vn -0.00000 -0.35048 -0.93657
vt 1 0
v 0.27839 0.67617 0.15305
vn 0.13051 -0.34743 -0.92858
vt 1 1
f 2155/2155/2155 2156/2156/2156 2157/2157/2157
usemtl red_off
v 0.27500 0.64434 0.16500
vn 0.00001 -0.36481 -0.93108
vt 0 0
v 0.27839 0.67617 0.15305
vn 0.13051 -0.34743 -0.92858
vt 1 0
v 0.27839 0.64442 0.16521
vn 0.13053 -0.36175 -0.92309
vt 1 1
f 2158/2158/2158 2159/2159/2159 2160/2160/2160
usemtl red_off
v 0.27839 0.64442 0.16521
vn 0.13053 -0.36175 -0.92309
vt 0 0
v 0.27839 0.67617 0.15305
vn 0.13051 -0.34743 -0.92858
vt 1 0
v 0.28173 0.67641 0.15367
vn 0.25881 -0.33831 -0.90475
vt 1 1
f 2161/2161/2161 2162/2162/2162 2163/2163/2163
usemtl red_off
v 0.27839 0.64442 0.16521
vn 0.13053 -0.36175 -0.92309
vt 0 0
v 0.28173 0.67641 0.15367
vn 0.25881 -0.33831 -0.90475
vt 1 0
v 0.28173 0.64466 0.16583
vn 0.25885 -0.35263 -0.89925
vt 1 1
f 2164/2164/2164 2165/2165/2165 2166/2166/2166
usemtl red_off
v 0.28173 0.64466 0.16583
vn 0.25885 -0.35263 -0.89925
vt 0 0
v 0.28173 0.67641 0.15367
vn 0.25881 -0.33831 -0.90475
vt 1 0
v 0.28495 0.67680 0.15469
vn 0.38267 -0.32326 -0.86549
vt 1 1
f 2167/2167/2167 2168/2168/2168 2169/2169/2169
usemtl red_off
v 0.28173 0.64466 0.16583
vn 0.25885 -0.35263 -0.89925
vt 0 0
v 0.28495 0.67680 0.15469
vn 0.38267 -0.32326 -0.86549
vt 1 0
v 0.28495 0.64505 0.16685
vn 0.38264 -0.33760 -0.86001
vt 1 1
f 2170/2170/2170 2171/2171/2171 2172/2172/2172
usemtl red_off
v 0.28495 0.64505 0.16685
vn 0.38264 -0.33760 -0.86001
vt 0 0
v 0.28495 0.67680 0.15469
vn 0.38267 -0.32326 -0.86549
vt 1 0
v 0.28800 0.67734 0.15610
vn 0.49999 -0.30258 -0.81146
vt 1 1
f 2173/2173/2173 2174/2174/2174 2175/2175/2175
usemtl red_off
v 0.28495 0.64505 0.16685
vn 0.38264 -0.33760 -0.86001
vt 0 0
v 0.28800 0.67734 0.15610
vn 0.49999 -0.30258 -0.81146
vt 1 0
v 0.28800 0.64558 0.16826
vn 0.50000 -0.31690 -0.80596
vt 1 1
f 2176/2176/2176 2177/2177/2177 2178/2178/2178
usemtl red_off
v 0.28800 0.64558 0.16826
vn 0.50000 -0.31690 -0.80596
vt 0 0
v 0.28800 0.67734 0.15610
vn 0.49999 -0.30258 -0.81146
vt 1 0
v 0.29083 0.67801 0.15786
vn 0.60875 -0.27659 -0.74359
vt 1 1
f 2179/2179/2179 2180/2180/2180 2181/2181/2181
usemtl red_off
v 0.28800 0.64558 0.16826
vn 0.50000 -0.31690 -0.80596
vt 0 0
v 0.29083 0.67801 0.15786
vn 0.60875 -0.27659 -0.74359
vt 1 0
v 0.29083 0.64626 0.17002
vn 0.60875 -0.29091 -0.73810
vt 1 1
f 2182/2182/2182 2183/2183/2183 2184/2184/2184
usemtl red_off
v 0.29083 0.64626 0.17002
vn 0.60875 -0.29091 -0.73810
vt 0 0
v 0.29083 0.67801 0.15786
vn 0.60875 -0.27659 -0.74359
vt 1 0
v 0.29338 0.67881 0.15996
vn 0.70708 -0.24574 -0.66306
vt 1 1
f 2185/2185/2185 2186/2186/2186 2187/2187/2187
usemtl red_off
v 0.29083 0.64626 0.17002
vn 0.60875 -0.29091 -0.73810
vt 0 0
v 0.29338 0.67881 0.15996
vn 0.70708 -0.24574 -0.66306
vt 1 0
v 0.29338 0.64706 0.17212
vn 0.70710 -0.26005 -0.65756
vt 1 1
f 2188/2188/2188 2189/2189/2189 2190/2190/2190
usemtl red_off
v 0.29338 0.64706 0.17212
vn 0.70710 -0.26005 -0.65756
vt 0 0
v 0.29338 0.67881 0.15996
vn 0.70708 -0.24574 -0.66306
vt 1 0
v 0.29563 0.67973 0.16234
vn 0.79332 -0.21056 -0.57123
vt 1 1
f 2191/2191/2191 2192/2192/2192 2193/2193/2193
usemtl red_off
v 0.29338 0.64706 0.17212
vn 0.70710 -0.26005 -0.65756
vt 0 0
v 0.29563 0.67973 0.16234
vn 0.79332 -0.21056 -0.57123
vt 1 0
v 0.29563 0.64798 0.17450
vn 0.79334 -0.22488 -0.56572
vt 1 1
f 2194/2194/2194 2195/2195/2195 2196/2196/2196
usemtl red_off
v 0.29563 0.64798 0.17450
vn 0.79334 -0.22488 -0.56572
vt 0 0
v 0.29563 0.67973 0.16234
vn 0.79332 -0.21056 -0.57123
vt 1 0
v 0.29752 0.68074 0.16498
vn 0.86600 -0.17165 -0.46966
vt 1 1
f 2197/2197/2197 2198/2198/2198 2199/2199/2199
usemtl red_off
v 0.29563 0.64798 0.17450
vn 0.79334 -0.22488 -0.56572
vt 0 0
v 0.29752 0.68074 0.16498
vn 0.86600 -0.17165 -0.46966
vt 1 0
v 0.29752 0.64899 0.17714
vn 0.86601 -0.18599 -0.46415
vt 1 1
f 2200/2200/2200 2201/2201/2201 2202/2202/2202
usemtl red_off
v 0.29752 0.64899 0.17714
vn 0.86601 -0.18599 -0.46415
vt 0 0
v 0.29752 0.68074 0.16498
vn 0.86600 -0.17165 -0.46966
vt 1 0
v 0.29902 0.68183 0.16783
vn 0.92385 -0.12971 -0.36010
vt 1 1
f 2203/2203/2203 2204/2204/2204 2205/2205/2205
usemtl red_off
v 0.29752 0.64899 0.17714
vn 0.86601 -0.18599 -0.46415
vt 0 0
v 0.29902 0.68183 0.16783
vn 0.92385 -0.12971 -0.36010
vt 1 0
v 0.29902 0.65008 0.17999
vn 0.92386 -0.14403 -0.35461
vt 1 1
f 2206/2206/2206 2207/2207/2207 2208/2208/2208
usemtl red_off
v 0.29902 0.65008 0.17999
vn 0.92386 -0.14403 -0.35461
vt 0 0
v 0.29902 0.68183 0.16783
vn 0.92385 -0.12971 -0.36010
vt 1 0
v 0.30011 0.68298 0.17084
vn 0.96590 -0.08540 -0.24444
vt 1 1
f 2209/2209/2209 2210/2210/2210 2211/2211/2211
usemtl red_off
v 0.29902 0.65008 0.17999
vn 0.92386 -0.14403 -0.35461
vt 0 0
v 0.30011 0.68298 0.17084
vn 0.96590 -0.08540 -0.24444
vt 1 0
v 0.30011 0.65123 0.18300
vn 0.96590 -0.09973 -0.23894
vt 1 1
f 2212/2212/2212 2213/2213/2213 2214/2214/2214
usemtl red_off
v 0.30011 0.65123 0.18300
vn 0.96590 -0.09973 -0.23894
vt 0 0
v 0.30011 0.68298 0.17084
vn 0.96590 -0.08540 -0.24444
vt 1 0
v 0.30078 0.68417 0.17395
vn 0.99141 -0.03951 -0.12464
vt 1 1
f 2215/2215/2215 2216/2216/2216 2217/2217/2217
usemtl red_off
v 0.30011 0.65123 0.18300
vn 0.96590 -0.09973 -0.23894
vt 0 0
v 0.30078 0.68417 0.17395
vn 0.99141 -0.03951 -0.12464
vt 1 0
v 0.30078 0.65242 0.18612
vn 0.99141 -0.05386 -0.11918
vt 1 1
f 2218/2218/2218 2219/2219/2219 2220/2220/2220
usemtl red_off
v 0.30078 0.65242 0.18612
vn 0.99141 -0.05386 -0.11918
vt 0 0
v 0.30078 0.68417 0.17395
vn 0.99141 -0.03951 -0.12464
vt 1 0
v 0.30100 0.68539 0.17712
vn 0.99997 0.00717 -0.00275
vt 1 1
f 2221/2221/2221 2222/2222/2222 2223/2223/2223
usemtl red_off
v 0.30078 0.65242 0.18612
vn 0.99141 -0.05386 -0.11918
vt 0 0
v 0.30100 0.68539 0.17712
vn 0.99997 0.00717 -0.00275
vt 1 0
v 0.30100 0.65364 0.18928
vn 0.99997 -0.00716 0.00275
vt 1 1
f 2224/2224/2224 2225/2225/2225 2226/2226/2226
usemtl red_off
v 0.30100 0.65364 0.18928
vn 0.99997 -0.00716 0.00275
vt 0 0
v 0.30100 0.68539 0.17712
vn 0.99997 0.00717 -0.00275
vt 1 0
v 0.30078 0.68660 0.18029
vn 0.99142 0.05384 0.11914
vt 1 1
f 2227/2227/2227 2228/2228/2228 2229/2229/2229
usemtl red_off
v 0.30100 0.65364 0.18928
vn 0.99997 -0.00716 0.00275
vt 0 0
v 0.30078 0.68660 0.18029
vn 0.99142 0.05384 0.11914
vt 1 0
v 0.30078 0.65485 0.19245
vn 0.99141 0.03953 0.12466
vt 1 1
f 2230/2230/2230 2231/2231/2231 2232/2232/2232
usemtl red_off
v 0.30078 0.65485 0.19245
vn 0.99141 0.03953 0.12466
vt 0 0
v 0.30078 0.68660 0.18029
vn 0.99142 0.05384 0.11914
vt 1 0
v 0.30011 0.68780 0.18341
vn 0.96590 0.09973 0.23895
vt 1 1
f 2233/2233/2233 2234/2234/2234 2235/2235/2235
usemtl red_off
v 0.30078 0.65485 0.19245
vn 0.99141 0.03953 0.12466
vt 0 0
v 0.30011 0.68780 0.18341
vn 0.96590 0.09973 0.23895
vt 1 0
v 0.30011 0.65604 0.19557
vn 0.96589 0.08541 0.24445
vt 1 1
f 2236/2236/2236 2237/2237/2237 2238/2238/2238
usemtl red_off
v 0.30011 0.65604 0.19557
vn 0.96589 0.08541 0.24445
vt 0 0
v 0.30011 0.68780 0.18341
vn 0.96590 0.09973 0.23895
vt 1 0
v 0.29902 0.68895 0.18642
vn 0.92385 0.14403 0.35461
vt 1 1
f 2239/2239/2239 2240/2240/2240 2241/2241/2241
usemtl red_off
v 0.30011 0.65604 0.19557
vn 0.96589 0.08541 0.24445
vt 0 0
v 0.29902 0.68895 0.18642
vn 0.92385 0.14403 0.35461
vt 1 0
v 0.29902 0.65720 0.19858
vn 0.92386 0.12970 0.36007
vt 1 1
f 2242/2242/2242 2243/2243/2243 2244/2244/2244
usemtl red_off
v 0.29902 0.65720 0.19858
vn 0.92386 0.12970 0.36007
vt 0 0
v 0.29902 0.68895 0.18642
vn 0.92385 0.14403 0.35461
vt 1 0
v 0.29752 0.69004 0.18926
vn 0.86600 0.18599 0.46417
vt 1 1
f 2245/2245/2245 2246/2246/2246 2247/2247/2247
usemtl red_off
v 0.29902 0.65720 0.19858
vn 0.92386 0.12970 0.36007
vt 0 0
v 0.29752 0.69004 0.18926
vn 0.86600 0.18599 0.46417
vt 1 0
v 0.29752 0.65829 0.20142
vn 0.86600 0.17166 0.46966
vt 1 1
f 2248/2248/2248 2249/2249/2249 2250/2250/2250
usemtl red_off
v 0.29752 0.65829 0.20142
vn 0.86600 0.17166 0.46966
vt 0 0
v 0.29752 0.69004 0.18926
vn 0.86600 0.18599 0.46417
vt 1 0
v 0.29563 0.69105 0.19190
vn 0.79333 0.22489 0.56573
vt 1 1
f 2251/2251/2251 2252/2252/2252 2253/2253/2253
usemtl red_off
v 0.29752 0.65829 0.20142
vn 0.86600 0.17166 0.46966
vt 0 0
v 0.29563 0.69105 0.19190
vn 0.79333 0.22489 0.56573
vt 1 0
v 0.29563 0.65930 0.20407
vn 0.79332 0.21056 0.57123
vt 1 1
f 2254/2254/2254 2255/2255/2255 2256/2256/2256
usemtl red_off
v 0.29563 0.65930 0.20407
vn 0.79332 0.21056 0.57123
vt 0 0
v 0.29563 0.69105 0.19190
vn 0.79333 0.22489 0.56573
vt 1 0
v 0.29338 0.69196 0.19429
vn 0.70709 0.26006 0.65757
vt 1 1
f 2257/2257/2257 2258/2258/2258 2259/2259/2259
usemtl red_off
v 0.29563 0.65930 0.20407
vn 0.79332 0.21056 0.57123
vt 0 0
v 0.29338 0.69196 0.19429
vn 0.70709 0.26006 0.65757
vt 1 0
v 0.29338 0.66021 0.20645
vn 0.70708 0.24574 0.66306
vt 1 1
f 2260/2260/2260 2261/2261/2261 2262/2262/2262
usemtl red_off
v 0.29338 0.66021 0.20645
vn 0.70708 0.24574 0.66306
vt 0 0
v 0.29338 0.69196 0.19429
vn 0.70709 0.26006 0.65757
vt 1 0
v 0.29083 0.69277 0.19639
vn 0.60874 0.29092 0.73811
vt 1 1
f 2263/2263/2263 2264/2264/2264 2265/2265/2265
usemtl red_off
v 0.29338 0.66021 0.20645
vn 0.70708 0.24574 0.66306
vt 0 0
v 0.29083 0.69277 0.19639
vn 0.60874 0.29092 0.73811
vt 1 0
v 0.29083 0.66102 0.20855
vn 0.60874 0.27658 0.74360
vt 1 1
f 2266/2266/2266 2267/2267/2267 2268/2268/2268
usemtl red_off
v 0.29083 0.66102 0.20855
vn 0.60874 0.27658 0.74360
vt 0 0
v 0.29083 0.69277 0.19639
vn 0.60874 0.29092 0.73811
vt 1 0
v 0.28800 0.69344 0.19815
vn 0.49999 0.31690 0.80597
vt 1 1
f 2269/2269/2269 2270/2270/2270 2271/2271/2271
usemtl red_off
v 0.29083 0.66102 0.20855
vn 0.60874 0.27658 0.74360
vt 0 0
v 0.28800 0.69344 0.19815
vn 0.49999 0.31690 0.80597
vt 1 0
v 0.28800 0.66169 0.21031
vn 0.49997 0.30257 0.81147
vt 1 1
f 2272/2272/2272 2273/2273/2273 2274/2274/2274
usemtl red_off
v 0.28800 0.66169 0.21031
vn 0.49997 0.30257 0.81147
vt 0 0
v 0.28800 0.69344 0.19815
vn 0.49999 0.31690 0.80597
vt 1 0
v 0.28495 0.69398 0.19956
vn 0.38268 0.33759 0.85999
vt 1 1
f 2275/2275/2275 2276/2276/2276 2277/2277/2277
usemtl red_off
v 0.28800 0.66169 0.21031
vn 0.49997 0.30257 0.81147
vt 0 0
v 0.28495 0.69398 0.19956
vn 0.38268 0.33759 0.85999
vt 1 0
v 0.28495 0.66223 0.21172
vn 0.38265 0.32326 0.86550
vt 1 1
f 2278/2278/2278 2279/2279/2279 2280/2280/2280
usemtl red_off
v 0.28495 0.66223 0.21172
vn 0.38265 0.32326 0.86550
vt 0 0
v 0.28495 0.69398 0.19956
vn 0.38268 0.33759 0.85999
vt 1 0
v 0.28173 0.69437 0.20058
vn 0.25882 0.35263 0.89926
vt 1 1
f 2281/2281/2281 2282/2282/2282 2283/2283/2283
usemtl red_off
v 0.28495 0.66223 0.21172
vn 0.38265 0.32326 0.86550
vt 0 0
v 0.28173 0.69437 0.20058
vn 0.25882 0.35263 0.89926
vt 1 0
v 0.28173 0.66262 0.21274
vn 0.25886 0.33829 0.90474
vt 1 1
f 2284/2284/2284 2285/2285/2285 2286/2286/2286
usemtl red_off
v 0.28173 0.66262 0.21274
vn 0.25886 0.33829 0.90474
vt 0 0
v 0.28173 0.69437 0.20058
vn 0.25882 0.35263 0.89926
vt 1 0
v 0.27839 0.69461 0.20120
vn 0.13053 0.36176 0.92309
vt 1 1
f 2287/2287/2287 2288/2288/2288 2289/2289/2289
usemtl red_off
v 0.28173 0.66262 0.21274
vn 0.25886 0.33829 0.90474
vt 0 0
v 0.27839 0.69461 0.20120
vn 0.13053 0.36176 0.92309
vt 1 0
v 0.27839 0.66286 0.21336
vn 0.13051 0.34743 0.92858
vt 1 1
f 2290/2290/2290 2291/2291/2291 2292/2292/2292
